"245";"Network";"Technology";"GSM / HSPA"
"245";"Network";"2G bands";"GSM 850 / 900 / 1800 / 1900"
"245";"Network";"3G bands";"HSDPA 850 / 1900 / 2100"
"245";"Network";"Speed";"HSPA"
"245";"Network";"GPRS";"Yes"
"245";"Network";"EDGE";"Yes"
"245";"Launch";"Announced";"2008, June. Released 2008, July"
"245";"Launch";"Status";"Discontinued"
"245";"Body";"Dimensions";"115.5 x 62.1 x 12.3 mm (4.55 x 2.44 x 0.48 in)"
"245";"Body";"Weight";"133 g (4.69 oz)"
"245";"Body";"SIM";"Mini-SIM"
"245";"Display";"Type";"TFT capacitive touchscreen, 16M colors"
"245";"Display";"Size";"3.5 inches (~50.9% screen-to-body ratio)"
"245";"Display";"Resolution";"320 x 480 pixels (~165 ppi pixel density)"
"245";"Display";"Multitouch";"Yes"
"245";"Display";"Protection";"Corning Gorilla Glass, oleophobic coating"
"245";"Platform";"OS";"iOS, upgradable to iOS 4.2.1"
"245";"Platform";"CPU";"412 MHz ARM 11"
"245";"Platform";"GPU";"PowerVR MBX"
"245";"Memory";"Card slot";"No"
"245";"Memory";"Internal";"8/16 GB, 128 MB RAM"
"245";"Camera";"Primary";"2 MP, 1600 x 1200 pixels"
"245";"Camera";"Video";"No"
"245";"Camera";"Secondary";"No"
"245";"Sound";"Alert types";"Vibration, proprietary ringtones"
"245";"Sound";"Loudspeaker";"Yes"
"245";"Sound";"3.5mm jack";"Yes"
"245";"Comms";"WLAN";"Wi-Fi 802.11b/g"
"245";"Comms";"Bluetooth";"v2.0, A2DP (headset support only)"
"245";"Comms";"GPS";"Yes, with A-GPS"
"245";"Comms";"Radio";"No"
"245";"Comms";"USB";"v2.0"
"245";"Features";"Sensors";"Accelerometer, proximity"
"245";"Features";"Messaging";"SMS (threaded view), MMS(threaded view), Email"
"245";"Features";"Browser";"HTML (Safari)"
"245";"Features";"Java";"No"
"245";"Features";" ";"- Audio/video player - TV-out - Organizer - Document viewer - Photo viewer - Predictive text input"
"245";"Battery";" ";"Non-removable Li-Ion battery"
"245";"Battery";"Stand-by";"Up to 300 h"
"245";"Battery";"Talk time";"Up to 10 h"
"245";"Battery";"Music play";"Up to 24 h"
"245";"Misc";"Colors";"Black(8/16 GB), White (16 GB)"
"245";"Misc";"SAR US";"0.52 W/kg (head)     1.29 W/kg (body)    "
"245";"Misc";"SAR EU";"0.56 W/kg (head)     0.23 W/kg (body)    "
"245";"Misc";"Price group";""
"245";"Tests";"Loudspeaker";"Voice 66dB / Noise 62dB / Ring 71dB"
"245";"Tests";"Audio quality";"Noise -89.9dB / Crosstalk -93.1dB"

