"235";"Network";"Technology";"No cellular connectivity"
"235";"Network";"2G bands";"N/A"
"235";"Network";"GPRS";"No"
"235";"Network";"EDGE";"No"
"235";"Launch";"Announced";"2012, March"
"235";"Launch";"Status";"Available. Released 2012, March 16th"
"235";"Body";"Dimensions";"241.2 x 185.7 x 9.4 mm (9.50 x 7.31 x 0.37 in)"
"235";"Body";"Weight";"652 g (1.44 lb)"
"235";"Body";"SIM";"No"
"235";"Display";"Type";"LED-backlit IPS LCD, capacitive touchscreen, 16M colors"
"235";"Display";"Size";"9.7 inches (~65.1% screen-to-body ratio)"
"235";"Display";"Resolution";"1536 x 2048 pixels (~264 ppi pixel density)"
"235";"Display";"Multitouch";"Yes"
"235";"Display";"Protection";"Scratch-resistant glass, oleophobic coating"
"235";"Platform";"OS";"iOS 5.1, upgradable to iOS 7.1.2, upgradable to iOS 8.1.2"
"235";"Platform";"Chipset";"Apple A5X"
"235";"Platform";"CPU";"Dual-core 1 GHz Cortex-A9"
"235";"Platform";"GPU";"PowerVR SGX543MP4 (quad-core graphics)"
"235";"Memory";"Card slot";"No"
"235";"Memory";"Internal";"16/32/64 GB, 1 GB RAM"
"235";"Camera";"Primary";"5 MP, 2592 x 1944 pixels, autofocus"
"235";"Camera";"Features";"Geo-tagging, touch focus, face detection"
"235";"Camera";"Video";"1080p@30fps"
"235";"Camera";"Secondary";"VGA, 480p@30fps, videocalling over Wi-Fi only"
"235";"Sound";"Alert types";"N/A"
"235";"Sound";"Loudspeaker";"Yes"
"235";"Sound";"3.5mm jack";"Yes"
"235";"Comms";"WLAN";"Wi-Fi 802.11 a/b/g/n, dual-band"
"235";"Comms";"Bluetooth";"v4.0, A2DP"
"235";"Comms";"GPS";"No"
"235";"Comms";"Radio";"No"
"235";"Comms";"USB";"v2.0"
"235";"Features";"Sensors";"Accelerometer, gyro, compass"
"235";"Features";"Messaging";"iMessage, Email, Push Email, IM"
"235";"Features";"Browser";"HTML5 (Safari)"
"235";"Features";"Java";"No"
"235";"Features";" ";"- iCloud cloud service - TV-out - Maps - Audio/video player/editor - Organizer - Document viewer - Photo viewer/editor - Voice memo - Predictive text input"
"235";"Battery";" ";"Non-removable Li-Po 11560 mAh battery (42.5 Wh)"
"235";"Battery";"Stand-by";"Up to 720 h"
"235";"Battery";"Talk time";"Up to 10 h"
"235";"Misc";"Colors";"Black, White"
"235";"Misc";"Price group";""
"235";"Tests";"Display";"Contrast ratio: 779:1 (nominal)"
"235";"Tests";"Loudspeaker";"Voice 66dB / Noise 66dB / Ring 77dB"
"235";"Tests";"Audio quality";"Noise -90.9dB / Crosstalk -92.7dB"

