"237";"Network";"Technology";"GSM / HSPA"
"237";"Network";"2G bands";"GSM 850 / 900 / 1800 / 1900"
"237";"Network";"3G bands";"HSDPA 850 / 900 / 1900 / 2100"
"237";"Network";"Speed";"HSPA 14.4/2 Mbps"
"237";"Network";"GPRS";"Yes"
"237";"Network";"EDGE";"Yes"
"237";"Launch";"Announced";"2011, March"
"237";"Launch";"Status";"Available. Released 2011, March"
"237";"Body";"Dimensions";"241.2 x 185.7 x 8.8 mm (9.50 x 7.31 x 0.35 in)"
"237";"Body";"Weight";"607 g (1.34 lb)"
"237";"Body";"SIM";"Micro-SIM"
"237";"Display";"Type";"LED-backlit IPS LCD, capacitive touchscreen, 16M colors"
"237";"Display";"Size";"9.7 inches (~65.1% screen-to-body ratio)"
"237";"Display";"Resolution";"768 x 1024 pixels (~132 ppi pixel density)"
"237";"Display";"Multitouch";"Yes"
"237";"Display";"Protection";"Scratch-resistant glass, oleophobic coating"
"237";"Platform";"OS";"iOS 4, upgradable to iOS 7.1.2, upgradable to iOS 8.1.2"
"237";"Platform";"Chipset";"Apple A5"
"237";"Platform";"CPU";"Dual-core 1 GHz Cortex-A9"
"237";"Platform";"GPU";"PowerVR SGX543MP2"
"237";"Memory";"Card slot";"No"
"237";"Memory";"Internal";"16/32/64 GB, 512 MB RAM"
"237";"Camera";"Primary";"0.7 MP, 960 x 720 pixels"
"237";"Camera";"Features";"No"
"237";"Camera";"Video";"720p@30fps, check quality"
"237";"Camera";"Secondary";"VGA"
"237";"Sound";"Alert types";"N/A"
"237";"Sound";"Loudspeaker";"Yes"
"237";"Sound";"3.5mm jack";"Yes"
"237";"Comms";"WLAN";"Wi-Fi 802.11 a/b/g/n, dual-band"
"237";"Comms";"Bluetooth";"v2.1, A2DP, EDR"
"237";"Comms";"GPS";"Yes, with A-GPS"
"237";"Comms";"Radio";"No"
"237";"Comms";"USB";"v2.0"
"237";"Features";"Sensors";"Accelerometer, gyro, compass"
"237";"Features";"Messaging";"iMessage, Email, Push Email, IM"
"237";"Features";"Browser";"HTML (Safari)"
"237";"Features";"Java";"No"
"237";"Features";" ";"- iCloud cloud service - Maps - Audio/video player/editor - Photo viewer/editor - Voice memo - TV-out - Document viewer - Predictive text input"
"237";"Battery";" ";"Non-removable Li-Po 6930 mAh battery (25 Wh)"
"237";"Battery";"Stand-by";"Up to 720 h"
"237";"Battery";"Talk time";"Up to 9 h"
"237";"Misc";"Colors";"Black, White"
"237";"Misc";"SAR EU";"1.19 W/kg (body)    "
"237";"Misc";"Price group";""
"237";"Tests";"Display";"Contrast ratio: 775:1 (nominal)"
"237";"Tests";"Camera";"Video"
"237";"Tests";"Loudspeaker";"Voice 65dB / Noise 65dB / Ring 75dB"
"237";"Tests";"Audio quality";"Noise -91.0dB / Crosstalk -93.0dB"

