"244";"Network";"Technology";"GSM / HSPA"
"244";"Network";"2G bands";"GSM 850 / 900 / 1800 / 1900"
"244";"Network";"3G bands";"HSDPA 850 / 1900 / 2100"
"244";"Network";"Speed";"HSPA 7.2/0.384 Mbps"
"244";"Network";"GPRS";"Yes"
"244";"Network";"EDGE";"Yes"
"244";"Launch";"Announced";"2009, June. Released 2009, June"
"244";"Launch";"Status";"Discontinued"
"244";"Body";"Dimensions";"115.5 x 62.1 x 12.3 mm (4.55 x 2.44 x 0.48 in)"
"244";"Body";"Weight";"135 g (4.76 oz)"
"244";"Body";"SIM";"Mini-SIM"
"244";"Display";"Type";"TFT capacitive touchscreen, 16M colors"
"244";"Display";"Size";"3.5 inches (~50.9% screen-to-body ratio)"
"244";"Display";"Resolution";"320 x 480 pixels (~165 ppi pixel density)"
"244";"Display";"Multitouch";"Yes"
"244";"Display";"Protection";"Corning Gorilla Glass, oleophobic coating"
"244";"Platform";"OS";"iOS 3, upgradable to iOS 6.1.3"
"244";"Platform";"CPU";"600 MHz Cortex-A8"
"244";"Platform";"GPU";"PowerVR SGX535"
"244";"Memory";"Card slot";"No"
"244";"Memory";"Internal";"8/16/32 GB, 256 MB RAM"
"244";"Camera";"Primary";"3.15 MP, 2048 x 1536 pixels, autofocus, check quality"
"244";"Camera";"Features";"Geo-tagging, touch focus"
"244";"Camera";"Video";"480p@30fps"
"244";"Camera";"Secondary";"No"
"244";"Sound";"Alert types";"Vibration, proprietary ringtones"
"244";"Sound";"Loudspeaker";"Yes"
"244";"Sound";"3.5mm jack";"Yes"
"244";"Comms";"WLAN";"Wi-Fi 802.11 b/g"
"244";"Comms";"Bluetooth";"v2.1, A2DP (headset support only)"
"244";"Comms";"GPS";"Yes, with A-GPS"
"244";"Comms";"Radio";"No"
"244";"Comms";"USB";"v2.0"
"244";"Features";"Sensors";"Accelerometer, proximity, compass"
"244";"Features";"Messaging";"iMessage, SMS (threaded view), MMS, Email"
"244";"Features";"Browser";"HTML (Safari)"
"244";"Features";"Java";"No"
"244";"Features";" ";"- iCloud cloud service - Maps - Organizer - TV-out - Audio/video player/editor - Photo viewer/editor - Voice command/dial - Predictive text input"
"244";"Battery";" ";"Non-removable Li-Ion battery"
"244";"Battery";"Stand-by";"Up to 300 h"
"244";"Battery";"Talk time";"Up to 12 h (2G) / Up to 5 h (3G)"
"244";"Battery";"Music play";"Up to 30 h"
"244";"Misc";"Colors";"Black, White"
"244";"Misc";"SAR US";"0.26 W/kg (head)     0.79 W/kg (body)    "
"244";"Misc";"SAR EU";"0.45 W/kg (head)     0.40 W/kg (body)    "
"244";"Misc";"Price group";""
"244";"Tests";"Display";"Contrast ratio: 201:1 (nominal)"
"244";"Tests";"Camera";"Photo"
"244";"Tests";"Loudspeaker";"Voice 69dB / Noise 69dB / Ring 71dB"
"244";"Tests";"Audio quality";"Noise -92.1dB / Crosstalk -95.0dB"

