"225";"Network";"Technology";"GSM / CDMA / HSPA / EVDO / LTE"
"225";"Network";"2G bands";"GSM 850 / 900 / 1800 / 1900"
"225";"Network";" ";"CDMA 800 / 1900"
"225";"Network";"3G bands";"HSDPA 850 / 900 / 1900 / 2100"
"225";"Network";" ";"CDMA2000 1xEV-DO"
"225";"Network";"4G bands";"LTE"
"225";"Network";"Speed";"HSPA 42.2/5.76 Mbps, LTE Cat3 100/50 Mbps, EV-DO Rev.A 3.1 Mbps"
"225";"Network";"GPRS";"Yes"
"225";"Network";"EDGE";"Yes"
"225";"Launch";"Announced";"2013, October"
"225";"Launch";"Status";"Available. Released November 2013"
"225";"Body";"Dimensions";"240 x 169.5 x 7.5 mm (9.45 x 6.67 x 0.30 in)"
"225";"Body";"Weight";"469 g (Wi-Fi) / 478 g (3G/LTE) (1.03 lb)"
"225";"Body";"SIM";"Nano-SIM"
"225";"Display";"Type";"LED-backlit IPS LCD, capacitive touchscreen, 16M colors"
"225";"Display";"Size";"9.7 inches (~71.6% screen-to-body ratio)"
"225";"Display";"Resolution";"1536 x 2048 pixels (~264 ppi pixel density)"
"225";"Display";"Multitouch";"Yes"
"225";"Display";"Protection";"Scratch-resistant glass, oleophobic coating"
"225";"Platform";"OS";"iOS 7, upgradable to iOS 7.1.2, upgradable to iOS 8.1.2"
"225";"Platform";"Chipset";"Apple A7"
"225";"Platform";"CPU";"Dual-core 1.3 GHz Cyclone (ARM v8-based)"
"225";"Platform";"GPU";"PowerVR G6430 (quad-core graphics)"
"225";"Memory";"Card slot";"No"
"225";"Memory";"Internal";"16/32/64/128 GB, 1 GB RAM DDR3"
"225";"Camera";"Primary";"5 MP, 2592 x 1944 pixels, autofocus, check quality"
"225";"Camera";"Features";"Geo-tagging, touch focus, face/smile detection, HDR (photo/panorama)"
"225";"Camera";"Video";"1080p@30fps, check quality"
"225";"Camera";"Secondary";"1.2 MP, 720p@30fps, face detection, FaceTime over Wi-Fi or Cellular"
"225";"Sound";"Alert types";"N/A"
"225";"Sound";"Loudspeaker";"Yes, with stereo speakers"
"225";"Sound";"3.5mm jack";"Yes"
"225";"Comms";"WLAN";"Wi-Fi 802.11 a/b/g/n, dual-band, hotspot"
"225";"Comms";"Bluetooth";"v4.0, A2DP, EDR"
"225";"Comms";"GPS";"Yes, with A-GPS, GLONASS (3G/LTE model only)"
"225";"Comms";"Radio";"No"
"225";"Comms";"USB";"v2.0, reversible connector"
"225";"Features";"Sensors";"Accelerometer, gyro, compass"
"225";"Features";"Messaging";"iMessage, Email, Push Email, IM"
"225";"Features";"Browser";"HTML5 (Safari)"
"225";"Features";"Java";"No"
"225";"Features";" ";"- Active noise cancellation with dedicated mic - Siri natural language commands and dictation - iCloud cloud service - iCloud Keychain - TV-out - Maps - Audio/video player/editor - Organizer - Photo viewer/editor - Document viewer/editor - Voice memo - Predictive text input"
"225";"Battery";" ";"Non-removable Li-Po 8600 mAh battery (32.4 Wh)"
"225";"Battery";"Stand-by";""
"225";"Battery";"Talk time";"Up to 10 h (multimedia)"
"225";"Misc";"Colors";"Space Gray, Silver"
"225";"Misc";"SAR US";"1.18 W/kg (body)    "
"225";"Misc";"SAR EU";"0.99 W/kg (body)    "
"225";"Misc";"Price group";""
"225";"Tests";"Performance";"Basemark OS II: 1128 / Basemark X: 13597"
"225";"Tests";"Display";"Contrast ratio: 968:1 (nominal) / 2.504:1 (sunlight)"
"225";"Tests";"Camera";"Photo / Video"
"225";"Tests";"Loudspeaker";"Voice 67dB / Noise 65dB / Ring 76dB"
"225";"Tests";"Audio quality";"Noise -93.9dB / Crosstalk -89.9dB"

