"232";"Network";"Technology";"GSM / CDMA / HSPA / EVDO / LTE"
"232";"Network";"2G bands";"GSM 850 / 900 / 1800 / 1900 - A1459/ A1460"
"232";"Network";" ";"CDMA 800 / 1900 / 2100 - A1460"
"232";"Network";"3G bands";"HSDPA 850 / 900 / 1900 / 2100 - A1459/ A1460"
"232";"Network";" ";"CDMA2000 1xEV-DO - A1460"
"232";"Network";"4G bands";"LTE 700 / 1700 / 2100 (Bands 4, 17) - A1459"
"232";"Network";" ";"LTE 700 / 850 / 1800 / 1900 / 2100 - A1460"
"232";"Network";"Speed";"HSPA 42.2/5.76 Mbps, LTE, EV-DO Rev.A 3.1 Mbps"
"232";"Network";"GPRS";"Yes"
"232";"Network";"EDGE";"Yes"
"232";"Launch";"Announced";"2012, October"
"232";"Launch";"Status";"Available. Released 2012, November"
"232";"Body";"Dimensions";"241.2 x 185.7 x 9.4 mm (9.50 x 7.31 x 0.37 in)"
"232";"Body";"Weight";"662 g (1.46 lb)"
"232";"Body";"SIM";"Micro-SIM"
"232";"Display";"Type";"LED-backlit IPS LCD, capacitive touchscreen, 16M colors"
"232";"Display";"Size";"9.7 inches (~65.1% screen-to-body ratio)"
"232";"Display";"Resolution";"1536 x 2048 pixels (~264 ppi pixel density)"
"232";"Display";"Multitouch";"Yes"
"232";"Display";"Protection";"Scratch-resistant glass, oleophobic coating"
"232";"Platform";"OS";"iOS 6, upgradable to iOS 7.1.2, upgradable to iOS 8.1.2"
"232";"Platform";"Chipset";"Apple A6X"
"232";"Platform";"CPU";"Dual-core 1.4 GHz"
"232";"Platform";"GPU";"PowerVR SGX554MP4 (quad-core graphics)"
"232";"Memory";"Card slot";"No"
"232";"Memory";"Internal";"16/32/64/128 GB, 1 GB RAM"
"232";"Camera";"Primary";"5 MP, 2592 x 1944 pixels, autofocus"
"232";"Camera";"Features";"Geo-tagging, touch focus, face detection"
"232";"Camera";"Video";"1080p@30fps"
"232";"Camera";"Secondary";"1.2 MP, 720p@30fps, face detection, FaceTime over Wi-Fi or Cellular"
"232";"Sound";"Alert types";"N/A"
"232";"Sound";"Loudspeaker";"Yes"
"232";"Sound";"3.5mm jack";"Yes"
"232";"Comms";"WLAN";"Wi-Fi 802.11 a/b/g/n, dual-band, hotspot"
"232";"Comms";"Bluetooth";"v4.0, A2DP"
"232";"Comms";"GPS";"Yes, with A-GPS, GLONASS"
"232";"Comms";"Radio";"No"
"232";"Comms";"USB";"v2.0, reversible connector"
"232";"Features";"Sensors";"Accelerometer, gyro, compass"
"232";"Features";"Messaging";"iMessage, Email, Push Email, IM"
"232";"Features";"Browser";"HTML5 (Safari)"
"232";"Features";"Java";"No"
"232";"Features";" ";"- iCloud cloud service - Twitter and Facebook integration - TV-out - Maps - Audio/video player/editor - Organizer - Document viewer/editor - Photo viewer/editor - Voice memo - Predictive text input"
"232";"Battery";" ";"Non-removable Li-Po 11560 mAh battery (42.5 Wh)"
"232";"Battery";"Stand-by";"Up to 720 h"
"232";"Battery";"Talk time";"Up to 9 h"
"232";"Misc";"Colors";"Black, White"
"232";"Misc";"Price group";""
"232";"Tests";"Display";"Contrast ratio: 762:1 (nominal)"
"232";"Tests";"Loudspeaker";"Voice 67dB / Noise 66dB / Ring 75dB"
"232";"Tests";"Audio quality";"Noise -85.7dB / Crosstalk -85.2dB"

