"227";"Network";"Technology";"GSM / CDMA / HSPA / EVDO / LTE"
"227";"Network";"2G bands";"GSM 850 / 900 / 1800 / 1900 - all models"
"227";"Network";" ";"CDMA 800 / 1700 / 1900 / 2100 - A1533 (CDMA), A1453"
"227";"Network";"3G bands";"HSDPA 850 / 900 / 1700 / 1900 / 2100 - A1533 (GSM), A1453"
"227";"Network";" ";"CDMA2000 1xEV-DO - A1533 (CDMA), A1453"
"227";"Network";" ";"HSDPA 850 / 900 / 1900 / 2100 - A1457, A1530"
"227";"Network";"4G bands";"LTE 700/800/850/900/1700/1800/1900/2100 (1,2,3,4,5,8,13,17,19,20,25) - A1533 (GSM), A1533 (CDMA)"
"227";"Network";" ";"LTE 700/800/850/900/1700/1800/1900/2100 (1,2,3,4,5,8,13,17,18,19,20,25,26) - A1453"
"227";"Network";" ";"LTE 800 / 850 / 900 / 1800 / 1900 / 2100 / 2600 (1/2/3/5/7/8/20) - A1457"
"227";"Network";" ";"LTE 800/850/900/1800/1900/2100/2600 TD-LTE 1900/2300/2600 (1/2/3/5/7/8/20/38/39/40) - A1530"
"227";"Network";"Speed";"HSPA 42.2/5.76 Mbps, LTE Cat3 100/50 Mbps, EV-DO Rev.A 3.1 Mbps"
"227";"Network";"GPRS";"Yes"
"227";"Network";"EDGE";"Yes"
"227";"Launch";"Announced";"2013, September"
"227";"Launch";"Status";"Available. Released 2013, September"
"227";"Body";"Dimensions";"123.8 x 58.6 x 7.6 mm (4.87 x 2.31 x 0.30 in)"
"227";"Body";"Weight";"112 g (3.95 oz)"
"227";"Body";"SIM";"Nano-SIM"
"227";"Body";" ";"- 500 dpi pixel density fingerprint sensor (Touch ID)"
"227";"Display";"Type";"LED-backlit IPS LCD, capacitive touchscreen, 16M colors"
"227";"Display";"Size";"4.0 inches (~60.8% screen-to-body ratio)"
"227";"Display";"Resolution";"640 x 1136 pixels (~326 ppi pixel density)"
"227";"Display";"Multitouch";"Yes"
"227";"Display";"Protection";"Corning Gorilla Glass, oleophobic coating"
"227";"Platform";"OS";"iOS 7, upgradable to iOS 7.1.2, upgradable to iOS 8.1.2"
"227";"Platform";"Chipset";"Apple A7"
"227";"Platform";"CPU";"Dual-core 1.3 GHz Cyclone (ARM v8-based)"
"227";"Platform";"GPU";"PowerVR G6430 (quad-core graphics)"
"227";"Memory";"Card slot";"No"
"227";"Memory";"Internal";"16/32/64 GB, 1 GB RAM DDR3"
"227";"Camera";"Primary";"8 MP, 3264 x 2448 pixels, autofocus, dual-LED (dual tone) flash, check quality"
"227";"Camera";"Features";"1/3'' sensor size, 1.5 µm pixel size, simultaneous HD video and image recording, touch focus, geo-tagging, face/smile detection, HDR (photo/panorama)"
"227";"Camera";"Video";"1080p@30fps, 720p@120fps, check quality"
"227";"Camera";"Secondary";"1.2 MP, 720p@30fps, face detection, FaceTime over Wi-Fi or Cellular"
"227";"Sound";"Alert types";"Vibration, proprietary ringtones"
"227";"Sound";"Loudspeaker";"Yes"
"227";"Sound";"3.5mm jack";"Yes"
"227";"Comms";"WLAN";"Wi-Fi 802.11 a/b/g/n, dual-band, hotspot"
"227";"Comms";"Bluetooth";"v4.0, A2DP"
"227";"Comms";"GPS";"Yes, with A-GPS, GLONASS"
"227";"Comms";"Radio";"No"
"227";"Comms";"USB";"v2.0, reversible connector"
"227";"Features";"Sensors";"Accelerometer, gyro, proximity, compass"
"227";"Features";"Messaging";"iMessage, SMS (threaded view), MMS, Email, Push Email"
"227";"Features";"Browser";"HTML5 (Safari)"
"227";"Features";"Java";"No"
"227";"Features";" ";"- Active noise cancellation with dedicated mic - Siri natural language commands and dictation - iCloud cloud service - iCloud Keychain - TV-out - Maps - Audio/video player/editor - Organizer - Document viewer/editor - Photo viewer/editor - Voice memo/dial/command - Predictive text input"
"227";"Battery";" ";"Non-removable Li-Po 1560 mAh battery (5.92 Wh)"
"227";"Battery";"Stand-by";"Up to 250 h (2G) / Up to 250 h (3G)"
"227";"Battery";"Talk time";"Up to 10 h (2G) / Up to 10 h (3G)"
"227";"Battery";"Music play";"Up to 40 h"
"227";"Misc";"Colors";"Space Gray, White/Silver, Gold"
"227";"Misc";"SAR US";"1.12 W/kg (head)     1.18 W/kg (body)    "
"227";"Misc";"SAR EU";"1.00 W/kg (head)     0.80 W/kg (body)    "
"227";"Misc";"Price group";""
"227";"Tests";"Performance";"Basemark OS II: 1077 / Basemark X: 14341"
"227";"Tests";"Display";"Contrast ratio: 1219:1 (nominal) / 3.565:1 (sunlight)"
"227";"Tests";"Camera";"Photo / Video"
"227";"Tests";"Loudspeaker";"Voice 68dB / Noise 66dB / Ring 69dB"
"227";"Tests";"Audio quality";"Noise -93.6dB / Crosstalk -90.3dB"
"227";"Tests";"Battery life";"Endurance rating 54h"

