"286";"Network";"Technology";"GSM / HSPA"
"286";"Network";"2G bands";"GSM 850 / 900 / 1800 / 1900"
"286";"Network";"3G bands";"HSDPA 900 / 1900 / 2100"
"286";"Network";"Speed";"HSPA"
"286";"Network";"GPRS";"Yes"
"286";"Network";"EDGE";"Yes"
"286";"Launch";"Announced";"2014, February"
"286";"Launch";"Status";"Available. Released 2014, May"
"286";"Body";"Dimensions";"140 x 72.8 x 9.3 mm (5.51 x 2.87 x 0.37 in)"
"286";"Body";"Weight";"164 g (5.78 oz)"
"286";"Body";"SIM";"Micro-SIM"
"286";"Display";"Type";"Capacitive touchscreen, 16M colors"
"286";"Display";"Size";"5.0 inches (~67.6% screen-to-body ratio)"
"286";"Display";"Resolution";"540 x 960 pixels (~220 ppi pixel density)"
"286";"Display";"Multitouch";"Yes"
"286";"Platform";"OS";"BlackBerry 10.2.1 OS"
"286";"Platform";"Chipset";"Qualcomm MSM8230 Snapdragon 400"
"286";"Platform";"CPU";"Dual-core 1.2 GHz Krait 200"
"286";"Platform";"GPU";"Adreno 305"
"286";"Memory";"Card slot";"microSD, up to 32 GB"
"286";"Memory";"Internal";"8 GB, 1.5 GB RAM"
"286";"Camera";"Primary";"5 MP, 2592 х 1944 pixels, autofocus, LED flash"
"286";"Camera";"Features";"Geo-tagging"
"286";"Camera";"Video";"1080p"
"286";"Camera";"Secondary";"1.1 MP, 720p"
"286";"Sound";"Alert types";"Vibration; MP3, WAV ringtones"
"286";"Sound";"Loudspeaker";"Yes"
"286";"Sound";"3.5mm jack";"Yes"
"286";"Comms";"WLAN";"Wi-Fi 802.11 b/g/n, hotspot"
"286";"Comms";"Bluetooth";"v4.0, A2DP, LE"
"286";"Comms";"GPS";"Yes, with A-GPS"
"286";"Comms";"Radio";"FM radio"
"286";"Comms";"USB";"microUSB v2.0"
"286";"Features";"Sensors";"Accelerometer, proximity"
"286";"Features";"Messaging";"SMS, MMS, Email, Push Email, IM, BBM 6"
"286";"Features";"Browser";"HTML5"
"286";"Features";"Java";"Yes, MIDP 2.1"
"286";"Features";" ";"- Active noise cancellation with dedicated mic - BlackBerry maps - Organizer - Document viewer - Photo viewer/editor - Video editor - MP3/WAV/eAAC+/FlAC/WMA player - MP4/H.264/WMV player - Voice memo/dial - Predictive text input"
"286";"Battery";" ";"Non-removable Li-Ion 2500 mAh battery"
"286";"Battery";"Stand-by";"Up to 384 h"
"286";"Battery";"Talk time";"Up to 15 h 30 min"
"286";"Battery";"Music play";"Up to 84 h"
"286";"Misc";"Colors";"Black"
"286";"Misc";"Price group";""

