"288";"Network";"Technology";"GSM / HSPA / LTE"
"288";"Network";"2G bands";"GSM 850 / 900 / 1800 / 1900"
"288";"Network";"3G bands";"HSDPA 850 / 900 / 1900 / 2100 / 800"
"288";"Network";"4G bands";"LTE 800 / 900 / 1800 / 2100 / 2600 (Bands 1, 3, 7, 8, 20)"
"288";"Network";"Speed";"HSPA, LTE"
"288";"Network";"GPRS";"Yes"
"288";"Network";"EDGE";"Yes"
"288";"Launch";"Announced";"2013, September"
"288";"Launch";"Status";"Available. Released 2013, October"
"288";"Body";"Dimensions";"140.7 x 72 x 9.4 mm (5.54 x 2.83 x 0.37 in)"
"288";"Body";"Weight";"170 g (6.00 oz)"
"288";"Body";"SIM";"Micro-SIM"
"288";"Display";"Type";"Super AMOLED capacitive touchscreen, 16M colors"
"288";"Display";"Size";"5.0 inches (~68.0% screen-to-body ratio)"
"288";"Display";"Resolution";"720 x 1280 pixels (~294 ppi pixel density)"
"288";"Display";"Multitouch";"Yes"
"288";"Platform";"OS";"BlackBerry 10.2 OS, upgradable to 10.2.1"
"288";"Platform";"Chipset";"Qualcomm MSM8960T Pro Snapdragon"
"288";"Platform";"CPU";"Dual-core 1.7 GHz Krait"
"288";"Platform";"GPU";"Adreno 320"
"288";"Memory";"Card slot";"microSD, up to 64 GB"
"288";"Memory";"Internal";"16 GB, 2 GB RAM"
"288";"Camera";"Primary";"8 MP, 3264 x 2448 pixels, autofocus, LED flash, check quality"
"288";"Camera";"Features";"Geo-tagging, face detection, HDR"
"288";"Camera";"Video";"1080p@30fps, check quality"
"288";"Camera";"Secondary";"2 MP, 720p@30fps"
"288";"Sound";"Alert types";"Vibration; MP3, WAV ringtones"
"288";"Sound";"Loudspeaker";"Yes, with stereo speakers"
"288";"Sound";"3.5mm jack";"Yes"
"288";"Comms";"WLAN";"Wi-Fi 802.11 a/b/g/n, dual-band, Wi-Fi Direct, hotspot"
"288";"Comms";"Bluetooth";"v4.0, A2DP, LE"
"288";"Comms";"GPS";"Yes, with A-GPS, GLONASS"
"288";"Comms";"NFC";"Yes"
"288";"Comms";"Radio";"FM radio (after SW upgrade)"
"288";"Comms";"USB";"microUSB v2.0, USB Host"
"288";"Features";"Sensors";"Accelerometer, gyro, proximity, compass"
"288";"Features";"Messaging";"SMS, MMS, Email, Push Email, IM, BBM 6"
"288";"Features";"Browser";"HTML5, Adobe Flash"
"288";"Features";"Java";"Yes, MIDP 2.1"
"288";"Features";" ";"- Active noise cancellation with dedicated mic - HDMI port - BlackBerry maps - Organizer - Document editor - Photo/video editor - MP3/WMA/WAV/eAAC+/FlAC player - DivX/XviD/MP4/WMV/H.264 player - Voice memo/dial - Predictive text input"
"288";"Battery";" ";"Li-Ion 2880 mAh battery"
"288";"Battery";"Stand-by";"Up to 384 h (3G)"
"288";"Battery";"Talk time";"Up to 25 h (2G) / Up to 18 h (3G)"
"288";"Misc";"Colors";"Black"
"288";"Misc";"Price group";""
"288";"Tests";"Camera";"Photo / Video"

