"316";"Network";"Technology";"GSM / HSPA"
"316";"Network";"2G bands";"GSM 850 / 900 / 1800 / 1900"
"316";"Network";"3G bands";"HSDPA 850 / 1900 / 2100"
"316";"Network";" ";"HSDPA 900 / 1700 / 2100"
"316";"Network";"Speed";"HSPA 3.6/0.384 Mbps"
"316";"Network";"GPRS";"Class 10"
"316";"Network";"EDGE";"Class 10"
"316";"Launch";"Announced";"2010, April"
"316";"Launch";"Status";"Available. Released 2010, May"
"316";"Body";"Dimensions";"108 x 50 x 13.3 mm (4.25 x 1.97 x 0.52 in)"
"316";"Body";"Weight";"93.6 g (3.28 oz)"
"316";"Body";"Keyboard";"QWERTY"
"316";"Body";"SIM";"Mini-SIM"
"316";"Body";" ";"- Optical trackpad"
"316";"Display";"Type";"TFT, 256K colors"
"316";"Display";"Size";"2.25 inches (~30.1% screen-to-body ratio)"
"316";"Display";"Resolution";"360 x 400 pixels (~239 ppi pixel density)"
"316";"Platform";"OS";"BlackBerry OS"
"316";"Platform";"CPU";"624 MHz"
"316";"Memory";"Card slot";"microSD, up to 32 GB, 2 GB included"
"316";"Memory";"Internal";"256 MB"
"316";"Camera";"Primary";"3.15 MP, 2048 x 1536 pixels, autofocus, LED flash"
"316";"Camera";"Video";"Yes"
"316";"Camera";"Secondary";"No"
"316";"Sound";"Alert types";"Vibration; MP3, WAV ringtones"
"316";"Sound";"Loudspeaker";"Yes"
"316";"Sound";"3.5mm jack";"Yes"
"316";"Sound";" ";"- Dedicated music keys"
"316";"Comms";"WLAN";"Yes, Wi-Fi 802.11b/g/n"
"316";"Comms";"Bluetooth";"v2.1, A2DP"
"316";"Comms";"GPS";"Yes, with A-GPS"
"316";"Comms";"Radio";"No"
"316";"Comms";"USB";""
"316";"Features";"Messaging";"SMS, MMS, Email, Push Email, IM"
"316";"Features";"Browser";"HTML"
"316";"Features";"Java";"Yes, MIDP 2.1"
"316";"Features";" ";"- BlackBerry maps - Document editor (Word, Excel, PowerPoint, PDF) - MP3/WMA/WAV/eAAC+ player - MP4/H.264/WMV player - Organizer - Voice memo/dial"
"316";"Battery";" ";"Li-Ion 1150 mAh battery"
"316";"Battery";"Stand-by";"Up to 432 h (2G) / Up to 312 h (3G)"
"316";"Battery";"Talk time";"Up to 5 h 30 min (2G) / Up to 5 h (3G)"
"316";"Battery";"Music play";"Up to 30 h"
"316";"Misc";"Colors";"Piano Black, Opal Pink, Royal Purple, Flash White, Red Gradient"
"316";"Misc";"SAR US";"1.37 W/kg (head)     1.06 W/kg (body)    "
"316";"Misc";"SAR EU";"1.67 W/kg (head)     1.03 W/kg (body)    "
"316";"Misc";"Price group";""

