"295";"Network";"Technology";"GSM"
"295";"Network";"2G bands";"GSM 850 / 900 / 1800 / 1900"
"295";"Network";"GPRS";"Yes"
"295";"Network";"EDGE";"Yes"
"295";"Launch";"Announced";"2012, April"
"295";"Launch";"Status";"Available. Released 2012, May"
"295";"Body";"Dimensions";"109 x 60 x 12.7 mm"
"295";"Body";"Weight";"102 g (3.49 oz)"
"295";"Body";"Keyboard";"QWERTY"
"295";"Body";"SIM";"Mini-SIM"
"295";"Body";" ";"- Optical trackpad"
"295";"Display";"Type";"TFT, 65K colors"
"295";"Display";"Size";"2.44 inches (~28.2% screen-to-body ratio)"
"295";"Display";"Resolution";"320 x 240 pixels (~164 ppi pixel density)"
"295";"Platform";"OS";"BlackBerry OS 7.1"
"295";"Memory";"Card slot";"microSD, up to 32 GB"
"295";"Memory";"Internal";"512 MB ROM, 512 MB RAM"
"295";"Camera";"Primary";"2 MP, 1600 x 1200 pixels"
"295";"Camera";"Video";"Yes"
"295";"Camera";"Secondary";"No"
"295";"Sound";"Alert types";"Vibration; MP3, WAV ringtones"
"295";"Sound";"Loudspeaker";"Yes"
"295";"Sound";"3.5mm jack";"Yes"
"295";"Comms";"WLAN";"Wi-Fi 802.11 b/g/n"
"295";"Comms";"Bluetooth";"v2.1, A2DP"
"295";"Comms";"GPS";"No"
"295";"Comms";"Radio";"Stereo FM radio with RDS"
"295";"Comms";"USB";"microUSB v2.0"
"295";"Features";"Sensors";"Accelerometer, proximity, compass"
"295";"Features";"Messaging";"SMS(threaded view), MMS, Email, Push Email, IM"
"295";"Features";"Browser";"HTML"
"295";"Features";"Java";"No"
"295";"Features";" ";"- MP3/eAAC+/WMA/WAV/FLAC player - MP4/H.264 player - Organizer - Document viewer - Voice memo/dial - Predictive text input"
"295";"Battery";" ";"Li-Ion 1450 mAh battery (J-S1)"
"295";"Battery";"Stand-by";"Up to 432 h"
"295";"Battery";"Talk time";"Up to 7 h"
"295";"Battery";"Music play";"Up to 28 h"
"295";"Misc";"Colors";"Black, Fuchsia Pink, Pure White, Teal Blue"
"295";"Misc";"SAR US";"1.31 W/kg (head)     0.61 W/kg (body)    "
"295";"Misc";"SAR EU";"1.61 W/kg (head)     1.01 W/kg (body)    "
"295";"Misc";"Price group";""

