"301";"Network";"Technology";"CDMA / EVDO"
"301";"Network";"2G bands";"CDMA 800 / 1900"
"301";"Network";"3G bands";"CDMA2000 1xEV-DO"
"301";"Network";"Speed";"EV-DO Rev.A 3.1 Mbps"
"301";"Network";"GPRS";"No"
"301";"Network";"EDGE";"No"
"301";"Launch";"Announced";"2011, August"
"301";"Launch";"Status";"Available. Released 2011, September"
"301";"Body";"Dimensions";"109 x 60 x 11 mm (4.29 x 2.36 x 0.43 in)"
"301";"Body";"Weight";"99 g (3.49 oz)"
"301";"Body";"Keyboard";"QWERTY"
"301";"Body";"SIM";"Mini-SIM"
"301";"Display";"Type";"TFT"
"301";"Display";"Size";"2.44 inches (~28.2% screen-to-body ratio)"
"301";"Display";"Resolution";"480 x 360 pixels (~246 ppi pixel density)"
"301";"Platform";"OS";"BlackBerry OS 7.0"
"301";"Platform";"CPU";"800 MHz"
"301";"Memory";"Card slot";"microSD, up to 32 GB"
"301";"Memory";"Internal";"512 MB ROM, 512 MB RAM"
"301";"Camera";"Primary";"5 MP, 2592 х 1944 pixels, LED flash"
"301";"Camera";"Features";"Geo-tagging, face detection"
"301";"Camera";"Video";"480p"
"301";"Camera";"Secondary";"No"
"301";"Sound";"Alert types";"Vibration; MP3, WAV ringtones"
"301";"Sound";"Loudspeaker";"Yes"
"301";"Sound";"3.5mm jack";"Yes"
"301";"Comms";"WLAN";"Wi-Fi 802.11 b/g/n"
"301";"Comms";"Bluetooth";"v2.1, A2DP"
"301";"Comms";"GPS";"Yes, with A-GPS"
"301";"Comms";"NFC";"Yes"
"301";"Comms";"Radio";"No"
"301";"Comms";"USB";"microUSB v2.0"
"301";"Features";"Messaging";"SMS(threaded view), MMS, Email, Push Email, IM"
"301";"Features";"Browser";"HTML"
"301";"Features";"Java";"No"
"301";"Features";" ";"- MP3/eAAC+/WMA/WAV/Flac player - MP4/H.264/WMV player - Organizer - Document viewer - Voice memo/dial - Predictive text input"
"301";"Battery";" ";"Li-Ion 1000 mAh battery"
"301";"Battery";"Stand-by";"Up to 348 h"
"301";"Battery";"Talk time";"Up to 5 h 30 min"
"301";"Battery";"Music play";"Up to 45 h"
"301";"Misc";"Colors";"Black, Violet"
"301";"Misc";"SAR US";"0.96 W/kg (head)     0.83 W/kg (body)    "
"301";"Misc";"Price group";""

