"314";"Network";"Technology";"GSM / HSPA"
"314";"Network";"2G bands";"GSM 850 / 900 / 1800 / 1900"
"314";"Network";"3G bands";"HSDPA 850 / 1900 / 2100 /800"
"314";"Network";"Speed";"HSPA"
"314";"Network";"GPRS";"Class 10"
"314";"Network";"EDGE";"Class 10"
"314";"Launch";"Announced";"2010, August"
"314";"Launch";"Status";"Available. Released 2010, August"
"314";"Body";"Dimensions";"111 x 62 x 14.6 mm (4.37 x 2.44 x 0.57 in)"
"314";"Body";"Weight";"161 g (5.68 oz)"
"314";"Body";"Keyboard";"QWERTY"
"314";"Body";"SIM";"Mini-SIM"
"314";"Body";" ";"- Optical trackpad"
"314";"Display";"Type";"TFT capacitive touchscreen, 16M colors"
"314";"Display";"Size";"3.2 inches (~46.1% screen-to-body ratio)"
"314";"Display";"Resolution";"360 x 480 pixels (~188 ppi pixel density)"
"314";"Display";"Multitouch";"Yes"
"314";"Platform";"OS";"BlackBerry OS 6.0"
"314";"Platform";"CPU";"624 MHz"
"314";"Memory";"Card slot";"microSD, up to 32 GB, 4 GB included"
"314";"Memory";"Internal";"4 GB, 512 MB RAM, 512 MB ROM"
"314";"Camera";"Primary";"5 MP, 2592 х 1944 pixels, autofocus, LED flash, check quality"
"314";"Camera";"Features";"Geo-tagging"
"314";"Camera";"Video";"480p@24fps"
"314";"Camera";"Secondary";"No"
"314";"Sound";"Alert types";"Vibration; MP3, WAV ringtones"
"314";"Sound";"Loudspeaker";"Yes"
"314";"Sound";"3.5mm jack";"Yes"
"314";"Comms";"WLAN";"Wi-Fi 802.11 b/g/n, UMA (carrier-dependent)"
"314";"Comms";"Bluetooth";"v2.1, A2DP"
"314";"Comms";"GPS";"Yes, with A-GPS"
"314";"Comms";"Radio";"No"
"314";"Comms";"USB";"microUSB v2.0"
"314";"Features";"Sensors";"Proximity"
"314";"Features";"Messaging";"SMS, MMS, Email, Push Email, IM"
"314";"Features";"Browser";"HTML"
"314";"Features";"Java";"Yes, MIDP 2.0"
"314";"Features";" ";"- Social feeds - BlackBerry maps - Document viewer (Word, Excel, PowerPoint) - Media player MP3/WMA/eAAC+/FlAC/OGG player - Video player DivX/XviD/MP4/WMV/H.264 - Organizer - Voice memo/dial"
"314";"Battery";" ";"Li-Ion 1300 mAh battery"
"314";"Battery";"Stand-by";"Up to 432 h (2G) / Up to 336 h (3G)"
"314";"Battery";"Talk time";"Up to 5 h 30 min (2G) / Up to 5 h 40 min (3G)"
"314";"Battery";"Music play";"Up to 30 h"
"314";"Misc";"Colors";"Black, White, Dark Orange"
"314";"Misc";"SAR US";"0.91 W/kg (head)     0.68 W/kg (body)    "
"314";"Misc";"SAR EU";"0.86 W/kg (head)     0.81 W/kg (body)    "
"314";"Misc";"Price group";""
"314";"Tests";"Camera";"Photo"
"314";"Tests";"Loudspeaker";"Voice 65dB / Noise 65dB / Ring 65dB"
"314";"Tests";"Audio quality";"Noise -89.0dB / Crosstalk -89.2dB"

