"281";"Network";"Technology";"GSM / HSPA"
"281";"Network";"2G bands";"GSM 900 / 1800 / 1900 - SIM 1 & SIM 2"
"281";"Network";"3G bands";"HSDPA 900 / 2100"
"281";"Network";"Speed";"HSPA 21.1/5.76 Mbps"
"281";"Network";"GPRS";"Yes"
"281";"Network";"EDGE";"Yes"
"281";"Launch";"Announced";"2013, November"
"281";"Launch";"Status";"Available. Released 2013, December"
"281";"Body";"Dimensions";"134.5 x 66.7 x 9.9 mm (5.30 x 2.63 x 0.39 in)"
"281";"Body";"Weight";"130 g (4.59 oz)"
"281";"Body";"SIM";"Dual SIM (Micro-SIM, dual stand-by)"
"281";"Display";"Type";"TFT capacitive touchscreen, 16M colors"
"281";"Display";"Size";"4.5 inches (~62.2% screen-to-body ratio)"
"281";"Display";"Resolution";"540 x 960 pixels (~245 ppi pixel density)"
"281";"Display";"Multitouch";"Yes"
"281";"Platform";"OS";"Android OS, v4.2.2 (Jelly Bean)"
"281";"Platform";"CPU";"Quad-core 1.2 GHz Cortex-A7"
"281";"Platform";"GPU";"Broadcom VideoCore IV"
"281";"Memory";"Card slot";"microSD, up to 64 GB"
"281";"Memory";"Internal";"4 GB, 1 GB RAM"
"281";"Camera";"Primary";"5 MP, 2592 х 1944 pixels, autofocus, LED flash"
"281";"Camera";"Features";"1/4'' sensor size, 1.4µm pixel size, geo-tagging, face/smile detection, simultaneous HD video and image recording"
"281";"Camera";"Video";"1080p@30fps"
"281";"Camera";"Secondary";"VGA"
"281";"Sound";"Alert types";"Vibration; MP3, WAV ringtones"
"281";"Sound";"Loudspeaker";"Yes, with stereo speakers"
"281";"Sound";"3.5mm jack";"Yes"
"281";"Comms";"WLAN";"Wi-Fi 802.11 a/b/g/n, Wi-Fi Direct, hotspot, DLNA"
"281";"Comms";"Bluetooth";"v4.0, A2DP, apt-X"
"281";"Comms";"GPS";"Yes, with A-GPS, GLONASS"
"281";"Comms";"Radio";"FM radio"
"281";"Comms";"USB";"microUSB v2.0"
"281";"Features";"Sensors";"Accelerometer, proximity"
"281";"Features";"Messaging";"SMS (threaded view), MMS, Email, Push Email"
"281";"Features";"Browser";"HTML5"
"281";"Features";"Java";"Yes, via Java MIDP emulator"
"281";"Features";" ";"- Active noise cancellation with dedicated mic - MP4/H.264/WMV player - MP3/eAAC+/WMA/WAV player - Document viewer - Photo viewer/editor - Voice memo/dial/commands"
"281";"Battery";" ";"Li-Po 2100 mAh battery"
"281";"Battery";"Stand-by";"Up to 440 h (3G)"
"281";"Battery";"Talk time";"Up to 12 h 50 min (3G)"
"281";"Misc";"Colors";"Black, Red, White"
"281";"Misc";"SAR US";"1.12 W/kg (head)     0.47 W/kg (body)    "
"281";"Misc";"Price group";""

