"257";"Network";"Technology";"GSM / HSPA / LTE"
"257";"Network";"2G bands";"GSM 850 / 900 / 1800 / 1900 - SIM 1 & SIM 2"
"257";"Network";"3G bands";"HSDPA 850 / 900 / 1900 / 2100"
"257";"Network";"4G bands";"LTE 900 / 1800 / 2100 / 2600 TD-LTE 1900 / 2300 / 2500 / 2600 (Bands 1, 3, 7, 8, 38, 39, 40, 41)"
"257";"Network";"Speed";"HSPA 42.2/5.76 Mbps, LTE Cat4 150/50 Mbps"
"257";"Network";"GPRS";"Yes"
"257";"Network";"EDGE";"Yes"
"257";"Launch";"Announced";"2014, September"
"257";"Launch";"Status";"Available. Released 2014, November"
"257";"Body";"Dimensions";"157.7 x 78.7 x 7.7 mm (6.21 x 3.10 x 0.30 in)"
"257";"Body";"Weight";"155 g (5.47 oz)"
"257";"Body";"SIM";"Dual SIM (Nano-SIM, dual stand-by)"
"257";"Display";"Type";"LCD capacitive touchscreen, 16M colors"
"257";"Display";"Size";"5.5 inches (~67.2% screen-to-body ratio)"
"257";"Display";"Resolution";"720 x 1280 pixels (~267 ppi pixel density)"
"257";"Display";"Multitouch";"Yes"
"257";"Display";"Protection";"Corning Gorilla Glass 3"
"257";"Display";" ";"- HTC Sense UI 6.0"
"257";"Platform";"OS";"Android OS, v4.4.2 (KitKat)"
"257";"Platform";"Chipset";"Qualcomm MSM8939 Snapdragon 615"
"257";"Platform";"CPU";"Quad-core 1.5 GHz Cortex-A53 & quad-core 1.0 GHz Cortex-A53"
"257";"Platform";"GPU";"Adreno 405"
"257";"Memory";"Card slot";"microSD, up to 128 GB"
"257";"Memory";"Internal";"16 GB, 2 GB RAM"
"257";"Camera";"Primary";"13 MP, 4160 x 3120 pixels, autofocus, LED flash"
"257";"Camera";"Features";"Geo-tagging, touch focus, face detection, simultaneous HD video and image recording, HDR"
"257";"Camera";"Video";"1080p@30fps, 720p@60fps"
"257";"Camera";"Secondary";"8 MP, 1080p"
"257";"Sound";"Alert types";"Vibration; MP3, WAV ringtones"
"257";"Sound";"Loudspeaker";"Yes, with stereo speakers"
"257";"Sound";"3.5mm jack";"Yes"
"257";"Comms";"WLAN";"Wi-Fi 802.11 a/b/g/n, dual-band, Wi-Fi Direct, DLNA, hotspot"
"257";"Comms";"Bluetooth";"v4.0, A2DP, apt-X"
"257";"Comms";"GPS";"Yes, with A-GPS, GLONASS"
"257";"Comms";"NFC";"Yes"
"257";"Comms";"Radio";"FM radio"
"257";"Comms";"USB";"microUSB v2.0, USB Host"
"257";"Features";"Sensors";"Accelerometer, proximity, compass"
"257";"Features";"Messaging";"SMS (threaded view), MMS, Email, Push Email"
"257";"Features";"Browser";"HTML5"
"257";"Features";"Java";"Yes, via Java MIDP emulator"
"257";"Features";" ";"- MP4/H.264/WMV player - MP3/eAAC+/WMA/WAV player - Document viewer - Photo/video editor"
"257";"Battery";" ";"Non-removable Li-Po 2600 mAh battery"
"257";"Battery";"Stand-by";"Up to 424 h (3G)"
"257";"Battery";"Talk time";"Up to 22 h 40 min (3G)"
"257";"Misc";"Colors";"Marble White, Tuxedo Grey, Santorini White, Milky-way Grey, Tangerine White, Saffron Grey, Flamingo Grey, Blue Misty, Monarch Orange"
"257";"Misc";"SAR EU";"0.14 W/kg (head)    "
"257";"Misc";"Price group";""
"257";"Tests";"Performance";"Basemark OS II: 725 / Basemark X: 4859"
"257";"Tests";"Display";"Contrast ratio: 1327 (nominal), 2.372(sunlight)"
"257";"Tests";"Loudspeaker";"Voice 65dB / Noise 61dB / Ring 75dB"
"257";"Tests";"Audio quality";"Noise -92.3dB / Crosstalk -72.2dB"
"257";"Tests";"Battery life";"Endurance rating 49h"

