"271";"Network";"Technology";"GSM / CDMA / HSPA / EVDO / LTE"
"271";"Network";"2G bands";"GSM 850 / 900 / 1800 / 1900 - Sprint, Verizon"
"271";"Network";" ";"CDMA 800 / 1900 - Sprint, Verizon"
"271";"Network";"3G bands";"HSDPA 850 / 1900 / 2100 - for Sprint"
"271";"Network";" ";"HSDPA 850 / 900 / 1900 / 2100 - for Verizon"
"271";"Network";" ";"CDMA2000 1xEV-DO - for Sprint, Verizon"
"271";"Network";"4G bands";"LTE 800 / 1900 / 2600 (Bands 25, 27, 38) - Sprint"
"271";"Network";" ";"LTE 700 / 1700 / 1800 / 2100 / 2600 (Bands 3, 4, 7, 13) - Verizon"
"271";"Network";"Speed";"HSPA 14.4/5.76 Mbps, LTE Cat4 150/50 Mbps"
"271";"Network";"GPRS";"Yes"
"271";"Network";"EDGE";"Yes"
"271";"Launch";"Announced";"2014, March"
"271";"Launch";"Status";"Available. Released 2014, March"
"271";"Body";"Dimensions";"146.4 x 70.6 x 9.4 mm (5.76 x 2.78 x 0.37 in)"
"271";"Body";"Weight";"160 g (5.64 oz)"
"271";"Body";"SIM";"Nano-SIM"
"271";"Display";"Type";"Super LCD3 capacitive touchscreen, 16M colors"
"271";"Display";"Size";"5.0 inches (~66.7% screen-to-body ratio)"
"271";"Display";"Resolution";"1080 x 1920 pixels (~441 ppi pixel density)"
"271";"Display";"Multitouch";"Yes"
"271";"Display";"Protection";"Corning Gorilla Glass 3"
"271";"Display";" ";"- HTC Sense UI 6.0"
"271";"Platform";"OS";"Android OS, v4.4.2 (KitKat)"
"271";"Platform";"Chipset";"Qualcomm MSM8974AB Snapdragon 801"
"271";"Platform";"CPU";"Quad-core 2.3 GHz Krait 400"
"271";"Platform";"GPU";"Adreno 330"
"271";"Memory";"Card slot";"microSD, up to 128 GB"
"271";"Memory";"Internal";"32 GB, 2 GB RAM"
"271";"Camera";"Primary";"Dual 4 MP, 2688х1520 pixels, autofocus, dual-LED (dual tone) flash"
"271";"Camera";"Features";"1/3'' sensor size, 2µm pixel size, automatic simultaneous video and image recording, geo-tagging, face/smile detection, HDR, panorama"
"271";"Camera";"Video";"1080p@60fps, 720p@60fps, HDR, stereo sound rec."
"271";"Camera";"Secondary";"5 MP, 1080p@30fps, HDR"
"271";"Sound";"Alert types";"Vibration; MP3, WAV ringtones"
"271";"Sound";"Loudspeaker";"Yes, with stereo speakers"
"271";"Sound";"3.5mm jack";"Yes"
"271";"Comms";"WLAN";"Wi-Fi 802.11 a/b/g/n/ac, dual-band, Wi-Fi Direct, DLNA, hotspot"
"271";"Comms";"Bluetooth";"v4.0, A2DP, apt-X"
"271";"Comms";"GPS";"Yes, with A-GPS, GLONASS"
"271";"Comms";"NFC";"Yes (market/operator dependent)"
"271";"Comms";"Infrared port";"Yes"
"271";"Comms";"Radio";"No"
"271";"Comms";"USB";"microUSB v2.0 (MHL TV-out), USB Host"
"271";"Features";"Sensors";"Accelerometer, gyro, proximity, compass, barometer"
"271";"Features";"Messaging";"SMS (threaded view), MMS, Email, Push Email"
"271";"Features";"Browser";"HTML5"
"271";"Features";"Java";"Yes, via Java MIDP emulator"
"271";"Features";" ";"- Fast battery charging: 60% in 30 min (Quick Charge 2.0) - Google Drive (50 GB cloud storage) - Active noise cancellation with dedicated mic - DivX/XviD/MP4/H.264/WMV player - MP3/eAAC+/WMA/WAV/FLAC player - Document viewer/editor - Photo viewer/editor - Voice memo/dial/commands"
"271";"Battery";" ";"Non-removable Li-Ion 2600 mAh battery"
"271";"Battery";"Stand-by";"Up to 290 h"
"271";"Battery";"Talk time";"Up to 12 h"
"271";"Misc";"Colors";"Gunmetal Gray, Glacial Silver"
"271";"Misc";"SAR US";"0.83 W/kg (head)     1.17 W/kg (body)    "
"271";"Misc";"Price group";""

