"277";"Network";"Technology";"GSM / HSPA / LTE"
"277";"Network";"2G bands";"GSM 850 / 900 / 1800 / 1900 - all versions"
"277";"Network";"3G bands";"HSDPA 850 / 900 / 2100 - EU, EMEA"
"277";"Network";" ";"HSDPA 850 / 1900 / 2100 - AT&T"
"277";"Network";"4G bands";"LTE 800 / 900 / 1800 / 2600 (Bands 3, 7, 8, 20) - EU, EMEA"
"277";"Network";" ";"LTE 700 / 900 / 1800 / 2100 / 2600 (Bands 1, 3, 7, 8, 28) - Asia"
"277";"Network";" ";"LTE 700 / 850 / 1700 / 1900 / 2100 - USA"
"277";"Network";"Speed";"HSPA 42.2/5.76 Mbps, LTE"
"277";"Network";"GPRS";"Yes"
"277";"Network";"EDGE";"Yes"
"277";"Launch";"Announced";"2014, February"
"277";"Launch";"Status";"Available. Released 2014, May"
"277";"Body";"Dimensions";"143.1 x 70.5 x 9.6 mm (5.63 x 2.78 x 0.38 in)"
"277";"Body";"Weight";"143.5 g (5.04 oz)"
"277";"Body";"SIM";"Nano-SIM"
"277";"Display";"Type";"Capacitive touchscreen, 16M colors"
"277";"Display";"Size";"4.7 inches (~60.4% screen-to-body ratio)"
"277";"Display";"Resolution";"540 x 960 pixels (~234 ppi pixel density)"
"277";"Display";"Multitouch";"Yes"
"277";"Display";" ";"- HTC Sense UI 5.5"
"277";"Platform";"OS";"Android OS, v4.4.2 (KitKat)"
"277";"Platform";"Chipset";"Qualcomm Snapdragon 400"
"277";"Platform";"CPU";"Quad-core 1.2 GHz Cortex-A7"
"277";"Platform";"GPU";"Adreno 305"
"277";"Memory";"Card slot";"microSD, up to 128 GB"
"277";"Memory";"Internal";"8 GB, 1 GB RAM"
"277";"Camera";"Primary";"8 MP, 3264 x 2448 pixels, autofocus, LED flash"
"277";"Camera";"Features";"Geo-tagging, touch focus, face detection, simultaneous HD video and image recording, HDR"
"277";"Camera";"Video";"1080p"
"277";"Camera";"Secondary";"1.3 MP, 720p"
"277";"Sound";"Alert types";"Vibration; MP3, WAV ringtones"
"277";"Sound";"Loudspeaker";"Yes, with stereo speakers"
"277";"Sound";"3.5mm jack";"Yes"
"277";"Comms";"WLAN";"Wi-Fi 802.11 b/g/n, DLNA, hotspot"
"277";"Comms";"Bluetooth";"v4.0, A2DP, apt-X"
"277";"Comms";"GPS";"Yes, with A-GPS, GLONASS"
"277";"Comms";"NFC";"Yes (market/operator dependent)"
"277";"Comms";"Radio";"FM radio"
"277";"Comms";"USB";"microUSB v2.0"
"277";"Features";"Sensors";"Accelerometer, proximity"
"277";"Features";"Messaging";"SMS (threaded view), MMS, Email, Push Email"
"277";"Features";"Browser";"HTML5"
"277";"Features";"Java";"Yes, via Java MIDP emulator"
"277";"Features";" ";"- Google Drive (100 GB cloud storage) - Active noise cancellation with dedicated mic - MP4/H.264/WMV player - MP3/eAAC+/WMA/WAV player - Document viewer - Photo viewer/editor - Voice memo/dial/commands"
"277";"Battery";" ";"Non-removable Li-Po 2040 mAh battery"
"277";"Battery";"Stand-by";"Up to 650 h (3G)"
"277";"Battery";"Talk time";"Up to 16 h (3G)"
"277";"Misc";"Colors";"Black, White, Red, Gray, Green"
"277";"Misc";"Price group";""

