"264";"Network";"Technology";"GSM / HSPA / EVDO / LTE"
"264";"Network";"2G bands";"GSM 850 / 900 / 1800 / 1900"
"264";"Network";"3G bands";"HSDPA 850 / 900 / 1900 / 2100"
"264";"Network";" ";"CDMA2000 1xEV-DO"
"264";"Network";"4G bands";"LTE 700 / 1700 / 2100 (Bands 4, 13)"
"264";"Network";"Speed";"HSPA 14.4/5.76 Mbps, LTE Cat4 150/50 Mbps, EV-DO Rev.A 3.1 Mbps"
"264";"Network";"GPRS";"Yes"
"264";"Network";"EDGE";"Yes"
"264";"Launch";"Announced";"2014, July"
"264";"Launch";"Status";"Available. Released 2014, July"
"264";"Body";"Dimensions";"137.4 x 65 x 10.6 mm (5.41 x 2.56 x 0.42 in)"
"264";"Body";"Weight";"137 g (4.83 oz)"
"264";"Body";"SIM";"Nano-SIM"
"264";"Display";"Type";"Super LCD2 capacitive touchscreen, 16M colors"
"264";"Display";"Size";"4.5 inches (~62.5% screen-to-body ratio)"
"264";"Display";"Resolution";"720 x 1280 pixels (~326 ppi pixel density)"
"264";"Display";"Multitouch";"Yes"
"264";"Display";"Protection";"Corning Gorilla Glass 3"
"264";"Display";" ";"- HTC Sense UI"
"264";"Platform";"OS";"Android OS, v4.4.2 (KitKat)"
"264";"Platform";"Chipset";"Qualcomm Snapdragon 400"
"264";"Platform";"CPU";"Quad-core 1.2 GHz Cortex-A7"
"264";"Platform";"GPU";"Adreno 305"
"264";"Memory";"Card slot";"microSD, up to 128 GB"
"264";"Memory";"Internal";"16 GB, 1.5 GB RAM"
"264";"Camera";"Primary";"13 MP, 4128 x 3096 pixels, autofocus, LED flash"
"264";"Camera";"Features";"1/3'' sensor size, 1.12µm pixel size, geo-tagging, face/smile detection, HDR, panorama"
"264";"Camera";"Video";"1080p@30fps, 720p@60fps"
"264";"Camera";"Secondary";"5 MP, 1080p@30fps"
"264";"Sound";"Alert types";"Vibration; MP3, WAV ringtones"
"264";"Sound";"Loudspeaker";"Yes, with stereo speakers"
"264";"Sound";"3.5mm jack";"Yes"
"264";"Comms";"WLAN";"Wi-Fi 802.11 a/b/g/n, dual-band, DLNA, hotspot"
"264";"Comms";"Bluetooth";"v4.0, A2DP, apt-X"
"264";"Comms";"GPS";"Yes, with A-GPS, GLONASS"
"264";"Comms";"NFC";"Yes"
"264";"Comms";"Radio";"No"
"264";"Comms";"USB";"microUSB v2.0 (MHL TV-out), USB Host"
"264";"Features";"Sensors";"Accelerometer, proximity, compass"
"264";"Features";"Messaging";"SMS (threaded view), MMS, Email, Push Email"
"264";"Features";"Browser";"HTML5"
"264";"Features";"Java";"Yes, via Java MIDP emulator"
"264";"Features";" ";"- Fast battery charging: 60% in 30 min (Quick Charge 2.0) - Google Drive (100 GB cloud storage) - Active noise cancellation with dedicated mic - MP4/H.264/WMV player - MP3/eAAC+/WMA/WAV/Flac player - Document viewer - Photo viewer/editor - Voice memo/dial"
"264";"Battery";" ";"Non-removable Li-Po 2100 mAh battery"
"264";"Battery";"Stand-by";""
"264";"Battery";"Talk time";""
"264";"Misc";"Colors";"Gunmetal Gray, Glacial Silver"
"264";"Misc";"Price group";""

