"260";"Network";"Technology";"GSM / HSPA / LTE"
"260";"Network";"2G bands";"GSM 850 / 900 / 1800 / 1900"
"260";"Network";"3G bands";"HSDPA 850 / 900 / 2100"
"260";"Network";"4G bands";"LTE 800 / 1800 / 2600 (Bands 3, 7, 20)"
"260";"Network";"Speed";"HSPA, LTE"
"260";"Network";"GPRS";"Yes"
"260";"Network";"EDGE";"Yes"
"260";"Launch";"Announced";"2014, August"
"260";"Launch";"Status";"Available. Released 2014, September"
"260";"Body";"Dimensions";"139.9 x 69.8 x 10 mm (5.51 x 2.75 x 0.39 in)"
"260";"Body";"Weight";"158 g (5.57 oz)"
"260";"Body";"SIM";"Micro-SIM"
"260";"Display";"Type";"Capacitive touchscreen, 16M colors"
"260";"Display";"Size";"4.7 inches (~62.3% screen-to-body ratio)"
"260";"Display";"Resolution";"480 x 854 pixels (~208 ppi pixel density)"
"260";"Display";"Multitouch";"Yes"
"260";"Display";" ";"- HTC Sense UI 5.5"
"260";"Platform";"OS";"Android OS, v4.4.2 (KitKat)"
"260";"Platform";"Chipset";"Qualcomm MSM8916 Snapdragon 410 - EU model Qualcomm Snapdragon 400 - USA model"
"260";"Platform";"CPU";"Quad-core 1.2 GHz Cortex-A53 - EU model Quad-core 1.2 GHz Cortex-A7 - USA model"
"260";"Platform";"GPU";"Adreno 306 - EU model Adreno 305 - USA model"
"260";"Memory";"Card slot";"microSD, up to 128 GB"
"260";"Memory";"Internal";"8 GB, 1 GB RAM"
"260";"Camera";"Primary";"5 MP, 2592 х 1944 pixels, check quality"
"260";"Camera";"Features";"Geo-tagging"
"260";"Camera";"Video";"1080p, check quality"
"260";"Camera";"Secondary";"VGA"
"260";"Sound";"Alert types";"Vibration; MP3, WAV ringtones"
"260";"Sound";"Loudspeaker";"Yes"
"260";"Sound";"3.5mm jack";"Yes"
"260";"Comms";"WLAN";"Wi-Fi 802.11 b/g/n, DLNA, hotspot"
"260";"Comms";"Bluetooth";"v4.0, A2DP, apt-X"
"260";"Comms";"GPS";"Yes, with A-GPS, GLONASS"
"260";"Comms";"NFC";"Yes (market/operator dependent)"
"260";"Comms";"Radio";"TBC"
"260";"Comms";"USB";"microUSB v2.0"
"260";"Features";"Sensors";"Accelerometer, proximity"
"260";"Features";"Messaging";"SMS (threaded view), MMS, Email, Push Email"
"260";"Features";"Browser";"HTML5"
"260";"Features";"Java";"Yes, via Java MIDP emulator"
"260";"Features";" ";"- Active noise cancellation with dedicated mic - MP4/H.264/WMV player - MP3/eAAC+/WMA/WAV player - Document viewer - Photo viewer/editor - Voice memo/dial/commands"
"260";"Battery";" ";"Li-Po 2100 mAh battery"
"260";"Battery";"Stand-by";"Up to 646 h (3G)"
"260";"Battery";"Talk time";"Up to 17 h (3G)"
"260";"Misc";"Colors";"Vanilla White, Jet Black, Dark Grey, Deep Navy Blue"
"260";"Misc";"Price group";""
"260";"Tests";"Performance";"Basemark OS II: 491 / Basemark X: 1906"
"260";"Tests";"Display";"Contrast ratio: 1159 (nominal), 1.34 (sunlight)"
"260";"Tests";"Camera";"Photo / Video"
"260";"Tests";"Loudspeaker";"Voice 63dB / Noise 61dB / Ring 66dB"
"260";"Tests";"Audio quality";"Noise -93.6dB / Crosstalk -92.6dB"
"260";"Tests";"Battery life";"Endurance rating 70h"

