"248";"Network";"Technology";"GSM / HSPA"
"248";"Network";"2G bands";"GSM 850 / 900 / 1800 / 1900"
"248";"Network";"3G bands";"HSDPA 850 / 1900 - North America"
"248";"Network";" ";"HSDPA 900 / 2100 - EU"
"248";"Network";"Speed";"HSPA 21.1/5.76 Mbps"
"248";"Network";"GPRS";"Yes"
"248";"Network";"EDGE";"Yes"
"248";"Launch";"Announced";"2015, January"
"248";"Launch";"Status";"Available. Released 2015, January"
"248";"Body";"Dimensions";"132 x 67.8 x 10.5 mm (5.20 x 2.67 x 0.41 in)"
"248";"Body";"Weight";"145 g (5.11 oz)"
"248";"Body";"SIM";"Micro-SIM"
"248";"Display";"Type";"TFT capacitive touchscreen"
"248";"Display";"Size";"4.5 inches (~62.4% screen-to-body ratio)"
"248";"Display";"Resolution";"480 x 854 pixels (~218 ppi pixel density)"
"248";"Display";"Multitouch";"Yes"
"248";"Platform";"OS";"Android OS, v4.4.2 (KitKat)"
"248";"Platform";"CPU";"Quad-core 1.3 GHz"
"248";"Memory";"Card slot";"microSD, up to 32 GB"
"248";"Memory";"Internal";"4 GB, 512 MB (North America) 8 GB, 1 GB RAM (EU)"
"248";"Camera";"Primary";"5 MP, 2592 х 1944 pixels / LED flash (EU model)"
"248";"Camera";"Features";"Yes"
"248";"Camera";"Video";"1080p"
"248";"Camera";"Secondary";"VGA"
"248";"Sound";"Alert types";"Vibration; MP3, WAV ringtones"
"248";"Sound";"Loudspeaker";"Yes"
"248";"Sound";"3.5mm jack";"Yes"
"248";"Comms";"WLAN";"Wi-Fi 802.11 b/g/n, hotspot"
"248";"Comms";"Bluetooth";"v4.0, A2DP"
"248";"Comms";"GPS";"Yes, with A-GPS"
"248";"Comms";"Radio";"FM radio (EU model only)"
"248";"Comms";"USB";"microUSB v2.0"
"248";"Features";"Sensors";"Accelerometer"
"248";"Features";"Messaging";"SMS (threaded view), MMS, Email, Push Email"
"248";"Features";"Browser";"HTML5"
"248";"Features";"Java";"Yes, via Java MIDP emulator"
"248";"Features";" ";"- MP4/H.264/WMV player - MP3/eAAC+/WMA/WAV player - Document viewer - Photo editor"
"248";"Battery";" ";"Li-Ion 2100 mAh battery"
"248";"Battery";"Stand-by";"Up to 690 h (3G)"
"248";"Battery";"Talk time";"Up to 12 h (3G)"
"248";"Misc";"Colors";"Meridian Gray, White"
"248";"Misc";"Price group";""

