"280";"Network";"Technology";"GSM / HSPA"
"280";"Network";"2G bands";"GSM 850 / 900 / 1800 / 1900 - SIM 1"
"280";"Network";" ";"GSM 900 / 1800 / 1900 - SIM 2"
"280";"Network";"3G bands";"HSDPA 850 / 900 / 2100"
"280";"Network";"Speed";"HSPA 14.4/5.76 Mbps"
"280";"Network";"GPRS";"Yes"
"280";"Network";"EDGE";"Yes"
"280";"Launch";"Announced";"2013, November"
"280";"Launch";"Status";"Available. Released 2014, January"
"280";"Body";"Dimensions";"145.5 x 72 x 10.3 mm (5.73 x 2.83 x 0.41 in)"
"280";"Body";"Weight";"149 g (5.26 oz)"
"280";"Body";"SIM";"Dual SIM, (Micro-SIM, dual stand-by)"
"280";"Display";"Type";"Capacitive touchscreen, 16M colors"
"280";"Display";"Size";"5.0 inches (~65.8% screen-to-body ratio)"
"280";"Display";"Resolution";"540 x 960 pixels (~220 ppi pixel density)"
"280";"Display";"Multitouch";"Yes"
"280";"Display";" ";"- HTC Sense UI 5.0"
"280";"Platform";"OS";"Android OS, v4.1.2 (Jelly Bean)"
"280";"Platform";"Chipset";"Spreadtrum Shark"
"280";"Platform";"CPU";"Quad-core 1.2 GHz Cortex-A7"
"280";"Platform";"GPU";"Mali-400"
"280";"Memory";"Card slot";"microSD, up to 64 GB"
"280";"Memory";"Internal";"8 GB, 1 GB RAM"
"280";"Camera";"Primary";"8 MP, 3264 x 2448 pixels, autofocus, LED flash, check quality"
"280";"Camera";"Features";"1/3.2'' sensor size, geo-tagging, touch focus, face detection, simultaneous HD video and image recording, HDR"
"280";"Camera";"Video";"1080p@22fps, HDR, check quality"
"280";"Camera";"Secondary";"2.1 MP"
"280";"Sound";"Alert types";"Vibration; MP3, WAV ringtones"
"280";"Sound";"Loudspeaker";"Yes, with stereo speakers"
"280";"Sound";"3.5mm jack";"Yes"
"280";"Comms";"WLAN";"Wi-Fi 802.11 a/b/g/n, dual-band, Wi-Fi Direct, DLNA, hotspot"
"280";"Comms";"Bluetooth";"v4.0, A2DP, apt-X"
"280";"Comms";"GPS";"Yes, with A-GPS, GLONASS"
"280";"Comms";"Radio";"FM radio"
"280";"Comms";"USB";"microUSB v2.0, USB Host"
"280";"Features";"Sensors";"Accelerometer, proximity, compass"
"280";"Features";"Messaging";"SMS (threaded view), MMS, Email, Push Email"
"280";"Features";"Browser";"HTML5"
"280";"Features";"Java";"Yes, via Java MIDP emulator"
"280";"Features";" ";"- MP4/H.264/WMV player - MP3/eAAC+/WMA/WAV player - Document viewer/editor - Photo viewer/editor - Voice memo/dial/commands"
"280";"Battery";" ";"Li-Po 2100 mAh battery"
"280";"Battery";"Stand-by";"Up to 582 h (3G)"
"280";"Battery";"Talk time";"Up to 11 h 40 min (3G)"
"280";"Misc";"Colors";"Black"
"280";"Misc";"SAR EU";"0.81 W/kg (head)    "
"280";"Misc";"Price group";""
"280";"Tests";"Display";"Contrast ratio: 1142:1 (nominal), 1.769 (sunlight)"
"280";"Tests";"Camera";"Photo / Video"
"280";"Tests";"Loudspeaker";"Voice 65dB / Noise 66dB / Ring 75dB"
"280";"Tests";"Audio quality";"Noise -92.2dB / Crosstalk -91.0dB"
"280";"Tests";"Battery life";"Endurance rating 52h"

