"263";"Network";"Technology";"GSM / HSPA / LTE"
"263";"Network";"2G bands";"GSM 850 / 900 / 1800 / 1900"
"263";"Network";"3G bands";"HSDPA 850 / 900 / 1900 / 2100"
"263";"Network";"4G bands";"LTE 700 / 900 / 1800 / 2100 / 2600 TD-LTE 2300 / 2500 (Bands 1, 3, 7, 8, 28, 40, 41)"
"263";"Network";"Speed";"HSPA, LTE"
"263";"Network";"GPRS";"Yes"
"263";"Network";"EDGE";"Yes"
"263";"Launch";"Announced";"2014, August"
"263";"Launch";"Status";"Available. Released 2014, September"
"263";"Body";"Dimensions";"145.4 x 70.2 x 10 mm (5.72 x 2.76 x 0.39 in)"
"263";"Body";"Weight";"151 g (5.33 oz)"
"263";"Body";"SIM";"Nano-SIM"
"263";"Body";" ";"- IPX7 certified - dust proof and water resistant up to 1 meter and 30 minutes"
"263";"Display";"Type";"Capacitive touchscreen, 16M colors"
"263";"Display";"Size";"5.0 inches (~67.5% screen-to-body ratio)"
"263";"Display";"Resolution";"1080 x 1920 pixels (~441 ppi pixel density)"
"263";"Display";"Multitouch";"Yes"
"263";"Platform";"OS";"Android OS, v4.4.2 (KitKat)"
"263";"Platform";"Chipset";"Qualcomm Snapdragon 801"
"263";"Platform";"CPU";"Quad-core 2.5 GHz Krait 400"
"263";"Platform";"GPU";"Adreno 330"
"263";"Memory";"Card slot";"microSD, up to 128 GB"
"263";"Memory";"Internal";"16/32 GB, 2 GB RAM"
"263";"Camera";"Primary";"Dual 13 MP, 4128 x 3096 pixels, autofocus, dual-LED flash, check quality"
"263";"Camera";"Features";"Geo-tagging, touch focus, face detection, panorama, HDR"
"263";"Camera";"Video";"1080p@30fps, stereo sound rec., check quality"
"263";"Camera";"Secondary";"5 MP, 1080p@30fps, HDR"
"263";"Sound";"Alert types";"Vibration; MP3, WAV ringtones"
"263";"Sound";"Loudspeaker";"Yes, with stereo speakers"
"263";"Sound";"3.5mm jack";"Yes"
"263";"Comms";"WLAN";"Wi-Fi 802.11 a/b/g/n/ac, Wi-Fi Direct, DLNA, hotspot"
"263";"Comms";"Bluetooth";"v4.0, A2DP, apt-X"
"263";"Comms";"GPS";"Yes, with A-GPS, GLONASS"
"263";"Comms";"NFC";"Yes"
"263";"Comms";"Infrared port";"Yes"
"263";"Comms";"Radio";"FM radio with RDS"
"263";"Comms";"USB";"microUSB v2.0 (MHL TV-out)"
"263";"Features";"Sensors";"Accelerometer, gyro, proximity, compass, barometer"
"263";"Features";"Messaging";"SMS (threaded view), MMS, Email, Push Email"
"263";"Features";"Browser";"HTML5"
"263";"Features";"Java";"Yes, via Java MIDP emulator"
"263";"Features";" ";"- Fast battery charging: 60% in 30 min (Quick Charge 2.0) - Active noise cancellation with dedicated mic - MP4/H.264/WMV player - MP3/eAAC+/WMA/WAV player - Document viewer/editor - Photo viewer/editor - Voice memo/dial/commands"
"263";"Battery";" ";"Non-removable Li-Po 2700 mAh battery"
"263";"Battery";"Stand-by";"Up to 643 h (3G)"
"263";"Battery";"Talk time";"Up to 24 h (3G)"
"263";"Misc";"Colors";"Blue, Red, White"
"263";"Misc";"Price group";""
"263";"Tests";"Performance";"Basemark OS II: 1107 / Basemark X: 12302"
"263";"Tests";"Camera";"Photo / Video"
"263";"Tests";"Battery life";"Endurance rating 66h"

