"269";"Network";"Technology";"GSM / HSPA"
"269";"Network";"2G bands";"GSM 850 / 900 / 1800 / 1900 - SIM 1 & SIM 2"
"269";"Network";"3G bands";"HSDPA 900 / 2100"
"269";"Network";"Speed";"HSPA 21.1/5.76 Mbps"
"269";"Network";"GPRS";"Yes"
"269";"Network";"EDGE";"Yes"
"269";"Launch";"Announced";"2014, May"
"269";"Launch";"Status";"Available. Released 2014, June"
"269";"Body";"Dimensions";"142 x 71.9 x 9.2 mm (5.59 x 2.83 x 0.36 in)"
"269";"Body";"Weight";"150 g (5.29 oz)"
"269";"Body";"SIM";"Dual SIM (Mini-SIM/ Micro-SIM)"
"269";"Display";"Type";"Capacitive touchscreen, 16M colors"
"269";"Display";"Size";"5.0 inches (~67.5% screen-to-body ratio)"
"269";"Display";"Resolution";"720 x 1280 pixels (~294 ppi pixel density)"
"269";"Display";"Multitouch";"Yes"
"269";"Display";" ";"- HTC Sense UI 5.5"
"269";"Platform";"OS";"Android OS, v4.2.2 (Jelly Bean)"
"269";"Platform";"Chipset";"Mediatek MT6592"
"269";"Platform";"CPU";"Octa-core 1.4 GHz Cortex-A7"
"269";"Platform";"GPU";"Mali-450MP4"
"269";"Memory";"Card slot";"microSD, up to 32 GB"
"269";"Memory";"Internal";"4 GB, 1 GB RAM"
"269";"Camera";"Primary";"8 MP, 3264 x 2448 pixels, autofocus, LED flash, check quality"
"269";"Camera";"Features";"Geo-tagging, touch focus, face detection, simultaneous HD video and image recording, HDR"
"269";"Camera";"Video";"1080p@30fps, check quality"
"269";"Camera";"Secondary";"2 MP, 720p"
"269";"Sound";"Alert types";"Vibration; MP3, WAV ringtones"
"269";"Sound";"Loudspeaker";"Yes"
"269";"Sound";"3.5mm jack";"Yes"
"269";"Comms";"WLAN";"Wi-Fi 802.11 b/g/n, hotspot"
"269";"Comms";"Bluetooth";"v4.0, A2DP, apt-X, EDR"
"269";"Comms";"GPS";"Yes, with A-GPS"
"269";"Comms";"Radio";"FM radio with RDS"
"269";"Comms";"USB";"microUSB v2.0"
"269";"Features";"Sensors";"Accelerometer, proximity"
"269";"Features";"Messaging";"SMS (threaded view), MMS, Email, Push Email"
"269";"Features";"Browser";"HTML5"
"269";"Features";"Java";"Yes, via Java MIDP emulator"
"269";"Features";" ";"- MP4/H.264/WMV player - MP3/eAAC+/WMA/WAV player - Document viewer - Photo viewer/editor - Voice memo/dial/commands"
"269";"Battery";" ";"Li-Po 2000 mAh battery"
"269";"Battery";"Stand-by";"Up to 700 h (3G)"
"269";"Battery";"Talk time";"Up to 14 h (3G)"
"269";"Misc";"Colors";"Black, White, Red"
"269";"Misc";"SAR US";"0.63 W/kg (head)     1.30 W/kg (body)    "
"269";"Misc";"SAR EU";"0.49 W/kg (head)     0.69 W/kg (body)    "
"269";"Misc";"Price group";""
"269";"Tests";"Performance";"Basemark OS II: 378"
"269";"Tests";"Display";"Contrast ratio: 976 (nominal), 1.797(sunlight)"
"269";"Tests";"Camera";"Photo / Video"
"269";"Tests";"Loudspeaker";"Voice 61dB / Noise 58dB / Ring 72dB"
"269";"Tests";"Audio quality";"Noise -83.0dB / Crosstalk -49.1dB"
"269";"Tests";"Battery life";"Endurance rating 52h"

