"268";"Network";"Technology";"GSM / HSPA / LTE"
"268";"Network";"2G bands";"GSM 850 / 900 / 1800 / 1900"
"268";"Network";"3G bands";"HSDPA 900 / 1900 / 2100 - EMEA version"
"268";"Network";" ";"HSDPA 850 / 900 / 1900 / 2100 - Asia version"
"268";"Network";"4G bands";"LTE 800 / 900 / 1800 / 2600 (Bands 3, 7, 8, 20) - EMEA version"
"268";"Network";" ";"LTE 700 / 900 / 1800 / 2100 / 2600 (Bands 1, 3, 7, 8, 28) - Asia version"
"268";"Network";"Speed";"HSPA 42.2/5.76 Mbps, LTE Cat4 150/50 Mbps"
"268";"Network";"GPRS";"Yes"
"268";"Network";"EDGE";"Yes"
"268";"Launch";"Announced";"2014, May"
"268";"Launch";"Status";"Available. Released 2014, May"
"268";"Body";"Dimensions";"137.4 x 65 x 10.6 mm (5.41 x 2.56 x 0.42 in)"
"268";"Body";"Weight";"137 g (4.83 oz)"
"268";"Body";"SIM";"Nano-SIM"
"268";"Display";"Type";"Super LCD2 capacitive touchscreen, 16M colors"
"268";"Display";"Size";"4.5 inches (~62.5% screen-to-body ratio)"
"268";"Display";"Resolution";"720 x 1280 pixels (~326 ppi pixel density)"
"268";"Display";"Multitouch";"Yes"
"268";"Display";"Protection";"Corning Gorilla Glass 3"
"268";"Display";" ";"- HTC Sense UI"
"268";"Platform";"OS";"Android OS, v4.4.2 (KitKat), planned upgrade to v5.0 (Lollipop)"
"268";"Platform";"Chipset";"Qualcomm Snapdragon 400"
"268";"Platform";"CPU";"Quad-core 1.2 GHz Cortex-A7"
"268";"Platform";"GPU";"Adreno 305"
"268";"Memory";"Card slot";"microSD, up to 128 GB"
"268";"Memory";"Internal";"16 GB, 1 GB RAM"
"268";"Camera";"Primary";"13 MP, 4128 x 3096 pixels, autofocus, LED flash, check quality"
"268";"Camera";"Features";"1/3'' sensor size, 1.12µm pixel size, geo-tagging, face/smile detection, HDR, panorama"
"268";"Camera";"Video";"1080p@30fps, 720p@60fps, check quality"
"268";"Camera";"Secondary";"5 MP, 1080p@30fps"
"268";"Sound";"Alert types";"Vibration; MP3, WAV ringtones"
"268";"Sound";"Loudspeaker";"Yes, with stereo speakers"
"268";"Sound";"3.5mm jack";"Yes"
"268";"Comms";"WLAN";"Wi-Fi 802.11 a/b/g/n, dual-band, DLNA, hotspot"
"268";"Comms";"Bluetooth";"v4.0, A2DP, apt-X"
"268";"Comms";"GPS";"Yes, with A-GPS, GLONASS"
"268";"Comms";"NFC";"Yes"
"268";"Comms";"Radio";"FM radio with RDS"
"268";"Comms";"USB";"microUSB v2.0 (MHL TV-out), USB Host"
"268";"Features";"Sensors";"Accelerometer, proximity, compass"
"268";"Features";"Messaging";"SMS (threaded view), MMS, Email, Push Email"
"268";"Features";"Browser";"HTML5"
"268";"Features";"Java";"Yes, via Java MIDP emulator"
"268";"Features";" ";"- Active noise cancellation with dedicated mic - MP4/H.264/WMV player - MP3/eAAC+/WMA/WAV/Flac player - Document viewer - Photo viewer/editor - Voice memo/dial"
"268";"Battery";" ";"Non-removable Li-Po 2110 mAh battery"
"268";"Battery";"Stand-by";"Up to 556 h (3G)"
"268";"Battery";"Talk time";"Up to 16 h 10 min (3G)"
"268";"Misc";"Colors";"Gunmetal Gray, Glacial Silver Amber Gold"
"268";"Misc";"Price group";""
"268";"Tests";"Performance";"Basemark OS II: 517 / Basemark X: 1650"
"268";"Tests";"Display";"Contrast ratio: 1196 (nominal), 1.940 (sunlight)"
"268";"Tests";"Camera";"Photo / Video"
"268";"Tests";"Loudspeaker";"Voice 69dB / Noise 66dB / Ring 75dB"
"268";"Tests";"Audio quality";"Noise -94.8dB / Crosstalk -93.5dB"
"268";"Tests";"Battery life";"Endurance rating 50h"

