"177";"Network";"Technology";"GSM / HSPA / LTE"
"177";"Network";"2G bands";"GSM 850 / 900 / 1800 / 1900"
"177";"Network";"3G bands";"HSDPA 850 / 1900 / 2100"
"177";"Network";"4G bands";"LTE 700 / 850 / 1700 / 2100 (Bands 2, 4, 5, 17)"
"177";"Network";"Speed";"HSPA, LTE"
"177";"Network";"GPRS";"Yes"
"177";"Network";"EDGE";"Yes"
"177";"Launch";"Announced";"2014, August"
"177";"Launch";"Status";"Available. Released 2014, August"
"177";"Body";"Dimensions";"152.1 x 79.2 x 9.1 mm (5.99 x 3.12 x 0.36 in)"
"177";"Body";"Weight";"167 g (5.89 oz)"
"177";"Body";"SIM";"Micro-SIM"
"177";"Display";"Type";"IPS LCD capacitive touchscreen, 16M colors"
"177";"Display";"Size";"5.7 inches (~74.4% screen-to-body ratio)"
"177";"Display";"Resolution";"720 x 1280 pixels (~258 ppi pixel density)"
"177";"Display";"Multitouch";"Yes"
"177";"Platform";"OS";"Android OS, v4.4.2 (KitKat)"
"177";"Platform";"Chipset";"Qualcomm Snapdragon 400"
"177";"Platform";"CPU";"Quad-core 1.2 GHz"
"177";"Memory";"Card slot";"microSD, up to 32 GB"
"177";"Memory";"Internal";"8 GB, 1.5 GB RAM"
"177";"Camera";"Primary";"8 MP, 3264 x 2448 pixels, laser autofocus, LED flash"
"177";"Camera";"Features";"Geo-tagging, touch focus, face detection, panorama, HDR"
"177";"Camera";"Video";"1080p@30fps"
"177";"Camera";"Secondary";"1.3 MP"
"177";"Sound";"Alert types";"Vibration; MP3, WAV ringtones"
"177";"Sound";"Loudspeaker";"Yes"
"177";"Sound";"3.5mm jack";"Yes"
"177";"Comms";"WLAN";"Wi-Fi 802.11 a/b/g/n, dual-band, DLNA, Wi-Fi Direct, hotspot"
"177";"Comms";"Bluetooth";"v4.0, A2DP"
"177";"Comms";"GPS";"Yes, with A-GPS, GLONASS"
"177";"Comms";"NFC";"Yes"
"177";"Comms";"Radio";"No"
"177";"Comms";"USB";"microUSB v2.0"
"177";"Features";"Sensors";"Accelerometer, proximity, compass"
"177";"Features";"Messaging";"SMS(threaded view), MMS, Email, Push Mail, IM"
"177";"Features";"Browser";"HTML5"
"177";"Features";"Java";"Yes, via Java MIDP emulator"
"177";"Features";" ";"- Active noise cancellation with dedicated mic - MP4/H.264 player - MP3/WAV/FLAC/eAAC+ player - Photo viewer/editor - Document viewer - Voice memo/dial/commands"
"177";"Battery";" ";"Li-Ion 3200 mAh battery"
"177";"Battery";"Stand-by";"Up to 657 h (3G)"
"177";"Battery";"Talk time";"Up to 26 h 40 min (3G)"
"177";"Misc";"Colors";"Metallic Black"
"177";"Misc";"Price group";""

