"218";"Network";"Technology";"GSM / HSPA"
"218";"Network";"2G bands";"GSM 850 / 900 / 1800 / 1900 - SIM 1 & SIM 2"
"218";"Network";"3G bands";"HSDPA 850 / 900 / 1900 / 2100"
"218";"Network";"Speed";"HSPA 7.2/5.76 Mbps"
"218";"Network";"GPRS";"Class 12"
"218";"Network";"EDGE";"Class 12"
"218";"Launch";"Announced";"2013, October"
"218";"Launch";"Status";"Available. Released 2013, November"
"218";"Body";"Dimensions";"150.2 x 76.9 x 9.4 mm (5.91 x 3.03 x 0.37 in)"
"218";"Body";"Weight";"161 g (5.68 oz)"
"218";"Body";"SIM";"Dual SIM (Mini-SIM, dual stand-by)"
"218";"Body";" ";"- Stylus"
"218";"Display";"Type";"IPS LCD capacitive touchscreen, 16M colors"
"218";"Display";"Size";"5.5 inches (~72.2% screen-to-body ratio)"
"218";"Display";"Resolution";"540 x 960 pixels (~200 ppi pixel density)"
"218";"Display";"Multitouch";"Yes"
"218";"Platform";"OS";"Android OS, v4.1.2 (Jelly Bean)"
"218";"Platform";"Chipset";"Mediatek MT6577"
"218";"Platform";"CPU";"Dual-core 1 GHz Cortex-A9"
"218";"Platform";"GPU";"PowerVR SGX531"
"218";"Memory";"Card slot";"microSD, up to 32 GB"
"218";"Memory";"Internal";"8 GB, 1 GB RAM"
"218";"Camera";"Primary";"8 MP, 3264 x 2448 pixels, autofocus, LED flash"
"218";"Camera";"Features";"Geo-tagging, face detection, panorama"
"218";"Camera";"Video";"720p@30fps"
"218";"Camera";"Secondary";"1.3 MP"
"218";"Sound";"Alert types";"Vibration; MP3, WAV ringtones"
"218";"Sound";"Loudspeaker";"Yes, with stereo speakers"
"218";"Sound";"3.5mm jack";"Yes"
"218";"Comms";"WLAN";"Wi-Fi 802.11 a/b/g/n, dual-band, Wi-Fi Direct, DLNA, hotspot"
"218";"Comms";"Bluetooth";"v3.0, A2DP"
"218";"Comms";"GPS";"Yes, with A-GPS, GLONASS"
"218";"Comms";"Infrared port";"Yes"
"218";"Comms";"Radio";"FM radio"
"218";"Comms";"USB";"microUSB v2.0"
"218";"Features";"Sensors";"Accelerometer, proximity, compass"
"218";"Features";"Messaging";"SMS(threaded view), MMS, Email, Push Mail, IM"
"218";"Features";"Browser";"HTML5"
"218";"Features";"Java";"Yes, via Java MIDP emulator"
"218";"Features";" ";"- Active noise cancellation with dedicated mic - MP4/H.264/WMV/DviX player - MP3/WMA/WAV/FLAC/eAAC+ player - Photo viewer/editor - Document viewer/editor - Voice memo/dial/commands"
"218";"Battery";" ";"Li-Ion 3140 mAh battery"
"218";"Battery";"Stand-by";"Up to 845 h"
"218";"Battery";"Talk time";"Up to 14 h 30 min"
"218";"Misc";"Colors";"White, Black"
"218";"Misc";"SAR US";"0.43 W/kg (head)     1.30 W/kg (body)    "
"218";"Misc";"SAR EU";"0.26 W/kg (head)     0.65 W/kg (body)    "
"218";"Misc";"Price group";""

