"176";"Network";"Technology";"HSPA / LTE"
"176";"Network";"2G bands";"N/A"
"176";"Network";"3G bands";"HSDPA 850 / 900 / 1900 / 2100"
"176";"Network";"4G bands";"LTE"
"176";"Network";"Speed";"HSPA, LTE"
"176";"Network";"GPRS";"Yes"
"176";"Network";"EDGE";"Yes"
"176";"Launch";"Announced";"2014, August"
"176";"Launch";"Status";"Available. Released 2014, August"
"176";"Body";"Dimensions";"-"
"176";"Body";"Weight";"-"
"176";"Body";"SIM";"Yes"
"176";"Display";"Type";"IPS LCD capacitive touchscreen, 16M colors"
"176";"Display";"Size";"8.0 inches (~70.9% screen-to-body ratio)"
"176";"Display";"Resolution";"800 x 1280 pixels (~189 ppi pixel density)"
"176";"Display";"Multitouch";"Yes"
"176";"Platform";"OS";"Android OS, v4.4.2 (KitKat)"
"176";"Platform";"Chipset";"Qualcomm MSM8226 Snapdragon 400"
"176";"Platform";"CPU";"Quad-core 1.2 GHz Cortex-A7"
"176";"Platform";"GPU";"Adreno 305"
"176";"Memory";"Card slot";"microSD, up to 64 GB"
"176";"Memory";"Internal";"16 GB, 1 GB RAM"
"176";"Camera";"Primary";"5 MP, 2592 х 1944 pixels, autofocus"
"176";"Camera";"Features";"Geo-tagging, face detection, panorama"
"176";"Camera";"Video";"1080p"
"176";"Camera";"Secondary";"1.3 MP, 720p"
"176";"Sound";"Alert types";"Vibration; MP3, WAV ringtones"
"176";"Sound";"Loudspeaker";"Yes"
"176";"Sound";"3.5mm jack";"Yes"
"176";"Comms";"WLAN";"Wi-Fi 802.11 a/b/g/n, dual-band, hotspot, Wi-Fi Direct, DLNA"
"176";"Comms";"Bluetooth";"Yes"
"176";"Comms";"GPS";"Yes, with A-GPS"
"176";"Comms";"Infrared port";"Yes"
"176";"Comms";"Radio";"No"
"176";"Comms";"USB";"microUSB v2.0"
"176";"Features";"Sensors";"Accelerometer, compass"
"176";"Features";"Messaging";"Email, Push Mail, IM"
"176";"Features";"Browser";"HTML5"
"176";"Features";"Java";"Yes, via Java MIDP emulator"
"176";"Features";" ";"- MP4/H.264 player - MP3/WAV/eAAC+ player - Photo/video viewer/editor - Document editor - Voice memo"
"176";"Battery";" ";"Non-removable Li-Ion 4200 mAh battery"
"176";"Battery";"Stand-by";""
"176";"Battery";"Talk time";""
"176";"Misc";"Colors";"Black, White, Luminous Orange, Luminous Blue"
"176";"Misc";"Price group";""

