"34488";"327";"130";"";"2015-01-19 09:14";"";"Who buys this kind of phone these days? In my opinion there are 2 types of buyers: -Older persons who can't get familiar with smartphones and have no passion for technology, they want simple and ergonomic -people who are into smartphones but they need a secondary phone to use on different situations (dirty/dangerous work etc).  Compared to older nokia phones that got the job done (Nokia C1-00 for example) it feels a bit lower quality and it's not really ergonomic. Not good for older people.  ";""
"34489";"327";"130";"";"2015-01-17 02:04";"";"Nokia 215 (Improved version of Nokia 130, 1st Release Jan-Mar 2015) (Dual Sim)  (Single Sim)   In Nokia 130/130 Dual Sim review: CONS: NO Internet connectivity (No Browser, No GPRS/EDGE). NO JAVA. NOT Threaded view SMS. NO support for Any JPEG or Other Picture file formats (Because it doesn't have a Photo viewer/Gallery) Bluetooth: Is limited to specific functions. Audio connectivity is not supported. Keypad: (plastic) Slightly hard to press. Noisy.  PROS: (Micro-USB Charging (USB v2.0), Bluetooth v3.0, SD Card (32GB), Transferring Data through USB Cable, Radio, Mp3 Player, Calculator, Alarm clock, Reminders, Calendar, Flash light.) DESIGN: Good build quality. BATTERY: Superb, can last for 2-3 days. (fair use) MP3 PLAYER: Can play in background. KEYPAD: Very responsive. (plastic) Speaker & Voice call: High/Clear quality. NO voice leak. Phone Performance: Fast, No delay, No lag. (360 MHz) MEMORY: Messages 500, Contacts 500.  New software update for Nokia 130/130 Dual SIM (for Europe region only)   Latest software release for Nokia 130/130 Dual SIM is 10.02.11 - "Contacts not ready" error fixed. - Bulgarian language support added (available in selected countries). - Improved stability and performance. ";""
"34490";"327";"130";"";"2015-01-16 09:00";"Chris";"can any1 tell howmany sms can it save ? can i move saving sms to memory card ? ";""
"34491";"327";"130";"";"2015-01-15 17:44";"akhi";"Please tell me that whether the phone dual standby or not??";""
"34492";"327";"130";"";"2015-01-09 06:56";"y";"there is no fast forward & rewind option in this phone";""
"34493";"327";"130";"";"2015-01-08 09:20";"A. Khan";"This is very good phone and price is normal. It is better than 108 and 103. ";""
"34494";"327";"130";"";"2015-01-08 06:14";"";"As I've talked about before, Nokia/MS should offer a 'phone insurance' plan that with every purchase of a Lumia you get a Nokia '135' (speculative name for US) 'Backup Phone'?";""
"34495";"327";"130";"";"2015-01-07 07:59";"vito";"Browser  WAP 2.0/xHTML, HTML";""
"34496";"327";"130";"";"2015-01-05 06:37";"Anonymous";"hi after every few mins it display message of "play" nad then "wait"  Cud sumone pls tell wat is it ??";""
"34497";"327";"130";"";"2015-01-04 12:55";"abhi";"Much better phone in this price range best for secondary phone use as long lasting battery backup";""
"34498";"327";"130";"";"2015-01-03 13:35";"murphy scholes";"it does not. have browser. so it can not browser";""
"34499";"327";"130";"";"2015-01-03 13:28";"murphy scholes";"pls note, it does not have browser. so it can not browse  ";""
"34500";"327";"130";"";"2015-01-02 09:27";"arun";"i agreed there is no gprs connection";""
"34501";"327";"130";"";"2015-01-01 14:24";"";"is there incoming or outgoing call recorder in nokia 130...???";""
"34502";"327";"130";"";"2014-12-28 14:10";"Anonymous";"Is it possible to hear memory card music on loudspeaker mode in Nokia 130?";""
"34503";"327";"130";"";"2014-12-25 04:43";"Anonymous";"call records not work in this phone";""
"34504";"327";"130";"";"2014-12-24 20:52";"joji";"This is nice for secondary phone. Yesterday I bought it. in White color is so dashing. :-)";""
"34505";"327";"130";"";"2014-12-23 09:26";"This is budget phone";"This is BUDGET phone. What do you expect for such low price?!? UHD resolution,13mp camera, 32gb storage,& octacore processor?!?! Think before posting comment please. This phone is perfect for call&texting only. I'm buying this for secondary use.";""
"34506";"327";"130";"";"2014-12-18 10:44";"Anonymous";"Good voice";""
"34507";"327";"130";"";"2014-12-16 12:27";"ricky";"whats working on this phone or not";""
"34508";"327";"130";"";"2014-12-14 07:52";"shahid";"does nokia 130 support whatsapp";""
"34509";"327";"130";"";"2014-12-13 03:00";"";"NEW Software Update for Nokia 130/130 Dual SIM:   Latest software release for Nokia 130 is 10.02.11 - "Contacts not ready" error fixed. - Bulgarian language support added (available in selected countries). - Improved stability and performance.  The update is currently available in Europe region only. Series 30+ phones do not support OTA (over-the-air) updates, but you can update the phone using Nokia Software Recovery Tool. Find the update instructions from here:  ";""
"34510";"327";"130";"";"2014-12-12 17:55";"";"i am using this model and it have no such issue. buy it with full relaxation :)";""
"34511";"327";"130";"";"2014-12-12 08:34";"Anonymous";"whats in new updates ? ";""
"34512";"327";"130";"";"2014-12-10 07:35";"Punit ";"Hey everyone, plz help me, i want to buy this mobile and i hear that some Nokia feature phone call clearty not good nd the call voice passes in back side speakers in mobile. Plz tell me this have problem";""
"34513";"327";"130";"";"2014-12-09 09:59";"Aarya";"please anybody tell me about the music player or songs voice in earphones....? is it good or low..????";""
"34514";"327";"130";"";"2014-12-06 18:39";"";"Software update for Nokia 130 is available. More information and instructions here:   ";""
"34515";"327";"130";"";"2014-12-06 01:29";"";"Can use in any countries? I'm a traveler. Can read messages on screen although the phone is locked by a Password Code?";""
"34516";"327";"130";"";"2014-12-02 19:33";"SAM";"plese reply mee . all the websites are saying that it has an internet ,, as in GPRS . even microsoft.com is indicating an internet connection . a website is sayin that it has a built in opera mini 4 . all sites say that microsoft said in a press brieffing that the 130 will have an internet connection before it was released . now after i have bought one i can see that there is absolutely no internet";""
"34517";"327";"130";"";"2014-12-02 10:48";"Prabu";"Please go to "Settings" --> "Cost Settings" and enable "In-call timer". ";""
"34518";"327";"130";"";"2014-12-02 04:38";"";"Can use in any countries? I'm a traveler. Can read messages on screen although the phone is locked by a Password Code?";""
"34519";"327";"130";"";"2014-12-01 19:53";"";"Nokia 130 does not have photo viewer and it doesn't even support any of the image formats.It does not have any photo viewer option,only a video player.Disappointing. ";""
"34520";"327";"130";"";"2014-11-30 17:16";"cctv";"don't show call duration during calling,so sad..";""
"34521";"327";"130";"";"2014-11-29 00:53";"Anonymous";"i purchased this new one but the ear piece volume was too low to hear during conversations i checked the volume level setting but it was full";""
"34522";"327";"130";"";"2014-11-27 16:04";"cctv";"how is the display?Is it ok?";""
"34523";"327";"130";"";"2014-11-27 05:32";"";"Thanks, but I don't have it yet. But planning to buy it, so what's the smallest font size and lowest backlight options of this phone?";""
"34524";"327";"130";"";"2014-11-26 21:07";"ieye";"go to setting scroll down and click "display settings" scroll down, there is a option of "Backlight time" for font size go to "messages" scroll down and click on "message settings" scroll down and you find it";""
"34525";"327";"130";"";"2014-11-26 07:01";"";"What is the message settings of this phone? I mean is it possible to change the FONT SIZE? I want tiny, or small. And the backlight, what are the options? "normal" and then what? I want very LOW, so battery life can last longer than usual.";""
"34526";"327";"130";"";"2014-11-25 08:39";"";" no";""
"34527";"327";"130";"";"2014-11-25 08:36";"samad";"yes the messages are visible. and the recieved message could even be completely read without opening the keyguard";""
"34528";"327";"130";"";"2014-11-24 10:47";"sunny";"Does this phone supports internet ?? I mean can i browse internet on this set ??";""
"34529";"327";"130";"";"2014-11-24 06:07";"";"does this phone have call timer?";""
"34530";"327";"130";"";"2014-11-21 17:33";"Anonymous";"it is a basic phone. cheep and best dule sim bt. sd. card vedio plyer.";""
"34531";"327";"130";"";"2014-11-21 12:05";"Dileep";"The only drawback I found in this phone is that it doesn't support Bluetooth headset.";""
"34532";"327";"130";"";"2014-11-21 05:41";"Anonymous";"yes it supports Bluetooth Headphones and BT Divices also .";""
"34533";"327";"130";"";"2014-11-20 10:43";"Anonymous";"please someone tell me does this phone has the same problem like nokia 108 where received messages are partly visible even if the keypad is security locked?????";""
"34534";"327";"130";"";"2014-11-17 01:51";"Basskar";"no way , no facebook and no whatsapp , bcs it's a basic cell phone";""
"34535";"327";"130";"";"2014-11-16 06:56";"Anonymous";"no. before releasing this, some retailers got this. I saw this phone before release in show room in my city.";""
"34536";"327";"130";"";"2014-11-16 06:55";"heer";"n130 is giving 26 days standby which means in idle condition ur phone will remain open for 26 days....if u use ur phone u will get 2-3 days thats normal";""
"34537";"327";"130";"";"2014-11-15 16:33";"vince";"you can't..as written in the specs "Alert types Vibration; Polyphonic" it doesn't use the mp3 or any other complex audio format";""
"34538";"327";"130";"";"2014-11-14 06:48";"RAKESH KINGER";"ultimate 5 days battery with music playback and calls !!!!!! hats off 5 stars";""
"34539";"327";"130";"";"2014-11-13 18:47";"greg";"Where is the SD slot can anyone tell me please ";""
"34540";"327";"130";"";"2014-11-13 15:50";"freebird";"can i able to set music in my memeory card as my ringtone? if yes then how to set that pls tell me....";""
"34541";"327";"130";"";"2014-11-12 07:12";"aroma";"1.28 w/kg";""
"34542";"327";"130";"";"2014-11-11 03:01";"Anonymous";"does this phone have any games?";""
"34543";"327";"130";"";"2014-11-09 18:23";"abhi";"how is the call quality of this phone......... ";""
"34544";"327";"130";"";"2014-11-09 13:31";"misquitas";"There is no stopwatch facility on N130.";""
"34545";"327";"130";"";"2014-11-07 17:12";"Anonymous";"no";""
"34546";"327";"130";"";"2014-11-06 19:55";"Rizwan";"Does the FB works on this phone? plz reply if any one knows about it.";""
"34547";"327";"130";"";"2014-11-05 08:50";"sus";"I have Nokia 130, open back side of phone is difficult, plastic case feel`s cheap, but hey. it is very cheap phone. Dual sim works perfectly, I like it very much. I can choose when make phone calls or send sms what sim car I use first or secon. Joystic button is slihtly small. But rest I like, battery lif is good, ca 30 days standby time. Meny is simple, all what is needed from phone, there is all. I personaly hate cameras, gps and internet options, that is for smart phone. There is too much displays and internet-wifi stuff already in our lifs- N130 is workhorse where you just can call, send sms and use it as musci player or radio. That is all what I wanted for simple phone and it does all that very well.";""
"34548";"327";"130";"";"2014-11-05 07:17";"Binani";"Thanks for the clarification. How many reminders are there, are they 10. I presume from your reply that there is no stopwatch in Nokia 130 ";""
"34549";"327";"130";"";"2014-11-03 10:27";"Makbul";"Does it support bluetooth headset????? Someone rply plz....";""
"34550";"327";"130";"";"2014-11-03 10:16";"RAGHAV SINGHAL";"i am operate nokia 130. nokia product is very bad. battery backup not working 26 days. battery battery backup is 2-3 day only. and back cover open system is very wrong. cover open is very difficult work. it is very bad mobile phone. ";""
"34551";"327";"130";"";"2014-11-02 18:44";"santosh";"if we go battery side ,giving same as like previous Nokia released.battery backup same as previous Nokia basic phones";""
"34552";"327";"130";"";"2014-11-01 22:16";"misquita";"And why should it? Thankfully, the Nokia 130 has cut down on the costs by avoiding a cheap and useless camera. ";""
"34553";"327";"130";"";"2014-11-01 22:13";"misquitas";"The Nokia 130 has following features:  Reminder Alarm Calculator Calendar Flashlight  Regards.  ";""
"34554";"327";"130";"";"2014-11-01 11:12";"Anonymous";"i said by comparing with samsung's entry level phones while using this phone it makes me remind yester years technology .whats the use of mp3 player that does not support a equalizes , and the screan? can't adjust brightness it makes me think twice that this is the product of nokia.";""
"34555";"327";"130";"";"2014-11-01 10:06";"Mohil";"Anyone who needs a cellphone just to communicate should go for this model.";""
"34556";"327";"130";"";"2014-11-01 07:25";"";"How is your experience with Nokia 130 battery backup? I also need to know, if it can play FLV/ MP4 videos? please reply";""
"34557";"327";"130";"";"2014-10-31 13:22";"anonymous";"There is No camera !!!! ????";""
"34558";"327";"130";"";"2014-10-31 13:17";"Binani";"Does this phone has Reminders, Timer, Stopwatch,etc. which the other basc phones of Nokia had earlier. Those were reliable also.";""
"34559";"327";"130";"";"2014-10-30 21:50";"Anonymous";"this phone is intended to be a basic, bottom line communications device so it's not going to have a lot of features";""
"34560";"327";"130";"";"2014-10-30 18:11";"Anonymous";"Are you sure you have a Nokia 130? My Nokia 130 clearly has a Speed dial.  For the "speed dial" option, go to Menu->Contacts->Speed dials and turn on the option. Then, edit it to assign a speed dial on any number.  The "ringtones" in the Nokia 130 are pretty elaborate and even if you are unhappy with that list, you can use ANY MP3 song stored in your Nokia 130 as a ringtone.  What "shortcuts" are you complaining about? Besides the four shortcuts around the D-pad, the left selection key allow you various other shortcuts.   You have spent your hard-earned money to buy this phone. So, please spend some of your valuable time in learning to operate the phone before passing an unfounded judgement. Once you master the phone, then please come back and criticize the phone on this forum.  Regards.  ";""
"34561";"327";"130";"";"2014-10-30 10:16";"praveen";"the worst phone i used so for battery performence.the display.shortcuts.ringtones.so worst when compared with samsung phones .it doesnt had any browser.no speed dial .i became a ullooo by purchasing this phone. please go for samsung";""
"34562";"327";"130";"";"2014-10-30 08:41";"";"can Nokia 130 play FLV / MKV / 3GP / MP4 videos? anyone tried it yet? ";""
"34563";"327";"130";"";"2014-10-30 03:11";"rathod";"Yes its tru evn I bought this fone yesterday but its manufacturing is of August month and its battry back not so good as one basic fone shud b.";""
"34564";"327";"130";"";"2014-10-29 14:04";"misquitas";"Yes, the Nokia 130 can be charged with any microUSB charger or even with a USB cable from the PC.  The standby time of the Nokia 130 is great compared with Android phones. ";""
"34565";"327";"130";"";"2014-10-29 12:19";"Promocode";"I am looking to buy this phone as a Spare phone. Please let me know whether the battery work as promoted by company? Also is it possible to charge with USB charger like Samsung and other android phones?";""
"34566";"327";"130";"";"2014-10-28 19:06";"dany";"As a user for this model I can say that has a very poor audio (in call) quality. I had interruptions when receiving calls and also for the outgoing calls. In-ear sound also very low. Returned the phone after just 2 days. bad experience, not recommended.";""
"34567";"327";"130";"";"2014-10-28 18:23";"";"Just bcaz India reached Mars at cheap price doesnt mean that you will install Whatsapp or Temple Run on a phone which costs mere 1600. It is meant to be backup phone and you wont get anything better than this. This is the smallest basic phone(considering good companies only) and build quality is just awesome. It is very light (or may be i feel light because of my bulky smart phone) and I find the phone very sexy to use :) It has the old snake game and I love it. Typing is far better than previous nokia basic phones. This is the fist basic phone produced under Microsoft and improvement is quite visible. The call quality is also great and there is no voice leak issue as mentioned by previous immature users. The phone is quite fast to use except when moving from one SMS to another. Contrary to what a few of the reviewers told you can delete SMS as you wish means all at a time, selective SMS deletes etc.  If you are really looking for a basic phone then it will be a crime to go to any other phone. i m loving this phone :) ";""
"34568";"327";"130";"";"2014-10-28 17:12";"misquitas";"In fact, Snapdeal in India was selling the Dual SIM version of the Nokia 130 phone in Red, Black and White colour right from the first week of October. I bought the red coloured handset for Rs 1750 on Snapdeal two weeks ago.  If you don't believe me, I can even post the IMEI of the handset.  Regards. ";""
"34569";"327";"130";"";"2014-10-28 17:08";"misquitas";"The Nokia 130 Dual SIM version phone has been available for a few weeks now. I bought the phone in India about two weeks ago.  A great phone with the bare essential features for the price.";""
"34570";"327";"130";"";"2014-10-28 16:27";"just a guy";"Best phone EVER!";""
"34571";"327";"130";"";"2014-10-28 09:49";"Sri";"It's very interestinig to see the people over reacting, since this model released yesterday by official microsoft and Nokia, how come some one say i bought it 15 days back..Dont trust on these fake news.";""
"34572";"327";"130";"";"2014-10-28 08:38";"ramesh";"Its surprising to see that this mobile launched yesterday..... people say they bought 15 days back and it is good/bad.......Please use this form for genuinity...";""
"34573";"327";"130";"";"2014-10-28 06:53";"krish";"can we have to instal what's up in this phone";""
"34574";"327";"130";"";"2014-10-28 05:49";"naveen";"dont you have sense. giving 2 days battery backup is a big deal. use minimum common sense wen u r criticizing ";""
"34575";"327";"130";"";"2014-10-28 05:24";"Anand";"I'm interested to buy it. Are you getting 2 days backup now?? I'm wondered to hear that, it is carrying a 1020 mAh battery.";""
"34576";"327";"130";"";"2014-10-28 05:22";"Anand";"Its battery is 1020mAh. Can any user comment on real battery backup please. Is there any noise leakage through back side of phone.????";""
"34577";"327";"130";"";"2014-10-27 13:30";"Anonymous";"OK, I won't Bought this. ;)";""
"34578";"327";"130";"";"2014-10-25 02:41";"ankit";"I bought this phone 15 days ago Its battery backup is not very good only 2 days.so,who can bought this phone about its backup is good please not bought.";""
"34579";"327";"130";"";"2014-10-23 11:15";"Ranganath";"I ordered through snapdeal, mobile is weightless and its Normal standered sim only.";""
"34580";"327";"130";"";"2014-10-22 17:12";"lol";"seriously, you except whatsapp running in this type of phone? something is very wrong with you. I am sorry for that.";""
"34581";"327";"130";"";"2014-10-20 04:02";"Anonymous";"nope i don't think so, i think it will come by the end of october or november together with lumia 730 in the philippines";""
"34582";"327";"130";"";"2014-10-19 08:29";"";"Release in Philippines, Dec. 2014";""
"34583";"327";"130";"";"2014-10-18 09:28";"Anonymous";"im a dude, you wanna lick my red cherries? be my guest, you are more than welcome lol";""
"34584";"327";"130";"";"2014-10-18 03:17";"Anonymous";"You are wrong. It has a GPRS connection and you can send and receive MMS messages.";""
"34585";"327";"130";"";"2014-10-16 14:05";"Aks";"Yes will look Awsome with your Red Cherries aswell!!!!!!!!!!!!!!!!lol.";""
"34586";"327";"130";"";"2014-10-15 12:56";"Grant Larcom";"I LOVE this phone ";""
"34587";"327";"130";"";"2014-10-14 12:43";"adsdf";"GPRS not available...no mms...no email...";""
"34588";"327";"130";"";"2014-10-12 15:57";"Manu";"Is there a voice leakage problem in this phone from the back part of the phone?";""
"34589";"327";"130";"";"2014-10-11 13:16";"Anonymous";"Is that phone support WhatsApp ";""
"34590";"327";"130";"";"2014-10-11 13:14";"Anonymous";"Is that phone support WhatsApp ";""
"34591";"327";"130";"";"2014-10-11 06:02";"Reeta geethu....";"Some one tell me it sopport Bluetooth head set and Bluetooth speakers?";""
"34592";"327";"130";"";"2014-10-11 02:13";"Anonymous";"still no news when this would be release in the philippines? i've been dying to have this phone, the orange one would look nice to go with my orange slippers lol:D";""
"34593";"327";"130";"";"2014-10-10 18:06";"haro";"pls release it in the philippines.";""
"34594";"327";"130";"";"2014-10-10 17:49";"carl";"I had a nokia 130 phone on orange  ";""
"34595";"327";"130";"";"2014-10-10 05:42";"Anonymous";"Tried still not reading :(  Let me try with different cards.";""
"34596";"327";"130";"";"2014-10-10 05:41";"Anonymous";"Tried still not reading :(";""
"34597";"327";"130";"";"2014-10-09 20:48";"Gopu ";"Some body say me this mobiles sopport Bluetooth head set ? Some one tell me please";""
"34598";"327";"130";"";"2014-10-09 16:28";"";"go to music, then to options then to All Songs it will read SD Card";""
"34599";"327";"130";"";"2014-10-09 16:27";"";"Mine is reading 8GB SD card";""
"34600";"327";"130";"";"2014-10-09 10:54";"Sudhar";"Hi I just bought this phone. its really simple and superb.   but it does not read my 8gb microsd card..is there any way to sort it out?";""
"34601";"327";"130";"";"2014-10-08 09:17";"RJ Ab";"No Dear, It's really nice to use.";""
"34602";"327";"130";"";"2014-10-07 20:30";"Anonymous";"Is it use as MODEM? ";""
"34603";"327";"130";"";"2014-10-07 08:54";"Anonymous";"Still not available in the Philippines. :(";""
"34604";"327";"130";"";"2014-10-07 05:34";"Anonymous";"This is not smart phone";""
"34605";"327";"130";"";"2014-10-06 22:46";"Rana Anas";"It means 36 Days standby time";""
"34606";"327";"130";"";"2014-10-05 17:10";"Anonymous";"worst phone. no multi phone book. no convertor. no spreadsheet. worst phone. less options for wallpapers and ring tones. navigation key setting not available. only one game. no stop watch. wasted money for buying.";""
"34607";"327";"130";"";"2014-10-05 09:04";"";"bluetooth is present";""
"34608";"327";"130";"";"2014-10-05 09:04";"";"best basic phone with bluetooth, music n video player ,long battery life, dual sim, torch, pretty looks";""
"34609";"327";"130";"";"2014-10-02 16:44";"Salmonella";"Still not available in Phillipines :(";""
"34610";"327";"130";"";"2014-10-02 13:43";"zubi";"wts about internet..how to use ..have browser?plzz tell me ";""
"34611";"327";"130";"";"2014-10-02 10:08";"Anonymous";"no bluetooth";""
"34612";"327";"130";"";"2014-10-01 14:40";"jack";"Excellent build Quality, no Voice Breakage which is happens to previous make, excellent call quality, it runs video on 3gp and Avi format, good battery backup and useful led torch enough to see in dark. white colour is beautiful. speaker quality is decent. overall its a good package from nokia(microsoft)";""
"34613";"327";"130";"";"2014-09-30 11:52";"Anonymous";"all that i want in a mobile phone!!! ";""
"34614";"327";"130";"";"2014-09-29 15:12";"13k";"review this phone GSMARENA pls. ";""
"34615";"327";"130";"";"2014-09-29 09:30";"sheery";"i like this mobile . very smart phon 130";""
"34616";"327";"130";"";"2014-09-28 15:31";"itsninahere";"Hi can some one can tell if this phone has a voice leakage during a call? thanks";""
"34617";"327";"130";"";"2014-09-26 18:06";"";"Is this mobile Java compatible or not like can we install any java app (like Facebook for java, or any others java app) in this mobile ?";""
"34618";"327";"130";"";"2014-09-26 17:22";"Anonymous";"kakakaka";""
"34619";"327";"130";"";"2014-09-26 08:28";"ankush";"Awsome phone number superb battery backup n music quality awsome best of nokia";""
"34620";"327";"130";"";"2014-09-25 01:27";"maverick";"it has Same voice leakage problem as wid all Nokia budget phones..i hate it.i was really looking frward to buy this model..but now i wont.better to look for samsung metro 312!";""
"34621";"327";"130";"";"2014-09-22 05:38";"zahir";"does it leak sound during call from rear speaker??";""
"34622";"327";"130";"";"2014-09-22 05:36";"Anonymous";"can anybody say how is the call quality of this phone? does the rear speaker leaks sound during voice call??";""
"34623";"327";"130";"";"2014-09-21 08:22";"yen";"How many msgs can be stored in inbox ,outbox? ";""
"34624";"327";"130";"";"2014-09-20 20:21";"Ahsan";"I love this phone. It has a long battery time and great video and pictures result. Nice Look and overall very easy to use. I love the little message displays on the wallpaper and large memory card allows for large file storage through bluetooth also. Overall a very good effort from Nokia....Love it :) ";""
"34625";"327";"130";"";"2014-09-20 09:29";"faisal";"I buy this phone last night  it have very strong battery and  it have supper features  Actually I have note 3  and I just want a hand set in low price  this is amazing in amazing price   and it didn't support what's aap";""
"34626";"327";"130";"";"2014-09-20 08:47";"arun";"what is mean to 864h............";""
"34627";"327";"130";"";"2014-09-20 01:47";"Aadrian";"Nokia connecting people, Microsoft is disconnecting them again.";""
"34628";"327";"130";"";"2014-09-20 00:00";"yen";"C'mon make candy bar phones for business that can store msgs for 1,000 msgs.";""
"34629";"327";"130";"";"2014-09-19 18:41";"Salmonella";"Anyone who had it already?";""
"34630";"327";"130";"";"2014-09-19 06:59";"Sam";"Does it support Whatsapp?";""
"34631";"327";"130";"";"2014-09-18 12:24";"sam";"What are the built in games of this phone ?";""
"34632";"327";"130";"";"2014-09-17 01:14";"13k";"Does any one alredy got this phone.";""
"34633";"327";"130";"";"2014-09-15 19:52";"Taz";" bad sar 1.28 ! ";""
"34634";"327";"130";"";"2014-09-15 15:59";"13k";"Samsung Guru Music 2---- they say the phone will be for the price of 20";""
"34635";"327";"130";"";"2014-09-15 14:53";"lol";"Sad but true!! ppl want more more more. They had it right in 2009.";""
"34636";"327";"130";"";"2014-09-15 14:50";"IloveCandy";"Well said..Microsoft may listen to us!!! not everyone wants smart phones, Let them know.";""
"34637";"327";"130";"";"2014-09-15 08:37";"";"It is truly a shame that authentic Nokia models like these will vanish from the planet, since Microsoft unintentionally manage to get the information leaking out that the are seriously going to remove the Nokia brand name from there future products (as it already has been done with some new Lumia models). Microsoft has never succeeded in the mobile phone market (phones with Windows CE, then phones with Microsoft Mobile and now Windows Phone or whatever they call it), all of it went down the drain, and now they do the same with worlds most known brand, Nokia. Seriously a shame. I am a huge Nokia fan for at least 23 years, starting out with my first Nokia 5110 when is was just 15 years old. I will try to get my hands on any remaining Nokia branded phone, including cheap models like this one to be added to my Nokia collection :-). For me it's Nokia now and it will be forever. Nokia Connecting People.";""
"34638";"327";"130";"";"2014-09-14 11:05";"Mario";"Can you tell me which is the new samsung phone model? Regards";""
"34639";"327";"130";"";"2014-09-13 14:46";"13k";"So long to launch this Nokia 130, should be as early as possible. Next month sansung will be available with bether sepecifications than this 1. why Nokia anounces the phone and takes more than 4 months to put this on the market.";""
"34640";"327";"130";"";"2014-09-13 12:21";"no name";"SAR is 1.28";""
"34641";"327";"130";"";"2014-09-12 17:13";"no name";"SAR on this phone is 1.28";""
"34642";"327";"130";"";"2014-09-09 19:37";"abdul majeed";"Please launch Nokia 130 as early as possible.";""
"34643";"327";"130";"";"2014-09-08 11:55";"Ismail";"Which date the phone will release...........? ";""
"34644";"327";"130";"";"2014-09-05 17:31";"Bobby";"I agree too, hope Microsoft will continue making feature phones as well as really a lot of people use them. I know a lot of serious grown-up people who prefer feature phones as they don't play games and don't use apps, they just need to talk, write a message or shoot a photo, so these basic phones are needed.";""
"34645";"327";"130";"";"2014-09-05 17:27";"Bobby";"Because this is Microsoft, not Nokia. Microsoft bought Nokia and ruined its old fame";""
"34646";"327";"130";"";"2014-09-04 11:54";"Anonymous";"what is SAR value?";""
"34647";"327";"130";"";"2014-09-02 23:36";"Super man";"News of 2050: Nokia launches it's new model named Nokia Superphone with 450 mega pixel camera, 6'' screen, 10000 TB memory, 4 card slots, body scanner, in built washing maching, TV, fridge....:)";""
"34648";"327";"130";"";"2014-09-02 09:38";"Riyaz";"I m very impressed to hear for battery back up. If sound quality no upto the mark than we'll depress for that. How could we confirm about sound quality. Most of low price set sound quality is bad. thus pls let us know the sound quality of this set. ";""
"34649";"327";"130";"";"2014-09-01 16:05";"edyy";"sar value?";""
"34650";"327";"130";"";"2014-08-31 18:36";"";"Nokia 130 support GPRS ?  Please confirm  I think no.  it's same nokia 101 Call Messaging & Torch";""
"34651";"327";"130";"";"2014-08-30 13:31";"prada";"What happened to the stylish designs of nokia years ago??? This no longer nokia!!! I hate this. I love nokia but this not nokia anymore :(";""
"34652";"327";"130";"";"2014-08-26 11:52";"manu";"I think not. Because the loudspeaker is located on the back lower part of the phone";""
"34653";"327";"130";"";"2014-08-26 08:52";"";"it does mention gprs..so it should be able to connect to the internet using browser right?";""
"34654";"327";"130";"";"2014-08-26 01:34";"NOK";"Asha 311";""
"34655";"327";"130";"";"2014-08-25 13:16";"thecount";"limiting SMS storage on phones with hardware keypads is utterly nonsense. ";""
"34656";"327";"130";"";"2014-08-24 06:35";"";"suggest me a phone with internet and whatsapp support and without camera";""
"34657";"327";"130";"";"2014-08-23 17:26";"";"I don't think it's able";""
"34658";"327";"130";"";"2014-08-23 13:55";"";"does whatsapp support on this phone?";""
"34659";"327";"130";"";"2014-08-23 13:23";"john";"does this phone support whatsapp?";""
"34660";"327";"130";"";"2014-08-22 23:25";"Anonymous";"why this phone is the good one? * good battery * mircoUSB charger(at last!!) * flashlight! * bluetooth support * simple design * cheap!!  you won't find phone with these basic options at this price, period.";""
"34661";"327";"130";"";"2014-08-21 18:49";"";"Nokia 130 released ?? I am expecting a basic phone of this sort . when is it coming to india ??";""
"34662";"327";"130";"";"2014-08-21 14:25";"Paul";"A good basic phone today must have: -Quad Band GSM -Large Keypad -Large or comfortable sliding keyboard for easy texting -Screen size of 3.0 with a decent resolution  Microsoft: You have the best smartphone today  which is Nokia 1520. Please make the best basic  phone now! ";""
"34663";"327";"130";"";"2014-08-21 09:37";"Anonymous";"WTF?!!! Are you out of your mind? It's not a smart phone, neither an Andriod phone so don't expect that it will support whatapps or whatever f*cking apps! ";""
"34664";"327";"130";"";"2014-08-21 09:37";"Anonymous";"Well said.";""
"34665";"327";"130";"";"2014-08-21 08:48";"";"If this thing had even the most basic camera I think I could honestly ditch Smartphones altogether. If we want to be as honest as possible there are really only 4 things we all really 'need' to do:  1) make calls 2) send and receive texts 3) check the time 4) take photos in emergency situations  I would want a camera just in case, say, a robbery was taking place and I could snap a picture of the perpetrator as he fled the scene, or if there was a motor accident and I needed it for insurance reasons.  Or if aliens invaded tomorrow. Seems like it would be pretty important.";""
"34666";"327";"130";"";"2014-08-20 10:28";"imran";"It does not support whatsapp or any other app";""
"34667";"327";"130";"";"2014-08-20 08:30";"";"this mobile nokia 130 does not support call recording, and there is no voice recorder in this set....  i think its not possible to record calls and save in phone memory or memory card in this mobile. otherwise it is very good mobile for calling / texting with good battery time.";""

