"36588";"340";"220";"";"2015-01-21 07:01";"Download image";"Download image?";""
"36589";"340";"220";"";"2015-01-20 20:59";"Anonymous";"Doest this phone support Sat Nav?";""
"36590";"340";"220";"";"2015-01-20 19:02";"Anonymous";"I can't paire my 220 to audio device         ";""
"36591";"340";"220";"";"2015-01-19 11:36";"Anonymous";"This is supposed to do what";""
"36592";"340";"220";"";"2015-01-19 11:31";"Anonymous";"U mean that phone is not supposed anything?";""
"36593";"340";"220";"";"2015-01-19 11:28";"Anonymous";"My phone have a virase help me what i must do";""
"36594";"340";"220";"";"2015-01-19 02:35";"Satyajit";"It is a very very bad phone in the world because this mobile was not support any download apps.";""
"36595";"340";"220";"";"2015-01-18 12:58";"ABIR";"can i use this phone whatsapp?";""
"36596";"340";"220";"";"2015-01-18 02:35";"Punia";"Why i don't download any image";""
"36597";"340";"220";"";"2015-01-18 01:09";"Anonymous";"Please go to SEttings->Display settings-> Notifications Make notification setting ON When notification setting are ON , whenever "Feedback to Nokia "message comes , There will be ignore option right hand side key U can ignore it and it will never come again";""
"36598";"340";"220";"";"2015-01-17 03:09";"Anonymous";"How to download whatsapp ";""
"36599";"340";"220";"";"2015-01-16 17:42";"Emon";"I buy a nokia220.its internet browsar not work. When i tri to open this app, it show a message CAN'T OPEN THISE APP AT THE MOMENT.how to solve thise problem?";""
"36600";"340";"220";"";"2015-01-16 16:49";"Anonymous";"Upper key for light (double press it)";""
"36601";"340";"220";"";"2015-01-15 13:33";"M";"Sound quality is not good ";""
"36602";"340";"220";"";"2015-01-15 11:10";"Dave";"The Nokia 220 is a basic entry level phone with value for money features considering this phone is dirt cheap. Don't expect a Mercedes Benz when you have only paid for a Fiat UNO roflmao. This phone costs less than paying for a Lap Dance LOL";""
"36603";"340";"220";"";"2015-01-15 10:51";"Dave";"1. Click Menu  2. Click Music  3. Click Music player  4. Scroll left or right to MP3 you want that is on your memory card  5. Click Options 6. Scroll down to Use as Ringtone 7. Click Set as ringtone";""
"36604";"340";"220";"";"2015-01-15 10:18";"Anonymous";"inbox, outbox & Draft Massages & Sent Massages are mixed.  This function is bed. very bad.";""
"36605";"340";"220";"";"2015-01-14 19:35";"abu";"how to set caller rington it dosnont any option. pls anybody tell....";""
"36606";"340";"220";"";"2015-01-14 07:52";"Baccha";"Moderately good";""
"36607";"340";"220";"";"2015-01-13 16:25";"Roni";"Nice";""
"36608";"340";"220";"";"2015-01-13 12:39";"bijo";"lumia 730 ";""
"36609";"340";"220";"";"2015-01-13 11:59";"Anonymous";"This is very beautiful phone";""
"36610";"340";"220";"";"2015-01-13 11:15";"Anonymous";"How 2 download opera mini";""
"36611";"340";"220";"";"2015-01-13 10:40";"Kamaraj";"Ithu many doesnot supported very vest ";""
"36612";"340";"220";"";"2015-01-12 16:59";"Ce";"Very..... Very ......... Bad";""
"36613";"340";"220";"";"2015-01-12 15:44";"johnny";"Want to buy Nokia, with flash-light, classic view. Which mark do you advice???";""
"36614";"340";"220";"";"2015-01-12 14:11";"Saikumar";"Very very bad phone in nokia it doesnnot support any apps and games very bad dont buy it";""
"36615";"340";"220";"";"2015-01-12 12:38";"kureshi gulam";"Whatsapp install ";""
"36616";"340";"220";"";"2015-01-12 05:48";"";"Whatsapp is new app. its new trenz. Nokia mobiles designed has passed earlier than manufacturing n than they manufactured. so its not supporting. But I have seen people in metro using same mobile n using whats app. .............If its not getting downloaded than download nimbuzz. its also a chat app and all your friends can download nimbuzz and be connected with you. Incase those who can't come online on nimbuzz that means they're not worth your friendshiop............ Think..........  Its just a apps n people not in nimbuzzz means they want to show u down as u cant afford whatsapp supporting mobile.see their thinking. ";""
"36617";"340";"220";"";"2015-01-12 01:41";"Rubbani";"This is a bad software. How can i download any apps?";""
"36618";"340";"220";"";"2015-01-11 17:40";"Suresh";"This is bad mobail and very very west mobail for nokia not soport any apps";""
"36619";"340";"220";"";"2015-01-11 11:57";"Sujan raj";"Donot suport any software . How i do it ?";""
"36620";"340";"220";"";"2015-01-11 09:04";"Mkateko";"Iwant to download whatsap";""
"36621";"340";"220";"";"2015-01-10 18:23";"Rusafie";"How's the call quality of this phone?";""
"36622";"340";"220";"";"2015-01-10 17:30";"Tanay";"How download whats app";""
"36623";"340";"220";"";"2015-01-10 16:41";"Shiv kumar";"What sap";""
"36624";"340";"220";"";"2015-01-10 09:55";"Parvej";"This phone not download games plz halp";""
"36625";"340";"220";"";"2015-01-10 06:59";"Anonymous";"Nice";""
"36626";"340";"220";"";"2015-01-10 06:02";"PINKU SAGAR";"Nokia 220";""
"36627";"340";"220";"";"2015-01-09 11:21";"";"intermediate cell phone, I was disappointed already purchased this felt like I slam this phone";""
"36628";"340";"220";"";"2015-01-09 08:16";"Akshay";"How to download the whatsap & games for nokia 220 plz tel.";""
"36629";"340";"220";"";"2015-01-09 06:13";"Anonymous";"the one thing that i really HATE about this phone is that it shows part of your new text message.";""
"36630";"340";"220";"";"2015-01-09 06:05";"Anonymous";"yes.. i think this is the 1st nokia model that show part of your new text messages..";""
"36631";"340";"220";"";"2015-01-08 18:12";"Man.b";"I can't install any software like mxit and whatsapp";""
"36632";"340";"220";"";"2015-01-08 14:54";"Naveen";"Whatsapp download";""
"36633";"340";"220";"";"2015-01-08 05:13";"Kohli";"This phon is very Bad. this phone's software change. What do change the nokia 220. Software..?";""
"36634";"340";"220";"";"2015-01-07 11:42";"Anonymous";"I have a problem when i try 2 download whatsup on my nokia 220";""
"36635";"340";"220";"";"2015-01-06 16:06";"Anonymous";"its a bad phone from nokia ";""
"36636";"340";"220";"";"2015-01-06 14:43";"Nokia 220";"Whatsaap download";""
"36637";"340";"220";"";"2015-01-06 12:22";"Rj";"Nokia 220 whatsaap or fb dawonload";""
"36638";"340";"220";"";"2015-01-06 11:28";"Anonymous";"Nokia 220 whatsapps downlond";""
"36639";"340";"220";"";"2015-01-06 06:42";"Anonymous";"I like this comment....";""
"36640";"340";"220";"";"2015-01-05 19:44";"gamal";"i have the same problem :( ";""
"36641";"340";"220";"";"2015-01-05 19:16";"Anonymous";"Does Whatsapp support in nokia 220";""
"36642";"340";"220";"";"2015-01-05 16:22";"Kalyan";"I cant use any apps. Why?";""
"36643";"340";"220";"";"2015-01-05 11:24";"Anonymous";"Nokia 220";""
"36644";"340";"220";"";"2015-01-04 23:59";"Paianni";"So many people here who don't know how to download Whatsapp. -_-  Just go to whatsapp.com/dl in your phone's browser and it will work.";""
"36645";"340";"220";"";"2015-01-04 22:48";"Anonymous";"Is this phone supports whatsapp";""
"36646";"340";"220";"";"2015-01-04 22:37";"Anonymous";"It does download using vxp for file,i use it n im happy.although i hvnt gt whtsap yt";""
"36647";"340";"220";"";"2015-01-04 02:30";"Anonymous";"Worst phone of nokia, cant download any apps, camera not good, profile volume get low on opening any game, something no option to open interner service message. Pls do not purchase this phone. ";""
"36648";"340";"220";"";"2015-01-03 23:18";"ram";"its a good phone for normal use ";""
"36649";"340";"220";"";"2015-01-03 16:11";"Puitei";"Whatsapp";""
"36650";"340";"220";"";"2015-01-03 15:25";"Anonymous";"My nokia 220 has a problem whattsap is nt found and my phone dont want to install the whattsap";""
"36651";"340";"220";"";"2015-01-03 15:06";"sege";"How do I access text messages recieved after a while. I discovered that after recieving a message, it disappears as more messages comes in. No provision for 'Inbox' 'outbox' and other messaging folders in this phone as we have in others. Pls help me, hence I shall aunction the phone.";""
"36652";"340";"220";"";"2015-01-03 14:27";"a4akash";"search in Nokia ovi application.";""
"36653";"340";"220";"";"2015-01-03 12:45";"";"nokia 220 having nice camera according to the price of mobile.not having zoom facility,installing game and application.over all useless mobile. ";""
"36654";"340";"220";"";"2015-01-03 10:42";"Anonymous";"Nokia 220 facebook and internet image download what idea?";""
"36655";"340";"220";"";"2015-01-03 05:38";"Pradeep";"How to dwnld whatssapp";""
"36656";"340";"220";"";"2015-01-03 04:07";"Chiku";"What a bad phone don't suport game and application.";""
"36657";"340";"220";"";"2015-01-03 04:05";"Chiku";"It is bad phone not game download and no image editor etc.";""
"36658";"340";"220";"";"2015-01-02 16:02";"Anonymous";"Whatsapp.vxp";""
"36659";"340";"220";"";"2015-01-02 14:40";"Jeet";"Whatshapp";""
"36660";"340";"220";"";"2015-01-02 13:51";"aravina ";"whatsup support pannuma ";""
"36661";"340";"220";"";"2015-01-02 13:35";"Anonymous";"Is that Mobile is good ";""
"36662";"340";"220";"";"2015-01-02 11:44";"Guru";"How do i open a yahoo account for nokia 220?please help me!!!";""
"36663";"340";"220";"";"2015-01-02 09:51";"Naveen";"Very nice mobile, games download ";""
"36664";"340";"220";"";"2015-01-02 08:36";"Abhijith vm";"What a blody stupid phone? didn'nt support games and apps";""
"36665";"340";"220";"";"2015-01-02 07:47";"Sjh";"Watsap do not work ";""
"36666";"340";"220";"";"2015-01-01 19:23";"Anonymous";"what the hell have u made this phone for if it can suppnt game and app";""
"36667";"340";"220";"";"2015-01-01 09:00";"Ram kashayp";"Save";""
"36668";"340";"220";"";"2014-12-31 18:38";"Rahul";"Is vary good phon";""
"36669";"340";"220";"";"2014-12-31 16:32";"Kalpana";"How to download the image in nokia 220";""
"36670";"340";"220";"";"2014-12-31 10:58";"Arun aruf";"Plz realize the this phone model #whatsapp";""
"36671";"340";"220";"";"2014-12-31 09:56";"Kamal";"Games and apps cannot dawnload. why?";""
"36672";"340";"220";"";"2014-12-31 08:54";"M.rock";"Is phne mein don't suport";""
"36673";"340";"220";"";"2014-12-31 08:03";"Manab kumar";"I cannot support any app & game";""
"36674";"340";"220";"";"2014-12-31 07:51";"NIHAR.KHAN1993";"hello plez tell how i download whatsapp in nokia 220 ???";""
"36675";"340";"220";"";"2014-12-30 15:19";"Prathima";"I want whatsapp plz tell me how to download in nokia 220";""
"36676";"340";"220";"";"2014-12-30 13:15";"Anonymous";"Whatsup downlod";""
"36677";"340";"220";"";"2014-12-30 13:11";"220";"220";""
"36678";"340";"220";"";"2014-12-30 12:00";"Thala";"Opera mini vxp format support for this phone";""
"36679";"340";"220";"";"2014-12-30 10:31";"Roshan kumar";"I want to download games";""
"36680";"340";"220";"";"2014-12-30 05:24";"Angrej";"Youtube no opan";""
"36681";"340";"220";"";"2014-12-29 21:05";"Pradip";"This is bullsit types of phone.it made my life hell.even now the upper square round button is not working.";""
"36682";"340";"220";"";"2014-12-29 14:53";"Vman";"Nothing to download to this phone plz help";""
"36683";"340";"220";"";"2014-12-29 13:17";"khurram";"Nokia 220  ";""
"36684";"340";"220";"";"2014-12-29 13:09";"Sumanth kumar.R.";"How to download games for nokia 220";""
"36685";"340";"220";"";"2014-12-29 08:15";"Devraj engti";"This mobile does not support downloaded apps like opera mini,uc browser etc and games";""
"36686";"340";"220";"";"2014-12-28 22:06";"Anonymous";"WhatsApp";""
"36687";"340";"220";"";"2014-12-28 15:13";"Nav";"How to downlod apps &watsapp";""
"36688";"340";"220";"";"2014-12-28 11:44";"Africa";"How do i download whatsapp&games with my 220.plz help?";""
"36689";"340";"220";"";"2014-12-27 18:56";"imu";"this mobile does not support a MP4 format and camera quality is low ";""
"36690";"340";"220";"";"2014-12-27 17:20";"Amarnath.r";"Download for whatsapp nokia store pls app download";""
"36691";"340";"220";"";"2014-12-27 16:03";"Anonymous";"It show me this file cant opened at the moment help me";""
"36692";"340";"220";"";"2014-12-27 04:34";"Akash giri";"Any other apps can't be run in this phone";""
"36693";"340";"220";"";"2014-12-27 02:06";"Sharry";"My nokia 220 not downloading games app and whatsapp pls help me";""
"36694";"340";"220";"";"2014-12-26 18:11";"zankha";"I can't open web application on my nokia 220. Why?";""
"36695";"340";"220";"";"2014-12-26 17:10";"Sumit";"Game";""
"36696";"340";"220";"";"2014-12-26 11:29";"Anonymous";"Terrible display. Ringtones sound crappy. Trying to return the phone on this very instatnt.";""
"36697";"340";"220";"";"2014-12-26 07:11";"vk";"please someone tell me does this phone show received messages partly even if the keypad is security locked?????";""
"36698";"340";"220";"";"2014-12-26 06:00";"Mohanan";"No downlod";""
"36699";"340";"220";"";"2014-12-26 05:55";"Anonymous";"My nokia 220 is osam";""
"36700";"340";"220";"";"2014-12-26 05:03";"Velan";"This mobile nothing not support apps and games ";""
"36701";"340";"220";"";"2014-12-26 04:49";"vk";"does this phone support smileys?";""
"36702";"340";"220";"";"2014-12-26 03:54";"sai";"in which way you are saying it is good such a worst mobile";""
"36703";"340";"220";"";"2014-12-25 19:21";"Sri harsha";"How can i download apps... A bloody micosoft officer";""
"36704";"340";"220";"";"2014-12-25 12:46";"anand";"how to download whats app for the 220";""
"36705";"340";"220";"";"2014-12-25 09:27";"sai";"it cannot zoom a captured photo such a waste phone i ever had";""
"36706";"340";"220";"";"2014-12-25 06:59";"Sagar";"World's bad phone";""
"36707";"340";"220";"";"2014-12-25 06:12";"achu vignesh";"can i install whats up app";""
"36708";"340";"220";"";"2014-12-25 03:15";"Mani";"Hw to dwnld whtsapp";""
"36709";"340";"220";"";"2014-12-24 09:27";"deepi";"hey can any 1 plz tell me about the call logs of this hsndset..my mom doesn't know how to see missed calls so she always use left calling key to see missed calls..plz any1 tell me that whether its left key shows all logs or only recieved or dialled calls... plz help me..";""
"36710";"340";"220";"";"2014-12-23 18:43";"Yash verma";"Uc browcer not ";""
"36711";"340";"220";"";"2014-12-23 15:16";"Tanay";"How can i download whats app";""
"36712";"340";"220";"";"2014-12-23 08:28";"Sow";"Good one";""
"36713";"340";"220";"";"2014-12-23 03:39";"Jack";"How download watch app";""
"36714";"340";"220";"";"2014-12-22 19:15";"Ram";"Games and apps";""
"36715";"340";"220";"";"2014-12-22 16:06";"Jinu";"Good";""
"36716";"340";"220";"";"2014-12-22 15:12";"Copeman";"How can i download";""
"36717";"340";"220";"";"2014-12-22 14:35";"Aj";"Bro How ?";""
"36718";"340";"220";"";"2014-12-22 08:51";"B";"How did u dowanload whatsup";""
"36719";"340";"220";"";"2014-12-22 08:26";"CHINNNI";"can not good for browsing ";""
"36720";"340";"220";"";"2014-12-21 18:23";"S";"I am having problem in opening setting messages";""
"36721";"340";"220";"";"2014-12-21 16:19";"Anonymous";"How can i download any apps";""
"36722";"340";"220";"";"2014-12-21 12:13";"Nani";"How to downlod images nokia xpress 220";""
"36723";"340";"220";"";"2014-12-20 21:00";"Anonymous";"Now u have given everything except edge. Had u have given it it would have been a hit. After going into details of this model this lack stops of from buying it.";""
"36724";"340";"220";"";"2014-12-20 20:18";"Anonymous";"What can i downlod any applications";""
"36725";"340";"220";"";"2014-12-20 16:25";"Anonymous";"How can we download whatsapp. In 220";""
"36726";"340";"220";"";"2014-12-20 15:05";"Sunil";"Nokia220 is a good phone but he is not best phone my score is 4";""
"36727";"340";"220";"";"2014-12-20 14:07";"Anonymous";"Sms nokia feedback sent problume also show again ";""
"36728";"340";"220";"";"2014-12-20 12:34";"Anonymous";"Can download whatsapp";""
"36729";"340";"220";"";"2014-12-20 11:59";"Anonymous";"Java is not there. whats app is not there.";""
"36730";"340";"220";"";"2014-12-20 11:35";"Storya";"No no i am try to your openion but it is not download games or apps";""
"36731";"340";"220";"";"2014-12-20 08:44";"Anonymous";"In this phone vxp. software is used , it is a pure china mobile software . Why microsoft ignored the symbian software , symbian sftware increased the nokia brand value in basic phones , vxp software is tooo waste sftware , this sftwre available in CELKON & KARBONN basic phones at 1000 rupees range , but this phone is at 2700 rupees , by the cause of releasing of this type of mobiles nokia brand getting suicide in indian market ";""
"36732";"340";"220";"";"2014-12-20 07:59";"TYSON";"how to update the this phone softwear";""
"36733";"340";"220";"";"2014-12-20 03:24";"Happy";"How it is support whatsapp,are u?";""
"36734";"340";"220";"";"2014-12-20 02:20";"murali mohan";"this mobile how to open : nokia exp : browser ";""
"36735";"340";"220";"";"2014-12-19 15:47";"Sunil Verma";"Brother this phone does not support java.,.. I also repent to buy this phone..... Please tell everybody Don't buy this phone.......................,";""
"36736";"340";"220";"";"2014-12-19 09:20";"Anonymous";"How can i download games from this mobile?i would like to know how to download games!";""
"36737";"340";"220";"";"2014-12-19 06:50";"Anonymous";"Donlod apps";""
"36738";"340";"220";"";"2014-12-19 00:20";"Aj";"How did u downloaded whatsapp";""
"36739";"340";"220";"";"2014-12-18 13:52";"Anonymous";"Cnt download";""
"36740";"340";"220";"";"2014-12-18 13:02";"Diaz Albani";"Why i can't download an aplication? And why i can't buy Assassins Creed game?";""
"36741";"340";"220";"";"2014-12-18 11:58";"Anonymous";"What should i search to download games";""
"36742";"340";"220";"";"2014-12-18 08:46";"Shruthi";"Yes it supports";""
"36743";"340";"220";"";"2014-12-18 06:27";"Skpp";"How to remove the Game Folder options..Plz. anyone tell me.";""
"36744";"340";"220";"";"2014-12-18 06:25";"Skpp";"How to remove the Game Folder options..Plz. anyone tell me.";""
"36745";"340";"220";"";"2014-12-17 20:18";"Ajay";"WhatsApp not downloud my nokia 220 . Why";""
"36746";"340";"220";"";"2014-12-17 17:08";"Bittu kr bty";"I like it";""
"36747";"340";"220";"";"2014-12-17 11:20";"Anonymous";"songs are played at low volume  profile volume automatically decreases on starting any game. not a good phone";""
"36748";"340";"220";"";"2014-12-17 10:32";"Anonymous";"Images and games not donlowd what cen i do";""
"36749";"340";"220";"";"2014-12-17 10:28";"Basha";"Images";""
"36750";"340";"220";"";"2014-12-16 22:34";"Whats App nokia 220";"Whats App nokia 220";""
"36751";"340";"220";"";"2014-12-16 17:15";"AA";"I want to install operative system s60, is it possible to flash ( s60 ) in to this phone. The new nokia operativesystem is horrrible.";""
"36752";"340";"220";"";"2014-12-16 14:00";"EMION";"Try to Format or Update phone.";""
"36753";"340";"220";"";"2014-12-16 10:38";"Bittu kr basumatary";"Operamini";""
"36754";"340";"220";"";"2014-12-16 03:10";"ratish ranjan ";"Yes bro ";""
"36755";"340";"220";"";"2014-12-14 21:54";"Matej";"I bought this phone today. Satisfied, but only thing disapointed me - I can not open Nokia XPress browser. When I click on it, it launch message "can not open this application now". I don´t know what to do. I´m using phone only with one SIM, maybe this is problem. Could someone help me?";""
"36756";"340";"220";"";"2014-12-14 19:18";"Liz";"Its stupid,i hate it,it cant download 2go or any oda social network ";""
"36757";"340";"220";"";"2014-12-14 18:08";"R. Sampath kumar";"No";""
"36758";"340";"220";"";"2014-12-14 15:50";"Anonymous";"Opermini";""
"36759";"340";"220";"";"2014-12-14 07:14";"Anonymous";"News hunt and google maps are supported or not ?";""
"36760";"340";"220";"";"2014-12-13 18:18";"Anonymous";"Yes..! It supports call conference ";""
"36761";"340";"220";"";"2014-12-13 12:29";"sourav banerjee";"plz tell,, does it support conference call ???";""
"36762";"340";"220";"";"2014-12-13 12:27";"sourav banerjee";"does it support conference call. then iam going to buy it today... plz tell me anyone ";""
"36763";"340";"220";"";"2014-12-13 09:26";"Rohit khan";"My mobile nokia 220 Xpers browser does not support can't open this app at the moment.what i do you";""
"36764";"340";"220";"";"2014-12-13 09:03";"Ashutosh";"Hello. I am aman pandey ,u can easily download gameloft games to this phone to download search gameloft live games app.vxp on opera mini and download this app and download games from this app";""
"36765";"340";"220";"";"2014-12-12 17:47";"Ibran";"Not games support this mobile";""
"36766";"340";"220";"";"2014-12-12 16:12";"dmeneeen";"No.";""
"36767";"340";"220";"";"2014-12-12 13:03";"Corlie van aswegen ";"does this phone support whats app yes or no????  ";""

