"42471";"378";"Asha 308";"";"2015-01-06 10:27";"Anonymous";"This is a good phone with all social network apps but it is a low class mobile please don't buy this. I am very much stuggled with it.";""
"42472";"378";"Asha 308";"";"2015-01-06 10:27";"Anonymous";"This is a good phone with all social network apps but it is a low class mobile please don't buy this. I am very much stuggled with it.";""
"42473";"378";"Asha 308";"";"2015-01-03 19:33";"GOGO";"good3 ";""
"42474";"378";"Asha 308";"";"2015-01-03 19:22";"GOGO";"good looking golden tuch ";""
"42475";"378";"Asha 308";"";"2015-01-02 12:13";"KAILASH MANDAL";"nokia asha 308 can support wattsup application please confirm";""
"42476";"378";"Asha 308";"";"2014-12-25 04:54";"Sonu bishnoi";"nokia asha 308 is nice but sometime it experience hanging (software related )problem";""
"42477";"378";"Asha 308";"";"2014-11-30 11:39";"Madhu";"Nice but not too good. With my experience photo clarity is not good and also video.There also a Software problems too. ";""
"42478";"378";"Asha 308";"";"2014-11-28 15:26";"Kantotan";"The asha is good yeah yea";""
"42479";"378";"Asha 308";"";"2014-11-13 15:50";"Anonymous";"Yes ";""
"42480";"378";"Asha 308";"";"2014-11-04 14:27";"Anonymous";"whats app support";""
"42481";"378";"Asha 308";"";"2014-11-04 09:15";"Siva";"Its been 2 years now. I bought it for 4800. When compared today the price may appear higher. But it is value for money. Touch wood i have never visited Nokia Care till today. I use whats app, I use internet occasionally, I use FB occasionally.  Good phone. Not sure if this sort of phone wll be available again.";""
"42482";"378";"Asha 308";"";"2014-11-01 10:07";"Mitala";"Can it support whatsap?";""
"42483";"378";"Asha 308";"";"2014-10-26 12:58";"nayan";"it's a low class mobile... Don't buy it....";""
"42484";"378";"Asha 308";"";"2014-10-24 09:19";"Jagat";"Is Nonia Asha 308 is an android phone?";""
"42485";"378";"Asha 308";"";"2014-10-20 07:15";"Patu";"Yes whatsapp is supported in this phone. You should download it through ovi store";""
"42486";"378";"Asha 308";"";"2014-09-24 11:21";"MKESH";"I am using Nokia asha 308 its low class phone, it can not attached with wi-fi instead class mobile phone have better features, Nokia asha 308 is total a third class mobile phone";""
"42487";"378";"Asha 308";"";"2014-09-20 23:20";"619";"use setting option";""
"42488";"378";"Asha 308";"";"2014-08-26 16:02";"Anonymous";"No i am using google maps with street view in asha308";""
"42489";"378";"Asha 308";"";"2014-08-26 16:02";"Anonymous";"No i am using google maps with street view in asha308";""
"42490";"378";"Asha 308";"";"2014-08-24 07:20";"everest";"WhatsApp supported ";""
"42491";"378";"Asha 308";"";"2014-08-22 06:42";"Satish";"Works Bro All Application Works in This phone";""
"42492";"378";"Asha 308";"";"2014-08-22 06:33";"Satish";"Whats Up Works In This Phone And V- chat And Line and Hike Also Works In This Phone ";""
"42493";"378";"Asha 308";"";"2014-08-20 10:55";"MAYUR";"whatsapp is supported ? yes or no. my mobile purchased in may 2013.";""
"42494";"378";"Asha 308";"";"2014-08-13 18:08";"jamshoo";"Srry brow.. tht feature not availble in ue hanndset";""
"42495";"378";"Asha 308";"";"2014-08-08 20:52";"AASTHA";"plz guyzz let me know how to create password in msgs & files in my nokia asha308 ph. plzz guys its a humble request...";""
"42496";"378";"Asha 308";"";"2014-08-08 17:06";"Poundz";"Read the manual, plse";""
"42497";"378";"Asha 308";"";"2014-08-05 14:47";"rishank";"I just actually want to know how is nokia asha 308 and in which colors is it available ???";""
"42498";"378";"Asha 308";"";"2014-07-28 21:17";"Mayur";"It's doesn't gives a updates like android......";""
"42499";"378";"Asha 308";"";"2014-07-23 00:30";"Anonymous";"Good service but sometime heng...";""
"42500";"378";"Asha 308";"";"2014-07-20 11:00";"Anonymous";"Whats app not download my asha 308 mobile";""
"42501";"378";"Asha 308";"";"2014-07-11 11:17";"sakthi";"wate of money nothing useful, just like ordinary java phone with touch screen for this price we can take a better android mobile in micromax, and other phones waste of my money";""
"42502";"378";"Asha 308";"";"2014-07-08 11:32";"Anonymous";"Hi... You can transfer downloaded applications to memory card to make faster operation & to make phone memory become free. ";""
"42503";"378";"Asha 308";"";"2014-07-07 18:33";"Gks";"It doesnt supprt skype n instead of this phn u go for asha 311 n if u wnt skype thn go for windows phone or an android. Asha series doesnt support skype.";""
"42504";"378";"Asha 308";"";"2014-07-07 18:28";"Gks";"Asha308 has inbuilt map app & it's not an android so it'll not supprt google maps.";""
"42505";"378";"Asha 308";"";"2014-06-25 14:11";"Anonymous";"My phone memory full and how delet apps?";""
"42506";"378";"Asha 308";"";"2014-06-19 17:18";"Pawan Uniyal";"This is very best phone but this is hang";""
"42507";"378";"Asha 308";"";"2014-06-19 13:10";"tom";"A very bad experience with this nokia asha 308..  emergency ...you want to make a call.. you take it and found its hanged.. and not going to on before 15 minutes... and right now its hanged on for more than an hour and no sign of light I found....";""
"42508";"378";"Asha 308";"";"2014-06-09 11:51";"Daksh";"Its nice phn in looking .apps and performence .bt u should go for asha311 it has 3g & wifi also";""
"42509";"378";"Asha 308";"";"2014-05-17 13:17";"Shubham";"This phone is very well phone.i bought it 1 year ago..but it is not gone to hospital 1s time..it shaported all type of app..";""
"42510";"378";"Asha 308";"";"2014-05-12 09:15";"";"Hey guys.I took this Phone 2 years ago & m experiencing nothing bad with any features.believe me o not i had lots of mishandling such as drops from various heights and all. but phone works well.nothing bad 2 say about the phone.before i buy the phone i go through all comments from this site,what i hav to say is some of them (saying Tht 4n z Bad)are really false.touchscreen/fb/internet/dual sim/battery and all the other features are in gud standard.Finally gud phone to the price.";""
"42511";"378";"Asha 308";"";"2014-05-12 08:47";"Bappa";"Hey, Guys... Any One Please Tell Me ? How Can I Turn Off The Camera Shutter Sound In This Phone ?";""
"42512";"378";"Asha 308";"";"2014-05-08 18:01";"charles";"i have a nokia 308 , when i switching it on it restarts after puting a security code. plase can someone with good faith help me.... ";""
"42513";"378";"Asha 308";"";"2014-05-07 19:30";"TRUTH";"the question was about turning off camera sound and not touch feedback";""
"42514";"378";"Asha 308";"";"2014-05-06 23:49";"Ayub";"This phone does not support 3g ";""
"42515";"378";"Asha 308";"";"2014-05-06 23:44";"Ayub";"Yes it supports whatsapp";""
"42516";"378";"Asha 308";"";"2014-04-30 10:38";"Anonymous";"Yes dude ! And wechat allso...";""
"42517";"378";"Asha 308";"";"2014-04-30 05:26";"RAP";"yes this mob. suppor what's app,line,we chat.you can download it from nokia store";""
"42518";"378";"Asha 308";"";"2014-04-26 13:54";"Anonymous";"Friends hw to get google maps for it and wher";""
"42519";"378";"Asha 308";"";"2014-04-26 12:47";"keven";"Please anybody tell me that is this cell phone supports what's app ????";""
"42520";"378";"Asha 308";"";"2014-04-26 09:11";"Jazz";"Inspite of having 3 g connection. ...i m facing problem on internet...and also. Whatsapp is not working good...every time it shows link not found error....can anyone help me to get out from these problem";""
"42521";"378";"Asha 308";"";"2014-04-25 09:06";"Anonymous";"Go to Setting, phone, touch, turn vibration feed back off. You will no longer hear this feedback when you touch the key pad. ";""
"42522";"378";"Asha 308";"";"2014-04-22 15:21";"";"Hey, Guys... Any One Please Tell Me ? How Can I Turn Off The Camera Shutter Sound In This Phone ? Plz tell me... thanks in advance .... !!";""
"42523";"378";"Asha 308";"";"2014-04-20 02:05";"Adee";"Please anybody tell me that is this cell phone supports skype or not???? Plzzz rply me soon. I want to buy this cell...";""
"42524";"378";"Asha 308";"";"2014-04-16 10:16";"Master";"Yeah... Best kibd of Asha Series";""
"42525";"378";"Asha 308";"";"2014-04-07 20:22";"Dr.suhail Azizi";"Nokia Asha 308,309,310,311 that is the best and excellent quality from Nokia. I give thanks to Nokia for " HUMANITY " AIDS . thanks agaimm ";""
"42526";"378";"Asha 308";"";"2014-04-07 20:17";"Dr.suhail Azizi";"Nokia Asha 308,309,310,311 that is the best and excellent quality from Nokia. I give thanks to Nokia for " HUMANITY " AIDS . thanks agaimm ";""
"42527";"378";"Asha 308";"";"2014-04-03 14:21";"mumun";"Very nice.except whatsaap";""
"42528";"378";"Asha 308";"";"2014-03-26 14:39";"manas";"While playing YouTube video first seen low bandwidth. The video are not playing in full screen and very low picture quality";""
"42529";"378";"Asha 308";"";"2014-03-26 11:29";"lucky";"A very good mobile, but The only problem is this that it doesnt have Wifi system.................... Really bad";""
"42530";"378";"Asha 308";"";"2014-03-19 13:13";"shailja";"yes...u can";""
"42531";"378";"Asha 308";"";"2014-03-17 08:01";"Shashi";"Thanks";""
"42532";"378";"Asha 308";"";"2014-03-13 12:03";"Ashu";"Nice Phone.";""
"42533";"378";"Asha 308";"";"2014-03-12 09:52";"Anonymous";"Yes ., there's a new software versiö 08.13 not 08.15 , Im using now ...";""
"42534";"378";"Asha 308";"";"2014-02-26 04:38";"Kalpesh";"Useless piece of S**t! NO WiFi, Touch navigation is not user friendly. Options are limited within whats app and cross app data copy modify & fwd. Any other phone would be much better. I am repenting gifting this piece to a family member and see them suffer reaching limits and consoling me "Its ok, You never knew it was limping on tech"";""
"42535";"378";"Asha 308";"";"2014-02-24 12:04";"Shashi";"My phone has software version 7.55.. Is there any latest update to this? few sites mention the latest software version for asha 308 as 8.15.. but when i try to update phone software using OTA, it doesnt show any update as available.. Please help ";""
"42536";"378";"Asha 308";"";"2014-02-20 08:23";"Nik";"i love the display and the camera quality. And moreover its supporting Windows software which is good. But its lacking its internal memory.";""
"42537";"378";"Asha 308";"";"2014-02-20 08:16";"Sani das bijoy";"It's best mobile phone";""
"42538";"378";"Asha 308";"";"2014-02-03 22:34";"Anonymous";"My whatsaap show no contact & can't display what shold i do?";""
"42539";"378";"Asha 308";"";"2014-02-02 15:28";"Aashu negi";"My phone whatsapp could not connet";""
"42540";"378";"Asha 308";"";"2014-02-02 13:56";"Daksh";"By ez reader u use pdf";""
"42541";"378";"Asha 308";"";"2014-01-31 06:21";"Anonymous";"My whatsaap show no contact name & can't display what shold i do?";""
"42542";"378";"Asha 308";"";"2014-01-28 17:44";"Sabby";"Tell me what i do";""
"42543";"378";"Asha 308";"";"2014-01-24 06:59";"rajesh";"downloaded games are not working without internet.need connection to run.how disgusting?";""
"42544";"378";"Asha 308";"";"2014-01-22 15:17";"guru";"good phone";""
"42545";"378";"Asha 308";"";"2014-01-06 18:13";"akpovona";"My phone is empty i can replace it";""
"42546";"378";"Asha 308";"";"2014-01-06 13:32";"anon";"of course sg is better";""
"42547";"378";"Asha 308";"";"2014-01-06 08:38";"Adi";"Even Whatsapp is now supported in Nokia Asha 308";""
"42548";"378";"Asha 308";"";"2013-12-23 01:38";"Hjv";"Its not thephones problem.i had downloaded even hd images";""
"42549";"378";"Asha 308";"";"2013-12-23 01:34";"Lautner";"Ya iam using them";""
"42550";"378";"Asha 308";"";"2013-12-23 01:32";"Lautner";"Re download the app and removethe old one";""
"42551";"378";"Asha 308";"";"2013-12-23 01:22";"Lautner";"Try to reduce the ised phone memory .move them to mem card";""
"42552";"378";"Asha 308";"";"2013-12-23 01:11";"T";"Convert to 3gp or mpeg4 using youtube downloader(pc software).it will have the same clarity of that of mp4.";""
"42553";"378";"Asha 308";"";"2013-12-23 00:44";"R";"Convert to 3gp or mpeg4 using youtube downloader.it will have high clarity of that of mp4 ";""
"42554";"378";"Asha 308";"";"2013-12-21 02:39";"Anonymous";"Why do nokia display,(certificate not on phone or sim) and then the download fails?.";""
"42555";"378";"Asha 308";"";"2013-12-19 10:29";"Anonymous";"I bought it a year ago and just after finishing warranty period it got corrupt,notes corrupted,themes lost,pictures ,dictionaries ,holy Quran and opera mini got deleted,nokia browser stopped net connectin .I got really sick of it.There are many more tech drawbacks.";""
"42556";"378";"Asha 308";"";"2013-12-18 05:54";"Anonymous";"Q";""
"42557";"378";"Asha 308";"";"2013-12-15 21:50";"AYUB";"Why waste it,s better";""
"42558";"378";"Asha 308";"";"2013-12-15 21:44";"AYUB";"I think, no";""
"42559";"378";"Asha 308";"";"2013-12-14 14:31";"THANDO";"does the phone have camera that is controlled by voice ?";""
"42560";"378";"Asha 308";"";"2013-12-12 22:26";"ayub";"Visit mobile doctor";""
"42561";"378";"Asha 308";"";"2013-12-12 09:56";"Anonymous";"pls tell what to do for mp4 format";""
"42562";"378";"Asha 308";"";"2013-12-09 06:03";"Anonymous";"Hmm, dat is not phone's fault.. Dat is memory card's fault..";""
"42563";"378";"Asha 308";"";"2013-12-09 06:01";"Anonymous";"It displays 100kb txt format... Net speed is good, no hang problem";""
"42564";"378";"Asha 308";"";"2013-12-03 04:53";"suri";"not clear. ";""
"42565";"378";"Asha 308";"";"2013-12-01 06:52";"Darthios Vaderos";"SmartPhone? Not even close. The only smart on the device is the capacitive screen. It's a BASIC phone with a touchscreen.  Can't even display a 5kb txt document. It shows half the text. The Image gallery renders only 1000 photos. The Nokia store is a rip off of Google Playstore. Worse experience overall.  2G can't keep up with the today standards. It's really slow internet connection.  Other than that, good built quality. And seems bulletproof.  If you want a smart phone go with the android alternative. You won't regret it.";""
"42566";"378";"Asha 308";"";"2013-11-27 14:04";"Hitter";"Oh,yes";""
"42567";"378";"Asha 308";"";"2013-11-25 11:21";"Anonymous";"Asha 501";""
"42568";"378";"Asha 308";"";"2013-11-23 23:27";"Berbatee";"Does this phone support Viber Application...???";""
"42569";"378";"Asha 308";"";"2013-11-23 21:24";"Ayub";"Why it always hanggggggggg??????";""
"42570";"378";"Asha 308";"";"2013-11-16 22:15";"VALENTINAL";"It's support whatpp, and much is it, i mean the price ";""
"42571";"378";"Asha 308";"";"2013-11-15 18:14";"muthuuri52";"how come a nokia asha 306 has wifi but the asha 308 doesn't nd after 7 months its memory card doen't work ";""
"42572";"378";"Asha 308";"";"2013-11-14 08:17";"Anonymous";"Yes, it supports all type of 3gp";""
"42573";"378";"Asha 308";"";"2013-11-07 20:57";"Ayub";"Visit nokia store";""
"42574";"378";"Asha 308";"";"2013-11-07 20:55";"Ayub";"You cant delete by yourself visit nokia store";""
"42575";"378";"Asha 308";"";"2013-11-06 21:07";"Ayub";"Good phone application can moved on memory card unlike cheap android phone";""
"42576";"378";"Asha 308";"";"2013-11-06 16:59";"Lala";"It support3gp or not plz rply";""
"42577";"378";"Asha 308";"";"2013-11-05 04:13";"Ao";"It has lost its screen sensitivity, how do you calibrate the screen?";""
"42578";"378";"Asha 308";"";"2013-11-04 12:17";"Rajeev";"Download Mobimb software & then u can use your C drive of your phone ";""
"42579";"378";"Asha 308";"";"2013-10-30 09:26";"Jignesh";"pls, tell me how to delete phone memopry app and games ?";""
"42580";"378";"Asha 308";"";"2013-10-28 19:27";"ahmad";"its awsome,,,,,,,,,,,,,";""
"42581";"378";"Asha 308";"";"2013-10-25 11:10";"Anonymous";"pls, tell me how to delete phone memopry app and games ?";""
"42582";"378";"Asha 308";"";"2013-10-24 04:56";"ranveer";"It's suport";""
"42583";"378";"Asha 308";"";"2013-10-21 18:29";"Vivek";"Ya its support all of them. its awesom i using this phone. Its screen quality was aWesome";""
"42584";"378";"Asha 308";"";"2013-10-20 09:21";"Mithu";"Better phone";""
"42585";"378";"Asha 308";"";"2013-10-18 09:47";"mani";"cemera waste 2.0";""
"42586";"378";"Asha 308";"";"2013-10-17 06:36";"Ammu";"Its very useful mobile..So good but it sometime hangs and internet speed is very slow.. its only useful for mobile chating..Samsung Galaxy is better than ASha308";""
"42587";"378";"Asha 308";"";"2013-10-14 06:49";"LOl";"when i connect to whats app den it raise error: could not connect to server .. whilst something  then what should i do now??? plseee";""
"42588";"378";"Asha 308";"";"2013-10-13 08:24";"kez";"Still not using??????????";""
"42589";"378";"Asha 308";"";"2013-10-12 09:59";"Anonymous";"Yes";""
"42590";"378";"Asha 308";"";"2013-10-12 08:32";"Rajiv";"Should I download whatsapp. application in Nokia Asha308 is it working or not?";""
"42591";"378";"Asha 308";"";"2013-10-11 20:39";"Rini";"Yes it supports whatsapp,wechat & also line..evn m using it..its a good phn..m using it for almost a year it never gave me any problem..";""
"42592";"378";"Asha 308";"";"2013-10-10 16:13";"Kanna";"Ya it will... Iam using it now.. ";""
"42593";"378";"Asha 308";"";"2013-10-10 11:42";"hany";"Guys today I'm going to buy Nokia aasha 308 does it support whatsapp,we chat ,googletalk ,line on it please tell me";""
"42594";"378";"Asha 308";"";"2013-10-09 09:49";"hany";"Hiii...guys I'm user of Nokia x2-01 2 years ago and I'm got bored with i wana to buy a new dual sim so please tell me is this better for me aur naught";""
"42595";"378";"Asha 308";"";"2013-10-07 15:17";"priya";"i can not use internet for last 3 months. what would be the problems?";""
"42596";"378";"Asha 308";"";"2013-10-03 10:38";"eirc";"yes";""
"42597";"378";"Asha 308";"";"2013-10-03 09:42";"Anonymous";"It is worst mobile I have ever used, it hangs so often and frustrate, hopeless";""
"42598";"378";"Asha 308";"";"2013-10-01 07:48";"Anonymous";"Any body plz tel me asha 308 support we chat or whats app or no t?";""
"42599";"378";"Asha 308";"";"2013-09-28 15:51";"Miki";"Guys this fone is fyne bt dont support wifi also hungs alot planin to buy galaxy fame or asha 5012";""
"42600";"378";"Asha 308";"";"2013-09-25 16:51";"thiru";"why it does not have high mega pixel";""
"42601";"378";"Asha 308";"";"2013-09-25 02:00";"Anonymous";"this phone is very very good but it is a pdf, bc this phone you buy you very very happyest in life.";""
"42602";"378";"Asha 308";"";"2013-09-21 15:37";"Anonymous";"If you want a Nokia Dual-Sim phone that has a WiFi function, just buy Nokia Asha 310. It has the same features of Nokia Asha 308, but only has 310 has WiFi";""
"42603";"378";"Asha 308";"";"2013-09-20 09:23";"Rony";"why dosent it have wifi facility in it?";""
"42604";"378";"Asha 308";"";"2013-09-19 23:20";"amy";"asha 308 is ok. but don't do youtubu";""
"42605";"378";"Asha 308";"";"2013-09-19 15:25";"Anonymous";"Why did you not include wi-wi function. It really compliments other functions. Thx. Alex";""
"42606";"378";"Asha 308";"";"2013-09-18 08:16";"Anonymous";"My opinion, DONT BUY IT. Message threads get jumbled, and the phone starts getting stuck with usage. I've been using one for 5 months now and I'm looking for a way to get my money back, 'cuz this phone is a waste. Go for a Samsung or Sony";""
"42607";"378";"Asha 308";"";"2013-09-18 05:21";"Anonymous";"down loading pictures are not clear";""
"42608";"378";"Asha 308";"";"2013-09-14 06:00";"hany";"Hiii..guys this set is awesome and it support line whatsapp we chat....fine and smooth touch is responsive but sometimes automatically switch of n some hanging problems n slow touch otherwise a fine mobiles but now I'm going to buy Samsung galaxy fame....";""
"42609";"378";"Asha 308";"";"2013-09-12 12:58";"Anu";"Ya its realy awesome .i'm also using this . Its a good choice to take";""
"42610";"378";"Asha 308";"";"2013-09-10 07:49";"Vivek shaw";"Nokia 308 is awesom mob. Its fast internet with fast downloading its hd video quality and live tv is awesome.also its corning gorrila glass screen quality was awesome. Its a awesome smart phone.";""
"42611";"378";"Asha 308";"";"2013-09-08 04:29";"Lautner";"There should be a note pad like accessory to copy and paste notes from xpress browser";""
"42612";"378";"Asha 308";"";"2013-09-08 04:07";"Dohni";"It will support some pdf files (not complete pdf files)if you have a ez reader .available at nokia store";""
"42613";"378";"Asha 308";"";"2013-09-08 04:03";"Asf";"It will increase automatically if the tune rings the second time";""
"42614";"378";"Asha 308";"";"2013-09-06 07:00";"CR";"i need to know how does one increase the volume of alarm. asap.";""
"42615";"378";"Asha 308";"";"2013-09-04 09:57";"Hafiz Ali";"This phone does not support HD 480p videos";""
"42616";"378";"Asha 308";"";"2013-09-01 18:07";"Anonymous";"Cool phone solid build quality ";""
"42617";"378";"Asha 308";"";"2013-08-30 18:01";"Vip";"This ph dose not suporte pdf file";""
"42618";"378";"Asha 308";"";"2013-08-29 07:40";"Tariq";"Price plz.whats the colour,from where u belong";""
"42619";"378";"Asha 308";"";"2013-08-28 19:18";"Anonymous";"Not supported...";""
"42620";"378";"Asha 308";"";"2013-08-28 19:16";"Sahil";"I think 501 is better than 308 bcoz i have 308 , the phone is good but it is hanging and does not have a fast net support....I HOPE YOU GOT YOUR ANSWER";""
"42621";"378";"Asha 308";"";"2013-08-28 11:44";"mahi";"simply super .........iam really proud buy this mobile";""
"42622";"378";"Asha 308";"";"2013-08-26 15:37";"Sameer";"i thing this is the best mobile ";""
"42623";"378";"Asha 308";"";"2013-08-25 18:58";"Sasi10233";"Is skype facebook messenger instagram supported";""
"42624";"378";"Asha 308";"";"2013-08-25 18:52";"Sasi10233";"Hey any 1 dont buy thiz phn.aftr 6 dys of buyng thiz phn am really dissapointed.apps lyk skype,instagram,facebook messenger r nt supported.no wifi,fucking intermet. Bludy shit nw i must sell it";""
"42625";"378";"Asha 308";"";"2013-08-24 21:34";"mannu";"i like this phone because its cool and ready to everything we will and we can We think better.";""
"42626";"378";"Asha 308";"";"2013-08-24 21:25";"mannu";"i like this phone because its cool and ready to everything we will and we can We think better.";""
"42627";"378";"Asha 308";"";"2013-08-24 08:38";"kamal";"501 better than 308";""
"42628";"378";"Asha 308";"";"2013-08-22 12:10";"T.j Godds";"Due 2 ua ntwrk prblm...i gzZ";""
"42629";"378";"Asha 308";"";"2013-08-22 10:50";"Natsu";"Nokia asha 308 ...battery backup iz cul...bt internet iz vry bad...so i dn't lyk diz cellphone....";""
"42630";"378";"Asha 308";"";"2013-08-21 12:37";"Gandu";"Please dont buy this phone its very bad in internet";""
"42631";"378";"Asha 308";"";"2013-08-21 09:03";"";"does this mobile have any educational app???";""
"42632";"378";"Asha 308";"";"2013-08-20 22:37";"Dismas";"Can it serve as a modem when connected to a laptop";""
"42633";"378";"Asha 308";"";"2013-08-20 18:22";"Venu madhav";"Touch is good.Internet is very slow.No special features and phone is hanging.No GPS and wifi.Dual Sim is not active.";""
"42634";"378";"Asha 308";"";"2013-08-20 14:10";"Amar";"Which is the best asha 308 or asha 501. pls tell anyone";""
"42635";"378";"Asha 308";"";"2013-08-19 09:05";"Keya";"Very bad experience with this phn. I am unable to use this ph satisfactorily due to its hang problem. I am suffing with that after 5 days of buying... Its nt good... Nw i want to sale this ph only after 6 month.. ";""
"42636";"378";"Asha 308";"";"2013-08-18 20:06";"Anonymous";"Nokia Asha308 mobile is always hanging  ";""
"42637";"378";"Asha 308";"";"2013-08-17 16:25";"Sumedh nirbhavne ";"Pdf file not support ";""
"42638";"378";"Asha 308";"";"2013-08-16 17:10";"wasim";"nokia asha 308";""
"42639";"378";"Asha 308";"";"2013-08-15 19:33";"Samsul alam molla";"I like this mobile.so,i bought this mobile imediately.";""
"42640";"378";"Asha 308";"";"2013-08-15 19:27";"";"Looks & feels not bad but till I can't find the wifi to connect my phone or my mini laptop";""
"42641";"378";"Asha 308";"";"2013-08-15 00:24";"Anand kumar";"Is its support mp4 video?";""
"42642";"378";"Asha 308";"";"2013-08-14 10:55";"G.Elangovan";"It does not support pd file can not able to read the attachments. file saved in c:received ";""
"42643";"378";"Asha 308";"";"2013-08-13 19:59";"SD";"Using asha 308 since december 2012 without any problem... No hang problem, net speed is good, touch is very responsive.. whatsapp,wechat,line,hike, linkedin, foursquare all social app supported....";""
"42644";"378";"Asha 308";"";"2013-08-13 08:55";"nishu";"I get error message to check network service on my mobile nokia asha 308 phone in airtel what does it mean ";""
"42645";"378";"Asha 308";"";"2013-08-12 21:51";"Ibro Ak.";"How can I connect my Asha 308 with wireless internet? Trying to but could not";""
"42646";"378";"Asha 308";"";"2013-08-12 11:59";"Anonymous";"Internet";""
"42647";"378";"Asha 308";"";"2013-08-11 15:46";"neeraj";"Not sported";""
"42648";"378";"Asha 308";"";"2013-08-09 21:03";"Kalpesh ";" NOkia Asha 308 mobile support Pdf file open handset PLs inform & Reply fast ..  kalpesh     ";""
"42649";"378";"Asha 308";"";"2013-08-08 19:16";"Anonymous";"Better to use idia ot airtel sim for vidio watching";""
"42650";"378";"Asha 308";"";"2013-08-08 10:05";"Nesa";"no Censor ";""

