"37828";"347";"Asha 503";"";"2015-01-07 11:58";"Yousaf Awan";"I have nokia asha 503 but its not give calling options in line or other calling software please anyone have idia please send your comments thannks";""
"37829";"347";"Asha 503";"";"2015-01-07 11:56";"Yousaf Awan";"I have nokia asha 503 but its not give calling options in line or other calling software please anyone have idia please send your comments thannks";""
"37830";"347";"Asha 503";"";"2015-01-07 08:50";"Netty";"I upgraded to a Nokia Asha 503 in November 2014. I could not read messages, because of white letters on a pale blue background. Took it back to the dealer after 6 days. The manager could not change the settings. I wanted to return the phone and swop to another model but was informed that it could not be done. I am using my old phone now but is a very unhappy customer.  Can u please help?";""
"37831";"347";"Asha 503";"";"2014-12-25 12:43";"Madee Ndlovu";"I just bought the phone on contract,all my contacts saved on my phone but when some one saved is calling me the it showing as a prive numbers,tried to check under setting could not find anywhere I can change it,can someone tell me where I need to change that.";""
"37832";"347";"Asha 503";"";"2014-12-24 13:32";"2";"1";""
"37833";"347";"Asha 503";"";"2014-12-24 10:44";"Franklin";"I bought Nokia Asha 503 but when I insert SIM 2 it does not show. what could be the problem?";""
"37834";"347";"Asha 503";"";"2014-12-20 12:46";"";"All Nokia have bad battery life! I hate that! ";""
"37835";"347";"Asha 503";"";"2014-12-18 11:57";"BLUE";"I love the phone, the pics are great. I can listen to music while on the internet and i can open about 6 web pages at a time";""
"37836";"347";"Asha 503";"";"2014-12-17 12:33";"Anonymous";"how to log out FB in ahsa 503?";""
"37837";"347";"Asha 503";"";"2014-12-16 16:51";"Hima";"This is the WORST phone ever. Don't waste your money on this phone. I own this phone atm. Dissapointing product from Nokia. It's not even a year but this phone is driving me crazy. Bad battery life. Lags like shit. Slow Whatsapp, slow internet. Can't even support Instagram. Twitter app provided like shit. I cant use the internet while listening to music. Terrible phone. Shit like this should be sold for a heck more cheaper price. Im switching to Samsung/Sony.";""
"37838";"347";"Asha 503";"";"2014-12-14 01:02";"Anonymous";"I am not satisfied with the phone. I had it for 10 months. It freezes all the time, even after restarting to factory settings. It often gets very slow, even when writing SMS. Web browsing is also bad and unfriendly. Whatsapp is terrible, sending pics and sound is also terrible. Keyboard is small and you'll probably make a lot mistakes while writing. Sound and headphones also, bad... At this point, after 10 months of use, I really don't have anything good to say about the phone and I don't understand why it has a good grade here";""
"37839";"347";"Asha 503";"";"2014-12-11 06:15";"marusc";"does it have bbm";""
"37840";"347";"Asha 503";"";"2014-12-10 07:14";"mario";"Yup, u kan uz Skype on diz fine.";""
"37841";"347";"Asha 503";"";"2014-12-07 12:59";"";"this device cannot be connected to NOKIA SUIT ... is anyone can help me ?";""
"37842";"347";"Asha 503";"";"2014-12-07 09:38";"Guide";"there is an app called LINE, it is supported by nokia asha, u can use it for test msg , voice and video calling as well. u can use it.";""
"37843";"347";"Asha 503";"";"2014-12-04 19:05";"Anonymous";"Cn i use skype in dis nokia asha503";""
"37844";"347";"Asha 503";"";"2014-12-02 17:29";"";"its read apk files";""
"37845";"347";"Asha 503";"";"2014-11-27 12:58";"sheri";"can i use skype in nokia asha 503 ,3g mobile";""
"37846";"347";"Asha 503";"";"2014-11-26 15:56";"Banna";"Whats ur asha 503 3g speed wd airtel.";""
"37847";"347";"Asha 503";"";"2014-11-25 07:13";"Sai";"How is the 3G speed ";""
"37848";"347";"Asha 503";"";"2014-11-15 13:13";"";"Hows the sound clarity ? This audio player having Music equalizer ? ";""
"37849";"347";"Asha 503";"";"2014-11-15 12:07";"trasan@nokia.it";"ho comprato aokia asha 503 nel mese di maggio e ancora non sono riuscito ad un account ad un messaggio nonostante mandato alla revisione due volte come faccio ad andare su facebook se non prende il mio account?";""
"37850";"347";"Asha 503";"";"2014-11-15 08:39";"michcha";"does work viber and skype? ";""
"37851";"347";"Asha 503";"";"2014-11-13 14:46";"Lss_911";"Great design! A very interesting concept of a phone inside an ice cube! Very nice! Of course it specs aren't quite good, it's a low-end phone!";""
"37852";"347";"Asha 503";"";"2014-11-13 10:49";"Abnar";"My Nokia Asha 503 doesnt allow me to create and access my email account...What could be wrong  because Whatsapp,Facebook and twiter works perfectly???????";""
"37853";"347";"Asha 503";"";"2014-11-13 10:44";"Abnar";"My Nokia Asha 503 doesnt allow me to create and access my email account...What could be wrong  because Whatsapp,Facebook and twiter works perfectly???????";""
"37854";"347";"Asha 503";"";"2014-11-12 06:53";"Tucha";"The phone basically SUCKS. How can a phone not have a copy & paste feature in 2014.!? Please tell them while they upgrade softwares,they should update copy &paste feature too. Asha 302 is the best thing ever happend to the Asha family.";""
"37855";"347";"Asha 503";"";"2014-11-11 18:54";"Anonymous";"one day only";""
"37856";"347";"Asha 503";"";"2014-11-11 16:23";"vishu";"yes wifi is there and works fine";""
"37857";"347";"Asha 503";"";"2014-11-11 09:18";"chan";"has the nokia asha 503 vifi or net facility or connection";""
"37858";"347";"Asha 503";"";"2014-11-04 18:32";"saab";"how long does the battery dormant";""
"37859";"347";"Asha 503";"";"2014-10-28 17:47";"Anonymous";"Can one access Microsoft word documents with Nokia, Asha 503???";""
"37860";"347";"Asha 503";"";"2014-10-26 23:06";"Luciana";"Does nokia 503 support BBM?";""
"37861";"347";"Asha 503";"";"2014-10-25 21:19";"harbinger";"why is it that it can't download "Whatsapp" application.??? ";""
"37862";"347";"Asha 503";"";"2014-10-23 11:54";"pranay";"Worrest phone in nokia .  Every five minutes it will be hang ";""
"37863";"347";"Asha 503";"";"2014-10-22 14:47";"Anonymous";" i cant send mms with my nokia 503,how can i solve this problem.";""
"37864";"347";"Asha 503";"";"2014-10-19 09:32";"Nokia user";"needs an upgrade..ASAP";""
"37865";"347";"Asha 503";"";"2014-10-18 05:17";"albert";"How can i fix my nokia asha 503 ? because my screen appear Contact service ? ";""
"37866";"347";"Asha 503";"";"2014-10-17 00:22";"ee";"Is it possible to make hotspot with this phone? PLZ answer those who have it.";""
"37867";"347";"Asha 503";"";"2014-10-13 09:37";"Nickol";"This is not the ideal phone for any human...";""
"37868";"347";"Asha 503";"";"2014-10-12 00:32";"";"well said....how is it compared to asha 311";""
"37869";"347";"Asha 503";"";"2014-10-12 00:26";"";"well.....if you want to use it like a smartphone then obliviously you are wrong.....go for android";""
"37870";"347";"Asha 503";"";"2014-10-03 17:53";"irfan";"yes it supports whats app";""
"37871";"347";"Asha 503";"";"2014-10-02 14:34";"sandylicious";"does it support whatsapp";""
"37872";"347";"Asha 503";"";"2014-09-28 17:26";"Mubashir";"superb phone it is preferable to android";""
"37873";"347";"Asha 503";"";"2014-09-28 10:25";"Moxix ";"i like diz phone, but it seems like one feature ix missing... it can't minimise apps...gushhh";""
"37874";"347";"Asha 503";"";"2014-09-25 18:05";"5yas";"very very nice,this mobile 5mega pixel camara and many intelligent apps this features phone.";""
"37875";"347";"Asha 503";"";"2014-09-25 07:25";"supriya dey";"sooooooooooo superb phone";""
"37876";"347";"Asha 503";"";"2014-09-24 17:20";"Anonymous";"this phone is very good,but the problem is with games eish";""
"37877";"347";"Asha 503";"";"2014-09-23 16:01";"Gaurav";"I think..!this phone is very nice..!";""
"37878";"347";"Asha 503";"";"2014-09-21 05:09";"Basanta";"Very bad phone idon't like this phone. So Samsung galaxy star 5282 better then nokia asha 503,502and501 ";""
"37879";"347";"Asha 503";"";"2014-09-19 11:50";"Sudip Champ";"This phone is very bad because hang every time very slow and not support many programme. So don't bought Nokia Asha serious phone ";""
"37880";"347";"Asha 503";"";"2014-09-19 11:00";"sk";"How to record a Phone call in Nokia Asha 503 ?";""
"37881";"347";"Asha 503";"";"2014-09-16 17:24";"VIN";"How to record a Phone call in Nokia Asha 503 ?";""
"37882";"347";"Asha 503";"";"2014-09-14 07:48";"Anonymous";"how do i log out of my yahoo mail?";""
"37883";"347";"Asha 503";"";"2014-09-10 12:18";"thato";"i have problem with this fone ,i downloaded games but they dnt play ...";""
"37884";"347";"Asha 503";"";"2014-09-07 09:11";"";"ur internet is slow. so that your rpl cant reach in whatsapp.. try with 3g man....";""
"37885";"347";"Asha 503";"";"2014-09-03 19:34";"";"No, no...Asha 503 is not an Android...but it is a good, user friendly cell.";""
"37886";"347";"Asha 503";"";"2014-09-03 12:57";"Anonymous";"i think thats it is a grt affordable fone>>>>>>.............Thanks";""
"37887";"347";"Asha 503";"";"2014-08-25 10:03";"Anonymous";"U r right buddy. If anyone looking for a nice phone and using cheap phone... Asha 503 is really a nice phone. I really appreciate that NOKIA has put so many features in such a tiny phone and expressed them so nicely. ";""
"37888";"347";"Asha 503";"";"2014-08-14 21:04";"Anonymous";"is here maps supported on asha 503? for me is not working some king of error. on asha 501 is working fine. does anyone know to make it work? Thanks! ";""
"37889";"347";"Asha 503";"";"2014-08-12 22:27";"King";"Nokia Asha 303 is the flagship of ''Asha'' family though No minimizing option found on this one and the new platform is fluid and nice which is more newer than series 40 not meaning is more powerful than three series 40 phones below.  Nokia Asha 303,302 & 311 over Asha 503 - 3x 1Ghz CPUs - TT Qwerty | Qwerty | 240 x 400 T-UI with DP 2.0 - Multimedia pack power | Messenger  - Quite capable and stronger  Nokia Asha 503 over three core s40 phones. - New nice droid-like interface - Smartphone because of minimizing option and also the software updates may include new features than on 3 s40 phones. - Highest quality body CG Glass  Nokia s40 Asha and Asha platform 1.4 + - share the same development platform (Java ME) though Asha 1.4 + - extended Java size up to 5096kB over 2096kB of s40 Asha.  Top 4 range Nokia Java Phones | * Nokia 303 the powerhouse * Nokia 302 the warcraft  * Nokia 503 the armor * Nokia 311 the reign  Or choose Lumia 520 for additional 25.8% price than Java. ";""
"37890";"347";"Asha 503";"";"2014-08-09 21:28";"Deliketrain";"Can we record incoming/outgoing voice in this device....? plz do some reply ";""
"37891";"347";"Asha 503";"";"2014-08-09 09:12";"m";"the pricing is wrong ";""
"37892";"347";"Asha 503";"";"2014-08-06 10:33";"yes";"Does the Asha 503 play wav? And can it minimize?!";""
"37893";"347";"Asha 503";"";"2014-08-05 15:45";"jays";"can somebody tell me why i must buy the Nokia asha 503because i really looking for a phone whereby i can just do the normal things like chat and all that staff.";""
"37894";"347";"Asha 503";"";"2014-08-04 18:00";"";" UI is an insult to intelligence. Feature phone no 4yr old would come off their ipad for.  Bloatware - several game trials that aren't deletable & others all want internet to show ads.  Wifi interface retarded - no tethering ability either.  Camera 5Mp...really?? Gallery UI fubarred... is it a photo, album, modified image, did I delete it?  Browser a watered down operamini... which is bad...  Downloads speed slightly faster than carrier pigeon.  Microsoft were screwed Royally.... ";""
"37895";"347";"Asha 503";"";"2014-08-04 14:52";"lwa";"like seriously ppl, Nokia asha 503 has no prob, jst becoz yu wanted a better phone does not mean yu need to say bad things about it.... i love it,its adorable and cute, lovies XOXO";""
"37896";"347";"Asha 503";"";"2014-08-04 14:47";"lwa";"its an amazing phone it also has flash light which it nice, i love that phone the red on xoxo";""
"37897";"347";"Asha 503";"";"2014-08-04 00:01";"Jos";"Please dont buy this it gives alot of problems slow internet pictures cant be seen camera is worse than VGA and typing is a nightmare phone freezes too";""
"37898";"347";"Asha 503";"";"2014-08-01 15:19";"erks";"yaaahh, right, cant connect to mobile data unless connected to wifi connection. i did regret buying this phone. there's nothing you can do about it, coz even you obile connection is at high speed, still it cant connect.";""
"37899";"347";"Asha 503";"";"2014-08-01 04:16";"Abbie";"yeah, i can say it's easy to use. However, one thing that i concern is on the 3G side, it appears Later R.i cannot play internet unless i use wifi. Thus, i wanna know what problem id it???";""
"37900";"347";"Asha 503";"";"2014-07-31 21:58";"jg";"its nice just slower than i thought pictures on net dont always load properly and i cant figure out how to delete one mesage ";""
"37901";"347";"Asha 503";"";"2014-07-31 14:00";"CooolBooyy";"NO offense to the makers of Nokia Asha 503, but the phone basically SUCKS. REALLY small screen, my mom bought it to me last night and when I first saw it, I already had a feeling it sucks like a perv.   So yeah, THANKS FOR THE PHONE (throws the phone into the trash bin)!";""
"37902";"347";"Asha 503";"";"2014-07-30 11:17";"Anonymous";"i have my nokia asha 503..i haven't experience anything regarding those of your comments,,,..";""
"37903";"347";"Asha 503";"";"2014-07-30 10:16";"Tyra";"no its a full touchscreen phone dear";""
"37904";"347";"Asha 503";"";"2014-07-25 08:48";"Shreyas Raut ";"Worst cell phone..... How could Nokia sell such loser phones so expensive. Its too bad. Eves a tortoise would reach its destiny but this cell doesn't on it's app till then. Whatsapp's msgs reaches when the other replies 'why aren't you replying'...... Waste of money. ";""
"37905";"347";"Asha 503";"";"2014-07-21 11:40";"Anonymous";"If u r using a lumia or an android phone , its obiov u wil be disapointd , but if u r using a cheap phone nd then buy ash 503 u wil be vry happy . HUMAN WANTS r unlimitd so . . . Its an awasme phne . 3 inch disply so what its very good nice user intr face , fastlane awasme . 5mp cam loks good with led flash , or else it loks like 3.5 or 4 mp becoz its a rear cam. Plz dont compare lumia 520 cam coz it has floating lens ok . ";""
"37906";"347";"Asha 503";"";"2014-07-19 07:55";"ishrath";"connect your phone to pc and use the Nokia pc suite software for transfer of photos from your phone to your PC ";""
"37907";"347";"Asha 503";"";"2014-07-18 19:17";"Anonymous";"i can't even do jack on the phone. i was told to flash it and i did but still same issue,can not browse, whatsapp,or even check my mails.its realli frustrating. i thought Nokia was actually on of the best brand in the market but to say am really disappointed is an understatement";""
"37908";"347";"Asha 503";"";"2014-07-15 06:42";"Anonymous";"can any body tell how to transfer images from this phone to pc.";""
"37909";"347";"Asha 503";"";"2014-07-12 22:17";"Baba";"Ar u sris coz am Planning on buying it??";""
"37910";"347";"Asha 503";"";"2014-07-12 11:43";"erks";"i had mom who bought it for me and i was so dissappointed. why would nokia sell such phone at a such price. poorly developed and hard to connect on wifi connection, it doesnot hold mobile data. ITS A POOR PHONE, so if youre a techy one try samsungs and other android phones.";""
"37911";"347";"Asha 503";"";"2014-07-12 11:36";"erks";"had that experience too. the phone does not display if it is fully charged or what..";""
"37912";"347";"Asha 503";"";"2014-07-11 07:20";"";"I bought the phone at MTN the battery doesn't show full message when is charging , my applications take long to open or might be the network where I stay or not. The back is difficult to open. Please advise. ";""
"37913";"347";"Asha 503";"";"2014-07-09 10:32";"venu";"con't open pdf files and not supported any apps in asha503";""
"37914";"347";"Asha 503";"";"2014-07-08 06:30";"RAM";"MOst horrible mobile ever. Extremely slow, sometimes doesn't respond, call drops, self dialling of digits when talking-extremely annoying- very poor internet capability etc etc.";""
"37915";"347";"Asha 503";"";"2014-07-05 00:50";"";"Yes on screen";""
"37916";"347";"Asha 503";"";"2014-07-03 22:55";"kobinabaah";"Pls is the asha 503 a qwerty keypad";""
"37917";"347";"Asha 503";"";"2014-07-03 12:29";"Anonymous";"Why is it so difficult for Nokia to supply MTN stores in Gauteng with the Asha 503 ie:in Vereeniging";""
"37918";"347";"Asha 503";"";"2014-07-02 10:19";"planning to buy";"can this open pdf files?";""
"37919";"347";"Asha 503";"";"2014-06-30 21:34";"Loh";"Which phone can one buy, nokia asha 503 or samsung galaxy star s5280? i am confused please.";""
"37920";"347";"Asha 503";"";"2014-06-29 23:18";"(^-^)";"I'm concidering buying myself a Nokia Asha 503. Why do some of you seem unhappy about the phone? Tell me please.";""
"37921";"347";"Asha 503";"";"2014-06-27 09:58";"Anonymous";"hahaha well ddddddddddddddd";""
"37922";"347";"Asha 503";"";"2014-06-26 22:56";"Jay";"No BBM as BBM is released only for Blackberry OS, Android & APple IOS.  This is Nokia ASHA Software and it doesnt support any Android APPS ";""
"37923";"347";"Asha 503";"";"2014-06-26 10:07";"";"I bought this Asha 503 not so long ago and wanted to use it mostly to load a certain software so I can acces my trading platform,I am now told that 503 is not an Adroid...is it true?????";""
"37924";"347";"Asha 503";"";"2014-06-25 14:07";"sai";"single sim or dual sim ";""
"37925";"347";"Asha 503";"";"2014-06-23 09:39";"Lydia";"Does this phone have bbm?";""
"37926";"347";"Asha 503";"";"2014-06-22 16:20";"";"it has no gprs so it could conect to internet pls me to send de gprs massage ";""
"37927";"347";"Asha 503";"";"2014-06-21 15:30";"ybugs";"I have no single problem on this phone. Looks like ur android just lose to this nokia asha. Android is a stupid joke os";""
"37928";"347";"Asha 503";"";"2014-06-19 13:47";"shirsha";"This phone is an irritating one...!!!! ";""
"37929";"347";"Asha 503";"";"2014-06-18 15:50";"themba-wiz";"this is a joke by nokia and a major rip off ppl,, DO NOT BUY THIS PHONE. the specs are a joke compared to other phones within its price range .. rather go for the Huawei y300. it has high end features , android 4 and costs the same. all those saying this phone is good are just lying and trying to console themselves for the money they wasted on this stupid phone.";""
"37930";"347";"Asha 503";"";"2014-06-18 13:35";"Anonymous";"I a very very disappointed,, ever since NOKIA has started making NOKIA ASHA,, What is ASHA??? ASHA gives us a Lot of problems!! Please Nokia We want Symbian PhoneS Back,, like X, N, E, C series and other models,,, NOT ASHA!!!";""
"37931";"347";"Asha 503";"";"2014-06-17 18:37";"logu";"Go for Nokia x. It supports all things what you expect. These two devices looking similar except the screen size. Nokia x having 4" screen with 233 ppi and also supports 720p videos.";""
"37932";"347";"Asha 503";"";"2014-06-12 16:28";"yolen";"this handset is actually very cute";""
"37933";"347";"Asha 503";"";"2014-06-12 14:09";"hahaha";"No sis It dosnt ";""
"37934";"347";"Asha 503";"";"2014-06-12 09:28";"lolment";"Its does or its doesn't come with the front facing camera? ...in this nokia asha 503 ";""
"37935";"347";"Asha 503";"";"2014-06-12 09:28";"lolment";"Its does or its doesn't come with the front facing camera? ...in this nokia asha 509 ";""
"37936";"347";"Asha 503";"";"2014-06-12 09:22";"lolment";"It R999";""
"37937";"347";"Asha 503";"";"2014-06-12 09:17";"catalia";"Cn nokia asha 504 ...take a pic while you are lookng it infant....plz help I want 1 buy it 2morr";""
"37938";"347";"Asha 503";"";"2014-06-05 12:37";"bb";"am not satisfied at all with zis nokia asha 503 as there is no viber ,skype and fuctions as well i hate to use it coz we cant downloads viber skype am not happy i regret of buying this mobile ";""
"37939";"347";"Asha 503";"";"2014-06-03 12:06";"Agent bhatti";"I realy do wonder when nokia wil release asha with 3.5 screens or above";""
"37940";"347";"Asha 503";"";"2014-06-02 20:57";"Idhal";"Such a gud phone.comes with all gud specifications at this low price and it got a super camera with led flash..thanks to nokia..";""
"37941";"347";"Asha 503";"";"2014-06-02 11:21";"nitin";"i am using this phone from the day it was launched. after 10 days i updated the software, and all the apps were deleted if i try to install them again i get a certificate error, can anybody help me with this issue";""
"37942";"347";"Asha 503";"";"2014-05-30 07:49";"MARK";"we can use skype tango or like otuers social net worke sofwares? ";""
"37943";"347";"Asha 503";"";"2014-05-28 00:11";"Anonymous";"Everything is written above but there are a lot of people asking foolish questions... ";""
"37944";"347";"Asha 503";"";"2014-05-26 13:33";"nokia fan";"@ Dipu....can`t you see it`s a touch screen device?";""
"37945";"347";"Asha 503";"";"2014-05-24 12:04";"Jervis";"Is that android";""
"37946";"347";"Asha 503";"";"2014-05-22 09:10";"dipu";"i want to know wheather it is qwerty or not!!!!!!";""
"37947";"347";"Asha 503";"";"2014-05-16 18:05";"Anonymous";"Yesterday Nokia have released update for Nokia Asha..you can download it by going in settings-phone update.";""
"37948";"347";"Asha 503";"";"2014-05-15 09:05";"weeedeee";"whats about multitasking ";""
"37949";"347";"Asha 503";"";"2014-05-12 00:41";"";"Yes, available downloads will pop up when they're ready for download and install. ";""
"37950";"347";"Asha 503";"";"2014-05-10 12:10";"ByGrace";"You can't do a screenshot, ";""
"37951";"347";"Asha 503";"";"2014-05-03 10:02";"";"Can it upgradable to Nokia Asha software platform 1.4";""
"37952";"347";"Asha 503";"";"2014-05-01 01:23";"Anonymous";"f you want to play assassins creed buy a playstation not a phone! ddddd";""
"37953";"347";"Asha 503";"";"2014-04-30 10:21";"Li";"Well, I bought this phone in february 2014...I never wanted a touchphone, but ended up getting it. I ended up liking it...a lot!  Ok, good points: good touch screen, nice colour options, nice updates, good apps in the store...I really like how I can update my status on fb or twitter, without actually going online. Wifi and bluetooth function good, good battery life (even better than my friend's Lumia, surprisingly...), good memory...I like the Fastlane, and the power saver settings...it doesn't seem to reduce the functionality of the phone, tbh...not that i've noticed, anyway...and I use my phone a lot...:)  Bad points: Extra apps were installed in the phone, and we can't uninstall them...i think we should be allowed to install or uninstall whatever apps we want. also, camera clarity. my last phone, a Nokia 6700s, was also 5MP, but had brilliant clarity, so, obviously, I was disappointed...also, the flash is strong, but sometimes results in an overly bright photo.  also, if the memory gets too full, it tends to hang, so i have to restart the phone...but that might be my fault...hmm...:)  So, overall, it's a pretty decent phone...I wouldn't discourage people from buying it, but I would request Nokia to give us an update where we can uninstall the unwanted pre-installed games and apps...:)";""
"37954";"347";"Asha 503";"";"2014-04-28 14:51";"PAS";"Tooo Slow...By the Time WhatsApp or any other application opens, I will be skeleton..";""
"37955";"347";"Asha 503";"";"2014-04-28 04:53";"imran";"who told you? Then how do i play assasin creed on my nokia asha 501 and lumia 525? at first try to know then write something ";""
"37956";"347";"Asha 503";"";"2014-04-27 13:26";"";"does the phone have adobe to view pdf files?? ";""
"37957";"347";"Asha 503";"";"2014-04-25 09:13";"thab";"does it have a loudspeaker?";""
"37958";"347";"Asha 503";"";"2014-04-23 19:58";"Payanta Sarkar";"why front camera not available";""
"37959";"347";"Asha 503";"";"2014-04-22 12:24";"SRIYUT";"very good phone. i recomened it to the younger generation as i am myself.go for black color if opting.goodphone";""
"37960";"347";"Asha 503";"";"2014-04-17 09:24";"ppppp";"No";""
"37961";"347";"Asha 503";"";"2014-04-16 09:34";"Anonymous";"update update update";""
"37962";"347";"Asha 503";"";"2014-04-15 13:38";"cozmo";"hello...  did any one get to update the software from 1.1 to 1.4?  and how is it after the update?  pls respond am about to get one!!  ";""
"37963";"347";"Asha 503";"";"2014-04-15 11:07";"papu";"is it android & flash player in this phone? ";""
"37964";"347";"Asha 503";"";"2014-04-13 15:13";"droid user";"assassins creed HD is only for larger screen androids and ipads ,not nokia";""
"37965";"347";"Asha 503";"";"2014-04-13 02:07";"Kirsten Smith";"Is this an android phone?";""
"37966";"347";"Asha 503";"";"2014-04-03 15:03";"GANGGANG";"is this phone support hd games like nfs assasin creed ";""
"37967";"347";"Asha 503";"";"2014-04-01 20:32";"sahil";"should have some more good features which can make nokia market much attractive.. ";""
"37968";"347";"Asha 503";"";"2014-03-31 05:40";"Tonnie";"Pls help me how to clear the RAM of the phone??";""
"37969";"347";"Asha 503";"";"2014-03-30 17:49";"Champ";"Did this phone support all apps like android smart phones...";""
"37970";"347";"Asha 503";"";"2014-03-30 12:09";"meha";"can we take screenshots";""
"37971";"347";"Asha 503";"";"2014-03-29 21:46";"Gautam";"Even though it has a 5 MP camera with flash, the picture quality isn't upto the mark and i can't view pdf in this phone.. My Lumia 520 takes much better pictures than this phone and, even better than my dad's newly purchased Motorola Moto G for 12K INR except in low light because of lack of led flash. I bought this phone for 6300 Rs. only from my friend's shop. I suggest you to increase your budget to 7-8k if you want a better phone. Go for Lumia 520 ";""
"37972";"347";"Asha 503";"";"2014-03-27 17:02";"";"Can I use, asha 503 2 plng";""
"37973";"347";"Asha 503";"";"2014-03-26 16:04";"ahpek86";"did nokia asho 503 got the hotspot to let other device can online?";""
"37974";"347";"Asha 503";"";"2014-03-24 10:47";"Anonymous";"well try just typing the number in.";""
"37975";"347";"Asha 503";"";"2014-03-23 15:34";"LamiaLove";"Oh, and another sucky thing: you can't insert a phone number from the contacts list in an SMS. You can only insert the whole contact/vcard or whatever, which will change the SMS to an MMS.";""
"37976";"347";"Asha 503";"";"2014-03-22 20:46";"Anonymous";"no";""
"37977";"347";"Asha 503";"";"2014-03-21 20:15";"nokia fan";"Need pdf viewer must... Can it possible in 503 .. Cause i'm going to buy it tommorrow??? Plz help";""
"37978";"347";"Asha 503";"";"2014-03-19 13:45";"Anonymous";"you o download kingsoft office or office suit for android phone";""
"37979";"347";"Asha 503";"";"2014-03-18 15:41";"dinocot33";"you already have facebook, twitter, wechat, chat, LINE, whatsapp pre-installed.";""
"37980";"347";"Asha 503";"";"2014-03-17 14:57";"kevin";"how i can install pdf reader";""
"37981";"347";"Asha 503";"";"2014-03-16 08:46";"xhris99 ";"Can this phone download and use wechat?? Pls reply I'm gonna get this phone soon.";""
"37982";"347";"Asha 503";"";"2014-03-15 08:24";"Benjamin";"Amazing product for £39.99 in UK PAY&GO ...  Seriously good for a 2nd mobile...  I miss Symbian os but Asha 1.2 is wonderfully simple... Nokia offer lots of free games with this phone.  Overall, great value for the money I paid.";""
"37983";"347";"Asha 503";"";"2014-03-11 09:24";"mojtaba";"Nokia Asha 503 is Who? I want to send my file .... The file will download software whatsapp implement it called wang1xl  adress:menu/file/phone memory/download/wang1xdl  who can help me? and send me this file "wang1xdl"";""
"37984";"347";"Asha 503";"";"2014-03-11 06:08";"xtr";"You have lack of knowledge. So before buying any phone first go to a school and get some knowledge.";""
"37985";"347";"Asha 503";"";"2014-03-10 20:16";"mojtaba";"Nokia Asha 503 is Who? I want to send my file .... The file will download software whatsapp implement it called wang1xl   adress:menu/file/phone memory/download/wang1xdl   who can help me? and send me this file "wang1xdl"";""
"37986";"347";"Asha 503";"";"2014-03-09 19:32";"naren";"Is it good to watch utube videos";""
"37987";"347";"Asha 503";"";"2014-03-07 10:04";"Josh Acquaye";"It very good and nice, just checked the features on the net and am really cool with that so on ma way to purchase one for ma self....thanks to Nolia";""
"37988";"347";"Asha 503";"";"2014-03-06 11:18";"Aniefiok";"Gionee p3 if you like android or asha 503 is still very good";""
"37989";"347";"Asha 503";"";"2014-03-04 23:55";"Master_harold";"Handy Phone, cheap, great choice for a 2nd Phone. If only the Camera had autofocus, had more battery life on 3.5G say 6 hrs Phone would have been awesome!";""
"37990";"347";"Asha 503";"";"2014-03-03 06:54";"rock";"For this price range, I guess its a pretty handy phone! I dont understand why android users have to look down on it.. My S3 was recently stolen.. and I didnt want to go on another high-end budget phone.. So i was loooking for something cheap as well something with social networking (fb and Whatsapp) .. So Asha 503 seemed like a good choice in a low budget.. It looks good and fits the hand.. Sure, I agree its a downgrade from android with its playstore and countless free app options.. Hey but you cant have everything! For this price range, its a pretty slick phone! Im happy :)";""
"37991";"347";"Asha 503";"";"2014-03-02 07:08";"";"Then just buy a mini calander...i would be easy to right on...";""
"37992";"347";"Asha 503";"";"2014-03-02 07:02";"";"Phone without voice call... Are you from MARS";""
"37993";"347";"Asha 503";"";"2014-03-01 13:34";"Ann999";"Nokia Asha 503, i purchase before 7days ago.but found battery back up is poor.pl don't purchase. as market is a bad mobile phone..";""
"37994";"347";"Asha 503";"";"2014-02-28 16:38";"misho";"After buying Nokia Asha 502 dual sim I found out that I cannot use Viber on it. Is there any way to use viber or tango on this mobile?";""
"37995";"347";"Asha 503";"";"2014-02-26 19:13";"Jackpot";"Does this have 128 mb ram (working memory) and 128 mb storage memory?  Or is it the same as with the Asha 501 which has only 64 mb ram and 128 mb storage memory?  ";""
"37996";"347";"Asha 503";"";"2014-02-26 11:55";"essy";"between this Nokia(either 500 or 503)and Tecno L3, which one should i go for?... ";""
"37997";"347";"Asha 503";"";"2014-02-26 11:44";"Stevie";"If you really concerned about your schedules just get a freaking diary! ";""
"37998";"347";"Asha 503";"";"2014-02-26 00:32";"Shawon";"Brother, it's a phone of low-end smartphone. Don't expect too much. If you need all features then buy a Lumia. It has "office" built in.";""
"37999";"347";"Asha 503";"";"2014-02-24 15:10";"blah blah";"can we download apps from the app store like watsapp and viber??";""
"38000";"347";"Asha 503";"";"2014-02-24 12:14";"Anonymous";"It's a cute phone, but there are way more options to choose from. The Moto G is quite cheap for an android phone yet it's screen is spick and span. This phone's screen resolution is extremely bad. Even the Nokia Asha 300 is way better. Battery life is not too great, but there is one good thing that other android phones in that price range don't: it constatantly updates. Otherwise, it's a no-go.";""
"38001";"347";"Asha 503";"";"2014-02-24 06:52";"suvra";"Please don't buy it as a smart phone. It has not even very basic phone option as like Voice call and Fm radio recording. You can't see your office document in pdf, word,excel format.This phone don't have any antivirus protection apps. So if you use this u will be under threat of personal information theft. I have purchased it two weeks before";""
"38002";"347";"Asha 503";"";"2014-02-23 09:45";"shumaiz SaM";"Hi guys' its a superb phone under this price. it has 5 mp camera . im usung it right now and can take lovlly pictures no problem it has good quality. well flash light . great battery . and eye cathing design. with cornilla glass. for skype users this phone iz not good becse it dosent have front camera. 3g iz available . some sites say that it is 3.0 inch ,but actually its not its 3.2 inch handset .asha 502 is 3.0 inch screen .all thou itz amazing";""
"38003";"347";"Asha 503";"";"2014-02-23 07:10";"gabbystone";"It very cute but the battery backup storage is not enough to run it apps pls do something about it thank you ";""
"38004";"347";"Asha 503";"";"2014-02-21 17:10";"ANIL. M.E;MBA";"Nokia ...Plz. note....Cell phone market has changed a lot....Now most of the persons use 2 categories of phones at a time- one for basic phone needs and some applications and second for higher end multitasking applications....What people expect from first category are, long battery backup (definitely Non-Android)..good camera with flash..torch light..louder sound..very low SAR value...gorilla glass etc.....- Undoubtfully ONE AND ONLY NOKIA can fulfil these needs..!! Asha 503 will the best option Now if it improves it's battery backup and sound quality,..reduce SAR value,..add a torch light...Then the results will be a BIG THUNDER..!!!  THIS CATEGORY OF PHONE is mostly needed by majority of middle class people. So nokia score Fast.... For higher end model nokia is in the straight path with lumia series even though there are full of competitions. Lumia 1320 and others are interesting ..! At this level we need a mobile that may be used as a mini computer..!!! So go fast NOKIA ...Plz. come back to that golden days, lost..!!! We can't miss you nokia..WE love you lot...!!!!";""
"38005";"347";"Asha 503";"";"2014-02-20 18:25";"Anonymous";"How can i download bible for asha503";""
"38006";"347";"Asha 503";"";"2014-02-20 10:53";"Anonymous";"Why I shall choose to buy Nokia Asha 503?";""
"38007";"347";"Asha 503";"";"2014-02-20 09:35";"";"I found out that you mention a profesional. Am i correct? sir will all the respect, this is a budget phone ,it is aim towards people who doesnt care much about performances.people who like to fast type, social networking and etc..what to expect from the price? I mean seriously you dont have to be that cheap for complaining bout this and that about this "amatuer/entry level" phone .It is surely wont fitted a "profesional" cough# (-,-')like you.. go for a true PROFESIONAL phone with the abilities of multitasking such as Sammy GSN3,Nokia L1520 , Apple 5S, BB Q10 & Z10.  because in my opinion , you sound so cheap regardless you claiming urself a "profesional" cough# (-,-') ";""

