"36388";"339";"Asha 230";"";"2015-01-16 15:19";"njucks";"Itvsjhould an option to allow me to remove some apps i ddnt like bt other than tht its a smart phone";""
"36389";"339";"Asha 230";"";"2015-01-15 09:04";"Anonymous";"How on earth can we remove the memory card of this phone ??  Plz help ";""
"36390";"339";"Asha 230";"";"2015-01-08 08:56";"Timma";"Why is the phone has no video?";""
"36391";"339";"Asha 230";"";"2015-01-06 16:51";"Mim";"Yes brother,just 24.8 mb user storage,no way to delete pre installed apps,too much hanging problem,battery capacity is below par(but lifetime is good)..otherwise it a good phone 6/10..";""
"36392";"339";"Asha 230";"";"2015-01-05 16:27";"Kigemuzi";"Very useless phone. Maybe for Novice phone users. No Wifi, Limited Internal Storage, and worst of all, pre-installed demo games that cannot be uninstalled. Not recommending any one to buy!";""
"36393";"339";"Asha 230";"";"2015-01-01 12:56";"sania";"hw to uninstall fb from asha230";""
"36394";"339";"Asha 230";"";"2014-12-31 13:30";"NOKIA USER";"i hv been using for about 6 months. the phone was too goo without using whatsapp. little bit hangs but worh for money. the os was interesting. no wifi 3g ";""
"36395";"339";"Asha 230";"";"2014-12-22 00:36";"";"I have used this phone... Its basic but the user interface is cute... Its a limited 2g phone but i wish that Nokia had of used this Asha platform for its smartphones... The UI is much more interesting then WP ";""
"36396";"339";"Asha 230";"";"2014-12-19 11:08";"Anonymous";"wifi is not based on software....dont believe them...u cant use wifi if u update ur software...";""
"36397";"339";"Asha 230";"";"2014-12-19 11:06";"guru.4878";"no..its not like that...its good to hear in traffic also...";""
"36398";"339";"Asha 230";"";"2014-12-19 11:04";"guru.4878";"There is no wifi in asha 230.";""
"36399";"339";"Asha 230";"";"2014-12-16 18:30";"haa";"is this camera of this phone perfect? i am so worried about buying this phone bcz others say it good and others sy it bad which one should i take plz help ";""
"36400";"339";"Asha 230";"";"2014-12-14 13:03";"saikat";"how can i upgrade my phone?";""
"36401";"339";"Asha 230";"";"2014-12-14 13:01";"saikat";"here is no wi-fi in my noki asha 230.";""
"36402";"339";"Asha 230";"";"2014-12-13 10:10";"Anonymous";"make wifi in its new update ";""
"36403";"339";"Asha 230";"";"2014-12-12 06:55";"Anonymous";"the worstest mobile i had seen in my life.";""
"36404";"339";"Asha 230";"";"2014-12-11 16:03";"gabi";"Yes, very bed, i have this model.";""
"36405";"339";"Asha 230";"";"2014-12-11 07:38";"Anonymous";"very bed mobile asha 230";""
"36406";"339";"Asha 230";"";"2014-12-09 08:42";"ASHU ";" ok i will clear u r problesm ";""
"36407";"339";"Asha 230";"";"2014-12-09 01:43";"Ajithreyuvi";"so good";""
"36408";"339";"Asha 230";"";"2014-12-08 07:27";"Satya";"Please let me know the earpiece volume when when we are in call ? Is it audible enough even in traffic ?   I just want to make sure that it is not like holding the phone in reverse position to hear the opposite person voice!!!!";""
"36409";"339";"Asha 230";"";"2014-12-08 05:24";"Hathi";"One drive is not opening in my phone";""
"36410";"339";"Asha 230";"";"2014-12-05 12:30";"bala";"please wifi insert this phone ";""
"36411";"339";"Asha 230";"";"2014-12-01 12:49";"Rohit ";"Sir, this is really a too good phone...  But there is no WiFi.....this is a big problem..  So everyone requesting you to make this a WiFi phone in its new update....please....please...";""
"36412";"339";"Asha 230";"";"2014-11-23 07:53";"NAVEEN";"Dear Sir  its realy like smart phone but there is no wi fi ..... so please update the virsion with wi fi connection sir .... please sir";""
"36413";"339";"Asha 230";"";"2014-11-18 16:08";"sam";"does wifi support after the updation? ";""
"36414";"339";"Asha 230";"";"2014-11-17 05:49";"";"This phone has many, many pros and cons... All of which would take all day to list and discuss. The end :) ";""
"36415";"339";"Asha 230";"";"2014-11-07 17:03";"Anonymous";"no";""
"36416";"339";"Asha 230";"";"2014-11-07 12:28";"Anonymous";"upgrade software the asha 230 and use wifi";""
"36417";"339";"Asha 230";"";"2014-11-07 08:57";"kalai";"word document is not opening...why so????";""
"36418";"339";"Asha 230";"";"2014-11-05 08:31";"Brijesh shukla";"my what's app is not runing ";""
"36419";"339";"Asha 230";"";"2014-11-02 13:38";"skgdnu";"is it possible to get or download an app that support wi-fi on nokia asha 230.if yes cn i hv the link";""
"36420";"339";"Asha 230";"";"2014-10-30 10:26";"Anonymous";"if you deleted them apps, download em again...";""
"36421";"339";"Asha 230";"";"2014-10-29 05:55";"sheamus";"is it support software & install apps ??? frnds plzz plzz help me";""
"36422";"339";"Asha 230";"";"2014-10-27 11:07";"Zimasa";"I deleted all my apps by mistake...so i don't know how to install it back please help me out";""
"36423";"339";"Asha 230";"";"2014-10-25 22:50";"Anonymous";"This 230 released in 2014 has worse technical specifications than the 501 released in 2013. What a rip-off.";""
"36424";"339";"Asha 230";"";"2014-10-25 16:37";"sheamus";"How to download uc browser & apps plzz help me";""
"36425";"339";"Asha 230";"";"2014-10-24 05:59";"Anonymous";"is it connect to wifi???????????? ";""
"36426";"339";"Asha 230";"";"2014-10-23 23:09";"ladyB";"Wanna buy dis fone o is it good for browsin";""
"36427";"339";"Asha 230";"";"2014-10-23 12:28";"siri";"frnd i want to buy this asha 230 is it internet good ?? plzz plzz plzz help me";""
"36428";"339";"Asha 230";"";"2014-10-20 11:07";"anu";"very bad wifi nad we cannot down load anything in this  ..hate this set";""
"36429";"339";"Asha 230";"";"2014-10-16 08:02";"Anonymous";"Frequently hanging ";""
"36430";"339";"Asha 230";"";"2014-10-15 14:48";"ajay dubey";"press image and option click a save image ";""
"36431";"339";"Asha 230";"";"2014-10-10 08:12";"Anonymous";"Used to think nokia was the best but now have doubts wasnt switchin on took it back and it was worse nokia express dissappea- cnt use it for 2 mnts white screen all the time";""
"36432";"339";"Asha 230";"";"2014-10-10 08:11";"Anonymous";"Why dont u try downloading opera mini.go to store click opera mini u'll see it on top";""
"36433";"339";"Asha 230";"";"2014-10-10 08:01";"Anonymous";"Why dont u try downloading opera mini.go to store click opera mini u'll see it on top";""
"36434";"339";"Asha 230";"";"2014-10-10 07:54";"Anonymous";"Used to think nokia was the best but now have doubts wasnt switchin on took it back and it was worse nokia express dissappea- cnt use it for 2 mnts white screen all the time";""
"36435";"339";"Asha 230";"";"2014-10-09 15:46";"favourskie";"does it minimize";""
"36436";"339";"Asha 230";"";"2014-10-09 09:05";"Anonymous";"while using more than 2 application in back end it become hang. ";""
"36437";"339";"Asha 230";"";"2014-10-08 19:39";"Anonymous";"please tell me how you installed network settings? because internet not working on my 230 :(";""
"36438";"339";"Asha 230";"";"2014-10-06 17:33";"subbu";"best mobile speed internet  64mb internal memory gud battery important social apps with low cost 3300";""
"36439";"339";"Asha 230";"";"2014-10-06 17:28";"subbu";"It iz best phone gud internet nice music specials featurs nice to look low cost and useful mobile";""
"36440";"339";"Asha 230";"";"2014-10-06 16:33";"shiva";"sorry for the post i thought it was nokia225.";""
"36441";"339";"Asha 230";"";"2014-10-06 16:29";"shiva";"this is not actually a nokia phone .bcause no nokia platform no java software. it wll not support any software it is other from nokia device.for old persons it wll be nice because they dont use net. it is like red button green button.";""
"36442";"339";"Asha 230";"";"2014-10-06 13:26";"Anonymous";"Frnds i want buy this phone say uses of this phone what are the features ? i wana internet speed is it support us browser ? Cost of the mobile Plzzzzzz reply";""
"36443";"339";"Asha 230";"";"2014-10-05 10:50";"Anonymous";"How pls tel me i dnt knw ";""
"36444";"339";"Asha 230";"";"2014-10-05 10:06";"Anonymous";"Can play youtube or not nokia ash 230 1 sim";""
"36445";"339";"Asha 230";"";"2014-10-05 03:21";"jan";"it is a good looking one but it has no pdf .pls any one help me to how to get read pdf is their any option ?";""
"36446";"339";"Asha 230";"";"2014-10-02 09:08";"anu deep";"very bad wifi is not there how can use phone ";""
"36447";"339";"Asha 230";"";"2014-10-02 09:07";"Anonymous";"very bad wifi is not there how can use phone ";""
"36448";"339";"Asha 230";"";"2014-10-01 11:26";"Anonymous";"how to change internet settiong to sim 2";""
"36449";"339";"Asha 230";"";"2014-09-29 11:29";"yasin ";"how can download images ";""
"36450";"339";"Asha 230";"";"2014-09-29 08:51";"X45";"No it doesn't have wifi";""
"36451";"339";"Asha 230";"";"2014-09-28 21:10";"amit";"vry bad phone..whts up is a big prob. for this phone.";""
"36452";"339";"Asha 230";"";"2014-09-26 18:39";"";"u not alone , big problem with whatup . crashes at all times , Bad network signal , cannot open battery cover easly need a knife to do it endless problems ";""
"36453";"339";"Asha 230";"";"2014-09-26 18:35";"";"Whatsup is a big problem on this phone somehow just stopped working and cannot download and open again. Stupid phone ,PLEASE HELP IF ANYONE KNOW HOW TO FIX THIS";""
"36454";"339";"Asha 230";"";"2014-09-24 18:28";"octavia";"network settings are way too difficult to install and as well mine has failed to load whats-app messenger ";""
"36455";"339";"Asha 230";"";"2014-09-24 13:40";"Anonymous";"guys i need one hellp,i dnt no how to use whatsapp in this mob,whatsapp is already ther but i cnt open ,itz nt working ,so plz hellp me";""
"36456";"339";"Asha 230";"";"2014-09-24 12:19";"Mim";"Great phone..good:download speed upto 30kbps,,amazing battery life(downloading upto 8 hours,video playback upto 7 hours),,,bad:music player not so good,,average java app support,doesn't support pdf,doc files";""
"36457";"339";"Asha 230";"";"2014-09-22 16:17";"";"yea sure you can go with this mobile but only fr a backup one!! its just a basic phone with good specs. battery life is very good am using this mobile for 6 months.. never felt bad .. after a full charge i use it fr listening music while jog and use to c videos and talk abt 2 hrs and it stands solid fr 2 complete days !! and the standy by is about a week .. i recommend for a backup phone .230 does it !!";""
"36458";"339";"Asha 230";"";"2014-09-21 14:58";"gey";"Can anyone tell me if it is an good idee to maybe buy this phone ";""
"36459";"339";"Asha 230";"";"2014-09-20 16:48";"Archana";"help me.....I wnt to purchase tell about this battery life";""
"36460";"339";"Asha 230";"";"2014-09-20 16:46";"Pawan";"Plz tell about battery back up on stand by and on use time";""
"36461";"339";"Asha 230";"";"2014-09-19 16:43";"george";"Very nice phone for price good value ";""
"36462";"339";"Asha 230";"";"2014-09-18 12:14";"Mim";"An amazing phone..it can play youtube videos at 180p high quality..use nokiaexpress browser..";""
"36463";"339";"Asha 230";"";"2014-09-17 11:04";"Meeee";"Why do i hve to reboot it everytym wen ders no network coverage??";""
"36464";"339";"Asha 230";"";"2014-09-15 12:49";"kanthi";"why album cover in music player of songs is not coming, but in 2700classic the album cover is coming.";""
"36465";"339";"Asha 230";"";"2014-09-15 08:23";"";"No... It doesn't support wifi.";""
"36466";"339";"Asha 230";"";"2014-09-14 17:21";"gideon";"Does it have WiFi ";""
"36467";"339";"Asha 230";"";"2014-09-12 10:47";"cicily";"Please help! How can we disable the screen auto rotation if not needed? How to increase the font size? How to change the alarm volume and alarm tone?  Please help!";""
"36468";"339";"Asha 230";"";"2014-09-12 06:48";"rebel";"does it have wifi? can't find it to connect!";""
"36469";"339";"Asha 230";"";"2014-09-11 18:41";"Sanjib shit";"is this available wifi on this phone ";""
"36470";"339";"Asha 230";"";"2014-09-10 20:26";"Kailan";"Check well there is whatsapp. I'm using one with whatsapp";""
"36471";"339";"Asha 230";"";"2014-09-08 13:22";"maya";"Can any1 pls tell whether youtube ia available or not can we watch videos ";""
"36472";"339";"Asha 230";"";"2014-09-04 13:01";"ananthu";"not bad";""
"36473";"339";"Asha 230";"";"2014-09-04 07:26";"Anonymous";"this phone is very nice.......super qty....";""
"36474";"339";"Asha 230";"";"2014-09-03 10:44";"Anonymous";"This phone is good in every respect, the Board , the Intelligent Java ( ASHA ), holds fast action , incredible picture quality and camera , and the price is good. I just wanted to ask those who know they are going to chip GPS or A-GPS only";""
"36475";"339";"Asha 230";"";"2014-09-02 16:38";"walid";"There are no whats app, so why you claim that there are whatsapp. ";""
"36476";"339";"Asha 230";"";"2014-09-01 21:44";"adilicious";"good work nokia.i hate to say this because i bought the other nokia asha 201 n nw cmes wt problem bt i wll try the touch my screen";""
"36477";"339";"Asha 230";"";"2014-08-30 05:36";"Anonymous";"Go in ur settings and click on sim managemnt and change data settings to always onlinei";""
"36478";"339";"Asha 230";"";"2014-08-27 12:04";"RAJAN";"unfortunately i bought this unable to send even messages since the letters are so small and unable type it at all.";""
"36479";"339";"Asha 230";"";"2014-08-24 07:39";"Anonymous";"plzzzzzz help me i wana knw iz diz cell suported for hike i had downloaded hike bt aftr strg it itz tlng sumthnk went wrong so plzzzz help me plzzz rply";""
"36480";"339";"Asha 230";"";"2014-08-21 17:03";"";"Very nice mobile. Internet speed also fast with Airtel. Whatsapp, line, wechat, fb nd twitter preloaded apps in this java mobile. Nice mobile in low range. Good work Nokia";""
"36481";"339";"Asha 230";"";"2014-08-18 16:29";"malcolm";"Hii there.. I was also facing some problem with this before but after clearing some memory from my memory card everything went alright. Try it, if it doesn't work then give a complaint to the dealer..";""
"36482";"339";"Asha 230";"";"2014-08-18 07:13";"nick";"can you conact that handset to wifi ??";""
"36483";"339";"Asha 230";"";"2014-08-17 20:40";"Anonymous";"i am facing problem with photo camera. while i click on capture it say that something went wrong....";""
"36484";"339";"Asha 230";"";"2014-08-17 17:41";"sardar toqir";"is this phone is g0od. . .";""
"36485";"339";"Asha 230";"";"2014-08-17 13:54";"annumal";"i cant established wathsapp on nokia asha 230";""
"36486";"339";"Asha 230";"";"2014-08-16 17:47";"samm";"i have some problems with my net conections!! Some times net work losts !! How can solve this problem?? Plzz reply ";""
"36487";"339";"Asha 230";"";"2014-08-15 19:28";"Dipanjan ";"Very slow phone... nd I think it is the worst phone i ever used..!!!";""
"36488";"339";"Asha 230";"";"2014-08-15 04:28";"anil";"Unable to download whatsap as it is showing system corrupt . kindly rectify ";""
"36489";"339";"Asha 230";"";"2014-08-12 20:07";"gina";"watsapp can be re installed its so cute and works fast charges fast";""
"36490";"339";"Asha 230";"";"2014-08-12 07:04";"Anonymous";"Download opera mini and open fb in opera mini download photos from fb";""
"36491";"339";"Asha 230";"";"2014-08-11 21:25";"Anonymous";"hi there i am facing problem in signing in whatsapp when i touch whatsapp my fb is gona open instead of whatsapp whati have to do can anybody help me?????";""
"36492";"339";"Asha 230";"";"2014-08-11 07:32";"FELIX";"can one install instagram";""
"36493";"339";"Asha 230";"";"2014-08-09 20:43";"Achim";"Unstalled apps like whatsap can't be reinstalled. What a worst experience on the use of this phone";""
"36494";"339";"Asha 230";"";"2014-08-06 12:44";"";"how did to uninstalled to apps..please tell them...my phone runing slowly...so have same delete in apps... ";""
"36495";"339";"Asha 230";"";"2014-08-06 12:34";"uk";"hold your finger on the app .then click the cross sign.";""
"36496";"339";"Asha 230";"";"2014-08-06 12:31";"uk";"what is A-GPS???pls tell me. Is thiz phone support gps??";""
"36497";"339";"Asha 230";"";"2014-08-06 12:25";"uk";"poor camera.unless its a good phone:) ";""
"36498";"339";"Asha 230";"";"2014-08-06 11:49";"";"how did to uninstalled to apps..please tell them...my phone runing slowly...so have same delete in apps... ";""
"36499";"339";"Asha 230";"";"2014-08-06 11:43";"Anonymous";"HOW DID uninstalled apps....pls tell them...";""
"36500";"339";"Asha 230";"";"2014-08-06 05:50";"Ripn";"One of the waste phone. don't buy this mobile, I bought this mobile june 17, at this time my mobile in nokia care >automatic switch off";""
"36501";"339";"Asha 230";"";"2014-08-05 16:46";"liku";"how to open back cover??????";""
"36502";"339";"Asha 230";"";"2014-08-04 09:22";"varma";"this phone headset in not a compartbul , ist used only mic not a lift buttion and music futures";""
"36503";"339";"Asha 230";"";"2014-08-01 15:09";"rinku";"I am unable to access whatsapp on this phone and internet and sound quality is also very poor.... hate this phone ";""
"36504";"339";"Asha 230";"";"2014-07-31 20:45";"walid";"this phone make problem connection to internet but after contact mobile customer i resolve the problem i have internet on my phone i can access to nokia apps update my phone firmware. I like the camera it's excellent and easy to use. If some one like to solve the internet connection problem contact me at : 4walid@gmail.com  :-)";""
"36505";"339";"Asha 230";"";"2014-07-30 21:30";"bozghash";"does it support viber????????????????";""
"36506";"339";"Asha 230";"";"2014-07-30 16:10";"L.K";"i didnt tried it yet may be in spetember";""
"36507";"339";"Asha 230";"";"2014-07-30 16:01";"Anonymous";"this phone gives a lot of problems you cant even open the back cover ";""
"36508";"339";"Asha 230";"";"2014-07-30 14:37";"yadav";"good but hanging . excellent device and internet ";""
"36509";"339";"Asha 230";"";"2014-07-29 15:45";"DINY";"this fone lags dnt buy this phone..it just hang sometimes";""
"36510";"339";"Asha 230";"";"2014-07-29 11:52";"fiban";"Then why they say nokia makes the best mobiles. may be they are fools.";""
"36511";"339";"Asha 230";"";"2014-07-29 07:10";"mandeep";"download uc browser";""
"36512";"339";"Asha 230";"";"2014-07-26 15:39";"bea";"I find it hard to open the back cover actually i can't open the back cover";""
"36513";"339";"Asha 230";"";"2014-07-26 03:04";"Sunny";"This phone is looking nice.but there was no feautures like downloading photos from facebook and couldnot support pdf apps ......pls tell me how to download photos from fb to this mobile.";""
"36514";"339";"Asha 230";"";"2014-07-25 01:59";"h md manzoor";"this phone is good the most good feature is loud sound and cute looks but the camera and internet speed upset me and the typing keypad is not good its very conjusted. good but not excellent";""
"36515";"339";"Asha 230";"";"2014-07-24 16:19";"sujit";"totally use less product..... ";""
"36516";"339";"Asha 230";"";"2014-07-24 12:58";"Anonymous";"useless phone , hangs all the time a lot. ";""
"36517";"339";"Asha 230";"";"2014-07-24 12:58";"Anonymous";"useless phone , hangs all the time a lot. ";""
"36518";"339";"Asha 230";"";"2014-07-23 18:00";"Gaurav 7870041467";"rubbish......,,, useless phone.. * hangs a lot * internet not fast * sometimes some app doesn't respond at all whereas other apps respond at that time, i.e single app may also hang. * nokia says that it has a capacitive touch screen whereas it has a resestive 1 which annoys me the most.  so friends, why 2 buy a java phone at this rate when u hav the option 2 get android for just an expense of some more bucks.......";""
"36519";"339";"Asha 230";"";"2014-07-23 15:45";"bapu bhoyer";"mahol............. ";""
"36520";"339";"Asha 230";"";"2014-07-22 03:50";"shiva";"fantastic everyone must buy this phone";""
"36521";"339";"Asha 230";"";"2014-07-21 22:14";"Anonymous";"not bd :-8) ";""
"36522";"339";"Asha 230";"";"2014-07-20 09:45";"uphar";"good but not best";""
"36523";"339";"Asha 230";"";"2014-07-19 18:17";"khan 143";"good mobile  ";""
"36524";"339";"Asha 230";"";"2014-07-18 00:57";"ashish";"java application download problem";""
"36525";"339";"Asha 230";"";"2014-07-17 08:26";"SUNNYGORIYA";"yes ths phone is looking better then other mobiles with cheap rates 3100 but screen size is not done with my satisfcation  ";""
"36526";"339";"Asha 230";"";"2014-07-17 08:25";"SUNNY GORIYA";"yes ths phone is looking better then other mobiles with cheap rates 3100 but screen size is not done with my satisfcation  ";""
"36527";"339";"Asha 230";"";"2014-07-16 08:57";"Salmal";"I bought this phone yesterday. fairly good touch phone as per the budget LKR 8,900/=. However, when i was listening the radio for quite sometimes. Loudspeaker/sounds stopped. So i tried play songs gave rings from other phone. but did not hear the sound. finally,turning off & on resolved the issue. anyone please reply what is the capacity of internal memory? ";""
"36528";"339";"Asha 230";"";"2014-07-15 07:28";"Anonymous";"first where do the messages got saved to delete it? and how to delete a single call entry.. received r missed.";""
"36529";"339";"Asha 230";"";"2014-07-11 13:28";"Riddhi";"Go to messages.select the one u want to delete.u will get a delete option,click on it n ur message will be deleted.";""
"36530";"339";"Asha 230";"";"2014-07-11 13:18";"x45";"hey bro i hv heard that it has single core processor only while the chipset(MSM8225) can support dual core tooooo.";""
"36531";"339";"Asha 230";"";"2014-07-10 10:53";"nomsa";"How do I delete messages???";""
"36532";"339";"Asha 230";"";"2014-07-09 17:40";"ravi";"hi friends, i brought this phone last week...those who are gona buy this listen to me carefully coz i am gona tell the true pros and coons of this mobile...  pros:  looks good build gud feels gud in hand good battery backup of 1.5 days on heavy use also battery charges faster  cons:  if u r a heavy texter, forget this...the keypad is so small u cant type at all...it will take atleast 3 minutes or more to type a small message of three lines...whatsapp chatng feels like hell with tiny keypad....the qwerty is much worse than the other...just forget about messaging and chatng in this mobile...u will hate it  this mobile hangs a lot..a lot means a lot...most of the time when u open internet it hangs, net is not tat fast..  when u r using internet nd browsing , if u accidentally swipe hard u will go to timeline...this will happen to u most of the time and hence u will have to reload the page all again...this is hell...nokia has not done good research on this..very bad feature ....  screen is so small u just cant zoom the photos...pinch to zoom is really tough to do...  nokia cud have made this OS much simpler but they hav made it very complicated....  and last wordings...frankly if u dont have enuf money nd is looking for a touch screen mobile or a second phone u can buy it...otherwise pls dont buy it ...add some money and buy a 4 inch screen mobile...touch screen mobiles r good to use if it has atleast 3.5 inch screen..otherwise u will go thru hell like this phone....i hv been using galaxy pro nd now i feel hell...i took this phone fr battery back up...the only advantage i feel...  ";""
"36533";"339";"Asha 230";"";"2014-07-07 22:12";"Jadeja Ajay N";"temple run2 not support  App lok not support ";""
"36534";"339";"Asha 230";"";"2014-07-07 17:58";"Anonymous";"Obviously, it support ";""
"36535";"339";"Asha 230";"";"2014-07-06 21:24";"Anonymous";"i can't download any app";""
"36536";"339";"Asha 230";"";"2014-07-06 18:08";"Khushi";"Yes, it supports";""
"36537";"339";"Asha 230";"";"2014-07-06 09:45";"shu";"Whats app support or not??????";""
"36538";"339";"Asha 230";"";"2014-07-05 17:49";"it.person";"System on Chip (SoC): Qualcomm Snapdragon S4 Play MSM8225 CPU: Dual core, 1200 MHz, ARM Cortex-A5 Graphics processor: Adreno 203 RAM: 64 MB";""
"36539";"339";"Asha 230";"";"2014-07-04 23:33";"Anonymous";"how can i find the megahertz of this phone?";""
"36540";"339";"Asha 230";"";"2014-07-04 19:18";"";"Everything works great, solid build, very smooth operating system, touch screen and loudspeaker is great but earpiece volume is low, I face problems in understanding the person on the other end when I am in noisy areas. ";""
"36541";"339";"Asha 230";"";"2014-07-04 16:19";"gaurav";"best mob in the world.....";""
"36542";"339";"Asha 230";"";"2014-07-04 03:47";"srt";"i dont know where to save msgs and how to save msg. as in other phones DRAFT folder is available.but in this phone, its really difficult to find some service provider's msg also. for the first time when i have to save the gprs settings msgs from my service provider. i am unable to do that. thats why i am unable to use internet also. i am sick of his hunt. kindly guide me how to find them.";""
"36543";"339";"Asha 230";"";"2014-06-27 21:20";"Anonymous";"Firstly,all phones these days have messages in conversation format,its easy and convenient,so don't crib.As far as ur earphone issue is concerned, buy the Nokia wh 208 model.It supports changing songs,fm channels and accepting and rejecting calls.";""
"36544";"339";"Asha 230";"";"2014-06-27 15:20";"Anonymous";"No segregation message on this model. Messages are in form of conversation mode, which can not be changed. 2nd- No changing of music/radio channels while pressing the earphone. I face uncomfortable with this model. Do not buy it... ";""
"36545";"339";"Asha 230";"";"2014-06-26 14:03";"Jacobs";"I Nokia Asha is the best, my problem is that I don't know how to use it yet. I bought airtime and I don't know where to load it. ";""
"36546";"339";"Asha 230";"";"2014-06-25 15:52";"";"Texts are clear.U may face an issue with typing though bcoz of the small screen.I can type on the asha 230 but not as fast as on my Lumia 620(it has a Swype keyboard).The nokia x series has a Swype keyboard too.";""
"36547";"339";"Asha 230";"";"2014-06-25 09:35";"Lovish Mittal";"its gud because its stylisg and its in my budget.if there is Wi-Fi then its more better.";""
"36548";"339";"Asha 230";"";"2014-06-25 04:14";"786";"Read somewhere that due to small screen texts arent so much clear ";""
"36549";"339";"Asha 230";"";"2014-06-24 22:46";"";"also i forgot to mention there is no wifi on this phone.if u want a wifi phone with similar specs at a low cost check out the nokia asha 500. also guys keep in mind this not a smartphone.it is just a feature phone.";""
"36550";"339";"Asha 230";"";"2014-06-24 22:11";"";"Guys I have been using this phone for a month now and I am very impressed with its build quality,durability,battery back up,ease to perform basic functions Here are the pros and cons 1)It has a strong build quality. 2)Glance screen and double tap to wake up(u may have to tap it thrice though) 3)Smooth Os  4)Fast lane for multitasking(it gives u a brief history of all the things u do.U can go back to any of things u did from fast lane. 5)slide notifactions that appear when u unlock ur phone. 6)a notification centre  7)decent camera quality 8)WhatsApp and other social networking apps 9)amazing battery back up(provided u don't use internet a lot) 10)low price Cons 1)low display quality as compared to smartphones(but helps saves battery as smartphones with very high quality displays consume battery really fast) 2)only 64 MB ram(not a gaming phone.if u want one buy a smartphone)  I ALREADY OWN A SMARTPHONE-LUMIA 620.I USE THIS PHONE AS AN OFFICE PHONE ONLY FOR BASIC FUNCTIONS.  IF U GUYS WANT A GOOD SMARTPHONE WITH ACCESS TO ALL APPS N GAMES CHECK OUT THE NOKIA X2";""
"36551";"339";"Asha 230";"";"2014-06-24 21:24";"";"U got to learn how to conserve battery.the usp of this phone is its stand by time";""
"36552";"339";"Asha 230";"";"2014-06-24 19:27";"nurul";"nice phone, worst standby. ";""
"36553";"339";"Asha 230";"";"2014-06-24 10:49";"paku";"if it support window os .then its better...";""
"36554";"339";"Asha 230";"";"2014-06-24 08:23";"Anonymous";"Can it play avi file? Can we do call through viber? ";""
"36555";"339";"Asha 230";"";"2014-06-24 07:20";"Samsung";"Hi!! wanna know if apps & games can be store/forward on memory card ?? Plz share ur overall personal feedback/review of 230?? ";""
"36556";"339";"Asha 230";"";"2014-06-24 07:05";"";"It is good enough for casual sharing and editing.colours look natural.";""
"36557";"339";"Asha 230";"";"2014-06-24 05:18";"Manish45678";"Its Very good as specification are maintained with good sounds and no word/comment.";""
"36558";"339";"Asha 230";"";"2014-06-23 17:32";"Anonymous";"The camera on this phone is very basic jst 1.2 mega pix...but what about its image quality when taken from this mob??? Is it vry frustating or is it good enough n can do the job for casual sharing n editing of photoes?? Plz answer...";""
"36559";"339";"Asha 230";"";"2014-06-23 12:10";"renju";"cool and good for everything . net speed is awsome . cool phone for the coolast price";""
"36560";"339";"Asha 230";"";"2014-06-22 13:01";"";"Its working well.Haven't faced any issues.";""
"36561";"339";"Asha 230";"";"2014-06-22 13:00";"";"If u planning to use internet alot then absence of WiFi might be a con.I suggest u to go for a smartphone in that case.If u r going to use it only for calling messaging n other basic functions,u won't find a better phone.";""
"36562";"339";"Asha 230";"";"2014-06-21 19:13";"786";"how 1.4 update working on this phone ?";""
"36563";"339";"Asha 230";"";"2014-06-21 19:05";"WWE";"Thanks bro... But any cons u feel ?? like no wifi etc.";""
"36564";"339";"Asha 230";"";"2014-06-21 16:13";"";"Keyboard is qwerty.no lag";""
"36565";"339";"Asha 230";"";"2014-06-21 03:54";"nurul";"coolest phone in cheapest price..! Jokers using samsung grow up ";""
"36566";"339";"Asha 230";"";"2014-06-20 19:59";"byaton clement";"Its internal memory is 64mb dnt worry it is perfect";""
"36567";"339";"Asha 230";"";"2014-06-20 19:29";"WWE";"Charging time is cool. Wat abt its keyboard (qwerty or normal) & does it lag ? ";""

