"43011";"381";"Asha 311";"";"2015-01-21 04:56";"Anonymous";"what is nokia doing asha 305 is running on 7.42 &my phone is still on 7.36 need upgrade as soon as possible";""
"43012";"381";"Asha 311";"";"2015-01-20 18:11";"Anonymous";"am using this phone past two years.......it is very good phone";""
"43013";"381";"Asha 311";"";"2015-01-18 16:38";"ajeet nigam";"this is nice cell as i m using this for last 2 years. so i recomend this.";""
"43014";"381";"Asha 311";"";"2015-01-14 17:39";"Anonymous";"ASHA 230";""
"43015";"381";"Asha 311";"";"2015-01-11 06:45";"Shreay";"Was happy with the phone initially, a cute budget phone . Unfortunately though the Nokia service centre let me down when I had an issue with the touch functionality. Now touch doesn't work and it is ready to be binned. Wouldn't recommend";""
"43016";"381";"Asha 311";"";"2015-01-06 01:18";"nick";"specs are ok for low cost handset";""
"43017";"381";"Asha 311";"";"2015-01-05 13:47";"Farhan";"If u forget the security code, then download nokia service suite(NSS) on ur pc. And google follow the instructions to know the security code.";""
"43018";"381";"Asha 311";"";"2015-01-04 13:02";"tyrosene";"the phone is out of league truly.forget it!!!";""
"43019";"381";"Asha 311";"";"2015-01-01 04:50";"kf";"if we forget the secuity code then what should we do? ";""
"43020";"381";"Asha 311";"";"2014-12-30 18:10";"Anonymous";"this phone should get update its currently running on 7.36";""
"43021";"381";"Asha 311";"";"2014-12-24 15:47";"kumar";"this is very bad mobile .dont buy it";""
"43022";"381";"Asha 311";"";"2014-12-16 22:05";"mubashar";"frndz its very good cell.verry good for use.camera is outstanding other asha models.whatsapp use too good";""
"43023";"381";"Asha 311";"";"2014-12-13 15:27";"sanjib";"my mob some problem,touchpad problme don't working my mob";""
"43024";"381";"Asha 311";"";"2014-12-10 16:53";"raja";"same problem software update and    change mobile  love u";""
"43025";"381";"Asha 311";"";"2014-12-09 10:34";"Sonu";"My phone have some problem. 1. phone disconnected from user end but still live from other end. This increase my bill.Why it happening. 2. I hear the voice from other end but my voice does not reach to the other end.3 This happens generally when it is on roaming. Please reply.";""
"43026";"381";"Asha 311";"";"2014-12-08 05:10";"KUMAR";"i have nokia asha 311 last two year but software problem phone automatically switch on & off please solve this problem";""
"43027";"381";"Asha 311";"";"2014-12-05 15:04";"pks";"i used it over one year,awesome touch.about 15days i used 2g network,hanging problem solved.happy with 311";""
"43028";"381";"Asha 311";"";"2014-12-03 16:49";"shubh";"as i am student this phone fullfills my all need it is just awsm. ";""
"43029";"381";"Asha 311";"";"2014-12-03 15:50";"Anonymous";"reset code 12345 ";""
"43030";"381";"Asha 311";"";"2014-12-03 09:25";"Tosh";"Am also using nokia asha311. And its a nice phn";""
"43031";"381";"Asha 311";"";"2014-12-02 15:25";"malesela";" i want to reset my factory settings, but it need a code which i dont kno, and it sumtimes tells me to reboot my handset, how do i do that, please help";""
"43032";"381";"Asha 311";"";"2014-11-27 06:35";"Annamarie";"I have a Nokia 311 sins yesterday my right hand button on the front stopped working I need to take the battery out to end a confersation or turn it of on the rigt hand side of the phone. At is under 2 years old does Nokia have a 2 year worrenty on the phone. Even if the retailer won't give it? I paid it right out and have not got a contracket as I pay as I go ,could you please help or send me in the rigt direction. As I don't want to buy a new phone as the retailer suggested.  Thank you for your support Kind Regars Annamarie ";""
"43033";"381";"Asha 311";"";"2014-11-25 19:34";"R n";"Its not a good the phn price";""
"43034";"381";"Asha 311";"";"2014-11-24 09:30";"Sqethe ";"Can't access my emails. No new spftware update available ";""
"43035";"381";"Asha 311";"";"2014-11-19 05:37";"haPPY";"Chandu is right.. My nokia asha 311 also never hang.. Hanging in very rare cases! And battery backup is also gud.. It is nice smart feature phone!";""
"43036";"381";"Asha 311";"";"2014-11-16 12:26";"Amal";"Yes i have problem like you. i dont know how repair it.";""
"43037";"381";"Asha 311";"";"2014-11-13 16:16";"Anonymous";"try 4 times zero for PIN";""
"43038";"381";"Asha 311";"";"2014-11-07 05:31";"antz";"Chandu is right it doesn't hank. Previously it would but after i got it updated form nokia gallery it's running smooth. No issues yet its more than a year now.";""
"43039";"381";"Asha 311";"";"2014-11-03 13:00";"Reach";"My phone verson is 7.36 but i can't use font khmer can you help me?";""
"43040";"381";"Asha 311";"";"2014-11-03 06:07";"";"How to read Malayalam language ";""
"43041";"381";"Asha 311";"";"2014-11-03 06:05";"Anonymous";"How to read Malayalam language";""
"43042";"381";"Asha 311";"";"2014-10-31 13:41";"";"Chandu,are you saying no hanging problem??? Well in my case my nokia asha 311 hangs too much! Does you really own this phone....? I am using this phone frome last 17 months(15-04-2013) Please guys, don't distract someone with wrong comments......!!!";""
"43043";"381";"Asha 311";"";"2014-10-31 13:38";"Anonymous";"Chandu,are you saying no hanging problem??? Well in my case my nokia asha 311 hangs too much! Does you really own this phone....? Please guys, don't distract someone with wrong comments......!!!";""
"43044";"381";"Asha 311";"";"2014-10-30 05:40";"Beepee";"I use 3g only buh i dont knw what you talkng abwt";""
"43045";"381";"Asha 311";"";"2014-10-29 13:42";"SUVA";"i like it";""
"43046";"381";"Asha 311";"";"2014-10-25 20:07";"Valentin";"It is not camera... it s a sensor";""
"43047";"381";"Asha 311";"";"2014-10-19 07:37";"Anonymous";"i love its look ...nt good fr apps";""
"43048";"381";"Asha 311";"";"2014-10-18 11:29";"Marvin";"My nokia asha 311 is king battery life never hang ";""
"43049";"381";"Asha 311";"";"2014-10-17 19:33";"Anonymous";"i repaired the phone 2 times but does not get satisfied, plz guys don't waste your money on it! because it hangs too much! when 3g is active the battery backup will reduce considerably!!!  also if you are downloading something in 3g mode you will get only 100-120kbps speed, after sometime nokia 311 gets heated too much, please don't buy.";""
"43050";"381";"Asha 311";"";"2014-10-17 14:33";"Chandu";"Excellent mobile buddies. No hanging problem, excellent camera. Mainly awesome battery backup. Fast internet. (Nokia is the only mobile to provide such an excellent service like fast net) It supports 3G. It is best to compare Cheap Samsung mobiles ";""
"43051";"381";"Asha 311";"";"2014-10-15 21:53";"pavan";"ya.....it's better when we use it carefully. i'm using it from 2 1/2 years..i like it very much. it will be a definite friendlyphone if u treat it like a fav peace.";""
"43052";"381";"Asha 311";"";"2014-10-15 20:50";"Anonymous";"Is nice bt doesnt want to connect me on viber calld";""
"43053";"381";"Asha 311";"";"2014-10-10 09:14";"Adee";"Totaly faltu phone.aftar a few days camera is Damn..nd anothr pblm is hang. I suggstd to all of u that dn't buy this phone better you buy nokia 1208 :-D ";""
"43054";"381";"Asha 311";"";"2014-10-09 19:33";"Anonymous";"the camera is average.....but it gets hanged most of d tym....it hs software prblm.......alltotal.....it is a TOTAL WASTAGE OF MONEY ";""
"43055";"381";"Asha 311";"";"2014-10-09 15:11";"Anonymous";"It has 1 yr. Warranty why dont you complain it in the store,where you bought it?";""
"43056";"381";"Asha 311";"";"2014-10-08 15:30";"";"Plz. Guys don't buy this phone at any cost. I am using this phone from 17 months and noticed that it always Hangs! It has so many WiFi issues. Wifi can't connect most times it says "wifi connection fail" even strenth was 40%. I have very bad experience and I am desided that I will never west my money on NOKIA. This Phone's price is 6,200/- you can get AndroidOne at this price!";""
"43057";"381";"Asha 311";"";"2014-10-06 11:10";"ben ranchez";"why it is not compatible to viber";""
"43058";"381";"Asha 311";"";"2014-10-05 09:34";"Vi";"Can u plz provide the link for 7.37 update....";""
"43059";"381";"Asha 311";"";"2014-09-30 11:57";"Anonymous";"Its a good phone.. i felt user friendly.. but as somebody said problems with RF chip/board... nokia care says it will take 2500 approx for reparing.. will get around 1000 for exchange.. i would like to get it repaired. but reliability will be still a question!!!!!! ";""
"43060";"381";"Asha 311";"";"2014-09-26 18:19";"Anonymous";"No it is not a real smart phone. Its camera is only 3. 15 MP without LED flash. .  Good camera phone are : Nokia n8, Galaxy Note 3 or Note 4 ect. . Asha 311 is good for calling or browsing for two or three hours. . Viber, Whatsapp supported but cannot compare with Lumia or Galaxy phone.";""
"43061";"381";"Asha 311";"";"2014-09-25 00:37";"Triyam";"Hi...friends the nokia asha 311 is a smartphone which is excellent ie, best java mobile which supports themes also, anyone facing with themes, just type in the google ie; www.mobile9.com website to download nokia 311 themes in case wallpapers type zedge. The nokia 311 having 3.2megapixel camera which gives excellent pics & natural colour of the nature,in case anyone facing brightness of the camera go to camera->options->pro->exposure, here u can maximize or minimize the brightness, even though nokia is cheap to buy it gives its best one. One advice friends love ur mobiles whether its a basic or multimedia it cares u every moment:-) Thankyou. Me too using nokia asha 311 excellent camera mobile.";""
"43062";"381";"Asha 311";"";"2014-09-22 12:46";"smajly83";"Can someone share an experience with FRIENDCALLER on 311?";""
"43063";"381";"Asha 311";"";"2014-09-21 10:23";"prince";"u will download opera ..";""
"43064";"381";"Asha 311";"";"2014-09-17 09:56";"get2";"good for nothing phone , Nokia has lost its charm .";""
"43065";"381";"Asha 311";"";"2014-09-16 05:10";"SIMEE";"cheapset complany in world ";""
"43066";"381";"Asha 311";"";"2014-09-13 13:22";"Sharky";"Poor phone, always been a huge Nokia supporter but very disappointed in this phone. Poor reception, just looses signal all the time even in the so called main reception areas.";""
"43067";"381";"Asha 311";"";"2014-09-13 13:11";"lali";"i have no any issue on this phone bcoz i m using it carefully  ";""
"43068";"381";"Asha 311";"";"2014-09-12 08:44";"Anonymous";"Useless phone. Suitable for those who don't mind having a low mp camera phone.Hate it ,wasting my money.No advantage owning this one phone.";""
"43069";"381";"Asha 311";"";"2014-09-12 07:45";"mpm";"Good phone except that it will develop issues with the RF chip sooner or later. Phone would switch off when you insert SIM. It is a known issue. I have Asha 311 for nearly 1 year now and service guy says it is not repairable. It will get upto 2000/- for exchange with new phone. ";""
"43070";"381";"Asha 311";"";"2014-09-10 15:02";"Theettam";"Its a nice modem for internet connection via pc with 2.5g and 3.5g.";""
"43071";"381";"Asha 311";"";"2014-09-09 12:59";"Anonymous";"Very very badph..they dont hav any oprion to switch screen rotation,dont have any proper themes,dont have a brightness option..plz guys dint go for dat ph...";""
"43072";"381";"Asha 311";"";"2014-09-08 01:33";"";"Except for the app update issues, and the lack of a newer software it is still the best Dumbphone / featurephone out there... though Mine may not count because I flashed mine with FW 7.37 French NRJ which lacks most/all non euro languages, but fixes most problems";""
"43073";"381";"Asha 311";"";"2014-09-07 18:06";"Anonymous";"Very worst mob. Poor camera quality in indoor, cant able to reduce brightness, no option to turn off the camera sound, cant set walpaper in homescreen, ";""
"43074";"381";"Asha 311";"";"2014-09-07 17:38";"Anonymous";"go to camera function, the 'Options' under camera function, then choose under 'Fun' , then switch to OFF";""
"43075";"381";"Asha 311";"";"2014-09-06 22:50";"Anonymous";"I am also using 311 ,and its bluetooth do not functions properly";""
"43076";"381";"Asha 311";"";"2014-09-06 15:33";"Mike";"I have a problem connecting to the internet. GPRS is on, Mobile data is on, yet not possible to connect. Only via wifi. Service provider cannot help me. Any ideas please?";""
"43077";"381";"Asha 311";"";"2014-09-02 16:13";"Anonymous";"I have also Nokia Asha 311. recently I've activated WhatsApp,it works smoothly without taking WiFi connection in my computer. But through this phone I can't use internet,email, F.book etc. what's the remedy,can anybody knows, then please write here.";""
"43078";"381";"Asha 311";"";"2014-08-31 08:19";"Anonymous";"hangs a lot";""
"43079";"381";"Asha 311";"";"2014-08-30 01:10";"me";"best, fast in browsing internet, awesome";""
"43080";"381";"Asha 311";"";"2014-08-29 14:25";"rahulkannan";"hang hang hang";""
"43081";"381";"Asha 311";"";"2014-08-28 18:40";"balu";"it's a.nice mobile because when mobile is put down to the floor it did not happend ";""
"43082";"381";"Asha 311";"";"2014-08-24 19:09";"Monu";"Hang hang hang hang.......";""
"43083";"381";"Asha 311";"";"2014-08-22 20:31";"";"Very nice feature phone with a nice design and N9 style icons.";""
"43084";"381";"Asha 311";"";"2014-08-22 10:08";"Happy";"Nokia asha 311 is Smart feature phone. I m using this phone since 1 year. You can watcha mp4 ,Wmv videos up to 640 p. And low avi upto 176*352 pixel. Im apps and games it is medium quality phone. There is one problem in my phone that now a days i can't able to upgrade the hike mesenger to v2.2.1. It is available in store but i can't able to upgrad it. If any one have idea, then pls help me. 'after upgrading from google, it is writing 'invalid certificate'. Pls help me.";""
"43085";"381";"Asha 311";"";"2014-08-21 17:11";"siddu";"don't go for nokia 311, becoz it hangs too much.";""
"43086";"381";"Asha 311";"";"2014-08-20 18:03";"PrasadH";"friends, i am looking to buy this handset in second hand market. i have some questions, after upgrade to latest software version (v7.36) is the hanging problem was solved or not? and what about battery backup? please reply me friends... i am thinking to take this phone for only browsing and downloading...";""
"43087";"381";"Asha 311";"";"2014-08-19 20:11";"Anonymous";"Security code";""
"43088";"381";"Asha 311";"";"2014-08-17 11:23";"mazibur rahman";"Nokia Asha 311,when browsing long time. that time hang-up.there is no facilites to other handset. so, i think Nokia Asha 311 third class mobile. plz, fnd.don't taken Nokia Asha 311. or nokia company.";""
"43089";"381";"Asha 311";"";"2014-08-13 14:11";"Favor";"This Phone is sleek, good and nice in looks. it has better internet performance BUT it has issues. i purchased mine and within a month it develop some problems. it hangs up any time. the screen touch became inactive.. Very frustrating! Don't go for it. though you keep it like an egg, still it would develop problems.";""
"43090";"381";"Asha 311";"";"2014-08-13 10:55";"Anonymous";"this is a great little phone and also very sleek. samsung products are not as good as this nokia hardware. low end droids are slow as a snail and are not recommendable at all. Buy asha because it's way better and won't ghet you annoyed by lagginess";""
"43091";"381";"Asha 311";"";"2014-08-12 07:19";"bablu";"this phone is 1 of the useless mob in the world. we cant compare it with any phone. very poor performance, hangs up every minute ,with its price , we can have some other better phones like samsung. please dont buy this phone...plz..plz..plz. ";""
"43092";"381";"Asha 311";"";"2014-08-10 18:06";"AD[";"i have same problem. please dial *#7780# this format your set,problem will be solved.";""
"43093";"381";"Asha 311";"";"2014-08-09 14:03";"Ravi";"nokia 311 is superb mobile but i lost...net speed is very very good....";""
"43094";"381";"Asha 311";"";"2014-08-08 04:26";"raj";"camara 25  fps only 15 fps";""
"43095";"381";"Asha 311";"";"2014-08-07 20:06";"Vishu";"Using n311 from a year.....not happy with this ...even nokia 501and 502 are better than this in sharing and ntfctns....whas the use of viber if we couldn't cal.................";""
"43096";"381";"Asha 311";"";"2014-08-06 14:25";"G";"Its just awesome phone.. Used it for an year without any problems.. Have dropped it many times.. And yet not even a scratch on screen.. Net speed is simply awesome.. Can view documents mails etc.. Sad they cant be edited.. What's app fb all run very smoothly ... Best phone from a good brand.. Battery is also very good.. ";""
"43097";"381";"Asha 311";"";"2014-08-06 07:23";"Anonymous";"Jst upgrade and it wil work,i did it. ";""
"43098";"381";"Asha 311";"";"2014-08-04 12:34";"Tharu";"Net speed is good";""
"43099";"381";"Asha 311";"";"2014-08-04 08:58";"om";"I want hindi fonts in my cell pls help me";""
"43100";"381";"Asha 311";"";"2014-08-03 18:57";"windscar";"batery wont last dat long ";""
"43101";"381";"Asha 311";"";"2014-08-02 22:44";"Teddy";"I can not use the new update application .help me";""
"43102";"381";"Asha 311";"";"2014-08-02 07:11";"Jasmine";"great quality. eventhough i've thrown this phone for many times but it still okay :D";""
"43103";"381";"Asha 311";"";"2014-08-01 18:43";"Anonymous";"my mobile is nokia 311, i update my phone today then all hindi font massage is not sopported what can i do";""
"43104";"381";"Asha 311";"";"2014-07-31 14:16";"Anonymous";"not so good... i bought it before 2 years it worked well only for 3 months... its lock button doesnt work properly.. dis phone automatically get switch off or restart...touch is very good..camera is also ok.... net works very much fast...i use it becoz of its speed. . i wud reccommend u not to buy dis phone.";""
"43105";"381";"Asha 311";"";"2014-07-31 08:30";"Nishu";"My phone is complaint eight times within one year .nokia service quality very bad.very very bad phone for five thousand range";""
"43106";"381";"Asha 311";"";"2014-07-30 19:33";"Moolam";"Check the sim card for any problem with another phone. if the sim card is faulty this phone restarts automatically and cant work . If the sim is ok with other phone and it shows no issues then the problem lies within the phone. Try to restore the phone and then put the sim. I think it may b the problem of the sim with my xprnc with this phone.";""
"43107";"381";"Asha 311";"";"2014-07-30 18:54";"babu";"how will i active java in my phone.... the java games which i dowload from internet, they are not running in my phone";""
"43108";"381";"Asha 311";"";"2014-07-30 17:46";"ando";"my Nokia Asha 311, is turning off after startup tone, when there's a sim card inserted on it, but when i remove the sim card and i turn on again, my phone did'nt turn off, in other words, i can use my phone when there's no sim card inserted, how can i fix it, is there someone have the same problem like me, how can i fix it?";""
"43109";"381";"Asha 311";"";"2014-07-27 09:23";"Moolam";"In one sentence its a simple internet phone.";""
"43110";"381";"Asha 311";"";"2014-07-26 22:36";"sherro";"gud Specification ...im using it... Nokia-asha-311";""
"43111";"381";"Asha 311";"";"2014-07-24 10:21";"PUSHPENDRA";"wawwwwww what a net speed";""
"43112";"381";"Asha 311";"";"2014-07-22 18:09";"Anonymous";"Good for gaming? Which good game you played on java phone?";""
"43113";"381";"Asha 311";"";"2014-07-21 05:45";"Theettam";"Nokia 311 users dont expect another software updates. It stops the updates. No new software updates.";""
"43114";"381";"Asha 311";"";"2014-07-20 05:28";"Anonymous";"Thanks for told about this subject.";""
"43115";"381";"Asha 311";"";"2014-07-18 11:39";"pinky";"I have been using it since 2 years,camera quality not bad,not gud too,net speed is just wow,for gaming purpose its also gud,it hangs a lot :( ,but it runs so smoothly";""
"43116";"381";"Asha 311";"";"2014-07-18 11:22";"samim";"one of the best product of nokia ";""
"43117";"381";"Asha 311";"";"2014-07-17 20:03";"Santosh kumar";"I forget security code";""
"43118";"381";"Asha 311";"";"2014-07-15 13:58";"";"my screen isn't working. i tried turning it off and takin the battary out but the touchscreen still isn't work. what to do please??";""
"43119";"381";"Asha 311";"";"2014-07-15 11:31";"KRN";"Lol its a worst phone ever produded by nokia.. we can only use for calling purposes.. The mejor draw backs are: 1. No text copiying  2. no any direct sharing to social app like whatsapp 3. Capture sound can not be mute even in silent mode 4. all the application are comes with lower configuration . (whatsapp,hike,wechat etc) 5. hangs when doing continuos chatting or say important chatting we hve to restart it.. 6. i have do my phone up-to-date every time but still it hangs and no more features could be added.. got too much irritate after buy it.. :/ 5.  ";""
"43120";"381";"Asha 311";"";"2014-07-14 13:47";"";"I think yes, as long as you have registered the phone number from the sim, you can use whatsapp. I can use whatsapp on a Phone without a simcard, as long as I haven't registered whatsapp on another phone with that number. You can use whatsapp only on one Phone at the time, so I think it won't be a problem.";""
"43121";"381";"Asha 311";"";"2014-07-14 10:39";"Theettam";"Asha is not android. It is s40 & supports some android apps. Good for fast internet.";""
"43122";"381";"Asha 311";"";"2014-07-13 19:28";"shary";"is nokia asha android ";""
"43123";"381";"Asha 311";"";"2014-07-12 16:15";"Gaz";"I have just received a Nokia 311 and it has a micro sim but not registered, can I still use whats app if I can get wi fi?";""
"43124";"381";"Asha 311";"";"2014-07-09 20:55";"Theettam";"First switch off the mob and then turn it on. If it is not worked after switching on then do either soft reset or hard reset. ";""
"43125";"381";"Asha 311";"";"2014-07-09 18:22";"niesha";"most of the apps that came on my phone stopped working... when i click on them it just blinked. any idea on what to do?";""
"43126";"381";"Asha 311";"";"2014-07-08 21:54";"Anonymous";" Gud work ... nice mobile ... i realy like this set ,,, i saw the review What Mobile Prices";""
"43127";"381";"Asha 311";"";"2014-07-08 11:33";"sourabh";"hey, just update the software of this phone";""
"43128";"381";"Asha 311";"";"2014-07-06 07:48";"Tony";"Vgy- just restore factory settings once.";""
"43129";"381";"Asha 311";"";"2014-07-05 17:40";"Anonymous";"How im goin to downl0ad or instal chika mesenger";""
"43130";"381";"Asha 311";"";"2014-07-05 17:19";"vgy";"I am using this cell for past 2 years now but nw its giving me problem. its getting automatically start after half and hour and sometimes v frequently as after every 10 minutes... please tell me whats wrong with it.....";""
"43131";"381";"Asha 311";"";"2014-07-04 20:51";"smajly83";"Is it VIBER compatible?";""
"43132";"381";"Asha 311";"";"2014-06-30 07:48";"sparrow";"very good set but too slow in volume";""
"43133";"381";"Asha 311";"";"2014-06-30 07:45";"Anonymous";"very good set but too slow in volume";""
"43134";"381";"Asha 311";"";"2014-06-29 15:22";"Cooker";"Dude, are u for real? Even my 2 year old sis can do that!";""
"43135";"381";"Asha 311";"";"2014-06-28 20:01";"ME888";"Whatsapp is crap, telling me to update it, it corrupted all my apps (can't open any of them).So I end up hard reset my phone. 1/2 hour gone, the screen is still blank. I think my phone is DEAD.";""
"43136";"381";"Asha 311";"";"2014-06-28 01:41";"Zah";"My wats app expired and I can't go to d nokia sore to dwnload it. Wen I try to open the store it flashes n doesnt open. I need he plz!!! Anyone!! I cant even gt to go online! D connection isthetr but it wont load!!!";""
"43137";"381";"Asha 311";"";"2014-06-26 14:20";"TAMAS PAL";"Dear sir/madam,  I am getting one problem with my nokia 311 after using. The problem is that vibration feedback setting is ON, but I am not getting vibration feedback. So, how can i get vibration feedback with my Nokia 311 touch screen mobile.";""
"43138";"381";"Asha 311";"";"2014-06-25 21:47";"Aparijithan";"Fast internet 2.5G and 3.5G.! Best phone for internet sharing via bluetooth/usb. I want updates with new features. Hey nokia !";""
"43139";"381";"Asha 311";"";"2014-06-25 21:43";"Aparijithan";"Fast internet 2.5G and 3.5G.! Best phone for internet sharing via bluetooth/usb.";""
"43140";"381";"Asha 311";"";"2014-06-21 20:18";"Vi";"No";""
"43141";"381";"Asha 311";"";"2014-06-20 07:24";"marvin";"Yeah nokia forget this unit";""
"43142";"381";"Asha 311";"";"2014-06-19 14:38";"Ishmeal";"Do ASHA 311 have a front camera?";""
"43143";"381";"Asha 311";"";"2014-06-19 05:33";"Idivettu sugunan";"Since 1 year there is no new software updates for nokia asha 311. I think nokia forgt dis model.";""
"43144";"381";"Asha 311";"";"2014-06-18 14:28";"Anonymous";"ok,,, NOKIA we like your phones very very much,,, but ever since you released ASHA models we experience a Lot of problems.. Try some other models like X, N, C, E series , please bring back Symbian phones,, Old models were better than ASHA.. I miss symbian phones,, were are they?? ";""
"43145";"381";"Asha 311";"";"2014-06-16 15:06";"rhea";"i hv bn usng dz ph snc a yr nd i shud say itz awesm.No btry prblm no browsing prblm, itz smply awesm...So dnt tnk n go 4 it by clsng ur eyes:-)";""
"43146";"381";"Asha 311";"";"2014-06-14 13:58";"Dilip";"What to do if the gorilla glass is broken ?????????????";""
"43147";"381";"Asha 311";"";"2014-06-14 03:57";"sunny";"hi saw ur review.wanted to ask is nokia asha good for viber application? can you make calls on viver from nokia saha 311?does the phone hangs or any other problems.plz reply.thanks ";""
"43148";"381";"Asha 311";"";"2014-06-13 14:51";"amylabu";"how to print screen use this phone?";""
"43149";"381";"Asha 311";"";"2014-06-13 08:40";"manu";"the worst phone i have ever owned. really disgusting but its price is not that low. Picture quality is awful. Low screen resolution. In web browsing, images are unclear. Simply the ugliest phone in the world. Trust me. Before buy you better had inspect the phone in a local store. Then you will see that. Graphics of web pages are unclear. ";""
"43150";"381";"Asha 311";"";"2014-06-11 17:23";"Idivettu sugunan";"Its a feature phone with 2g, 3g, wifi , 3.15 mp camera etc and it also supports whatsapp , we chat etc with very gud internet speed..! Its os is s40. so the gaming and other apps of this phone are below average. So if u want a feature phone for internet, call, camera (average 3.15 mp) whatsapp etc go for it. Other wise go 4 nokia x series. I am using dis phone for 1 year no problems till now.!";""
"43151";"381";"Asha 311";"";"2014-06-10 18:43";"dip";"Whatsapp doesnt work gud.. In this phone.. :-|";""
"43152";"381";"Asha 311";"";"2014-06-10 13:05";"jack";"i want to buy this please suggest me this product is okay or not";""
"43153";"381";"Asha 311";"";"2014-06-09 03:04";"praveena";"really tis a nice phone ya..";""
"43154";"381";"Asha 311";"";"2014-06-08 17:57";"hemant";"touching not working my phone, three time changed display what's problem ?";""
"43155";"381";"Asha 311";"";"2014-06-08 16:26";"059q1n5";"rm714";""
"43156";"381";"Asha 311";"";"2014-06-08 04:15";"";"why my phone can't on? when i charge, it also can't detect??? please help me";""
"43157";"381";"Asha 311";"";"2014-06-05 09:55";"Anonymous";"it get hang again and again during internet work. ";""
"43158";"381";"Asha 311";"";"2014-06-02 08:43";"Rakesh";"Battery back up is not at all good";""
"43159";"381";"Asha 311";"";"2014-06-02 07:49";"Anonymous";"Good phone iam useing nokia asha but aning problam same time";""
"43160";"381";"Asha 311";"";"2014-06-01 19:16";"Kamal kumar";"Best 3G";""
"43161";"381";"Asha 311";"";"2014-06-01 10:29";"BP";"nokia asha 311 is java (j2me) based phone";""
"43162";"381";"Asha 311";"";"2014-05-31 08:18";"mam";"android or what?";""
"43163";"381";"Asha 311";"";"2014-05-30 05:36";"bapun";"thanxs......";""
"43164";"381";"Asha 311";"";"2014-05-29 07:01";"Nihal";"3g";""
"43165";"381";"Asha 311";"";"2014-05-28 12:23";"Anonymous";"How can I turn off camera sound";""
"43166";"381";"Asha 311";"";"2014-05-25 16:20";"Srijit";"its best phone in the world available yet net speed is talking with air gaming graphic is amazingly better a awesome mobile";""
"43167";"381";"Asha 311";"";"2014-05-25 03:20";"Anonymous";"useless phone.It sometimes auto answers and hangs off. Once there was a problem in switching on the phone. When the sim card removed only it swithed on. I took it to the shop where I bought it . They sent it for repair but could not correct it. They gave me another phone of the same brand as it was within the warranty period.This too auto answers and hangs off. Another problem now is when it is connected to the charger, it auto opens messages sends smss change ring tones deletes some contacts etc. I took it to the repair centre again last week. They gave me back after putting software again and they formatted my memory card thinking that it may have had viruses. Still the problem persists. I wonder what to do. After buying this phone I really doubt about Nokia phones.";""
"43168";"381";"Asha 311";"";"2014-05-23 08:21";"Pankaj";"Yes, i am using whatsAPP.";""
"43169";"381";"Asha 311";"";"2014-05-22 04:56";"arko";"i am using this phone 1 year passed.....its net speed is good.but it hangs a lot of time.......the games graphics are very very poor and i will give this phone out of 10 i will give 4 ";""
"43170";"381";"Asha 311";"";"2014-05-19 11:55";"vinay";"Its not have that option... Because its nokia.";""
"43171";"381";"Asha 311";"";"2014-05-19 08:04";"";"I also encountered same problem previous year. If your phone is under warranty, you can go to Nokia Care Center who will help you in sorting this problem. ";""
"43172";"381";"Asha 311";"";"2014-05-19 08:00";"";"I have been using this phone for past one year, it has some serious issues regarding it's OS. The games available in the store have very poor graphics as compared to the same game in the android. Thought the phone has 1 Ghz processor but it hangs quite often. There is no GPS in the phone. Apart from this, the phone has a poor camera though it is 3.2 MP, but the image quality is quite poor. There is no Sweep Panorama, Smile Shutter,Face Recognition. The overall interface feels quite outdated. The internet in the phone is fast, perfect for 2G. I feel I wasted my money in buying this phone. Those who are thinking of buying this phone , please compare it with mobile sets of Samsung, Micromax which provide a much better interface than this crap phone.";""
"43173";"381";"Asha 311";"";"2014-05-16 06:35";"Manee";"Please update the mobile software v7.36 to higher";""
"43174";"381";"Asha 311";"";"2014-05-15 20:33";"Mazibur Rahman";"(Nokia Asha 311)plz,Be Carefull..not support to any games, when ussing facebook or whatapps long time hanging..its not good phone.";""
"43175";"381";"Asha 311";"";"2014-05-15 12:41";"vinay";"Its look like a very smart..... but its work is totally zero and not support to any games. after using internet long time its hanging. Totally its not good compare to old phones from nokia";""
"43176";"381";"Asha 311";"";"2014-05-15 11:53";"Nil";"Its a third class phone.It only good for phone purpose and average internet........ Not a good one.......... It is poor for every thing specially game. It does not support any game..........";""
"43177";"381";"Asha 311";"";"2014-05-15 06:24";"Anonymous";"Open camera then options setting n sellect shutter sound off";""
"43178";"381";"Asha 311";"";"2014-05-15 06:13";"Owusu";"Built with ambient for automatic light adjustent";""
"43179";"381";"Asha 311";"";"2014-05-14 04:59";"";"Hello sir/ma'am, I have a phone like this and I accidentally drop it into the water and I pick it up as fast as I can and wipe it to dry out the water. Because of panicking and the phone was off I turned it on to check if it's ok and at the first it's normal but the speaker where different. Suddenly, it vibrate and the screen pictures were fading and turn to black and white. I dry out the phone for a week and the LCD screen now where gleaming and I can't see any pictures only the NOKIA logo. I have checked it to the technician and he clean the board with lacquer thinner to remove the unwanted waste, but there is no improvement at all. So may question is do i have to changed the LCD or there is something wrong with the circuits of my board? Am open ears to any suggestion. Thanks!!!";""
"43180";"381";"Asha 311";"";"2014-05-13 11:29";"surya";"my asha is not supporting to download any game  how can i download games in my phone  please help.....! thanks in advance ";""
"43181";"381";"Asha 311";"";"2014-05-12 09:14";"";"nice phone,used it for 1 year,good camera,average internet speec in 2g network,owesome display because of its special; glass very much like the clearblack display,multimedia along with games are also good,test can be read in sunlight,and worth buying.";""
"43182";"381";"Asha 311";"";"2014-05-12 03:23";"AriiBoo";"Can Nokia Asha 311 support whatsapp and skype?????";""
"43183";"381";"Asha 311";"";"2014-05-11 13:59";"Anonymous";"if u have problem in intrnet connection u can look google there r so many threads on how to reset connectivity and camera shutter issue";""
"43184";"381";"Asha 311";"";"2014-05-11 13:57";"awet";"download camera shutter off look at google";""
"43185";"381";"Asha 311";"";"2014-05-11 10:56";"jeevo";"no multi tasking..no minimize option..for apps.working good";""
"43186";"381";"Asha 311";"";"2014-05-08 17:22";"Tofan";"Mee too bro";""
"43187";"381";"Asha 311";"";"2014-05-08 15:29";"vidyarti";"I hate this phone. It deletes contacts--you cannot text--it rarely manages to connect to a network--you cannot add info to contact listings. In short, it is absolutely the worst phone I've ever had. I will never ever buy a Nokia again. ";""
"43188";"381";"Asha 311";"";"2014-05-08 11:34";"";"I'm nokia 311 user, with V 07.36 16-05-13 RM-714 (c)Nokia firmware,after updating firmware : - 311 can't play the radio if headset/earphone is plugged, then when music/video is playing there is no sound out, it'll run well if headshet/earphone unplugged - Internet connectiom can't run waell when open many tabs and should be turned data off and theen turn it on again to get better connection, however nokia C1 always has good connection when opening many tabs. - many times failed when installing aplication and should try over and over It's very bothering me and really hope nokia can fix it( updating the latest firmware)sooner";""
"43189";"381";"Asha 311";"";"2014-05-07 17:01";"manu";"The most stupid, disgusting, low screen quality packed phone i have ever seen in my life. DONT BUY. I once wasted my money on this phone.";""
"43190";"381";"Asha 311";"";"2014-05-05 13:56";"adii";"how we can turn off the camera shotter sound of asha 311";""

