"12494";"117";"ATRIX TV XT682";"";"2013-12-19 20:02";"Randy";"Why any body will gift you?";""
"12495";"117";"ATRIX TV XT682";"";"2013-12-10 14:53";"RIZAN TIRA";"make it 21mbps/double loud speaker for stereo sound(Tab standard)/CPU 1.5 GHz...that's great";""
"12496";"117";"ATRIX TV XT682";"";"2013-10-18 04:31";"dj";"Express Delivery";""
"12497";"117";"ATRIX TV XT682";"";"2013-09-11 18:22";"Indiana Jones";"Heya, please share your address. We can drop the phone by air.";""
"12498";"117";"ATRIX TV XT682";"";"2013-06-09 18:24";"wajji";"hi frndz im wajji from pakistan plz any bady gift this mobil i dont have mony.";""
"12499";"117";"ATRIX TV XT682";"";"2013-04-28 10:31";"Erich_ET";"The phone has a update for ICS";""
"12500";"117";"ATRIX TV XT682";"";"2013-04-12 07:52";"tre";"i love motorola  motorola may hert";""
"12501";"117";"ATRIX TV XT682";"";"2013-02-16 22:53";"Pj";"i hade the Motorola ATRIX and the 2. i like the atrix 4g more.So im hoping this one is batter or somethen like the Atrix 4g ";""
"12502";"117";"ATRIX TV XT682";"";"2013-02-09 03:56";"MOHD WASIM";"it's best phone to accodin me as wll as there is no fesletise more then";""
"12503";"117";"ATRIX TV XT682";"";"2012-11-28 16:49";"ps";"i hav been using motorola z3 and im looking 4wad 2 use more advanced phones from motorola.so far motorola are the best phones worldwide.";""
"12504";"117";"ATRIX TV XT682";"";"2012-10-06 08:05";"allan";"not 4g, not dust and water proof, no document editor,";""
"12505";"117";"ATRIX TV XT682";"";"2012-09-04 15:33";"Anonymous";"sm megamall";""
"12506";"117";"ATRIX TV XT682";"";"2012-08-26 23:07";"jeff";"Moto Phones are some of the best phones out there most of the people at my work have them and not one of them have ever had or will have a problem with them. before you post comments about things you might want to actualy talk to people and get there opinions and look at the facts first.";""
"12507";"117";"ATRIX TV XT682";"";"2012-08-11 02:41";"CaieX";"Adreno 200. . .512 RAM . . . WTF is this ? - it's a chinese phone with a motorola logo !";""
"12508";"117";"ATRIX TV XT682";"";"2012-08-05 08:55";"JD";"Where can I find Motorola distributors here in the Philippines? Help please! I'm looking forward to buying a Motorola handset. ";""
"12509";"117";"ATRIX TV XT682";"";"2012-08-01 12:47";"Athanat";"Why don't you release this kind of phones (with TV-tuner) for another markets? :/";""
"12510";"117";"ATRIX TV XT682";"";"2012-07-28 23:14";"Anonymous";"video vga?? in june 2012? ARGH!!!";""
"12511";"117";"ATRIX TV XT682";"";"2012-07-25 01:14";"Anonymous";"More info(In Portuguese) ";""
"12512";"117";"ATRIX TV XT682";"";"2012-07-20 22:43";"Anonymous";"Yesterday, 19/07, there were some news about a dual chip version of this phone in Brazil (price: R$ 1.099,00 - brazilian Real).  Does someone have more information?";""
"12513";"117";"ATRIX TV XT682";"";"2012-07-15 15:35";"Anonymous";"ha.hahaha";""
"12514";"117";"ATRIX TV XT682";"";"2012-06-28 18:18";"";"useful only every 2 years once...Olympic and World Cup Other times, u won't even bother to pull up the antenna";""
"12515";"117";"ATRIX TV XT682";"";"2012-06-25 05:18";"";"This is a lower-mid range phone intended for sale only in Brazil. Our DTV standards make easier for gadget makers to embed DTV receivers on their products, so we have all sort of tech gadgets with DTV around here: dumbphones, smartphones, tablets, GPS receivers, laptops and even desktops. Motorola, LG, Samsung and Nokia are among the makers which already released DTV-compatible products around here.  Motorola picked the trademark "Atrix" because it's already well known in Brazilian land. Since this is not a flagship (it's actually kind of a niche product), they must have decided it would be less expensive that way.";""
"12516";"117";"ATRIX TV XT682";"";"2012-06-20 15:05";"nai97";"where can i buy this? anyone who knows?";""
"12517";"117";"ATRIX TV XT682";"";"2012-06-18 18:34";"KYOSHI";"plz go for android 4.0 version waiting";""
"12518";"117";"ATRIX TV XT682";"";"2012-06-17 14:25";"mtx";"What is this";""
"12519";"117";"ATRIX TV XT682";"";"2012-06-11 18:13";"Kc";"Is the Tv function available for HK??";""
"12520";"117";"ATRIX TV XT682";"";"2012-06-11 17:12";"";"What you mean after one year Moto phones are garbage??";""
"12521";"117";"ATRIX TV XT682";"";"2012-06-09 05:12";"Logical Perception";"Maybe because they come with LOCKED bootloaders and software updates are eons after any other popular manufacturers such as Samsung/HTC etc.  Iv had the Droid razr for 4 months, got sick of it then sold it, Moto did not stick to their promise, ICS still not available, boot-loader locked, no firmware support from android community, disgusting really, i vowed never to buy a Moto branded product again. Like they say, looks can be deceiving and thus the trap i fell into with the razr.";""
"12522";"117";"ATRIX TV XT682";"";"2012-06-09 04:10";"luhn ";"im sorry motorla phones are just garbage .. good for only one year and then its just garbage .. on top of it there customer service sucks thats why not lots of people buy there expensive phones ..";""
"12523";"117";"ATRIX TV XT682";"";"2012-06-08 18:23";"Anonymous";"this is a great phone bt motorola should expand their selling options ....";""
"12524";"117";"ATRIX TV XT682";"";"2012-06-07 16:09";"AD";"Motorola dosent advertise lyk samsung and nokia thts y. . few ppls get to knw. . PPLare blind fan this days";""
"12525";"117";"ATRIX TV XT682";"";"2012-06-07 10:07";"Anonymous";"To fill in the blanks, it comes with HW4X battery, 1735~1785mah. in a 119.8 x 60.5 x 9.99mm volume.";""
"12526";"117";"ATRIX TV XT682";"";"2012-06-06 15:43";"I'm no fanboy !";"Motorola phones are great don't know why a lot of people don't buy'em";""
"12527";"117";"ATRIX TV XT682";"";"2012-06-06 10:14";"Anonymous";"so is it like start expectng jus a 5 mp camera?720p vid recording?this is what u say HIGH END galaxy r gives. . .jus check this comparision btween atrix2 and galaxy r.atrix2 is even cheaper in price here and the holds the specs what a high end phn shud give ";""
"12528";"117";"ATRIX TV XT682";"";"2012-06-05 17:15";"Mastermind";"True, but there is no Atrix 4G capable. The Atrix 4G its just the name, look the networks, there´s only 3G";""
"12529";"117";"ATRIX TV XT682";"";"2012-06-05 11:27";"";"They dont like criticism, hence you get booted off. They know best! That's why we have so many unpopular phones that don't sell well, and companies go bust ....they don't listen! Let them go bust, and sites that subdue free thought.";""
"12530";"117";"ATRIX TV XT682";"";"2012-06-05 11:22";"";"Looks like a motoluxe, well it is. Slightly faster processor, and well TV. Atrix, not sure where that enters the equation, only that original atrix failed to sell well. Wish the UK would get this device, is it a digital TV tuner? Reminds me of my Casio pocket tv of years ago used that a lot at the time, useful. ";""
"12531";"117";"ATRIX TV XT682";"";"2012-06-03 18:02";"";"Galaxy R is mid-range for you?? It was a high-end device last year. This phone is mid-range, because of it's CPU and small internal storage.";""
"12532";"117";"ATRIX TV XT682";"";"2012-06-03 14:23";"Cool atrix";"So true, atrix phones are high end smartphones with a dual core processor and 4g too this phone is more of a mid range motoluxe, they shouldn't hav named it atrix! ";""
"12533";"117";"ATRIX TV XT682";"";"2012-06-03 04:36";"tralala";"yeah,,,, that my phones";""
"12534";"117";"ATRIX TV XT682";"";"2012-06-02 20:51";"DHAN.TA.NAN";"lols. . . .wd be intrestng if samsung, nokia wd hv launchd this mobo popularity index 70 percnt atleast votes 1000+ likes 500+ lol he he. , ppls are sick of brand as if those company r gona gift this peeps thy profit share.this kinda sick minded ppls wud yell heavy praises 4 even a crap phn their darlng company makes n r ready to point out slightest f shortcmmngs f da othas pathetics";""
"12535";"117";"ATRIX TV XT682";"";"2012-06-02 20:16";"Anonymous";"cant say a entry level but an advanced mid range phone better specs than xperia ray and neo v and even motoluxe.it is infact better than the orignal atrix but not as good as dual core atrix 2 ( low price clone of samsung galaxy s2)";""
"12536";"117";"ATRIX TV XT682";"";"2012-06-02 20:06";"Anonymous";"Which mid range phn u talking abt?samsung galaxy ace or galaxy r? ;-) samsung wud have launchd this samsung fans wud have laurels 4 it as samsung knows publicity";""
"12537";"117";"ATRIX TV XT682";"";"2012-06-02 17:48";"UallRdumb";"This phone is entry level. And it's only for Brazil. It's just an overclocked MotoLUXE with a TV antenna. In Argentina it will be called MotoSmart Plus. In Brazil it's an Atrix TV... but it's just a MotoLuxe. It shouldn't be called Atrix though. Atrix phones are high end. This certainly is not. Anyway, don't hate this phone. It's just a cheap entry level smartphone!";""
"12538";"117";"ATRIX TV XT682";"";"2012-06-02 12:50";"";"Why my comment was deleted?? I will tell my opinion again. I don't want to mock Motorola, but this will probably fail! As I said, a mid-range phone need a Dual Core CPU. A mid-range phone also need a bigger internal storage, but powerful battery could save this model from failure.";""
"12539";"117";"ATRIX TV XT682";"";"2012-06-02 09:42";"nai97";"coooooooool  i really hope that the reception will be great";""
"12540";"117";"ATRIX TV XT682";"";"2012-06-02 09:37";"i.love.tv";"Wow t.v mobo thts g.r8! So cool nice design n gud features";""
"12541";"117";"ATRIX TV XT682";"";"2012-06-02 08:39";"Anonymous";"nice job ";""
"12542";"117";"ATRIX TV XT682";"";"2012-06-02 02:36";"";"It's official. Motorola has lost all touch with the mobile world.";""
"12543";"117";"ATRIX TV XT682";"";"2012-06-02 00:27";"kdavid991";"Greatproduct from Moto ";""
"12544";"117";"ATRIX TV XT682";"";"2012-06-01 21:13";"b";"ATRIX with Adreno 200 onboard. My God, Motorola will bankrupt soon. ";""
"12545";"117";"ATRIX TV XT682";"";"2012-06-01 18:21";"";"Oh dear, who will buy this phone?? Even a mid-range phone need to have a Dual Core CPU in these days, and a bigger internal storage. If it has a good battery, they could have success, but otherwise they will not have with this model.";""
"12546";"117";"ATRIX TV XT682";"";"2012-06-01 18:01";"ali";"Good";""

