"12443";"116";"ATRIX TV XT687";"";"2015-01-12 12:14";"anand";"What is the capacity of the battery? mah.";""
"12444";"116";"ATRIX TV XT687";"";"2014-12-26 07:46";"indian";"hi guys....... i want to know about it's user available internal memory";""
"12445";"116";"ATRIX TV XT687";"";"2014-11-21 16:43";"Ujjal";"Hello can you help me in rooting my atrix xt687";""
"12446";"116";"ATRIX TV XT687";"";"2014-11-13 19:16";"Anonymous";"Low memory space: 388 MB. Never saw like that...";""
"12447";"116";"ATRIX TV XT687";"";"2014-04-11 04:33";"Rocket";"its to bad the Motorola phone are the best looking phone in the world.But I had three of the Motorola phone the longest lasting was eighteen months.Don't wish to own any more Motorola products.";""
"12448";"116";"ATRIX TV XT687";"";"2013-08-11 22:45";"niemzie";"Why xoes my phone keep blinking its brand new and i have had nothing but problems no memory space and omg im sorry i baught one ";""
"12449";"116";"ATRIX TV XT687";"";"2013-02-20 10:58";"winsp";"this available in indonesia?  can I buy by phone?";""
"12450";"116";"ATRIX TV XT687";"";"2013-02-11 06:35";"JA";"In witch state of India its available  ";""
"12451";"116";"ATRIX TV XT687";"";"2013-02-07 12:26";"Rio";"Follow the tutorial to root any ICS / JB device. Type in google: xda bin4ry Root MANY ANDROID!  Probably the first option is the tutorial that you need. ";""
"12452";"116";"ATRIX TV XT687";"";"2013-02-02 18:29";"naval";"yes its available in india";""
"12453";"116";"ATRIX TV XT687";"";"2013-01-22 16:14";"RHL.";"When will the Motorola Atrix XT687 TV in America?";""
"12454";"116";"ATRIX TV XT687";"";"2013-01-21 19:54";"Sumit Nirwan";"Did you help me, how can I solve this problem with my mobile....";""
"12455";"116";"ATRIX TV XT687";"";"2013-01-13 15:55";"Mauro Zyl";"I Got root access. If my XT687 was good now it's better after installing LINK2SD. Now I have no internal memory problem. ";""
"12456";"116";"ATRIX TV XT687";"";"2013-01-06 06:44";"Rustami";"Greetings,  would you please tell me where can i purchase this phone ";""
"12457";"116";"ATRIX TV XT687";"";"2012-12-28 01:08";"";"The best phone, quick, good microphone and speaker, batery seems good. Thats my first opnion The reception digital TV is good. Both sim cards working very well. I change original micro sd 4Gb to 16Gb.  ";""
"12458";"116";"ATRIX TV XT687";"";"2012-12-28 01:08";"";"I'm from Brasil too ";""
"12459";"116";"ATRIX TV XT687";"";"2012-12-28 01:06";"";"The sim is normal size and came with 4Gb micro SD ";""
"12460";"116";"ATRIX TV XT687";"";"2012-12-28 01:00";"";"I'm from Brasil too ";""
"12461";"116";"ATRIX TV XT687";"";"2012-12-28 00:57";"";"The best phone, quick, good microphone and speaker, batery seems good. Thats my first opnion The reception digital TV is good. Both sim cards working very well. I change original micro sd 4Gb to 16Gb.  ";""
"12462";"116";"ATRIX TV XT687";"";"2012-11-26 20:46";"Rio";"Yes, ICS ! I'm from Brazil, RJ, the target country for this product and I've just bought one. You can realize that the manual owner is written in Portuguese only an it is available to download only in Brazilian Motorola site. ";""
"12463";"116";"ATRIX TV XT687";"";"2012-11-25 21:17";"RJ";"is it having only 150 MB? in same price range you can easily get atleast 512MB. Motorola want to out from race? ";""
"12464";"116";"ATRIX TV XT687";"";"2012-11-12 18:29";"Deepak";"i guys pls guide me, can i make video calls directly or do i have to make video calls throug other software ?";""
"12465";"116";"ATRIX TV XT687";"";"2012-10-28 16:58";"Mustafa";"When its comiug Bangladesh?tel me????????»";""
"12466";"116";"ATRIX TV XT687";"";"2012-09-27 05:08";"Leandro";"I'm from Brazil,this phone comes with Android v4";""
"12467";"116";"ATRIX TV XT687";"";"2012-09-14 02:15";"alexandre";"Hi, no itsnt 150 mb its 300 mb user avaiable";""
"12468";"116";"ATRIX TV XT687";"";"2012-09-06 06:02";"Anonymous";"150mb internal?  seriously?  omg, sucks";""
"12469";"116";"ATRIX TV XT687";"";"2012-09-03 19:31";"Anonymous";"Is this a HD video camera?";""
"12470";"116";"ATRIX TV XT687";"";"2012-08-31 17:42";"Balaji Shinde";"It is easy to get service in Navi Mumbai Area.";""
"12471";"116";"ATRIX TV XT687";"";"2012-08-31 11:06";"abduldala";"I agree with U.";""
"12472";"116";"ATRIX TV XT687";"";"2012-08-31 03:12";"Gjergji";"thanks moto hello moto";""
"12473";"116";"ATRIX TV XT687";"";"2012-08-31 03:10";"Gjergji";"The best phone ever. Motorola was and is the best cellphone . It will be alwayes the best. Thanks MOTO Hello MOTO";""
"12474";"116";"ATRIX TV XT687";"";"2012-08-28 01:49";"Implacavel";"Yes for Brazil";""
"12475";"116";"ATRIX TV XT687";"";"2012-08-24 12:58";"Al Mat";"This phone is for Brazil...";""
"12476";"116";"ATRIX TV XT687";"";"2012-08-23 16:44";"Anonymous";"Where I can buy this mobile phone";""
"12477";"116";"ATRIX TV XT687";"";"2012-08-22 23:03";"Mizba";"What time it will be available in Saudi Arabia.?i want to by this";""
"12478";"116";"ATRIX TV XT687";"";"2012-08-22 11:43";"Anthony AngeloCalalo";"When will it be available in Manila, Phillippine? I really like quality durable mobile android phone with TV";""
"12479";"116";"ATRIX TV XT687";"";"2012-08-22 01:38";"betoroad";"Very good phone, except for the memory. That is better in BLU Vivo (but it lacks in the display). Why is so difficult a almost perfect dual sim? :)";""
"12480";"116";"ATRIX TV XT687";"";"2012-08-22 01:19";"betoroad";"Hum... ICS 4.0.4 confirmed. And a 1735mAh battery.";""
"12481";"116";"ATRIX TV XT687";"";"2012-08-21 05:16";"Welson";"Does this phone include the GPS map software ready inside??";""
"12482";"116";"ATRIX TV XT687";"";"2012-08-20 12:17";"man.dia";"check motorola photon 4g mb855, good specs than this and still the cost is less even it was 1 year older(what hpnd to spec designers ?????) ";""
"12483";"116";"ATRIX TV XT687";"";"2012-08-19 14:09";"Fox";"just check this site  brazilian motorola so sorry your fuc...ing dream didnt come true  hehehe";""
"12484";"116";"ATRIX TV XT687";"";"2012-08-18 04:00";"shengerdai";"Will this be available in the philippines?";""
"12485";"116";"ATRIX TV XT687";"";"2012-08-17 19:31";"Ahmad ";"Okkkkkkky ";""
"12486";"116";"ATRIX TV XT687";"";"2012-08-17 19:15";"Ahmad ";"Okkkkkkky ";""
"12487";"116";"ATRIX TV XT687";"";"2012-08-16 13:01";"DDD";"can we get this phone in India";""
"12488";"116";"ATRIX TV XT687";"";"2012-08-16 12:39";"";"low internal memory compare with s duos";""
"12489";"116";"ATRIX TV XT687";"";"2012-08-16 06:18";"Anonymous";"Hey,fox Plz Open your f**king sunglass on your eyes,Read The Speciffication,It's Comes With ICS(4.0.4)";""
"12490";"116";"ATRIX TV XT687";"";"2012-08-16 05:23";"S.M.B";"But,It's Comes With ICS 4.0.4 man.........";""
"12491";"116";"ATRIX TV XT687";"";"2012-08-16 03:59";"Anonymous";"Actually the OS is indeed V4.0.4 ICS. This phone has been already launched in Brazil, and a guy who bought it confirmed the information.";""
"12492";"116";"ATRIX TV XT687";"";"2012-08-15 20:13";"S.M.B";"The Moto Atrix TV X687 is mutch better than Samsung S Duos....";""
"12493";"116";"ATRIX TV XT687";"";"2012-08-15 19:54";"Fox";"Android is 2.3.7 not ics !! but still good";""

