"32396";"310";"Bold 9780";"";"2015-01-19 19:50";"blackberry 8790";"Open in browser and download blackberry app world";""
"32397";"310";"Bold 9780";"";"2015-01-14 04:45";"mohanraj";"pless new os you making ";""
"32398";"310";"Bold 9780";"";"2015-01-10 11:59";"elijah";"Pls i want to buy Blackberry Bold 4 9780 pla can someone tell me how much is it in nigeria BRAND NEW one and does it uses H+ network I know it uses 3G but does it uses H+ network ";""
"32399";"310";"Bold 9780";"";"2015-01-09 16:15";"ajay";"no hd and avi suppoert no any play able to install";""
"32400";"310";"Bold 9780";"";"2015-01-08 14:01";"jay";"anybody please let me know whether the blackberry bold 9780 is supported hd video??? please reply jay";""
"32401";"310";"Bold 9780";"";"2015-01-04 19:44";"dacsin";"how can use hindi language inthis mobile";""
"32402";"310";"Bold 9780";"";"2015-01-04 12:49";"BLACKCOFFEE";"kindly help out here, im using the BB 9780, the screen just turned white on its own, without dropping the phone anywhere. what could be the problem?";""
"32403";"310";"Bold 9780";"";"2014-12-27 10:48";"aqsa";"it does not show connection with blackberry server ,how it connected to server ,and how it upgrade ";""
"32404";"310";"Bold 9780";"";"2014-12-23 14:02";"mwarabu";"my phone when I put charge its come a x battery I want to sove it";""
"32405";"310";"Bold 9780";"";"2014-12-22 07:31";"Anonymous";"I bought this phone in 2011 and the phone is great, until now its still last.. I want to buy a new phone.. But this phone is not broke at all :"D the battery still good, not like another bb maybe hehe~ (Y)";""
"32406";"310";"Bold 9780";"";"2014-12-20 11:22";"Anonymous";"hi please help, i got one blackberry 9780 version 6.0 bundle 2475, i cannot connect o wifi, its showing connected but when i open bb world or any other software its showing wifi not connected. please help me how can i fix it";""
"32407";"310";"Bold 9780";"";"2014-12-12 17:00";"NV";"Am using it since 2009. Still giving me best service. Once u r used to its keypad, no other keypad or touchscreen will satisfy. Bold 9700 and 9780 is an addiction. Am loving it. Big thanks to BlackBerry. ";""
"32408";"310";"Bold 9780";"";"2014-12-03 08:52";"dpd";"download manually broo";""
"32409";"310";"Bold 9780";"";"2014-11-24 15:15";"chris";"i cant accessthe blackberry world why?";""
"32410";"310";"Bold 9780";"";"2014-11-15 22:39";"Anonymous";"I lyk it but the lcd is just full of ink I don't know what happened";""
"32411";"310";"Bold 9780";"";"2014-11-15 16:53";"Tanvir";" i cant browsing so can u tell me how can i connect internet with mobile data";""
"32412";"310";"Bold 9780";"";"2014-11-15 00:50";"Pastor ojiuba";"I mean 8gb is small...";""
"32413";"310";"Bold 9780";"";"2014-11-15 00:48";"Pastor Ojiuba";"Yes, 4gb is small. It can take up to 32gb. I am using 16gb on bold 4 (9780) and it works perfectly.";""
"32414";"310";"Bold 9780";"";"2014-11-11 08:39";"yash";"Nice phone but sometimes it hangs when muliti task is running";""
"32415";"310";"Bold 9780";"";"2014-11-10 17:10";"";"hangs a lot on tabbed browsing with opera, otherwise okay.bb 9780.";""
"32416";"310";"Bold 9780";"";"2014-11-10 17:07";"kk";"bought this phone march 2014. so far so good, hangs when opening multiple tabs on operamini. use it to watch a lot of movies from moviesmobile. okay performance, just not great.";""
"32417";"310";"Bold 9780";"";"2014-11-08 22:01";"sallu";"why the blackberry 9780 display shows & blank rest of it everything is fine and working....why it is happening    ";""
"32418";"310";"Bold 9780";"";"2014-11-07 11:52";"";"Use Blackberry Pc Suite";""
"32419";"310";"Bold 9780";"";"2014-11-06 04:23";"Anonymous";"Pls while that bold 9780 dose not conect with my computer dose it need additional set ";""
"32420";"310";"Bold 9780";"";"2014-11-02 12:13";"niyat Indonesia ";"may be too much aplication in your 9780";""
"32421";"310";"Bold 9780";"";"2014-10-27 14:34";"nitin ";"no";""
"32422";"310";"Bold 9780";"";"2014-10-27 07:27";"Emiloba";"Plz can will 8 GB memory card work with my blackberry 9780 . Am presently using 2 GB but its full because of the much music I have on it . ";""
"32423";"310";"Bold 9780";"";"2014-10-26 17:22";"Mahesh";"Can this model Bold 9780 have HOT SPOT facility?";""
"32424";"310";"Bold 9780";"";"2014-10-06 16:43";"festor";"my blackberry 9780 not power after fall down how to fixed";""
"32425";"310";"Bold 9780";"";"2014-10-03 00:44";"Anonymous";"you cant";""
"32426";"310";"Bold 9780";"";"2014-09-25 13:16";"pokerface";"how fast this phone will open PDF file 35MB size. or 10MB file size of PDF file";""
"32427";"310";"Bold 9780";"";"2014-09-20 20:01";"Anonymous";"My bb cannot perform any internet activities even with mb why?";""
"32428";"310";"Bold 9780";"";"2014-09-17 20:15";"Anonymous";"how can i update my bb 9780 ";""
"32429";"310";"Bold 9780";"";"2014-09-15 21:32";"";"Very nice handset,just the small procesor and os6.If was able to update os to 7.1";""
"32430";"310";"Bold 9780";"";"2014-09-13 16:10";"Anonymous";"hi.. the scroll of my blackberry doesnt work anymore..i don't know what happen though..what should i do? ";""
"32431";"310";"Bold 9780";"";"2014-09-11 18:29";"";"i love my bold 9780 no probs";""
"32432";"310";"Bold 9780";"";"2014-09-10 10:47";"sid";"don`t go for blackberry handsets. battery issues are too much to handle.";""
"32433";"310";"Bold 9780";"";"2014-09-09 16:50";"Mash";"Yess it does my dear";""
"32434";"310";"Bold 9780";"";"2014-09-09 16:48";"Mash";"I was on BIS when I downloaded it";""
"32435";"310";"Bold 9780";"";"2014-09-09 16:45";"Mash";"Yess it does my dear";""
"32436";"310";"Bold 9780";"";"2014-09-05 10:26";"";"why no radio for blackberry????";""
"32437";"310";"Bold 9780";"";"2014-09-04 15:29";"Anonymous";"camera iz very nice";""
"32438";"310";"Bold 9780";"";"2014-09-03 18:17";"azher";"i want buy Blackberry Bold 9780 what price in india ?????";""
"32439";"310";"Bold 9780";"";"2014-09-03 13:48";"shah";"can u guyz plz tell me black berry bold support watsapp???????";""
"32440";"310";"Bold 9780";"";"2014-09-03 07:45";"saji";"Hi ,im using blackberry Bold 9780 and the battery is good for a day talk . Standby time is for 02 days .  If you are installing too much application then battery will die in a day. ";""
"32441";"310";"Bold 9780";"";"2014-09-02 12:49";"Awutey";"blackberry bold 9780 has poor battery power..! Even the internal memory is not encouraging at all";""
"32442";"310";"Bold 9780";"";"2014-08-31 14:41";"sixmund";"why? explain a little bit plz! ";""
"32443";"310";"Bold 9780";"";"2014-08-31 14:40";"sixmund";"why? explain a little bit plz! ";""
"32444";"310";"Bold 9780";"";"2014-08-30 19:07";"Sixmund";"Is ths phone supports pdf, ppt and ms words files?";""
"32445";"310";"Bold 9780";"";"2014-08-29 06:30";"hiteshkakadia ";"Yes blackberry 10 does not need bb plan as earlier versions I had used bb q5 but i don't like it so i again purchased 9780";""
"32446";"310";"Bold 9780";"";"2014-08-25 13:55";"JON";"better than SHP :)";""
"32447";"310";"Bold 9780";"";"2014-08-22 20:07";"Lisa";"Can anyone help me? I want to buy this blackberry model. But do i still need to buy a carrier/planer specific for it? I heard that the Blackberry 10 works open like the iphone which allows me to access email, apps and other stuff with whatever carrier I use. I know back at its release that this one wasn't carrier-free, but what about now? I mean, why would they still force people to buy the data plan with this expired model if the newer one is free from data plan?  Please, anybody. I need help. ";""
"32448";"310";"Bold 9780";"";"2014-08-22 18:39";"";"I like this BB 9780. very good for me ";""
"32449";"310";"Bold 9780";"";"2014-08-16 14:10";"Anonymous";"Whats its motherboard warranty";""
"32450";"310";"Bold 9780";"";"2014-08-16 07:11";"amu";"i want to use whtup bb9780 how to do plz tell me ";""
"32451";"310";"Bold 9780";"";"2014-08-14 08:05";"Nab";"The best blackberry phone ever. Great keyboard experience and exceptional battery life. It's made for communication. A classy phone for business people. It's a must have.";""
"32452";"310";"Bold 9780";"";"2014-08-06 08:00";"satu";"Can u tell me bold3 is good phone or not? And is better then curve9320?? Thanks";""
"32453";"310";"Bold 9780";"";"2014-08-06 07:58";"satu";"Bro i already have bb 9320.....but 9320 and 9780 is same speed net.....and 9320 is not better then bb9780 Thanks";""
"32454";"310";"Bold 9780";"";"2014-08-04 21:40";"Lisa";"Does Blackberry still make people sign up for a planner if you want to access apps, email and all that on this device? I love my iphone, but I would love to own this one as well. It's so little and and I love the design. Would love to use it as a standard phone, and keep iPhone for the fun part like multimedia and camera";""
"32455";"310";"Bold 9780";"";"2014-08-03 03:06";"sad";"Just upgrade your bb world.... I was having the same problem ";""
"32456";"310";"Bold 9780";"";"2014-08-02 16:14";"Anonymous";"hii.dear meet soni here....m help u...u know what why ur you tube not working??...u.just flw me....in ur mobile have a sim...so...u want a 2 recharge...for..see..a.online.you.tube..u.want to do. ,a.black.berry.rec...and. ,also.do.rec.of.simcard,.data.pack";""
"32457";"310";"Bold 9780";"";"2014-07-28 16:50";"BLACKCOFFEE";"Hi all,  kindly help me please, my device cannot stream on youtube or any other streaming sites. when trying to stream it gives an error "an erroe has occured attempting to play media"  regards";""
"32458";"310";"Bold 9780";"";"2014-07-28 09:59";"Murali";"I am using Blackberry Bold 9780. The battery condition is pathetic. It drains off completely and the phone switches off after watching 2-3 videos on memory card (not on you tube via internet). Should I need to change the battery or it is the normal behaviour of this phone ?";""
"32459";"310";"Bold 9780";"";"2014-07-20 00:19";"victor_bassily";"This sin by small character mine 3g for calls , but by Captal mine 3G for blackberry service ";""
"32460";"310";"Bold 9780";"";"2014-07-20 00:15";"victor_bassily";"I love this phone ,but become very slow ";""
"32461";"310";"Bold 9780";"";"2014-07-19 02:09";"sheila";"mine has the same problem.. my head hurts bec. of the battery problem.. the battry easily drained even i play once youtube video! and it sucks!";""
"32462";"310";"Bold 9780";"";"2014-07-15 12:33";"neveralone";"This phone can't play a mp4 format.thank you ...";""
"32463";"310";"Bold 9780";"";"2014-06-14 13:32";"thanh Ut";"how to contact to you and buy them ? ";""
"32464";"310";"Bold 9780";"";"2014-06-12 12:50";"izzy ";"I think de net is slow as compared 2 9320";""
"32465";"310";"Bold 9780";"";"2014-06-11 03:53";"";"what is 3g speed in Blackberry bold 9780";""
"32466";"310";"Bold 9780";"";"2014-06-11 03:51";"";"what is 3g speed in this mobile";""
"32467";"310";"Bold 9780";"";"2014-06-11 00:38";"cyrus";"pls can u help me. my bb bold 9780 keeps restarting itself.";""
"32468";"310";"Bold 9780";"";"2014-06-09 19:09";"olujuwon";"pls... is there any way in which i can distinguish a BB bold 3 (9780) 4rm a BB bold 2 (9700)...either in appearance or typing a code....pls anyone? ";""
"32469";"310";"Bold 9780";"";"2014-05-23 19:28";"shailendra";"can any body tell me how may i download apps without bbworld or from simple net pack?";""
"32470";"310";"Bold 9780";"";"2014-05-21 02:21";"shootar";"my bbm is not working, it is not setting up . what is the reason for this ";""
"32471";"310";"Bold 9780";"";"2014-05-06 20:59";"Anonymous";"Blackberry appswords loards";""
"32472";"310";"Bold 9780";"";"2014-05-06 09:33";"pak agus";"Guys have problem with my BB BOld 9900 due to flat battery now system could not load fully. display 3/4 of screen and it hangs.  How can I manually reset the phone without losing out my phone datas?  Regards Ghouse ghousemy@gmail.com";""
"32473";"310";"Bold 9780";"";"2014-05-02 06:30";"Instaletion of sd";"How install the Memory card in black Berry and use";""
"32474";"310";"Bold 9780";"";"2014-04-29 20:28";"spider";"nice phone ,perfect for hands easily be fit in pocket& reliable , must buy.";""
"32475";"310";"Bold 9780";"";"2014-04-22 20:02";"9r94";"Can work app like a twitter, whatsapp, viber trough gprs but without BIS or BES?? Thanks";""
"32476";"310";"Bold 9780";"";"2014-04-22 12:50";"scooby120260";"Great phone RUBBISH for the internet";""
"32477";"310";"Bold 9780";"";"2014-04-20 11:25";"shambu";"unable to play mp4 video files, any solution ? ";""
"32478";"310";"Bold 9780";"";"2014-04-18 08:16";"";"I have used this phone for nearly 11 months now. Updated the OS to ver 6.0. Perfect battery life which stands nearly for a week. Using the mobile with a 16gb memory card. Perfect for rough use :-) nothing to complain about it.";""
"32479";"310";"Bold 9780";"";"2014-04-15 08:25";"yathish";"pls tell me how to record a call in BB9780 phone";""
"32480";"310";"Bold 9780";"";"2014-04-12 16:23";"mahendra";"then take a pictur with flash phone is automitcli switch off plase solved my probleme ";""
"32481";"310";"Bold 9780";"";"2014-04-03 13:43";"reza";"wow";""
"32482";"310";"Bold 9780";"";"2014-04-02 14:40";"chinna";"My phone had pproblem vth bb world plzzz hlp me";""
"32483";"310";"Bold 9780";"";"2014-04-01 19:16";"D.GYANESHWAR";"under repair spare parts to much causly in ap hyderabad";""
"32484";"310";"Bold 9780";"";"2014-04-01 15:22";"vikas652";"i want copy my sim phonebok on bb 9780";""
"32485";"310";"Bold 9780";"";"2014-03-31 10:18";"yomiodus";"i rely love this fone ";""
"32486";"310";"Bold 9780";"";"2014-03-28 14:53";"mohammed";"where is the camera?!!";""
"32487";"310";"Bold 9780";"";"2014-03-28 14:50";"mohammed";"where is the camera?!!";""
"32488";"310";"Bold 9780";"";"2014-03-25 12:10";"Anonymous";"Swich off your mobile. Remove batry. wait for a while. Attach battery. switch on your mobile. Njoy.";""
"32489";"310";"Bold 9780";"";"2014-03-19 10:40";"";"well, my comment for my bb 9780 is not good so please , can anyone help me , the problem of my bb 9780 is the screen , i didn't know on how to repair it , because the screen are still not functioning well, so please help me...";""
"32490";"310";"Bold 9780";"";"2014-03-13 17:30";"Tung";"There are many brand new phones that are still available in Amazon.";""
"32491";"310";"Bold 9780";"";"2014-03-13 16:49";"shani";"why I see a fluctuation on display while charging my bold 9780 is there any problem plz reply me back";""
"32492";"310";"Bold 9780";"";"2014-03-13 11:08";"TMohamed";"My dear how can i download skype in this phone pls explain to me each methods i have Wi-Fi Network connection.";""
"32493";"310";"Bold 9780";"";"2014-03-13 10:17";"vino";"s now available tiz phone...";""
"32494";"310";"Bold 9780";"";"2014-03-12 13:06";"rashid_ksa";"Pls reply anyone ... Is This phone currently available ???  I need one .. ";""
"32495";"310";"Bold 9780";"";"2014-03-12 12:30";"rashid_ksa";"Pls reply anyone ... Is This phone currently available ???  I need one .. ";""
"32496";"310";"Bold 9780";"";"2014-03-12 07:43";"Anonymous";"hahaha";""
"32497";"310";"Bold 9780";"";"2014-03-12 06:54";"rashid_ksa";"I have used this phone  one week as a demo which was given by my office colleague ...Is this phone's new model available now here at Saudi arabia ???";""
"32498";"310";"Bold 9780";"";"2014-03-11 09:50";"Anonymous";"type skype and download hehe";""
"32499";"310";"Bold 9780";"";"2014-03-09 09:41";"TMohamed";"Dear i'm using bb9780 & i have Wi-Fi access. but i want Skype. plz help me how can i download or any other easy way.";""
"32500";"310";"Bold 9780";"";"2014-03-07 02:55";"az";"sorry wrong reply..";""
"32501";"310";"Bold 9780";"";"2014-03-07 02:54";"az";"doen load bb desktop manager after d load install on ur pc then connect ur bb and make back up...ur all data save in ur pc..";""
"32502";"310";"Bold 9780";"";"2014-03-06 19:34";"zee";"dear sid... you should be updated your Blackberry OS from Blackberry Desktop Manager then fix your problem.";""
"32503";"310";"Bold 9780";"";"2014-03-05 08:00";"sid";"in my blackberry 9780 the internet browser is deleted i cnt use internet can any one help me how to get the browser back nd wifie is also nt working..plzzz help me ";""
"32504";"310";"Bold 9780";"";"2014-03-03 16:44";"Farhan";"Dear All, please please help me......i want to copy contacts from my laptop to bb 9780.....what is the easiest way to do that????? can i copy contact .vcf????";""
"32505";"310";"Bold 9780";"";"2014-02-27 07:39";"gopal";"Dear user of blackberry bold 9780 to use the mak.app of blackberry first of all you should have a blackberry plan to your phone.  To the blackberry plan you should call mobile operator like- airtel, reliace,idea etc. ";""
"32506";"310";"Bold 9780";"";"2014-02-21 20:49";"Mad Max";"I've got a problem with my 9780. I can no longer access appworld. Everytime I try it says that I have to upgrade my blackberry id. When I press upgrade, there is continuous time out and it says that that the upgrade is unsuccessful. I tried deleting and reinstalling appworld but the problem still persists. Can anyone please help? ";""
"32507";"310";"Bold 9780";"";"2014-02-11 12:53";"Anonymous";"Bb bold is an awesome piece of work Bb have really tried although internal mem. Is low :) :(";""
"32508";"310";"Bold 9780";"";"2014-01-31 19:01";"olsi";"My screen has vertical streches";""
"32509";"310";"Bold 9780";"";"2014-01-23 22:27";"Asif.Sadiq";"Probably the 'ribbon' that connects the screen with the board is damaged. try using your nails to press on the connector ribbon and press the unlock button repeatedly if the screen comes in to life for a second, then it's ribbon problem. The best solution is to replace the screen. (It's going to cost you though) ";""
"32510";"310";"Bold 9780";"";"2014-01-14 19:41";"Anonymous";"How can i use video call in blackberry 9780 in bangladesh.pls help.";""
"32511";"310";"Bold 9780";"";"2014-01-13 10:36";"Anonymous";"my blackberry bold 9780 is lock .. how can i unlock my fone if i forgot my password....";""
"32512";"310";"Bold 9780";"";"2014-01-13 10:24";"KHURRAM";"When i pullup my bb 9780 and press any button the screen is dim and slowly slowly going sharp? is it any problem in my mob?";""
"32513";"310";"Bold 9780";"";"2014-01-10 10:43";"";"Such a pleasure having this one for battery backup. Little issue with low internal memory rest are good as a business phone";""
"32514";"310";"Bold 9780";"";"2014-01-07 23:50";"vico";"No this phone support os6.0.0 only";""
"32515";"310";"Bold 9780";"";"2014-01-07 08:08";"shalini";"i have the blackberry 9780 phone and recently changed the cover and housing on the cellphone.but now the phone keeps going blank white screen and i have to lock and unlock the screen for it to come right.i dont know what to do .please help";""
"32516";"310";"Bold 9780";"";"2014-01-02 16:36";"GARY";"software is not upgradable.";""
"32517";"310";"Bold 9780";"";"2014-01-01 14:13";"bob";"How come if wifi is connected but when surf web its cannot? Somebody please help my bold 9780";""
"32518";"310";"Bold 9780";"";"2013-12-30 13:24";"patsy";"i just got this phone. the overall performance is good and i am actually starting to love it. However, i just noticed some flaw. I cant upload multiple photos to fb and create album. maybe i just dont know how. can somebody help me regarding this matter";""
"32519";"310";"Bold 9780";"";"2013-12-29 14:38";"shah";"i wanna like to buy bb 9780 but. I like to know about its software is it upgradeable to os6.0 to os7.0 plz tl me.";""
"32520";"310";"Bold 9780";"";"2013-12-28 09:50";"Gaurav";"I recently got bb 9780 overall phone is gud but there is battery life problem in this phone when i charge atleast 1hr but the battery life is only 10-15 % and when i use camera sometimes battery is drained phones is automaticlly switch off i dnt knw wht is the problm nd wht can i do to romove this problm?.!!!";""
"32521";"310";"Bold 9780";"";"2013-12-25 06:53";"Andy We";"The BB is full to awesome phone I loved it a lot Booz of long battery life and turbo net speed on 3G. I may recommend you all to use this phone once";""
"32522";"310";"Bold 9780";"";"2013-12-18 13:55";"EE";"its awesome ";""
"32523";"310";"Bold 9780";"";"2013-12-01 19:43";"Murat";"how long i must charge battery at first time i charge the phone? this is 1500mAh for 9780";""
"32524";"310";"Bold 9780";"";"2013-11-19 18:32";"loola";"this phone is awesome but I faced some annoying issues concerning it like it doesn't support the instagram or Skype";""
"32525";"310";"Bold 9780";"";"2013-11-19 00:39";"Jr ";"Its perfect sincerely, just dat it heats up somtimes wen I over stressed it for hours nd it consumes battery too. Bt I luv its display nd picture quality...pius ";""
"32526";"310";"Bold 9780";"";"2013-11-15 14:51";"henroy";"Very poor battery life and my own heats like its supplying solar power.after 3months the battery life lasts for like 3hrs";""
"32527";"310";"Bold 9780";"";"2013-11-13 20:11";"Anonymous";"I can,t use itz.....in bangladesh";""
"32528";"310";"Bold 9780";"";"2013-11-12 06:55";"Vuthtoch";"I can't use internet and wifi on blackberry bold 9780? how can i do ?";""
"32529";"310";"Bold 9780";"";"2013-11-12 06:09";"zen";"it does not have internet email account only have enterptise!!! why?";""
"32530";"310";"Bold 9780";"";"2013-11-10 00:02";"vpsmart";"update new firmware you problem will solve";""
"32531";"310";"Bold 9780";"";"2013-11-09 19:58";"Amey";"This phone is awesome...I had been using it for 2 years and its still looks brand new... ";""
"32532";"310";"Bold 9780";"";"2013-11-09 06:10";"";"Please test battery life!!!";""
"32533";"310";"Bold 9780";"";"2013-11-05 13:14";"mumu";"yes it does have a flashlight, but it doesnt support a front camera";""
"32534";"310";"Bold 9780";"";"2013-11-04 20:02";"JV";"I have had this phone 26 months now. And I still like it! A first for me usually find the limits of any smart phone in 2 months :(. But the Bold continues to please :D Bought an HTC 1 mini 2 months ago - that is now back in it's box and I have re-started the Blackberry. Seamless networking, universal search, sharp screen, quick roaming, small form factor and keys you can feel - what's not to like??";""
"32535";"310";"Bold 9780";"";"2013-11-02 22:42";"cley";"Its cool and among the best smartphone yet hands up to blackberry team";""
"32536";"310";"Bold 9780";"";"2013-11-01 07:53";"Divinepop";"Does this phone have a flashlight for camera and does it support front camera?";""
"32537";"310";"Bold 9780";"";"2013-10-26 16:17";"Anonymous";"one of the best mobile phone . ";""
"32538";"310";"Bold 9780";"";"2013-10-24 11:16";"";"a nice and solid phone.the pixel density is ok";""
"32539";"310";"Bold 9780";"";"2013-10-23 17:52";"yogi";"i go buy this mob in 2nds nw,this mobile support watapp application?";""
"32540";"310";"Bold 9780";"";"2013-10-20 16:15";"@nonymous";"I got this phone for more than a year now until it suddenly showed a pixilated area on the screen which periodically spreads out. The phone did not drop or overcharged at all. Still wondering why did it happen.";""
"32541";"310";"Bold 9780";"";"2013-10-14 16:01";"atif";"both have a different OS. curve 9360 hv os7 and bold 3 hv 6. i think bold vs curve 75 vs 50..";""
"32542";"310";"Bold 9780";"";"2013-10-12 23:07";"";"i used to use this phone, loved it, i still have it as a back up phone.... very solid.... i dont miss the lag lol but overall you cant go wrong with it... blackberry thanks for the memories";""
"32543";"310";"Bold 9780";"";"2013-10-07 08:04";"ananthu";"I bought this one last week. But it shoows only 32 mp internal memmory.but here it shows 250 mp.. How can I extend my memmory sizE";""
"32544";"310";"Bold 9780";"";"2013-10-06 14:15";"Anonymous";"which is better? Bold 9780 or curve 9360";""
"32545";"310";"Bold 9780";"";"2013-10-02 06:34";"BB9780_user";"the fone is solid overall, but some models have a faulty keypad which has a bad stutter and types double letters and full stops everywhere (assumes double space). too bad if u really wanted a messaging phone.";""
"32546";"310";"Bold 9780";"";"2013-09-30 16:16";"Pet";"This mobile phone is really great. The external and internal features are okay";""
"32547";"310";"Bold 9780";"";"2013-09-28 12:55";"D-Spurs ";"IMHO, use Curve 9320. It's got the latest OS and it's very fluid and productive ";""
"32548";"310";"Bold 9780";"";"2013-09-27 04:09";"pravdt7";"Been using this phone for over a month and I love it. OS6 is fluid, fast and productive. Everything about this phone is great, from hardware and body finish to the LED notifications. I wish more people actually used Blackberry instead of judging it by what their friends think about it.";""
"32549";"310";"Bold 9780";"";"2013-09-25 09:47";"tapiy jay";"whch one iz th best 9320 or 9780? please help i want to buy one";""
"32550";"310";"Bold 9780";"";"2013-09-25 06:26";"Ashish";"In my bb bold 9780 i m facong hanging problem alot when it is hang i have to take battery out for 2-3 days... siftwate in also not being update via ucomputer. Plz tell me what to do...  Ajindal.09@gmail.com ";""
"32551";"310";"Bold 9780";"";"2013-09-23 10:43";"avi";"hi guys my hands set is bold 9780.my ip address has deleded can u tall how i'm connected with wifi or other alternate solution. ";""
"32552";"310";"Bold 9780";"";"2013-09-18 21:25";"Anonymous";"yes and very fast";""
"32553";"310";"Bold 9780";"";"2013-09-18 17:30";"d";"just turn on your bis and activate it...";""
"32554";"310";"Bold 9780";"";"2013-09-18 15:53";"ravi";"to good";""
"32555";"310";"Bold 9780";"";"2013-09-18 11:03";"&#8706;ï sa";"How I can update 9780 os 7 ??? Pliss help me ? ";""
"32556";"310";"Bold 9780";"";"2013-09-18 08:35";"Sonia";"Hii viks I want to purchase this phone but I am not getting this phone pls can u help me wee I can get this phone";""
"32557";"310";"Bold 9780";"";"2013-09-18 08:33";"Sonia";"Can u pls tell wer I can get this phone ";""
"32558";"310";"Bold 9780";"";"2013-09-16 21:22";"Anonymous";"why have you asked about this sonia????";""
"32559";"310";"Bold 9780";"";"2013-09-16 21:00";"Anonymous";"hi this is Vicky why are you asking about this phone???";""
"32560";"310";"Bold 9780";"";"2013-09-16 12:07";"Ahmed";"Dear friends,  can anyone please tell me if BB Bold 9780 can send or receive e-mails with attachments or not? Thanks in advance ";""
"32561";"310";"Bold 9780";"";"2013-09-15 10:02";"sonia";"Hi viks from we're u bought this phone pls reply";""
"32562";"310";"Bold 9780";"";"2013-09-14 08:42";"Anonymous";"It is nice I lyk d phone bt my only problm is dat it is nt upgradable to os7 ";""
"32563";"310";"Bold 9780";"";"2013-09-12 09:48";"Riyaz";"hi friends,, am plan to purchase blackberry bold 9780, compare to nokia e72, which one best ";""
"32564";"310";"Bold 9780";"";"2013-09-07 10:40";"vik";"Guys I bought bb9780 yesterday,I am nt able to activate account activation plz hlp me. My mail I'd is vikramlive87@gmail.com Thnx in advance.   ";""
"32565";"310";"Bold 9780";"";"2013-09-06 13:09";"";"Guys plss help I ned to get I'm talk to my mobile....but they are asking sme license code...wht shud I do pls help And I wanna get skype very urgent pls";""
"32566";"310";"Bold 9780";"";"2013-09-06 13:01";"zafron";"Pls help me  Jst I installed I'm talk to my bb...bt they are asking some license codes...realy I dnt knw wht to do..pls help tht urgent for me....I need to get skype to my mobile...plS help guys";""
"32567";"310";"Bold 9780";"";"2013-09-03 22:46";"Shane ";"Viber works only for chats cannot make call don't know wat blackberry is waitimg to make viber work properly but indeed BB 9780 is a good nyc fone ";""
"32568";"310";"Bold 9780";"";"2013-08-31 22:15";"Khan";"now a days VODAFONE is giving very bad service..i recommend you to change your provider either to !DEA or Airtel";""
"32569";"310";"Bold 9780";"";"2013-08-31 05:22";"bbmesia";"Hi Ahmad, blackberry without BIS is like you use nokia 3310, only can call and sms. Why you buy blackberry but didnt subscribe BIS? Is it just to show off to your friend that you have blackberry. ";""
"32570";"310";"Bold 9780";"";"2013-08-30 14:56";"vijay";"ok thanks frieds. i would ilke asked one quation  when i use bb plan by diduct my main accunt bla now my netwerk is vodafone tell me please";""
"32571";"310";"Bold 9780";"";"2013-08-30 11:04";"vasu";"u r please change the airtel to idea idea gives better offers black berry bb also easy to activated ";""
"32572";"310";"Bold 9780";"";"2013-08-29 17:59";"VIJAY";"hi. guys i am useing bb 9780  i can't use other opreter conection internet like ,airtel is most, relaince  when i use airtel always show error contect to your opreter they alway say that you shuld use bb plan help me guy";""
"32573";"310";"Bold 9780";"";"2013-08-27 15:16";"alarson";"how much can get the london used of thid fone";""
"32574";"310";"Bold 9780";"";"2013-08-24 21:26";"Blackcoffee";"can someone please help me here. i have updated my BB app with version 4.3.0.32 but now it has vanished out of the screen when re-doing it again it says it already exist but i cant find. anyone who can help me with an old link or lower version of BB app please. ";""
"32575";"310";"Bold 9780";"";"2013-08-24 20:47";"Mauritius";"Does Viber works on it?? If yes? How to install? Since it's always asking for request and lacks here?? What to do? ";""

