"31734";"305";"Bold Touch 9900";"";"2015-01-18 13:35";"Emilee";"Depends if urs is the bold 9700 then it won't get internet only 3G if it is the 9900 then it will get both the 9900 is more advanced and more updated than the 9700 hope that helped :)";""
"31735";"305";"Bold Touch 9900";"";"2015-01-16 05:52";"Anonymous";"Does it supports what's app";""
"31736";"305";"Bold Touch 9900";"";"2015-01-14 11:51";"beautifulonyinye";"I forgot my blackbery I'd n was lockup for 15 min since 1month now it has refuse to open I dnt know what to do again ";""
"31737";"305";"Bold Touch 9900";"";"2015-01-14 08:19";"DON P";"am having problem setting my internet connection,i tried taking my phone to our network provider but still nothing is working out.what could be the problem.somebody told me there are two types of blackberry bold could that be the reason?";""
"31738";"305";"Bold Touch 9900";"";"2015-01-14 01:58";"thony";"here is and idea how to set your email whipe your phone and begins fresh ";""
"31739";"305";"Bold Touch 9900";"";"2015-01-13 17:29";"adeel";"This device really Sucks";""
"31740";"305";"Bold Touch 9900";"";"2015-01-13 16:18";"philda";"im also having a problem with setting my email please help";""
"31741";"305";"Bold Touch 9900";"";"2015-01-09 07:52";"danirl";"my blackberry 9900 nem mobile mail option is not working pls advise me ";""
"31742";"305";"Bold Touch 9900";"";"2015-01-07 18:51";"";"I just bought a used one in very good condition. I was given a Motorola Moto G as a gift to replace an ancient Nokia. I couldn't stand the Moto G as it is too thin on phone features, being more of a portable computer. Now that I have the BB, it is clear I should have checked out things better. Not the best purchase for what I need. Interested? It's in very good condition, running BB OS 7.1. Small packets air shipping to South Africa would be $45 Canadian.";""
"31743";"305";"Bold Touch 9900";"";"2015-01-02 10:07";"jb";"bcoz camera is a standard feature on smartphones with varying degrees of specification & pic quality";""
"31744";"305";"Bold Touch 9900";"";"2014-12-30 05:34";"lenin";"then why did they put a camera on it.";""
"31745";"305";"Bold Touch 9900";"";"2014-12-22 08:39";"GPS";"I would also like to know the same. Where can I buy a new BB 99000 in SA ?";""
"31746";"305";"Bold Touch 9900";"";"2014-12-22 00:08";"zedd";"This phone is no phone for fun.it is purely meant for bussiness.it is a strong phone and not a waste of money when bought ";""
"31747";"305";"Bold Touch 9900";"";"2014-12-19 13:04";"";"I had a 9900 bold and it packed up due to damp issues onto internal board. We're can I buy a new One?  In in South Africa.";""
"31748";"305";"Bold Touch 9900";"";"2014-12-18 21:06";"ray";"I have a blackberry9900 for work and really like it but I can't receive pics on text messages. Did something once to receive them but can't remember. Can you help?";""
"31749";"305";"Bold Touch 9900";"";"2014-12-18 05:29";"ps";"My dear friend, this phone has no built-in autofocus. Didn't you read the description?? It is built for business. If you want to use a camera, why don't you use a camera instead???";""
"31750";"305";"Bold Touch 9900";"";"2014-12-17 09:44";"Anfas";"im using my 4th 9900 handset, camera vry bad, good for standard outdoor shoot, image stabilization & auto focus never works. when you capture a text document or a closup subject, it never clear the image, just shoot as it is, blurred pictures. i dont undustand why RIM not fix this issue. i have a bold 9780. perfect i love it, you know y im still using bb phones, bcos of the camera auto focus & contacts management system. unfortunately i was gifted a bold 9900 this time, early time my company gave me bold 9900. anyone try this camera failure.....";""
"31751";"305";"Bold Touch 9900";"";"2014-12-04 09:36";"gautham";"it's amazing to using to this phone,and i"ll like it very much to use.......";""
"31752";"305";"Bold Touch 9900";"";"2014-11-29 05:05";"kan";"Is it a touch mobile and gorilla glass screen protected? ";""
"31753";"305";"Bold Touch 9900";"";"2014-11-23 00:19";"Ilikoo";"yes but you can not upload your pics :(";""
"31754";"305";"Bold Touch 9900";"";"2014-11-22 12:06";"mani";"Facebook and twitter only runs on wifi it does not support 3g or edge...... my bb itself reboots twice a day and when capturing a picture with flash same thing happens after 4 to 5 pics with flash battery get drained some times it gives error of internal memory not found ";""
"31755";"305";"Bold Touch 9900";"";"2014-11-22 11:59";"mani";"You are right bro same happens with me phone itself reboots and when capturing a picture the same thing happens";""
"31756";"305";"Bold Touch 9900";"";"2014-11-17 17:27";"Anonymous";"does it support instagram?";""
"31757";"305";"Bold Touch 9900";"";"2014-11-17 14:19";"JohnSykes";"Does it support whatsapp, viber and skype?";""
"31758";"305";"Bold Touch 9900";"";"2014-11-16 06:14";"BlackBerry Tech Sup";"You have to contact your service provider to add a BIS(BlackBerry Internet Service)dataplan on your account because emails do not work with WIFI on this device unless you are using the regular browser.";""
"31759";"305";"Bold Touch 9900";"";"2014-11-14 13:13";"dhiraj";"how to download mig33 on blackberry bold 9900";""
"31760";"305";"Bold Touch 9900";"";"2014-11-09 20:16";"K89";"If you don't rely 100 % on Wi-fi, this is a pretty awesome phone for regular stuff like FB & youtube  The camera does really well too and the battery lasts for a decent amount of time if you don't forget to close everything you don't need at the moment.  Got a used one in perfect shape at 85  (while it goes for 100-150 used and even 300-400 for a new one in stores) and I don't regret any moment of it  It's perfect for regular users  You'll need to download another browser (like opera, ...) to be able to use your mobile internet without a BB subscription, and enter the details of your provider manually.";""
"31761";"305";"Bold Touch 9900";"";"2014-11-09 17:02";"";"i want install SKYPE on 9900 please guide me how to install";""
"31762";"305";"Bold Touch 9900";"";"2014-11-08 00:02";"rudy";"I simply want ordinary set up and each time i try....it goes to Business Account. Why Why Why? I tried it At least50 times ant always set it to business account. I remove the battery and re-install manay many many times and kept me going to Bussiness Account....Why? I am not a Bussiness man. Could someone PLEASE HELP what to do? rudy";""
"31763";"305";"Bold Touch 9900";"";"2014-11-05 18:37";"mo";"the 9900 bb is one of the best phnes ever to have rather then using these phne that takes data is crap even thou u get a good service with the 4g but overall the 9900 is BOSS form all other blackberry so for some of u dome ppl who dnt have a 9900 url need to buy a nokia 3310 thats best for url rather then complaing";""
"31764";"305";"Bold Touch 9900";"";"2014-11-03 13:12";"Suri Menon";"BB 9900 i purchased two years back, it is strong and sturdy does the job, since i am into Aircraft Leasing minimum 200 Incoming mails on 3 mail id's, works very well, No WhatsApp, No Face Book, No Games, Only BBM. Battery is on the weaker side(great piece), however i am planning to move on BB Q10,Please dont sell this Piece, even if you are buying a new hand held.  Long Live Black Berry !  Suri !";""
"31765";"305";"Bold Touch 9900";"";"2014-11-03 07:38";"Anonymous";"YEp";""
"31766";"305";"Bold Touch 9900";"";"2014-11-03 07:35";"Anonymous";"YEp";""
"31767";"305";"Bold Touch 9900";"";"2014-11-02 13:50";"Anonymous";"is there anyone want to sale blackberry 9900?";""
"31768";"305";"Bold Touch 9900";"";"2014-10-29 19:15";"Sam";"This is one of the best phones I've ever had. Works well and it gets the job done. It's durable as it survives my 17 month old son everyday. Been in sand, water and the kitchen floor multiple times. Still working as day 1. Time to upgrade but not sure if I want another phone as this one works hassle free.";""
"31769";"305";"Bold Touch 9900";"";"2014-10-27 17:57";"pooky";"Which the good soft and virsion for black berry bold 9900 ,, I have now 7.1.0.714";""
"31770";"305";"Bold Touch 9900";"";"2014-10-27 17:54";"pooky";"You must do a new soft for your bb, ";""
"31771";"305";"Bold Touch 9900";"";"2014-10-26 12:46";"man";"Plz you purchase new battery than your prblm are solv";""
"31772";"305";"Bold Touch 9900";"";"2014-10-25 15:25";"Dani";"HORRIBLE device! It worked fine for about 6 months, a very strong device but then all of a sudden went dead! Nothing happened, in the middle of the day it just stopped working and no one could fix it.  A quick google search reveals that this issue is VERY common, and BB refuses to deal with it. In fact, they were rude enough to discontinue it! When I called them up for some help they say I'll have to pay $50 in order to get some technical support! absolutely disgusting. I'm so happy their stock went down 90%, they deserve it.  DO NOT BUY THIS PHONE!  Go for a cheaper model or even better - don't get a blackberry.";""
"31773";"305";"Bold Touch 9900";"";"2014-10-24 19:00";"moko ";"hi all when i receive email through my bold 9900 and i wanna do forward to this email i cant cancel the original mail.... can u advice me please ";""
"31774";"305";"Bold Touch 9900";"";"2014-10-21 04:41";"Adi";"My mobile volume button is not working properly so is there any other way to increase volume for media or music..";""
"31775";"305";"Bold Touch 9900";"";"2014-10-20 10:56";"Pradeep";"yes it supports... ";""
"31776";"305";"Bold Touch 9900";"";"2014-10-20 02:37";"";"its a battery issue. Replace your battery with a new one. Keep the old one for backup if yu need any.";""
"31777";"305";"Bold Touch 9900";"";"2014-10-20 02:35";"";"press alt+right shift+del it will reboot completely.";""
"31778";"305";"Bold Touch 9900";"";"2014-10-20 02:34";"";"Yes it supports whatsapp. ";""
"31779";"305";"Bold Touch 9900";"";"2014-10-19 01:01";"Poulee";"Am using blackberry 9900.Does it support whatsapp?";""
"31780";"305";"Bold Touch 9900";"";"2014-10-19 00:44";"Poulee";"Am using blackberry 9900.Does it support whatsapp?";""
"31781";"305";"Bold Touch 9900";"";"2014-10-17 11:23";"Anonymous";"my blackberry 9900 has a problem, where can i repaire it?";""
"31782";"305";"Bold Touch 9900";"";"2014-10-16 02:22";"Anonymous";"y does these phones always give a problem of not rebooting completely?????????? ";""
"31783";"305";"Bold Touch 9900";"";"2014-10-11 01:19";"Slim";"I got a replacement battery - a Hippo brand 2,000mAh replacement - lasts a long time - same size as normal battery - you will never have a problem with this battery - I easily get more than a day with very heavy usage.";""
"31784";"305";"Bold Touch 9900";"";"2014-10-07 09:31";"Anonymous";"nice cell,,bt poor camera ";""
"31785";"305";"Bold Touch 9900";"";"2014-10-06 14:25";"santosh";"battery power not good.";""
"31786";"305";"Bold Touch 9900";"";"2014-09-29 14:47";"alphagotta";"Swap your phone then you can see changes. I had experienced the same but now its over after done so.";""
"31787";"305";"Bold Touch 9900";"";"2014-09-28 06:08";"Anonymous";"Battery problem when browsing and it switch off.";""
"31788";"305";"Bold Touch 9900";"";"2014-09-20 16:27";"jamal";"camera mot good ";""
"31789";"305";"Bold Touch 9900";"";"2014-09-16 19:15";"";"I have bold 9900, overall mobile is so good but i have got some problems.First is, Sometime mobile start rebooting itself and it went into the infinite loop and continously restarting.and that thing happens too frequently even twice or thrice in a day. 2nd is when I try to capture the photo with flash then after flashing my cell get again in the state of rebooting, Can anyone help me with this problem please ";""
"31790";"305";"Bold Touch 9900";"";"2014-09-09 20:22";"Chulluz";"why's there a line running across the screen.like the 1st quater of the screen. my screen goes sort of like off, well like dimmish and i cannot see anything on the screen, when I get into my car and whilst the car is moving, my screen goes off";""
"31791";"305";"Bold Touch 9900";"";"2014-09-08 19:46";"";"I have bold 9900, overall mobile is so good but i have got some problems.First is, Sometime mobile start rebooting itself and it went into the infinite loop and continously restarting.and that thing happens too frequently even twice or thrice in a day. 2nd is when I try to capture the photo with flash then after flashing my cell get again in the state of rebooting, Can anyone help me with this problem please ";""
"31792";"305";"Bold Touch 9900";"";"2014-09-04 17:03";"Lox";"Go to text message, type mypine then hit space";""
"31793";"305";"Bold Touch 9900";"";"2014-09-04 03:12";"Anonymous";"Hey everyone, blackberry 9900 doesn't connect to wifi after gprs. It always works on gprs. Kindly guide me. ";""
"31794";"305";"Bold Touch 9900";"";"2014-08-30 14:23";"kimani";"pliz help me how to know the bb ID. ";""
"31795";"305";"Bold Touch 9900";"";"2014-08-28 20:22";"Sandy";"I have a BB 9900 and having problem signing in yahoo I'm the very first day I got the phone. Someone help.. 2A223693. Sandy";""
"31796";"305";"Bold Touch 9900";"";"2014-08-20 04:19";"ubaid";"Dear friend !   press ALT+LGLG then a page will be open u need to remove all files on that page u make more space in ur mobile. if few file didnt delete so just ignore them. perform it on every day to keep ur cellphone fast. :) Good Day !!";""
"31797";"305";"Bold Touch 9900";"";"2014-08-20 00:27";"dont think so!";"Dont think so: new blackberries will spend internet traffic exactly like an android = A LO-O-O-T!!! Their apn is not anymore blackberry.net but the apn from you internet mobile traffic provider data plan and this now becomes very stupid! Where is their compressed traffic via BIS anymore, where is their security?!? ";""
"31798";"305";"Bold Touch 9900";"";"2014-08-17 10:18";"Robert";"On restart in the morning I have 52MG available application storage memory. By late afternoon the damn resource manager says I have about 15MG and have to reboot all the time. What is happening. I dont run anything but basic OS - no social network stuff, location aware stuff, etc. Where has all the memory gone?    Please advise if you can help";""
"31799";"305";"Bold Touch 9900";"";"2014-08-15 07:28";"Tukur Yamele";"BlackBerry 10 is the best phone ever. Keep the good work RIM";""
"31800";"305";"Bold Touch 9900";"";"2014-08-14 18:59";"Anonymous";"After I selected. 'Never' on refresh news feed on facebook,my 9900 battery now lasts and lasts.With a full battery I can go for my whole day and still remain with above half";""
"31801";"305";"Bold Touch 9900";"";"2014-08-13 16:59";"Smiling Inno ";"I hv a bold 9900 the available apps listed do not hv Documents to go, you tube, RSS feeds app and FM radio. I need assistance on how I can down load these apps. I don't know if a soft ware upgrade can solve these lapses. I will appreciate an informed solution from anyone Many thanks. Smiling Inno ";""
"31802";"305";"Bold Touch 9900";"";"2014-08-05 20:58";"sherro";"NFC support ,,, amazing Blackberry-bold";""
"31803";"305";"Bold Touch 9900";"";"2014-08-03 04:19";"bagus";"I love blackberry 9900";""
"31804";"305";"Bold Touch 9900";"";"2014-07-30 03:07";"Saichand";"There is no sensor key in bb 9900. All keys are buttons(including call, menu, back, and power).";""
"31805";"305";"Bold Touch 9900";"";"2014-07-29 23:09";"Buddesatva";"I cannot believe I upgraded to this. What a mistake. Various problems but the one that really bites is there is no autofocus on the camera. It is useless for photos.";""
"31806";"305";"Bold Touch 9900";"";"2014-07-28 12:10";"";"The least reliable phone what I ever had.  - "Battery level to low for radio use" after 10 hour with light use. 12 hour if I did not used it at all(!!!) and sometimes only 4 hour if I used it heavily (for example I made 2 longer phone calls (not hours just minutes!) and used the internet for a hour). If you just switched it off and put it away after a day its needs to be recharge as well (what the hell?) - Did you mute the phone? No problem, a youtube video will start with full sound anyway. - Starting with an error message: "Uncaught exception: Object already exists". The community answer: reinstall the system... ...I did it it remained the same. - Slow and the apps freeze frequently. Especially the browser which drop the pages all the time. - Sync with online accounts (gmail, calendar and contacts for example) is only if you have data plan with BB BIS or BES. - It's call numbers sometimes randomly (I put an app to interfere with these callings but come on!) - Its just cant handle a lot of webpage. - Most of my emails (around 60%) is not shown on this phone. - It don't have offline maps on it at all (don't come with the useless trackbudy. Most of the time that program not even works) so you need data plan + strong service signal and battery level if you would like to navigate with this. When the "Battery level to low for radio use" you will be lost.  - The apps usually came with shitload of spam. Some of them spamming you even if you don't run it at all. They send you popup messages, emails...etc even if you not in that app. - The apps also generate data traffic even if they suppose to do nothing on the web (thanks for the good you can denied them to do if you know how to do). - The apps are really expensive. However most of them poorly developed and designed. - Most of the free apps are trial and you only able to use them a day or one times or something like that. After you have to buy them. Apps like barcode scanner...etc. Did I mentioned the apps are really expensive? - There is themes for the phone interface what can make the phone totally useless if you use folders on your homescreen (most of the themes cant handle the folders). Yes even expensive themes do that. So you buy something then you feel you put sellotape on your expensive gear.  - Every single install (even a simple cardgame) make a systemreboot. - The phone rebooting painfully slow. - The camera has no autofocus. Therefore its makes a lot of times scanning a barcode almost impossible.  Most of the problem the community say: I should reinstall the software... hell no more! The community always blame the third parties. Most of my other gear can work together flawlessly only the BB devices making dramas all the time (Bold, Torch, Playbook...I have loads of problem with them all the time)  My opinion: this phone is nice how its looks.  Its work well with data plan+BIS. Its not an efficient and reliable phone I hardly can us it as a serious business phone.";""
"31807";"305";"Bold Touch 9900";"";"2014-07-25 12:36";"Anonymous";"one of the worost mo bile in this universe is blackberry";""
"31808";"305";"Bold Touch 9900";"";"2014-07-23 00:21";"Dami ";"Mine went off any never came back up.   blackberry Bold 9900 is nothing but crap.";""
"31809";"305";"Bold Touch 9900";"";"2014-07-21 06:32";"Goldsalltime";"Physical";""
"31810";"305";"Bold Touch 9900";"";"2014-07-20 23:33";"Joe";"Not a bad phone at all, though it lacks decent software as many other BBs. The camera is really bad, pictures are oversaturated (too many red overall, it is not able to determine the correct white balance even in good light conditions) and blurred. Nighttime the camera is useless. The communication is quite OK however and that's why I use a phone. I like the rounded edges and the fact that it's tough and manufactured well (it felt down many times, my kids even drop it sometimes but there's no even a scratch anywhere). Overall I'm satisfied but I could imagine much better software support, why am I having a smart phone if I am not able to use its features?";""
"31811";"305";"Bold Touch 9900";"";"2014-07-20 08:13";"themba";"I want this blackberry. Do not get any blackberry that is slide tho.";""
"31812";"305";"Bold Touch 9900";"";"2014-07-13 09:36";"United";"I enjoy using my Blackberry Bold 9900. It's my best phone ever!!!";""
"31813";"305";"Bold Touch 9900";"";"2014-07-12 09:15";"Snow";"AM failiNg to doWnLoad music on this phone it says error when Am doin whts the probleM?";""
"31814";"305";"Bold Touch 9900";"";"2014-07-11 17:07";"Bonita";"I have a bold 9900 my touchscreen is not working is there a shortcut to accept ";""
"31815";"305";"Bold Touch 9900";"";"2014-07-11 13:26";"Alexx";" Someone can tell me if the "CALL" and the "STOP CALL" buttons are physical or sensors ?";""
"31816";"305";"Bold Touch 9900";"";"2014-07-09 06:39";"Mackie";"I am using a 9900 - my mobile were crashed last month and I lost all my contacts and datas - however, i connected to Internet, i am falling to access yahoo mail, pls advise";""
"31817";"305";"Bold Touch 9900";"";"2014-07-08 06:15";"Rodlee";"so the problem is in my handset right? theres no setting for turning off and on of the touch screen?";""
"31818";"305";"Bold Touch 9900";"";"2014-07-08 06:11";"Anonymous";"try to go to the nearest technician in your place";""
"31819";"305";"Bold Touch 9900";"";"2014-07-08 06:07";"Rodlee";"I cannot use my the touch screen of my handset, how it will work? or the problem is on my phone? or theres a setting? etc.. HELP ! TNX in advance";""
"31820";"305";"Bold Touch 9900";"";"2014-07-08 01:59";"Aziz ";"Dear All, I have Problem of Hanging BB9900, Sofware are 7.1 , what to with it ? Help me. Azizullah1@gmail.con";""
"31821";"305";"Bold Touch 9900";"";"2014-07-08 00:51";"zamarni";"hello my blackberry bold 5 signal low battery and went off and i charged it but its not caming on can someone help me please?????? ";""
"31822";"305";"Bold Touch 9900";"";"2014-07-07 18:29";"Extermanator";"I have recently bought my blackberry 9900 bold and never looked back one single moment my phone fell twice on the tar road face to the ground but magicly this phone never got a scrath on the screen due to the build in screen guard and super tough screen yeah it aint as fast as the blackberry Z10 on the internet or as big but the keyboard and touch screen makes up for it in more ways than one so if you can get your hands on this phone I recommend you should make the effort of buying it it's really worth it";""
"31823";"305";"Bold Touch 9900";"";"2014-07-04 06:55";"shery";"Turn off your phone for 2-3 days nd then full charge it then your blackberry battery will save thee power just like the new one";""
"31824";"305";"Bold Touch 9900";"";"2014-07-03 19:43";"Salman";"hello darrenbold are you satisfy with bold 9900 battery timing?";""
"31825";"305";"Bold Touch 9900";"";"2014-07-03 06:41";"darrenbold";"In this day and age of samsung galaxies and iphones leading the market,I have a blackberry bold 9900! I can afford to buy any phone I want,but stick to this phone,its not as powerfull as those other phones,but it works perfectly for me! And the best thing is ,is the physical keyboard! I can out-type any person on a touchscreen phone!and its strong as hell!hahahaha!";""
"31826";"305";"Bold Touch 9900";"";"2014-07-01 17:05";"Salman";"hi every one recently i bought bb 9900 in used but conditionis very good i have battery problem battery drain very quick less then 5 hour in used , can any one tel me what i suppose to do";""
"31827";"305";"Bold Touch 9900";"";"2014-06-28 12:37";"";"Are you in Philippines? ";""
"31828";"305";"Bold Touch 9900";"";"2014-06-27 11:14";"rj";"Too expensive to use unlike android phones there's play store!!!";""
"31829";"305";"Bold Touch 9900";"";"2014-06-25 20:12";"mehmet";"Most blackberry devices I have used froze during operation leadin to me thinking that the problem is manufacture originated";""
"31830";"305";"Bold Touch 9900";"";"2014-06-20 23:49";"";"My bb phone is worried me it frizzy";""
"31831";"305";"Bold Touch 9900";"";"2014-06-18 08:53";"jeelani";"my mobile is showing Application Error. plz rply me> how to solve";""
"31832";"305";"Bold Touch 9900";"";"2014-06-15 10:06";"MM.Romany";"I have a problem.Each time i choose 2G, it appteas as GSM. when on 2G, I recharge the battry every 48 H. when on GSM, I recharge thw battry every 16 H. can any frind help me in this .Thanks all in advance.";""
"31833";"305";"Bold Touch 9900";"";"2014-06-14 17:46";"Anonymous";"i can fiX it for you a token change. or I can also buy it if u care08055868098";""
"31834";"305";"Bold Touch 9900";"";"2014-06-13 14:27";"anir";"BB bold 9900 is being relaunched shortly. Already available for pre-order now.";""
"31835";"305";"Bold Touch 9900";"";"2014-06-12 11:33";"Pa Ego (Indomitable)";"s BB Bold 5 preferably 2 use as fairly USED mobile fone?...... I ve Bold 2 b4 n am plannin 2 go 4 BB Bold 4 may b b4 d wik runs out..... Ur kind gesture s awaitin.... tanx...";""
"31836";"305";"Bold Touch 9900";"";"2014-06-11 20:26";"vinlube";"I want a bb9900 to buy serious offers only";""
"31837";"305";"Bold Touch 9900";"";"2014-06-10 01:15";"Abah Ronghok";"Too many problem with this gadget, from no restart, lost contact, lost internal memory, lost rom, dead pixel lcd, can't read memory card, hard keypad, sensitive usb connector, no signal (perhap internal antenna problem),etc, etc, etc until total dead!! wuih wuih wuih...... that is my experience ";""
"31838";"305";"Bold Touch 9900";"";"2014-06-09 23:00";"";"cn u tke it 2 cellphne repairs for flashing it mght work.. m bb8520 ones dd da sme. but nw its well. cheers ";""
"31839";"305";"Bold Touch 9900";"";"2014-06-06 14:58";"Afobaje1";"Pls what can I do?  My BB9900 is not coming On again. If I inserted the battery it will just show the red light on the led,and it will not boot.  Thanks";""
"31840";"305";"Bold Touch 9900";"";"2014-06-04 15:35";"rox";"Hi all, i am unable to RESTORE CONTACTS to my BB 9900. it is telling me that my email add is not linked with any Blackberry messenger. what should i do? help ne1";""
"31841";"305";"Bold Touch 9900";"";"2014-06-03 17:41";"spirit76";"With the blackberry bold 9930 can I send a text while making a phone call";""
"31842";"305";"Bold Touch 9900";"";"2014-06-02 19:26";"Elvino";"Hi all, i am unable to RESTORE CONTACTS to my BB 9900. it is telling me that my email add is not linked with any Blackberry messenger. what should i do?";""
"31843";"305";"Bold Touch 9900";"";"2014-06-02 10:18";"Anonymous";"The phone does view pdf files.  ";""
"31844";"305";"Bold Touch 9900";"";"2014-05-31 15:04";"WankiBarbz";"I Honestly Believe This Is The Best Phone Blackberry Has Ever Created.. Not Even The Latest Blackberry's Are This Awsome...!!!";""
"31845";"305";"Bold Touch 9900";"";"2014-05-31 00:40";"Hin";"Great Phone !";""
"31846";"305";"Bold Touch 9900";"";"2014-05-29 22:36";"remi";"how much do u think the second hand price of bold 5 will be. Pls ";""
"31847";"305";"Bold Touch 9900";"";"2014-05-27 21:45";"zino";"hi guys, does this fone 9900 bold has a video call? and also does the battry last longer? cheers. ";""
"31848";"305";"Bold Touch 9900";"";"2014-05-26 18:15";"Mahmud";"Everything works great. Just love my BlackBerry 9900 :)";""
"31849";"305";"Bold Touch 9900";"";"2014-05-26 13:37";"BERTUS";"i have no problimes with my phone 2years and still work and look brand new im due a upgrade now but i will keep using this one.";""
"31850";"305";"Bold Touch 9900";"";"2014-05-26 13:02";"emezie ";" Disaster! sometimes my blackberry remotely disconnect from network while service logo on full strength,when this happen i will not receive tesxt message & phone call until i remove battery and put it again.                 ";""
"31851";"305";"Bold Touch 9900";"";"2014-05-23 09:56";"kim";"Honestly the worst phone I have ever had in my life!! its my 3rd brand new bold and only 7 months later this one has packed up now too.   1st time it was the 0 "zero" button that spazzed out and just kept typing zero's all over my screen so I sent it in and they couldn't repair it so they gave me a brand new phone!  2nd time new phone 2 months down the line the wifi doesn't work, it kept rebooting itself, freezing and then at times people couldn't call me it wouldn't go through and it wouldn't download things from the internet or play videos. So again I sent it in for repairs and yet again they were unable to repair it so they gave me a brand new one.  3rd time, 7 months old now and the battery is in it's moer! lasts for 15-30min off charger (I barely use the phone and there are no apps running in the background and my wifi is off) the phone also decides everytime I go onto the internet that it will turn off and will not turn back on for abut 15min... I will NEVER recommend this phone. and im not taking it in to repair it again rather buy a different phone.  To add my ex also has the exact same phone as me and 2 months after he got it his network stopped working couldn't bbm or whatsapp nore use the internet he had to use sms or phone. so he sent it in and got a brand new one and now 9 months down the line his phone is freezing,deleting kak, and starting to loose the signal again.   whenever I go to blackberry for help they just say they can't help and to send the phone in. everytime we come out with a brand new bold 9900! For my personal experience this is a bad one and it says to you there is obviously something wrong that they can never repair the phone and always have to give a brand new one back!!  Next phone is defiantly a samsung";""
"31852";"305";"Bold Touch 9900";"";"2014-05-23 09:27";"Anonymous";"Not even the 1Ghz dual core, 1GB RAM equipped BlackBerry Playbook can run OS 10.1, let alone this phone. This is still a hot phone regardless. Plus the BB10's lack of BIS is rather annoying. ";""
"31853";"305";"Bold Touch 9900";"";"2014-05-21 14:57";"wasim";"blackberry 9900 have 10.1 avaiable? ";""
"31854";"305";"Bold Touch 9900";"";"2014-05-18 01:20";"Sege";"i had same issue with same error but resolved it. simply put your sim in a lower end phone, Nokia or any one correct your message centre and save it. remove sim and return it to your BB 9930 you will be fine.";""
"31855";"305";"Bold Touch 9900";"";"2014-05-13 07:23";"ps";"First verify with your service provider whether 3G/HSPA has been activated on your number. Once that is confirmed, go to settings>Network & connections>Mobile Network>Data Connection>Preferred Network & change from 2G to 3G/HSPA/UMTS or simply put in AUTO mode. After that do a battery pull & you will have 3G/HSPA on your homescreen. All this is provided if & only if 3G has been activated by your Service Provider on your number.";""
"31856";"305";"Bold Touch 9900";"";"2014-05-12 21:25";"";"World's No.1 Phone Love my BB 9900 ";""
"31857";"305";"Bold Touch 9900";"";"2014-05-12 19:01";"jay";"this phone z laka so enjoying ah!";""
"31858";"305";"Bold Touch 9900";"";"2014-05-08 10:01";"Anonymous";"its a nice phone. all blackberry enthusiasts are gona love this phne ";""
"31859";"305";"Bold Touch 9900";"";"2014-05-02 16:23";"Anonymous";"That's why you google and find out more about the device before you spend your hard earned cash on it. ";""
"31860";"305";"Bold Touch 9900";"";"2014-05-02 16:16";"Anonymous";"Non of the above companies force people to buy their products";""
"31861";"305";"Bold Touch 9900";"";"2014-05-02 16:02";"Anonymous";"Stick to the Nokia since you clumsy";""
"31862";"305";"Bold Touch 9900";"";"2014-04-29 12:16";"ben gonmei";"thank you for your advice";""
"31863";"305";"Bold Touch 9900";"";"2014-04-25 14:52";"LuciB";"This is a lovely phone if it wasn't that it 1) hangs 2) switches off when it feels like it 3) resets itself 4)buttons don't work! I am very disappointed in Blackberrys. This was the first one since owning a cheap Nokia and never again. There are much better phones then this one. ";""
"31864";"305";"Bold Touch 9900";"";"2014-04-24 12:13";"Attaka";"Are you using MTN? They do that a lot: charge you separately for gprs data when you have an active BIS plan.";""
"31865";"305";"Bold Touch 9900";"";"2014-04-24 10:10";"frostyz biatch...son";"Non arguably better than the z10 nd q10 pu together";""
"31866";"305";"Bold Touch 9900";"";"2014-04-23 07:19";"";"Bb 9900 hmm low battery good qwerty ...nice design ..good noise..now good price in east of europe is about 200 euro free line bis bes active";""
"31867";"305";"Bold Touch 9900";"";"2014-04-21 00:21";"tonyioancy";"I own the Blackeberry 9930 and about a month ago i found out that I couldnt send sms although i could receive. I called my ISP to complain and they advised me to check the sms center and correct the setting if required. I tried to trace this setting from the settings tool but no such option was available. It simply vanished. I am really upseteven frustrated because i cannot reply to the sms i receive. Any such attempt gives me the message "unidentified subscriber". Can anybody advise me or propose a solution to this problem. Today i downgraded the devise software to the previous version hoping that the missing function would be recovered ..but nothing changed.  I hope i receive your comments asap";""
"31868";"305";"Bold Touch 9900";"";"2014-04-19 17:20";"JEEVAN";"nice phone for battery backup and other performanse also fast>>>>>> but not working whasapp properly>>>>>>>>>>­>";""
"31869";"305";"Bold Touch 9900";"";"2014-04-17 02:22";"Anonymous";"Yes,. Of Course";""
"31870";"305";"Bold Touch 9900";"";"2014-04-11 20:08";"";"At least Samsung and nokia is worth buying after a couple of months of their release when the prices go down , iphones even though they are overpriced at least its durable and manages to survive a few falls , but the way blackberry does it is horrible ..... people who have no idea about mobile specs will end up buying this cheap worthless junk with their hard earned money .  my Bold Touch 9900 fell only ONCE and that was it for the mobile and it cost me a fortune to purchase , while my backup mobile nokia 701 which only costs about $150 is a ROCK SOLID mobile , even after a dozen falls the nokia still runs perfectly with only a few scratches .  NO WONDER BB WAS GOING BANKRUPT";""
"31871";"305";"Bold Touch 9900";"";"2014-04-11 15:41";"Anonymous";"Bb has completly reap people of their hard earn cash just the way nokia did in the past and apple is still stealing from people while samsung are using con and gimicks to steal from people. When will all this stop selling phone with the price of a laptop. ";""
"31872";"305";"Bold Touch 9900";"";"2014-04-09 00:16";"Anonymous";"i have been using bold 9900 for some time unfortunately my keypad has not been responding for month now. both the menu key, the receiving key and call ending keys are all not functioning. pls, any help because i really want to use it again; i don't want to discard it";""
"31873";"305";"Bold Touch 9900";"";"2014-04-07 18:51";"";"cheap TFT screen , no secondary camera , small battery capacity , low resolution 5mp camera , crappy processor , only 8 gb storage , no screen protection such as gorilla glass .....i could go on all day  And i thought iphones very overpriced , good god this phone is as expensive as a samsung galaxy s4 .  If i may ask why do people go for these type of phones other than being ripped off";""
"31874";"305";"Bold Touch 9900";"";"2014-03-31 10:37";"Ubuntu";"Hi everyone,my BB9900 is hanging and has refused to accept any key.i cant seem to enter my password into the space because it refuses to accept any key i press on it.Could this be a problem?";""
"31875";"305";"Bold Touch 9900";"";"2014-03-31 02:05";"Anonymous";"im using a Bold 9900, I cant activate my enterprise and I cant use any Blackberry apps, I already activated my ID on the computer but still I cant use it to open my ID on my cellphone? what will I do?";""
"31876";"305";"Bold Touch 9900";"";"2014-03-26 16:13";"RASHID SAIM";"you should unsub the gprs ";""
"31877";"305";"Bold Touch 9900";"";"2014-03-23 05:03";"KING JAMES";"Hello everyone. I use a blackberry bold 9900,its a very nice phone,but I need an assistance on just this very issue I am having. My phone is running on OS 7.1 it has 3G/H+,2G and 3G/H+ and 2G. The issue I am having now is that it doesn't give 3G or H+ connection,its only stucked on EDGE. Please what do I do to have a 3G/H+ connection. Thanks for your assistance...";""
"31878";"305";"Bold Touch 9900";"";"2014-03-21 16:16";"amit";"no bro";""
"31879";"305";"Bold Touch 9900";"";"2014-03-21 07:39";"Anonymous";"yes";""
"31880";"305";"Bold Touch 9900";"";"2014-03-20 18:43";"Rubel";"Please help me.when I connect my Blackberry 9900 to wifi network I am losing my mobile balance from my account.If I keep data connection on,I also lose my mobile balance without any data use.So what can I do.I Please help.";""
"31881";"305";"Bold Touch 9900";"";"2014-03-20 12:06";"";"Please anyone xplain, Is this phone can view PDF files???.  urgent..";""
"31882";"305";"Bold Touch 9900";"";"2014-03-18 01:43";"";"Battery Issues: - make sure you are running OS7.1 - enable Application Resource Monitor, check monitor for low memory and fragmented memory and recover at a time to suit, automatic shut down background draining applications - turn location services off (critical) - delete any SNS software you dont use, or all of it (I have) - dont have Whats App running in the background as it is a real energy hog, use BBM is better - turn brightness down to 30 - turn backlight timeout to 20sec - enable memory cleaning and for every hour on idle - turn off wifi when not needed, same for wifi hotspot, Bluetooth and NFC - keeping on 3G is fine - if replacing the battery use a Hippo replacement 2000mha battery  it is cheap, the same size as the original and easily lasts all day Have fun with your BB9900  mine I use extensively during the day with no problem and software restart one per week (alt+rightshift,+del).";""
"31883";"305";"Bold Touch 9900";"";"2014-03-18 01:40";"";"Good for you then My fren...";""
"31884";"305";"Bold Touch 9900";"";"2014-03-18 01:34";"Adam";"Hello folk..i have a problem about wifi connection,recently i tried to connect my 9900 with hotspot wifi from a android phone,it happily connect and the wifi name appear on the screen but the unhappy part is it doesnt run at all and that keeps bugging me bcause other phone are perfectly run on the line..sometimes it also happen when i connect to normal port or modem..is there anything that i doesnt know and need to know about this bold 9900..?";""
"31885";"305";"Bold Touch 9900";"";"2014-03-14 18:35";"possitivemind";"Am having the Same issue ";""
"31886";"305";"Bold Touch 9900";"";"2014-03-14 08:59";"shailly";"i am using bb 9900 from last two years n before two months it was totaly shut down i repair it from bb service centre after that i am getting very less battery back up & poor camera quality regarding this i also visit again that service station but he check n said that everything is fine but i am not satisfied. please guide what to do?";""
"31887";"305";"Bold Touch 9900";"";"2014-03-13 11:44";"Anonymous";"please i cant browse with my bb cause i cent register my device on wireless network and moreover i was having the hotspot but as i have updated the os i cant find it anymore";""
"31888";"305";"Bold Touch 9900";"";"2014-03-11 15:25";"jaybee ";"please help   i have a bb 9900 but have a problem with the wifi. if i stand next to my wifi router i have a wifi connection as soon as i walk about 5 m or more i lose total connect i cant even find my wifi connection when i search for the wifi connection.  please help as i have tried taking out the battery resetting the wifi router nothing seems to work. ";""
"31889";"305";"Bold Touch 9900";"";"2014-03-07 10:29";"natureboy";"Downgrade ur bold5 back to d former O.S";""
"31890";"305";"Bold Touch 9900";"";"2014-03-07 10:12";"ayub ansari";"baught my cell phone BlackBerry Bold Touch 9900";""
"31891";"305";"Bold Touch 9900";"";"2014-03-07 07:51";"keith";"after upgrading my blackberry 9900 from 7.0 to 7.1 os whenever i go to camera the phone will went off. please can you help me with the issue....(dorriskeith134@gmail.com)";""
"31892";"305";"Bold Touch 9900";"";"2014-03-07 07:28";"Anonymous";"It is amazing ";""
"31893";"305";"Bold Touch 9900";"";"2014-03-05 13:47";"Nitesh NN";"Hi,  my BB Bold 9900 is totally dead, i tried to repair it from mobile repair shops but all they telling you BB Bold is dead ( IC is gone ) please help me out i am really frustrated (email id-coolniteshnaik@gmail.com)  Regards, Nitesh NN";""
"31894";"305";"Bold Touch 9900";"";"2014-03-05 00:01";"";"i have been trying to download this photo collage application on my phone!!!it always says successful but every time i try & open the app it says upgrade!!How the hell do you get to upgrade the app when it says 0.99c.....HELP pliz...this phne sucks big time!!!!";""
"31895";"305";"Bold Touch 9900";"";"2014-03-04 16:18";"Anonymous";"it is possible to enable the Blackberry Bold 990 as hotspot?";""
"31896";"305";"Bold Touch 9900";"";"2014-03-04 08:59";"BB Lovers";"Thank you CEO John Chen, we need new smartphone Blackberry Q20 with Active Touch screen and without Touch screen for business mobility, You've Got it !";""
"31897";"305";"Bold Touch 9900";"";"2014-03-03 16:10";"Anonymous";"Is this wi if hotspot enable";""
"31898";"305";"Bold Touch 9900";"";"2014-03-02 18:30";"shadow walker";"i used two blackberry bold 9900 sets..one with os 7.0 one with 7.1...the difference which i note is os 7.1 drains battery very fast than 7.0 but 7.1 dont have restart issue at least not in my set but 7.0 restarted a lot by itself...but i like bold 9900 keypad very much..despite all its issues it is a great phone for persons who like texting";""
"31899";"305";"Bold Touch 9900";"";"2014-03-02 02:43";"";"This is a very solid phone and built like a tank. May freeze up cause its pre-OS10 but won't break. . The QWERTY keyboard is of course great. The camera is not impressive but capable. 5Mp fixed 720p video. Only has a single core 1.2Ghz chip. Not a slow browser but has trouble rendering tons of sites. No flash support. Excellent sound and music player. App anemic but you can get plenty of theme apps. BlackBerry just launched a lower cost Q5 phone that runs OS 10 you should get that one.&#65279;";""
"31900";"305";"Bold Touch 9900";"";"2014-02-26 02:56";"jon";"Just got mine from work and for work. First time I used. Have had an Android phone for the last three years. I love my Blackberry Bold 9900. ";""
"31901";"305";"Bold Touch 9900";"";"2014-02-25 20:41";"Anonymous";"Please I need help, my 9900 drains battery very fast and it doesn't have an option to turn off 4G. What do I do?";""
"31902";"305";"Bold Touch 9900";"";"2014-02-25 18:17";"Anonymous";"It's sad after 3 yr I quit bb now .No software support. All 3 bold 5 and 2 bold 4 all have restarted several times .I miss my mailing though.and one my bold 4 is 7.1 and old one is on 7.0 but not showing update pathetic";""
"31903";"305";"Bold Touch 9900";"";"2014-02-25 04:05";"Yusuf Ahmed";"I'm too fascinated in using blackberry 9900 as I have no problem using it.";""
"31904";"305";"Bold Touch 9900";"";"2014-02-24 08:59";"Kavita Garg";"If u want to utilize it then u have to have BB/Enterprise plan activated on your BB.";""
"31905";"305";"Bold Touch 9900";"";"2014-02-21 18:08";"Anonymous";"This is very good phone as well as battery issue is concerned u need to just managed the application. and then its battery will work for 2 to 3 days definitely. moreover delete extra applications. I m using it with whatsapp,line , we chatt.etc and battery is going ok.  ";""
"31906";"305";"Bold Touch 9900";"";"2014-02-19 07:10";"arvi";"having BB 9900 with corporate plan of Rs.399.00 any one please tell me whether I should change the plan for activating my enterprise account";""
"31907";"305";"Bold Touch 9900";"";"2014-02-18 10:42";"mohammed";"bad battery blackberry 9900";""
"31908";"305";"Bold Touch 9900";"";"2014-02-18 02:54";"";"Very basic ,boring,bad phone. Go touchsvreen or if you want qwerty Nokia E6";""
"31909";"305";"Bold Touch 9900";"";"2014-02-18 00:37";"cris";"make sure you close all the apps that are open because that is what is draining the battery, and make sure you do not overcharge the phone ";""
"31910";"305";"Bold Touch 9900";"";"2014-02-17 16:15";"d3emon";"can any1 plz tell me about this phone... coz im a android person and i want to switch to bb will this phone be good enough to start with..??  ";""
"31911";"305";"Bold Touch 9900";"";"2014-02-14 18:40";"";"pls.guide me how to record a phone call in 9900";""
"31912";"305";"Bold Touch 9900";"";"2014-02-13 21:24";"";"worst phone ever. bundles of fault! main fault is camera and switching off. if we purchase 100 Bold9900, i am 200% sure that we might found only 1 or 2 pieces ok, rest 98 pcs have camera and switch off problem!! very good design but bad bad hardware.. please do not buy this phone, its totally waste of money!";""
"31913";"305";"Bold Touch 9900";"";"2014-02-06 04:23";"Para";"For anyone who thinks there isn't any good Apps for BB7.1 or any that are being supported, I suggest you look for some third party vendors. There are a lot of good forums out there like crackberry that can point you to apps better than iPhone and/or Android that's BB only. I've personally had my BB9900 for the last two years and I've done quite a bit on it.  - Call Recorder - Activity Monitor (for Contract or Prepaid) - Blackbook / StealthBook (for completely hiding txt/mail/calls and sneaky stuff) etc...  I mean I have at least 50+ apps on my phone for various business purposes. No games though, I have an iPad and Samsung Series9 (WIN7ENT) for that.";""

