"12049";"113";"Defy Pro XT560";"";"2014-10-19 17:34";"simsas";"I have one in Lithuania(Europe),not working in mine area,no 2g and no 3g, I don't know why,get it from canada rogers , so who whant I can sold it,it's totaly new phone you can write me klydau@yahoo.com";""
"12050";"113";"Defy Pro XT560";"";"2014-10-18 10:55";"";"Lol.. are you serious man! You can upgrade it to kitkat anytime";""
"12051";"113";"Defy Pro XT560";"";"2014-08-31 23:06";"";"How I can buy the smartphone from Chili please? Thanks you.";""
"12052";"113";"Defy Pro XT560";"";"2014-07-14 13:56";"santharam";"Please provide the smae mobile with Kit-Kat OS, There are hundreds of people waiting in the market.";""
"12053";"113";"Defy Pro XT560";"";"2014-07-02 00:59";"Anonymous";"yes, its still available.";""
"12054";"113";"Defy Pro XT560";"";"2014-06-18 04:48";"chad";"still available ur unit? ";""
"12055";"113";"Defy Pro XT560";"";"2014-06-03 13:44";"";"can u contact me thro facebook thnx";""
"12056";"113";"Defy Pro XT560";"";"2014-05-03 16:38";"Anonymous";"Where do u live";""
"12057";"113";"Defy Pro XT560";"";"2014-04-30 14:42";"Arianz";"I need one.........";""
"12058";"113";"Defy Pro XT560";"";"2014-04-01 00:23";"Anonymous";"If anyone needs this mobile in saudi arabia, reply back here. I have a used one.";""
"12059";"113";"Defy Pro XT560";"";"2014-03-29 10:59";"shiva";"would it work in India? n if it wud then whr can i get it.........plzz advise....fed up of touch screens...";""
"12060";"113";"Defy Pro XT560";"";"2014-03-26 21:37";"Sloppy";"Just purchased this phone works wonderfully. I don't play games I watch videos and love that it has a keyboard and touchscreen. I became frustrated with totally touch screens. This phone is great for 125.00 can't lose ";""
"12061";"113";"Defy Pro XT560";"";"2014-03-02 17:36";"Anonymous";"try installing quickheal mobile security.";""
"12062";"113";"Defy Pro XT560";"";"2014-01-26 14:51";"MLG";"not avaialble in Saudi souq.com. where else can u buy in in ME?  ";""
"12063";"113";"Defy Pro XT560";"";"2014-01-23 04:26";"Shiroiryu";"I flash both Canadian and Brazilian firmware, but both doesn't seems to have 3g. I using it in Singapore.";""
"12064";"113";"Defy Pro XT560";"";"2014-01-15 11:05";"Mr Grumpy";"Does anyone know if you can flash the Canadian version of this phone (which doesn't have UMTS 2100) with the Brazil firmware (which does have UMTS 2100) so that 3G works in Europe? Is the hardware the same and it's just Canada that disables the 2100 band?";""
"12065";"113";"Defy Pro XT560";"";"2014-01-14 15:03";"Anonymous";"you can buy from souq.com in saudi arabia.";""
"12066";"113";"Defy Pro XT560";"";"2013-12-25 03:15";"nafiz";"i buy this phone yesterday... and its from ebay... totally new";""
"12067";"113";"Defy Pro XT560";"";"2013-11-28 06:22";"Ayzek";"Hi guys. I think i got a virus from my laptom when copying photos. Now my camera doesn work properly. Sometimes doesnt see the SD ( SAys pls insert SD card, but i cheked SD is ok ). And sometimes takes photo but doesnt keep in memory. How can I reset it without loosing any data and numbers? I dont want factory reset. Pls advice ";""
"12068";"113";"Defy Pro XT560";"";"2013-11-18 15:09";"Anonymous";"can this phone be updated to android os 4.0.4 ice cream?";""
"12069";"113";"Defy Pro XT560";"";"2013-11-17 22:09";"Abdul990";"i would love to opwn this mobile phone.";""
"12070";"113";"Defy Pro XT560";"";"2013-10-08 09:34";"kc";"when it will come to UAE? unlocked phone's 3G will work from UAE? pls advise?";""
"12071";"113";"Defy Pro XT560";"";"2013-09-30 15:24";"Burger";"Hey, SoupJay.  It runs Temple Run and Temple Run 2 almost perfectly, but Subway Surfers lags a little. It's a great phone, but it had several crashes and slowdowns since I bought it four months ago.";""
"12072";"113";"Defy Pro XT560";"";"2013-08-04 23:06";"Kaction";"For all, the case of Blackberry 9000 fits it perfectly. Thanks";""
"12073";"113";"Defy Pro XT560";"";"2013-04-25 01:38";"KelLy";"Great phone, my only complaint is I can't find a case/cover for it anywhere! It's very boring to look at, even tried gelaskins to no avail. :(";""
"12074";"113";"Defy Pro XT560";"";"2013-04-23 00:51";"cellxpert";"the phone is amazing and found it wholesale @ c2 Wireless Irvine California which has a location also in NY ";""
"12075";"113";"Defy Pro XT560";"";"2013-04-19 07:10";"lokomoto";"when it suppose to come to malaysia???";""
"12076";"113";"Defy Pro XT560";"";"2013-04-14 09:52";"gautam";"vry good look";""
"12077";"113";"Defy Pro XT560";"";"2013-03-19 17:25";"Anonymous";"It will be great with dual sim ";""
"12078";"113";"Defy Pro XT560";"";"2013-03-15 15:55";"de";"will it come in europe?";""
"12079";"113";"Defy Pro XT560";"";"2013-03-11 07:33";"";"Hi,  Did any one installed games like temple run, subway surfers in this? are we able to play the same. if so how is performance  Thanks ";""
"12080";"113";"Defy Pro XT560";"";"2013-02-26 07:35";"RAm";"Can somebody help me if there is any mobile with all same features and OS Jelly Bean 4.1";""
"12081";"113";"Defy Pro XT560";"";"2013-02-24 04:27";"ashman";"we need this phone in cameroon";""
"12082";"113";"Defy Pro XT560";"";"2013-02-15 00:23";"osstis";"can I use 3g in UK on it? I've read somewhere that's impossible.";""
"12083";"113";"Defy Pro XT560";"";"2013-02-06 07:59";"suraj";"what is Motorola Defy Pro Release Date In India????????????????????????????";""
"12084";"113";"Defy Pro XT560";"";"2013-01-17 11:02";"francesco";"Im from brazil. Here i bought for BRL: 699 (about USD: 350).  look to buy on ebay canada  Motorola is selling this phone in canada too.  Is the best android with qwerty keyboard And the battery lasts longer than most others android phones(in use), because your small screen..but the standby is the same  Thanks motorola. Please i want DEFY PRO 2, (with good video quality, keyboard as nokia e63(the qwerty keyboard more confortable), and android 4.0 or 4.1) ..  ";""
"12085";"113";"Defy Pro XT560";"";"2013-01-17 09:30";"sentetsu";""For Brazilian market" only";""
"12086";"113";"Defy Pro XT560";"";"2013-01-16 17:45";"Aravind";"When this phone is expected in India";""
"12087";"113";"Defy Pro XT560";"";"2013-01-16 11:46";"francesco";"This phone has android 2.3,, but the only advantage of the ICS i see is the control of background applications in development menu.     .. the photos are good, do not expect much from the video, seems good in small screen, .but in desktop... The front camera is VGA, modest, only for video calls... The back has a robust design. The rubber on the sides makes it good to hold. The keyboard seems difficult to use, but with two days becomes easy as a nokia E-series. ";""
"12088";"113";"Defy Pro XT560";"";"2013-01-13 12:06";"abdullah";"When this phone will come to Saudi Arabia, we have not seen any response from Motorola to now ....!";""
"12089";"113";"Defy Pro XT560";"";"2013-01-10 20:29";"mandarin";"This phone is sold in Brazil ";""
"12090";"113";"Defy Pro XT560";"";"2012-12-25 15:38";"li osmani";"where can you buy this in the uk??iv checked ebay, phone exchnage and also gum tree and amazon..cnt find it. pls help";""
"12091";"113";"Defy Pro XT560";"";"2012-12-23 14:54";"french";"non !";""
"12092";"113";"Defy Pro XT560";"";"2012-12-15 11:56";"J Stanley";"can we upgrade this to jelly bean????";""
"12093";"113";"Defy Pro XT560";"";"2012-12-09 16:00";"hareesha poojary";"motorola is best mobile company and this product is very smart. I should buy it. ";""
"12094";"113";"Defy Pro XT560";"";"2012-11-28 06:52";"Shawon";"Bangladesh is a very peculiar country.In my country still Nokia No 1 brand.Here No authorise dealer for Motorola & Htc cell phone.People who are using this two brand,maximu they are buying re condition handset.";""
"12095";"113";"Defy Pro XT560";"";"2012-11-19 15:48";"Jay";"How many do you need?";""
"12096";"113";"Defy Pro XT560";"";"2012-11-09 13:02";"mannan";"why not this mobile phone come to bangladesh ?";""
"12097";"113";"Defy Pro XT560";"";"2012-11-09 12:51";"ttjoseph";"i wish to have a adual sim in this model for india";""
"12098";"113";"Defy Pro XT560";"";"2012-11-01 05:31";"prish";"is it true dat v cnt find new moto phones in india????? ";""
"12099";"113";"Defy Pro XT560";"";"2012-10-25 19:13";"Anonymous";"Moto, give us dual sim in this Urgently in east africa so we end serch for some years.  ";""
"12100";"113";"Defy Pro XT560";"";"2012-10-24 18:03";"";"Motorola stopped its operations in India. You wont find new Motorola phones in India. Only service centers will be operational for a couple of years. So look out for other manufacturers.";""
"12101";"113";"Defy Pro XT560";"";"2012-10-24 14:38";"Radar";"As usually Motorola is not responding, maybe they dont need new customers!";""
"12102";"113";"Defy Pro XT560";"";"2012-10-23 19:17";"Yo Yo";"I believe as per Motorola concern, they always release there mobile phone in Asia after 6 month of launch in US. Hence this phone might arrive sometimes December or January or Later, same as other phone like defy, mini,etc.";""
"12103";"113";"Defy Pro XT560";"";"2012-10-13 17:41";"yo yo";"Is it up-gradable to 4.0 or later and when will it will be launched in India. Thanks.";""
"12104";"113";"Defy Pro XT560";"";"2012-10-10 12:49";"abdullah";"Motorola seems to be do not want to answer ...If they do not care about Bmjbhe acquiring phones Vlmaz Nlht behind the apparatus ... Is only one question when will launch defy pro elsewhere is Brazil, especially the Middle East ...?! Just want an answer";""
"12105";"113";"Defy Pro XT560";"";"2012-10-10 10:59";"chiki";"I don't find how much RAM has this phone? Is should be at least 512Mb for normal usage...";""
"12106";"113";"Defy Pro XT560";"";"2012-10-08 14:13";"abuSttam";"When will be launched in the Middle East, please answer my Motorola>>>?";""
"12107";"113";"Defy Pro XT560";"";"2012-10-07 14:31";"ric";"Finally, I got the Defy Pro from Canada today...this phone is the best qwerty android so far...than Samsung pro & Moto pro. The screen is just ok & the responsiveness is also find. The call quality is very good. Overall 6.5 out of 10.";""
"12108";"113";"Defy Pro XT560";"";"2012-10-07 13:36";"abdullah";"We need him in Saudi Arabia";""
"12109";"113";"Defy Pro XT560";"";"2012-10-05 00:10";"Oil Trader";"why Motorola never answers to that simple question,millions of potential buyers of Defy Pro keeps asking : Is Defy Pro going to be available anywhere else than Brasil and when could it be ? ? ?";""
"12110";"113";"Defy Pro XT560";"";"2012-10-05 00:09";"Ben";"It seems I was wrong: check out the Motorola Brazil page for the Defy Pro and the Wikipedia article on UMTS: I conclude that the Defy Pro from Brazil may be suited for Europe after all (at least the DE/AT/CH market).";""
"12111";"113";"Defy Pro XT560";"";"2012-10-04 23:59";"Ben";"I hope they'll release a UMTS 2100 model sometime soon.. but so far Motorola hasn't released any information suggesting that would happen. :(";""
"12112";"113";"Defy Pro XT560";"";"2012-10-04 23:58";"Ben";"The phone only provides WCDMA on the 2100 spectrum, so I guess for most European countries that means no. If you're ok with GSM/GPRS/EDGE only, then it'd be ok and you could buy it... but I suppose that would make little sense with a smartphone like this.";""
"12113";"113";"Defy Pro XT560";"";"2012-10-04 18:00";"Anonymous";"Is this phone coming to Europe or it will stay Canada and Brazil exclusive ?";""
"12114";"113";"Defy Pro XT560";"";"2012-09-21 23:24";"";"Is this Europe compatible?";""
"12115";"113";"Defy Pro XT560";"";"2012-09-21 19:55";"Anonymous";"Any plan for dual sim!";""
"12116";"113";"Defy Pro XT560";"";"2012-09-21 18:57";"Anonymous";"what are the prices of motorola defy pro ";""
"12117";"113";"Defy Pro XT560";"";"2012-09-20 09:57";"";"Is this phone available in India? Can the software be upgraded to 4.1? Friends please help.";""
"12118";"113";"Defy Pro XT560";"";"2012-09-16 13:44";"Cambodia";"i wana buy motorolla atrix HD , But motorolla remove market from asia.so sad :(";""
"12119";"113";"Defy Pro XT560";"";"2012-09-16 11:35";"hapman";"I want this device launched in Asia, but seems it's not gonna happen, so sad...";""
"12120";"113";"Defy Pro XT560";"";"2012-09-16 10:41";"Nikolai_D";"Guys, everyone who is from Canada, you can make some business. Buy Motorola Defy Pro and sell it on ebay slightly more expensive. So we from Europe or other parts of the world can buy some of them from you. And you can earn some cash. One guy already sold like 4 of them for double-triple the price on ebay.ca in the last month.";""
"12121";"113";"Defy Pro XT560";"";"2012-09-16 08:13";"akhilio";"would like to see motorola defy pro released in india! there are many takers here too!";""
"12122";"113";"Defy Pro XT560";"";"2012-09-15 11:12";"";"No more Motorola phones in Asian countries like India. It is sad.";""
"12123";"113";"Defy Pro XT560";"";"2012-09-14 16:51";"waqas";"make for asian market... ";""
"12124";"113";"Defy Pro XT560";"";"2012-09-13 08:02";"Fahad";"Hello, Can someone advise me if this Motorola Defy Pro will be marketed in Asia zone or, not";""
"12125";"113";"Defy Pro XT560";"";"2012-09-12 11:56";"Anon";"Why only in Brazil? Why gingerbread? They made 3 steps forward and two backward.";""
"12126";"113";"Defy Pro XT560";"";"2012-09-12 11:15";"";"I think none of the new Motorola phones are going to be released in India, as they are closing their operations here.";""
"12127";"113";"Defy Pro XT560";"";"2012-09-12 00:39";"Anonymous";"Motorola, give us same in dualsim for eastafrica, ";""
"12128";"113";"Defy Pro XT560";"";"2012-09-11 09:26";"jay";"waiting for the Motorola defy pro when it going to launched in India?";""
"12129";"113";"Defy Pro XT560";"";"2012-09-09 17:25";"ka_bou";"To anyone that has this phone :   1. Has anyone tested it on internet ? How is the scroolling on large pages ? Does the Flash player work ok ? 2. I have an HTC Chacha wich is limited by its memory, how much free memory for installing aps do you have ? 3. Can you record téléphone conversations (without having to activate the loud speaker) ? 4. How is the battery life ?  Thanks !";""
"12130";"113";"Defy Pro XT560";"";"2012-09-07 16:57";"Anonymous";"same here.. me toooo";""
"12131";"113";"Defy Pro XT560";"";"2012-09-06 21:27";"Anonymous";"Wish this phone come in dual sim";""
"12132";"113";"Defy Pro XT560";"";"2012-09-06 11:01";"osstis";"I think Motorola pro+ is still better option for money. Almost same spec and bigger screen 3.1in and better res 640x480 there is only one thing I missing "call" & "end" buttons";""
"12133";"113";"Defy Pro XT560";"";"2012-09-05 20:36";"Anonymous";"I believe the North American (Canada) version operates only on UMTS 850/1900. And the South American (Brazil) version operates UMTS 800/1900/2100.  Specs above taken from Motorola Canada and Brazil websites.  Also RAM = 512Mb and Internal Memory = 1Gb. ";""
"12134";"113";"Defy Pro XT560";"";"2012-09-05 10:33";"";"Hi,  seeing that Motorola is closing its operations in India, is it advisable to buy one?  also, we dont see some models being released here.  what is ur opinion?";""
"12135";"113";"Defy Pro XT560";"";"2012-09-05 04:22";"";"carefull,umts is not 2100,only 850/1900,so will not have 3g in Europe :( :(";""
"12136";"113";"Defy Pro XT560";"";"2012-09-02 14:19";"andy";"Thanx bro.biding is ended and only one piece was on sale";""
"12137";"113";"Defy Pro XT560";"";"2012-09-01 13:21";"Radu";"@Grigore from Romania I would like to see the phone when you get it. Please let me know if and how I can have a look. Multumesc";""
"12138";"113";"Defy Pro XT560";"";"2012-08-31 17:19";"Oppa Gangnam";"Here's the eBay URL:  ";""
"12139";"113";"Defy Pro XT560";"";"2012-08-31 14:50";"andy";"someone know where to buy this phone???search on ebay and nothing.thanx";""
"12140";"113";"Defy Pro XT560";"";"2012-08-30 19:59";"Grigore";"I think is a standard. From specs this phone should global work. Since this phone is made for America is obviously they have not got licenses for Europe like SAR value or other EU requirements.";""
"12141";"113";"Defy Pro XT560";"";"2012-08-29 16:42";"satyen";"I do agree wid u dude.";""
"12142";"113";"Defy Pro XT560";"";"2012-08-29 13:43";"Oppa Gangnam";"Go search eBay. Seller ships worldwide. I've won one. Phone now in delivery. Eagerly awaiting.";""
"12143";"113";"Defy Pro XT560";"";"2012-08-29 03:08";"Petephone";"Does the keyboard light up when depressed, or do you have to go to a sub-menu to activate. Or it doesn't light up at all?";""
"12144";"113";"Defy Pro XT560";"";"2012-08-28 07:48";"Ali";"I want one too. Finally an Android device with a decent keyboard. anyone where i can but it in the USA?";""
"12145";"113";"Defy Pro XT560";"";"2012-08-28 03:05";"gibis";"I hope they are planning to launch this in India. A real dearth of QWERTY phones with decent specs... How does one find out re if and when it would be launched - any idea? Tx";""
"12146";"113";"Defy Pro XT560";"";"2012-08-28 01:38";"CanadianGuy";"my manuel says not approved for use in the european union. not sure if that is a spec or a standard?";""
"12147";"113";"Defy Pro XT560";"";"2012-08-28 01:32";"CanadianGuy";"my manuel says not approved for use in the european union. not sure if that is a spec or a standard?";""
"12148";"113";"Defy Pro XT560";"";"2012-08-27 18:34";"Grigore";"My friend from Canada will bring me one in few days here in Romania. So excited to have it.";""
"12149";"113";"Defy Pro XT560";"";"2012-08-26 18:24";"WRC";"Really hope that we can buy it soon in Europe ! ";""
"12150";"113";"Defy Pro XT560";"";"2012-08-23 16:46";"Anonymous";"Absolutely agree with you. As if all the companies are only focusing on touchscreen phones and dismissing qwerty high end phones which are necessary to Business users writing emails. All you companies out there and for those of us who are bored and have given up on blackberry why don't you manufacture a high end qwerty mobile. There is such a huge audience specially x blackberry users.";""
"12151";"113";"Defy Pro XT560";"";"2012-08-23 10:32";"Marco";"I concurr! I have been waiting for something like that since Android came out. Titanium and Samsung's new GT-B5330 go close, but they are still weak in hardware and I think anybody qwerty addicted would prefer them with either a trackpad or a 4 way button like this Defy Pro. I hope I'll be able to get hold of this Defy Pro in Italy soon!";""
"12152";"113";"Defy Pro XT560";"";"2012-08-22 20:31";"Pranav";"Whenever there is a qwerty + chathone created somehow theyre not made processor intensive, as if the virtual keyboard was needed the quads and dual cores,,, this phone, Nokia E6, the upcoming samsung chat pro and even Blackberry bold 4, all lack a powerful processor which a business phone guy would desire.... Pls manufacturers create a 3 inch screen phone with a good physical qwerty keyboard and duo or even quad core processor and 1gb ram, im sure there is a huge audience for this kind of a phone...";""
"12153";"113";"Defy Pro XT560";"";"2012-08-22 05:34";"";" I'll buy this mobile this is what i was searching.....when it'll be available in india???";""
"12154";"113";"Defy Pro XT560";"";"2012-08-22 05:30";"somupro";" I'll buy this mobile this is what i was searching.....when it'll be available in india???";""
"12155";"113";"Defy Pro XT560";"";"2012-08-21 22:07";"Anonymous";"moto uall r out of ur mind. only releasing the phone in nish market..wen it need to release worldwide mrkt. no wonder uall r making losssssssss. ";""
"12156";"113";"Defy Pro XT560";"";"2012-08-21 08:49";"Anonymous";"www.blackberry.com";""
"12157";"113";"Defy Pro XT560";"";"2012-08-19 14:04";"RR";"Does it support Lotus Notes?";""
"12158";"113";"Defy Pro XT560";"";"2012-08-18 22:20";"Anonymous";"Can someone please post a link where i can buy it?";""
"12159";"113";"Defy Pro XT560";"";"2012-08-18 08:47";"Anonymous";"I wish Moto would sell it in Indonesia with the Maxxx's specs and battery in it.";""
"12160";"113";"Defy Pro XT560";"";"2012-08-17 22:47";"Marco";"Are they hopefully not teasing us as they did with Galaxy M Pro? Can we have this phone shipped to Europe? At least they're selling it somewhere...  BTW, is it true that the central button is a 4 way arrow button instead of a trackpad?";""
"12161";"113";"Defy Pro XT560";"";"2012-08-16 05:20";"Petephone";"Now advertised in Rogers Canada sale flyer. $249.99 outright.";""
"12162";"113";"Defy Pro XT560";"";"2012-08-15 15:47";"Nyong";"When come to indonesian";""
"12163";"113";"Defy Pro XT560";"";"2012-08-12 17:27";"anon";"Where can i buy it??";""
"12164";"113";"Defy Pro XT560";"";"2012-08-12 16:59";"tila";"why dont you try buy it from Regers Canada";""
"12165";"113";"Defy Pro XT560";"";"2012-08-12 02:12";"trader";"i am an oil trader,using blackberry phones,as well as all my other friends and partners,since years despite there weak battery life and lack of sophisticated specs. Deffy Pro looks to all of us to be the best replacement mobil.(1700mh+wide physical keyboard+android gingerbread+cpu 1ghz+radio+waterproof body+2 cameras). That's the best phone ever build.Main advantage remaining certainly the physical keyboard witch is essential for a real professional use; When motorola will start worldwide commercialization of Defy Pro,it will boost Google shares price. My question is : Why is it only dedicated to the brazilian market?";""
"12166";"113";"Defy Pro XT560";"";"2012-08-11 01:15";"";"i get reply from seller at mercado and he told me that they don t ship obverseas,but please is there any one from brasil who can give us link from other shops please? thanks";""
"12167";"113";"Defy Pro XT560";"";"2012-08-11 01:14";"";"i get reply from seller at mercado and he told me that they don t ship obverseas,but please is there any one from brasil who can give us link from other shops please? thanks";""
"12168";"113";"Defy Pro XT560";"";"2012-08-11 01:07";"";"why the hell it s impossible to buy this freak anywhere except in brasil??!!!! ";""
"12169";"113";"Defy Pro XT560";"";"2012-08-11 01:06";"jburn";"why the hell it s impossible to buy this freak anywhere except in brasil??!!!! ";""
"12170";"113";"Defy Pro XT560";"";"2012-08-09 11:40";"lee17";"killer looks, life proof, damn... why isnt it available in the US??";""
"12171";"113";"Defy Pro XT560";"";"2012-08-06 18:44";"Jewel";"when this phon will be available in Bangladesh?";""
"12172";"113";"Defy Pro XT560";"";"2012-08-06 12:01";"Anonymous";"plz dont wait besides that buy galaxy ace ";""
"12173";"113";"Defy Pro XT560";"";"2012-08-06 08:04";"Anonymous";"I tried to buy it from there but I can not register to the site. My accounts keep getting blocked, most likely due to the lack of Brazilian phone number.   The phone doesn't have track-pad. The button in the middle is a 4 way controller. Review - use Google translate  ";""
"12174";"113";"Defy Pro XT560";"";"2012-08-05 21:02";"Anonymous";"Unfortunately that has always been the case. They are clueless on their own phones which they are selling as well as to the timings of when they will be released. I called them many times for previous phones and they were always embarrassingly clueless. It is a shame.";""
"12175";"113";"Defy Pro XT560";"";"2012-08-05 13:59";"";"Good Phone...";""
"12176";"113";"Defy Pro XT560";"";"2012-08-04 22:42";"Anonymous";"Please bring the phone to Romania.";""
"12177";"113";"Defy Pro XT560";"";"2012-08-04 16:25";"Govind";"When this Phone is available in India?  I am very much intrested.";""
"12178";"113";"Defy Pro XT560";"";"2012-08-04 13:58";"Sayed Ibrahim";"Please we need it in Egypt Thanks MOTOROLA. ";""
"12179";"113";"Defy Pro XT560";"";"2012-08-04 12:51";"Naheed";"This phone is not coming to Dubai it seems. I got in touch with the Motorola dubai office and they told me this.";""
"12180";"113";"Defy Pro XT560";"";"2012-08-04 09:17";"Anonymous";"i really hope this phone available soon in Indonesia... :)";""
"12181";"113";"Defy Pro XT560";"";"2012-08-03 19:41";"G. Owoeye";"Please bring the phone to Nigeria.";""
"12182";"113";"Defy Pro XT560";"";"2012-08-02 18:17";"Jack";"Hello moto. plz bring it to India.";""
"12183";"113";"Defy Pro XT560";"";"2012-08-02 13:48";"Johnny";"Did anyone buy it here:  ?? its not yet released on the official motorola website.";""
"12184";"113";"Defy Pro XT560";"";"2012-08-01 22:25";"Chandrapriyadi";"I hope it will available in Indonesia  I Love My Moto Q9, I Love My Droid Pro, I love qwerty ";""
"12185";"113";"Defy Pro XT560";"";"2012-07-30 21:14";"Krishna";"When is this releasing in India";""
"12186";"113";"Defy Pro XT560";"";"2012-07-30 17:52";"Parag";"Does this have trackpad?";""
"12187";"113";"Defy Pro XT560";"";"2012-07-30 07:07";"kira";"This mobaile lock good . While the administrators and moderators of this site will attempt to remove...";""
"12188";"113";"Defy Pro XT560";"";"2012-07-29 17:06";"";"Does the Motorola Defy Pro has built in barometer??? In the press release they mention:  " Outdoor View  Not sure whether to put rain boots on the kids or grab your sunglasses? Glance at your outdoor dashboard view and youll know if there are clear skies ahead."   is that just an internet aplication or barometric weather prediction??  ";""
"12189";"113";"Defy Pro XT560";"";"2012-07-29 16:21";"Joker_Pyara";"It seems this mobile has capacity to be launched worldwide with all necessary features without compromise.";""
"12190";"113";"Defy Pro XT560";"";"2012-07-27 15:52";"Anonymous";"If anyone who is an agent or distributor of Motorola can you please let me know when is this phone coming to dubai.";""
"12191";"113";"Defy Pro XT560";"";"2012-07-27 08:33";"Lintang ipa";"Motorola defy pro, When your released in indonesian??????  I'm waiting";""
"12192";"113";"Defy Pro XT560";"";"2012-07-26 08:15";"Mukul";"I copy that! that is exactly what I wanted to say. I want a decent QWERTY Android and this phone excited me but by the time it will come to india I might lose interest or find an alternative. No wonder Motorola is lagging behind when it comes to market share. ";""
"12193";"113";"Defy Pro XT560";"";"2012-07-26 07:08";"Anonymous";"I can not register to the Brazilian e-bay. They are blocking my accounts. I guess they need Brazilian phone number. Any idea how to overcome it?";""
"12194";"113";"Defy Pro XT560";"";"2012-07-25 21:43";"Anonymous";"You'd have to press the unlock key on top to wake the device and after that you'd have to slide the unlock icon to unlock it. Front keys don't work when screen is locked... clumsy.";""
"12195";"113";"Defy Pro XT560";"";"2012-07-25 10:39";"Amit, India";"It will be nice if motorolls gets same configuration with dual sim & in India  Waiting for it......";""
"12196";"113";"Defy Pro XT560";"";"2012-07-25 10:11";"Vineeth";"I just love the looks and specs of this phone. I am a hardware QWERTY lover and have never understood the craze for huge touchscreen slabs these days. I prefer the feel of real hardware keys rather than the monotonous typing on the virtual keyboard. I own the Xperia Pro which I love a lot. But I still miss the down-to-earth convenience and utility of a portrait QWERTY. As a former Nokia E-Series user, this phone seems to fit my requirements perfectly as an E6 + Android combo, with its very sensible addons like Call/End keys, D-Pad and LED flash (which would be more useful to me as a torch with a 3rd party app). And I am okay with a 2.7 inch screen for all this convenience. I just hope that this phone gets available in India as well soon..";""
"12197";"113";"Defy Pro XT560";"";"2012-07-25 09:19";"xyz";"Gr8!! when is it arriving in india?";""
"12198";"113";"Defy Pro XT560";"";"2012-07-25 07:34";"Anonymous";"There you go - hands on review in Portuguese, but Google translator is doing decent job. Unfortunately the center button is not touch sensitive ;(";""
"12199";"113";"Defy Pro XT560";"";"2012-07-25 07:30";"Anonymous";"There you go, its sort of a brazilian ebay... they have it for sale....  ";""
"12200";"113";"Defy Pro XT560";"";"2012-07-25 06:30";"thiago";"";""
"12201";"113";"Defy Pro XT560";"";"2012-07-25 00:43";"";"Hands on video ";""
"12202";"113";"Defy Pro XT560";"";"2012-07-24 16:41";"";"yes thanks,this is not a problem to buy overseas,but does any one have a shop link in brazil where to buy it,thanks.";""
"12203";"113";"Defy Pro XT560";"";"2012-07-24 14:37";"Anonymous";"Can't wait for real review from somebody. Ola Brazil we count on you ;) Is the button in the middle touch sensitive or not? This is my biggest question.  Here is the phone specifications ";""
"12204";"113";"Defy Pro XT560";"";"2012-07-24 05:31";"Petar";"Only in Brazil for now.";""
"12205";"113";"Defy Pro XT560";"";"2012-07-24 01:27";"lol";"Oh Em Gee! this is way better than BB and any other qwerties in the market...so lol...";""
"12206";"113";"Defy Pro XT560";"";"2012-07-24 00:53";"";"fellas,a shop link please where to buy it!!! thaaaanks";""
"12207";"113";"Defy Pro XT560";"";"2012-07-23 06:04";"Hello MOTO";"I Love MOTO &#65292;Over the years, I still loved no matter MOTO become what I will support your product, and now everyone in the world with the SAMSUNG, I feel a bit tired of watching, because it is difficult to share, not the same as mobile phones, such asMOTO can share and SAMSUNG ";""
"12208";"113";"Defy Pro XT560";"";"2012-07-23 05:53";"Onion";"I love this phone .Hope it can comes to the markety of China quickly. you know ,China has lots of QWERTY fans,you should put sight on China.then some advice: 1 rich man are minority,so turn down its $ 2 taxs is high ,so turn down its &#65509; 3 catch up with the latest Android OS,we care about this. ( Oh,my English is fucking good)";""

