"28459";"280";"Desire 700 dual sim";"";"2015-01-18 09:39";"Harsh";"Total loss of money,mind and mental piece....never buy any htc phone...service centres and toll free centres both never respond properly...me fed up of this phone...whenever i see this phone, my memory gets burst....";""
"28460";"280";"Desire 700 dual sim";"";"2015-01-13 17:55";"RDW";"Please dont buy this phone or any of the HTC phone i have purchased the phone and the cell having problem of voice, call drop,camera, network and many more. The services is pathetic as it will take 15-20 working days to get the issue resolved and after that also the issue remains the same. One of the worst handset.";""
"28461";"280";"Desire 700 dual sim";"";"2015-01-07 16:50";"Sunil";"After the system update the phone behaves abnormaly it gets black screen & gets automatically restarts after few mintes or i have to remove battery n restart the device , the phone gets hot many times ,does any one facing the same issue if any suggestions please help......";""
"28462";"280";"Desire 700 dual sim";"";"2015-01-07 10:02";"";"how u know that this mobile is worst??";""
"28463";"280";"Desire 700 dual sim";"";"2015-01-07 05:42";"Pankaj";"U r right nishu me to also using this phone";""
"28464";"280";"Desire 700 dual sim";"";"2015-01-06 09:59";"jaya mishra";"very bad mobile device. Do not buy it.Network problem,speaker problem, a lot of problems.....";""
"28465";"280";"Desire 700 dual sim";"";"2014-12-31 16:34";"Jimmy";"Bad battery back-up. Call drop problem. Don't buy this phone. Total money wastage. ";""
"28466";"280";"Desire 700 dual sim";"";"2014-12-30 07:10";"keval";"hiii friends...solve your all problems regarding HTC DESIRE 700 709d  only update your mobile..  thanks HTC team....";""
"28467";"280";"Desire 700 dual sim";"";"2014-12-25 20:13";"nishu";"This is very nice phone i have been using this from 7 month nd i didn't get any problems  ";""
"28468";"280";"Desire 700 dual sim";"";"2014-12-22 08:46";"unais";"Sound of slot one sim is not clear and calls getting interrupted every 3 minutes after call. even after getting the replacement of new device, problem still persist. contacted the service center but no solution yet. this phone is utter waist. please don't buy it.";""
"28469";"280";"Desire 700 dual sim";"";"2014-12-21 08:45";"rhea";"speakers dont work, battery drains out very easily, camera quality low! doesnt charge! please dont buy this phone ever";""
"28470";"280";"Desire 700 dual sim";"";"2014-12-20 18:38";"praz";"2nd slot is only 2g supported.";""
"28471";"280";"Desire 700 dual sim";"";"2014-12-12 22:19";"hsh";"verrryyyyyyy gooood";""
"28472";"280";"Desire 700 dual sim";"";"2014-12-11 17:22";"Mohammed Nazim";"Power not open after reset this application , Now what can i do? plz give me solution ......... bt i am too much angry beacuse i canot contact anyone. ";""
"28473";"280";"Desire 700 dual sim";"";"2014-12-10 05:10";"monty";"camera quality low. heats up alot on call more than 5 mins. battery drains very fast. It has many problems, i would never suggest this phone. Don't buy this phone ";""
"28474";"280";"Desire 700 dual sim";"";"2014-12-08 05:59";"jay";"1st sim slot is a cdma slot were in it support gsm aswell with 3g internet however the 2 nd slot is gsm however it doesnt supports 3g";""
"28475";"280";"Desire 700 dual sim";"";"2014-12-07 11:25";"Gautam";"Camra quality very low & big problem version it doesn't upgrade";""
"28476";"280";"Desire 700 dual sim";"";"2014-12-04 12:22";"sandeep";"Desire series is very bad. my HTC desire-700DualSim voice audibility problem. and service center are very bad in Mumbai.";""
"28477";"280";"Desire 700 dual sim";"";"2014-12-04 03:17";"Anonymous";"Service center is bad, it takes forever to fix minor problems, very incovinient. Aftersale service is poor. Samsung service center is much better than htc. ";""
"28478";"280";"Desire 700 dual sim";"";"2014-12-04 03:15";"Freeky";"Guys, dont buy this phone, heating problem is an issue. My phone heats up for 10 minutes of calls and a bit internet. Wthell. Waste my money here. Really regret buying it ";""
"28479";"280";"Desire 700 dual sim";"";"2014-11-29 09:59";"kevl";"HTC desire 700 is GSM+GSM... HTC desire 700 709d is CDMA+GSM. (INDIAN VERSION)  n design different...otherwise all same.";""
"28480";"280";"Desire 700 dual sim";"";"2014-11-29 04:22";"osama khan sam";"battery life not soo gud ";""
"28481";"280";"Desire 700 dual sim";"";"2014-11-27 19:04";"Anonymous";"what is difference between htc desire 700 and htc desire 709d desire 700.";""
"28482";"280";"Desire 700 dual sim";"";"2014-11-27 15:25";"rick";"Yes dear i have same problem facing now but still i hve not solve ths problem...and u ";""
"28483";"280";"Desire 700 dual sim";"";"2014-11-23 19:54";"Bhanwar bhati";"Can htc desire 700 upgrade to KitKat And how to upgrade?";""
"28484";"280";"Desire 700 dual sim";"";"2014-11-23 19:49";"Bhanwar bhati";"Can htc desire 700 upgrade to KitKat And how to upgrade?";""
"28485";"280";"Desire 700 dual sim";"";"2014-11-16 13:50";"clep";"my htc desire 700 just hung up wen i tried opening an app,later i removed the battery nd ever since then my phone has been off.anyone with this similar issue pls";""
"28486";"280";"Desire 700 dual sim";"";"2014-11-13 14:12";"kevl";"htc desire 700 Indian Version  ";""
"28487";"280";"Desire 700 dual sim";"";"2014-11-12 07:13";"Francis";"A very good phone but little expensive. Iam using it for the last 8 months (Approx) Battery back up is an issue if all the applications are open and uses it continuously. Wonderful phone with features.";""
"28488";"280";"Desire 700 dual sim";"";"2014-11-11 03:17";"rajagopal chennai";"htc not have automatic answer option also if camera flash on the photo not clear and then if we oprate regularly its go very slow many option not have like samsung ";""
"28489";"280";"Desire 700 dual sim";"";"2014-11-10 13:25";"Anonymous";"Hello Pravash, in HTC Desire 700 Dual SIM, you can use CDMA or GSM in slot 1 with either 3G or 2G. In slot 2 you can only use GSM SIM card with only 2G network. ";""
"28490";"280";"Desire 700 dual sim";"";"2014-11-09 12:58";"Jeet";"Guys, I upgraded from HTC One V to Desire 700...And this phone is simply awesome.... Ya... It's true that there are no updates till now in the phone.... But I m quite relaxed with the Camera quality and the Battery.... I can watch 2 HD movies back to back leaving the battery with 40%... I had also had Desire 516 but that phone is a wastage....so I sold it.";""
"28491";"280";"Desire 700 dual sim";"";"2014-11-06 08:33";"keval";"awesome mobile...expect battery backup..  CDMA+WCDMA+GSM working perfectly..very fast processes..n very good camera quality....I love htc.. ";""
"28492";"280";"Desire 700 dual sim";"";"2014-11-05 19:03";"pravash mohanty";"my htc desire 700 phone is not working properly sim 1 slot is working properly 3g data connected properly but sim 2 slot is not connected 3g data it is connected 2g data only how to configure it please help me how to configure it (it is working properly more than one month but still not working properly). contact me my mail id is pravash2kranjan@yahoo.com";""
"28493";"280";"Desire 700 dual sim";"";"2014-11-05 17:45";"praz";"Still no any major software update. And camera totaly blurry. No shortcut widgets in notification bar. Internet speed is not so good. No filemanager. Processor is not so good. Battery backup also not too good. Problem in dual sim slot. And still jb 4.1.2 with sense 5 UI. I THINK HTC FORGOT HTC DESIRE 700 , that's why still no any update. Better learn something from motorola on software update.";""
"28494";"280";"Desire 700 dual sim";"";"2014-11-04 08:13";"raj";"no updates, we need update for android latest version, no bettery backup";""
"28495";"280";"Desire 700 dual sim";"";"2014-11-04 06:22";"Dip";"*Continuous call drops during call, *Battery issue, *Internet Problem.  Worst phone. better I would have gone for Samsung. Waste of money. Worst service, after getting it serviced also problem persists.";""
"28496";"280";"Desire 700 dual sim";"";"2014-10-31 06:38";"";"Battery of Desire 700 is really hopeless , drains even whn not used. Camera quality is also not upto the mark. In fact htc One V, which I used , had a superb Camera Quality.";""
"28497";"280";"Desire 700 dual sim";"";"2014-10-31 06:32";"Anonymous";"Yes the Battery is really hopeless.  Even the Camera Quality is not up to the mark.";""
"28498";"280";"Desire 700 dual sim";"";"2014-10-29 12:06";"chirag";"Can we update this phone to Android kitkat? If yes than how to update it? I have checked the software update using OTG but still it says that my phone has latest firmware. ";""
"28499";"280";"Desire 700 dual sim";"";"2014-10-29 10:36";"Yashwant";"Battery backup is hopeless. Drains fast even when not in use. Put new battery but have to charge it four to five times a day. Very bad.";""
"28500";"280";"Desire 700 dual sim";"";"2014-10-27 08:05";"pavan";"htc desire is good";""
"28501";"280";"Desire 700 dual sim";"";"2014-10-25 11:46";"";"Spreadtrum processor wid mali400 for 24000???? Joke of the millenium";""
"28502";"280";"Desire 700 dual sim";"";"2014-10-21 19:10";"mohd";"Update android version kit kat";""
"28503";"280";"Desire 700 dual sim";"";"2014-10-21 09:59";"bhanu";"It is creating to much problem. Sound of slot one sim is not clear and calll is interupted wihtin seconds. Went to service center, NO SOLUTION.";""
"28504";"280";"Desire 700 dual sim";"";"2014-10-20 11:18";"jyoti";"HTC providing the worst service.Fully charged battery is lasting for 4 hours if you will not even touch the phone.Worst phone ever.24000 went in vein.";""
"28505";"280";"Desire 700 dual sim";"";"2014-10-20 09:00";"ABHI";"THE all people giving confusing comments...";""
"28506";"280";"Desire 700 dual sim";"";"2014-10-19 19:24";"Gill";"It is creating to much problem. Sound of slot one sim is not clear and calll is interupted wihtin seconds. Went to service center, NO SOLUTION. Pl think before choosing HTC.  GS GiIl. ";""
"28507";"280";"Desire 700 dual sim";"";"2014-10-19 19:15";"Gill";"Within 10 days of purchase i had to go service center bcoz the sim put in slot one was creating problem. The sound was not clear ,also incoming and outgoing call from this slot last long for few seconds. Service centre expert said that slot one is for CDMA. U have to go for CDMA. When i seen the specs it was not like this. I think one should not go for HTC.";""
"28508";"280";"Desire 700 dual sim";"";"2014-10-18 06:58";"ananyomous";"The worst mobile phone I have ever used .... In just a week .. it's' been to service center twice ... Sound problem .. battery backup ... Saare bkws ";""
"28509";"280";"Desire 700 dual sim";"";"2014-10-15 10:36";"Anonymous";"HTC Desire 816 is large then 700..but battery backup is tooooo weak  ";""
"28510";"280";"Desire 700 dual sim";"";"2014-10-14 06:35";"Aadi Vyas";"Please buy 816, new launch, better features and configuration and good battery life. I am a 700 owner and phone is no good.";""
"28511";"280";"Desire 700 dual sim";"";"2014-10-13 20:22";"Anonymous";"HTC Desire 816 is large then 700..but battery backup is tooooo weak  ";""
"28512";"280";"Desire 700 dual sim";"";"2014-10-13 12:16";"Anonymous";"IF any one getting EVDO REV B IN 700 PL. reply ";""
"28513";"280";"Desire 700 dual sim";"";"2014-10-13 08:22";"gk patidar";"During call audio failed after some time automatic.";""
"28514";"280";"Desire 700 dual sim";"";"2014-10-08 16:17";"";"how iz battery life o htc desire 700?? iz it lasting for a day or more??";""
"28515";"280";"Desire 700 dual sim";"";"2014-10-07 11:07";"balavignesh";"Hi friends HTC desire 700 mobile battery life low......plz...battery life plz update all htc plz";""
"28516";"280";"Desire 700 dual sim";"";"2014-10-07 11:06";"balavignesh";"Hi friends HTC desire 700 mobile battery life low......plz...battery life plz update all htc plz";""
"28517";"280";"Desire 700 dual sim";"";"2014-10-06 09:58";"sonu";"Should i can buy desire 700 or desire 816 guyz plz help me";""
"28518";"280";"Desire 700 dual sim";"";"2014-10-05 18:20";"Anonymous";"I hv been using desire 700 since 6 months... Nd till date i hv found no problem in the phone... Except camera Zoom capacity... Itz very less... Otherwise excellent phone. Itz d first ever phone i hv been using for 6 mnths. Fast, cool look, and nyc sound quality.";""
"28519";"280";"Desire 700 dual sim";"";"2014-10-05 12:41";"Anonymous";"Front camera useless, I'm having software problems and volume problems, battery all day to charge and like said, runs out quicker than took to charge. Everyone has different opinion, there is no "correct opinion", but I would definately suggest purchase something else";""
"28520";"280";"Desire 700 dual sim";"";"2014-10-01 14:36";"Anonymous";"I've been using the 700 for about 6 months and love it, hasn't let me down yet. Great screen, fast, good suite of features out of the box. ";""
"28521";"280";"Desire 700 dual sim";"";"2014-10-01 11:01";"Vinay";"I have problem of getting slow down in every 20 days or so, I have reset it accordingly because of it I lost my contacts and messages stored in phone. Anybody have any solution regarding this then please suggest me.";""
"28522";"280";"Desire 700 dual sim";"";"2014-09-28 08:16";"Jai";"desire 816 is very good phone ";""
"28523";"280";"Desire 700 dual sim";"";"2014-09-28 07:58";"Dre";"Pls guys should I go for HTC Desire 700 ";""
"28524";"280";"Desire 700 dual sim";"";"2014-09-27 19:22";"Boxy";"Yes, go ahead and buy the desire 816.. ";""
"28525";"280";"Desire 700 dual sim";"";"2014-09-27 13:12";"samy";"I want to buy HTC desire 816 so guys please tell me is dis phone is good to buy or not..";""
"28526";"280";"Desire 700 dual sim";"";"2014-09-25 11:28";"beauty";"pls frnds dnt buy ths phn... ths phn is not at all gd.. bttry is not gd... nd the main prblm is sftwre prblm.. u hve 2 updte ur phn frqntly... my 2 mnths htc desire 700 is in srvcng cntr due to sftwre prblm... nd touch prblm . am jst fd up wth ths phn... ";""
"28527";"280";"Desire 700 dual sim";"";"2014-09-21 16:06";"pratibh";"Should I go for desire 816 ?";""
"28528";"280";"Desire 700 dual sim";"";"2014-09-20 00:36";"Gopal India";"The best phone I have ever used. Superior camera, you tube etc . I use dual.";""
"28529";"280";"Desire 700 dual sim";"";"2014-09-19 06:19";"keyur";"bullshit battery problem it take 2 hours to charge nd d battery drains in just 4 to 5 hours pls someone say what should i do";""
"28530";"280";"Desire 700 dual sim";"";"2014-09-17 03:18";"samsahal";"I am facing the same issue. No battery life. ";""
"28531";"280";"Desire 700 dual sim";"";"2014-09-16 20:26";"Mukul";"dude i would say dont go this phones. Iam sick of this piece of crap , calls are getting disconnected randomly , terrible cell reception. net gets disconnected automatically and i have to restart this like twice in an hour. i suggest dont by this phones. ";""
"28532";"280";"Desire 700 dual sim";"";"2014-09-16 10:17";"Satender hooda ";"Best phone in android beating samsung,lg,nokia,micromax,and all,best configuration ";""
"28533";"280";"Desire 700 dual sim";"";"2014-09-14 21:39";"rahul";"Best phone I hv ever used";""
"28534";"280";"Desire 700 dual sim";"";"2014-09-13 20:03";"Anonymous";"Call drop and disgusting front camera .... Worst phone I have ever used";""
"28535";"280";"Desire 700 dual sim";"";"2014-09-13 08:24";"Asit";"u can go for desire 616.";""
"28536";"280";"Desire 700 dual sim";"";"2014-09-13 08:20";"Asit";"Friends I bought this mobile at the starting of its release @ 29000/-. it was expensive compared 2 all other mobiles with the same features. But i found no problem till now, mobile is good looking among all smartphones,very slim and compatible 2 use. Very good sound quality, only problem is the photos captured in night are not so good compared 2 other 8MP camera mobiles.";""
"28537";"280";"Desire 700 dual sim";"";"2014-09-12 22:17";"ashok";"Seeing to the reviews regarding performance of htc desire 700 i m confused whether i shuld bye this phine or nt.. Can anyone give me a correct opinion..plz?";""
"28538";"280";"Desire 700 dual sim";"";"2014-09-07 06:53";"Anonymous";"I bought this phone yesterday and it is bull shit . My calls get disconnected randomly. I hate this.";""
"28539";"280";"Desire 700 dual sim";"";"2014-09-06 10:15";"abc";"The same problem is with me. call drop. Do u get any other solution to this problem? or should i also put my sim card in slot 2?";""
"28540";"280";"Desire 700 dual sim";"";"2014-09-03 10:21";"Ashish";"There in beat sound or not. How is sound quality?";""
"28541";"280";"Desire 700 dual sim";"";"2014-09-02 18:15";"suuny";"Frnds please suggest a HTC Mobile that have a good performance also the price range is 15000 - 20000";""
"28542";"280";"Desire 700 dual sim";"";"2014-09-01 22:09";"safwan";"htc desire have is best camera i have ever scene";""
"28543";"280";"Desire 700 dual sim";"";"2014-09-01 08:29";"aryan raj";"i want buy this phone......so pls telll me full specification about this phone.....??";""
"28544";"280";"Desire 700 dual sim";"";"2014-09-01 07:29";"nits85";"For call drop problem ... Please put phone in safe mode and make a call i hope peoblem will get resolved... Then restrat phone and uninstall and reinstall third party application from ur phone";""
"28545";"280";"Desire 700 dual sim";"";"2014-09-01 07:04";"pramod pateel";"why?";""
"28546";"280";"Desire 700 dual sim";"";"2014-08-29 08:45";"";"Frnds please suggest a HTC Mobile that have a good performance also the price range is 15000 - 20000";""
"28547";"280";"Desire 700 dual sim";"";"2014-08-29 07:24";"rajnish";"very bad phone , its totaly money wastage with this phone , call drop ,voice clearty ,battery backup,internet pro,overall problem , one thing is better just touch of phone is nice. please dont buy this phoe at any cost.";""
"28548";"280";"Desire 700 dual sim";"";"2014-08-27 17:18";"Grace Peace";"Yes, you can GSM in both sim.";""
"28549";"280";"Desire 700 dual sim";"";"2014-08-27 16:36";"raj";"Just 3 to 4 hours battary totally drained with out using ...battary major problem ...iam fully charged but below 5 hours drained with out using..";""
"28550";"280";"Desire 700 dual sim";"";"2014-08-26 14:47";"Anonymous";"bro actually sim 1 is a CDMA slot and sim 2 is for GSM ....that's why u r facing problems ... put a cdma sim in slot 1 qnd then it'll work fine.... ";""
"28551";"280";"Desire 700 dual sim";"";"2014-08-26 09:50";"Anonymous";"its better than sony xperia C";""
"28552";"280";"Desire 700 dual sim";"";"2014-08-26 07:52";"Anonymous";"my phone does the same i.e., call drops in some 10 seconds. this issue is with sim 1 slot only. sim 2 slot seems to work well. anyone with a solution to this problem?";""
"28553";"280";"Desire 700 dual sim";"";"2014-08-25 16:01";"abdullah";"How I make video call. There is no option.";""
"28554";"280";"Desire 700 dual sim";"";"2014-08-25 15:36";"abdullah";"How I make video call. There is no option.";""
"28555";"280";"Desire 700 dual sim";"";"2014-08-25 10:14";"";"friends please ensure after purchasing it has major issue which is call dropping issue again & again. ";""
"28556";"280";"Desire 700 dual sim";"";"2014-08-25 10:05";"Madhav";"Freinds please ensure it has Call dropping problem which is major issue.so please if you are plan to purchase it then be careful";""
"28557";"280";"Desire 700 dual sim";"";"2014-08-24 07:59";"abhi";"i am confused which cell to takeHTC Desire 700";""
"28558";"280";"Desire 700 dual sim";"";"2014-08-21 16:45";"gogo";"y bro batree poblbem y ";""
"28559";"280";"Desire 700 dual sim";"";"2014-08-19 12:01";"gaurav";"You should update its software";""
"28560";"280";"Desire 700 dual sim";"";"2014-08-18 19:36";"prem";"Buy power bank ";""
"28561";"280";"Desire 700 dual sim";"";"2014-08-18 19:32";"prem";"Battery problem is there .";""
"28562";"280";"Desire 700 dual sim";"";"2014-08-18 06:09";"";"Can I use GSM sim in Place of CDMA sim in both sim slot. Please reply early your opinion will be helpful for me. ";""
"28563";"280";"Desire 700 dual sim";"";"2014-08-14 21:17";"";"When 4.4 kitkat update will available?";""
"28564";"280";"Desire 700 dual sim";"";"2014-08-14 17:24";"sai chiru";"i am not able to buy similar model online as shown in gsmarena i love this model ...in flipkart:.snapdeal:-)etc have different model help of to find similar model in gsmarena";""
"28565";"280";"Desire 700 dual sim";"";"2014-08-14 08:07";"nikky";"Same thing confuses me here, how can hTC put same name to two different models and the other thing is both are dual sim...";""
"28566";"280";"Desire 700 dual sim";"";"2014-08-13 18:17";"kisshhu";"Just week ago I purchased HTC 700 desire. 1.Bad batter backup. Not even 12 hrs backup. 2.im facing problem with slot one which is cdma. I need 3g networkto activate. No service providers in Chennai.  Someone helpme pls in activating 3g network. My net is dam slow with 2g slot 2.";""
"28567";"280";"Desire 700 dual sim";"";"2014-08-13 17:18";"";"I also had the same voice clarity problem . My experience is very bad just after a month of buying its front glass slightly break from corner with a small fall from 2 fit height and surprisingly it takes 10 days to become very bad . ";""
"28568";"280";"Desire 700 dual sim";"";"2014-08-13 13:32";"sahil";"i using this phone HTC 700 Dual ,,....its amazing cell phone  but it only support 3G on sim 1 slot and also low bandwidth low and network and call disconnection between call ....and network hang after after same time when cell phone is ideal  but internet works perfect (3G)   and 2nd sim slot amazing network .....but only support 2G networking ......   over all cell phone is good ...only problem with 1st slot sim.....   ";""
"28569";"280";"Desire 700 dual sim";"";"2014-08-12 14:15";"Nisar";"I found that call drop issue is due to frequency band difference. Here my carrier supports 900 MHZ however for slot1 HTC Desire has 850 and for slot 2 it is 900. So works fine on slot2 but not on slot1";""
"28570";"280";"Desire 700 dual sim";"";"2014-08-12 11:17";"Anonymous";"616 very good";""
"28571";"280";"Desire 700 dual sim";"";"2014-08-12 04:53";"m.rahman";"im not using this brand yet bt i love this brand nd want to buy htc desire 700 dual sim.plz suggest me...should i buy or not? because i saw lots of problems with this in user's opinion ";""
"28572";"280";"Desire 700 dual sim";"";"2014-08-11 06:55";"sdharunk";"IT is dual active.. I checked with HTC customer support. And also mentioned in HTC website";""
"28573";"280";"Desire 700 dual sim";"";"2014-08-10 05:28";"Anonymous";"Htc cdma and gsm duble using to phone ";""
"28574";"280";"Desire 700 dual sim";"";"2014-08-07 18:01";"fbaig";"GSM  ";""
"28575";"280";"Desire 700 dual sim";"";"2014-08-07 11:40";"Mahesh";"Is this a dual-stand by or dual-active? I mean, if I am talking on one sim and someone calls on other sim, will he get an engage tone or caller tune?";""
"28576";"280";"Desire 700 dual sim";"";"2014-08-06 16:45";"Anonymous";"I'm facinggg problemm when Im talking wt others";""
"28577";"280";"Desire 700 dual sim";"";"2014-08-05 19:53";"";"HTC desire 700 is CDMA or GSM phone. Please help I m confused.";""
"28578";"280";"Desire 700 dual sim";"";"2014-08-05 10:21";"ABC";"But Limton sells only nokia phones...how did you get HTC there?";""
"28579";"280";"Desire 700 dual sim";"";"2014-08-04 16:42";"kenshin";"i'm looking for a good smart phone and HTC caught my attention. but i was wondering if they are tough enough? i have butter fingers and drop my phone A LOT!! besides many times it just slides off my pockets while i'm sitting. its still alive just because its a nokia. but can a HTC go through the same amount of torture??   p.s: i like the HTC one mini and desire 700 (dual sim) very much. are these phones tough or will they brake after a fall or two?my budget is around $300. please suggest any other smartphone in that range (except samsung and Iphone. i hate those. ) ";""
"28580";"280";"Desire 700 dual sim";"";"2014-08-03 14:53";"";"Dear All, I have purchased this Phone from Limton, Dalhousie. They priced it very chip among other shops. Ne way this phone is really fast and user friendly. This is my first smart phone. I'm using it by 1 month and I never feel that I have spoiled my money. some features are not in it like Call recording, FM recording, I managed these from Anroid Application. But overall it is a super phone.";""
"28581";"280";"Desire 700 dual sim";"";"2014-08-03 14:51";"Joy";"Dear All, I have purchased this Phone from Limton, Dalhousie. They priced it very chip among other shops. Ne way this phone is really fast and user friendly. This is my first smart phone. I'm using it by 1 monthand I never feel that I have spoiled my money. some features are not in it like Call recording, FM recording, I managed these from Anroid Application. But overall it is a super phone.";""
"28582";"280";"Desire 700 dual sim";"";"2014-08-02 18:49";"anshu";"i m also facing this problem ... ";""
"28583";"280";"Desire 700 dual sim";"";"2014-08-02 14:57";"vv";"Hay this is another version HTC desire 700 709 e  ";""
"28584";"280";"Desire 700 dual sim";"";"2014-08-01 07:01";"sam";"Anyone plz...can i know whether ur desire 700 battery backup....for me itz too small...not even a day...very sad...plz reply...whether to know is it my phones complant or is it general..";""
"28585";"280";"Desire 700 dual sim";"";"2014-07-31 17:44";"Anonymous";"wat isur sim if its docome its usal problem";""
"28586";"280";"Desire 700 dual sim";"";"2014-07-30 19:15";"Ishi";"Hi can any one suggest me,I m using htc 700 desire from last 2 weeks.the problem I m facing is the data connection keeps on turning off own it's own.it hardly remains on for few seconds nd it shows data connection disconnected.it loses the connectivity.really very frustrating.";""
"28587";"280";"Desire 700 dual sim";"";"2014-07-29 18:10";"hadi karimi";"can anyone help me to find any ROM for desire 700 dual? help please!";""
"28588";"280";"Desire 700 dual sim";"";"2014-07-29 09:55";"";"i think the htc desire 700 is the best ";""
"28589";"280";"Desire 700 dual sim";"";"2014-07-28 11:45";"";"wich phone is better.....616 or 700?";""
"28590";"280";"Desire 700 dual sim";"";"2014-07-26 15:53";"Basil George(Moni)";"bIt lagy nd unrsponsivve. I thnK Smsng Glxy Grnd 2 is bst in tis prise Rang";""
"28591";"280";"Desire 700 dual sim";"";"2014-07-26 05:55";"adi";"htc 700 is nic...sum people r facing problem in making call i suggest them to get a new sim card from ur operater and all the calling problem wll be solved..and it is the one of the best phone i hav ever used....";""
"28592";"280";"Desire 700 dual sim";"";"2014-07-25 23:01";"Parsa de Persia";"Hi. would you guide me to update android from 4.1 to 4.4? ";""
"28593";"280";"Desire 700 dual sim";"";"2014-07-25 22:59";"Parsa de Persia";"Hi, use only 3G sim in Slot number 1 sim slot 1 does not sipport 2G. for 2G use sim slot 2";""
"28594";"280";"Desire 700 dual sim";"";"2014-07-25 22:13";"chanchal";"I also used HTC 700 desire from 3 days But it becomes hot when I use internet. But why ?";""
"28595";"280";"Desire 700 dual sim";"";"2014-07-25 16:45";"sam";"Even i bought one and facing the same problem. Any solution to this one pls....";""
"28596";"280";"Desire 700 dual sim";"";"2014-07-25 14:03";"AYAAN SK";"samsung grand 2 duos id the best in this price range ";""
"28597";"280";"Desire 700 dual sim";"";"2014-07-23 15:20";"Anonymous";"htc desire 700";""
"28598";"280";"Desire 700 dual sim";"";"2014-07-22 15:13";"Anonymous";"download network app from playstore for only gsm or only wcdma ";""
"28599";"280";"Desire 700 dual sim";"";"2014-07-21 17:25";"sazz";"hi!! guys i'm confused in xeria c nd desire 700 plz help me... which fone is best";""
"28600";"280";"Desire 700 dual sim";"";"2014-07-21 15:09";"";"the image shown is different ..itz like htc one...when i went to buy htc 700 they showed me the different piece...how is it possible...???";""
"28601";"280";"Desire 700 dual sim";"";"2014-07-21 14:29";"Faran ";"Is there any other colour of desire 700 other than black ??";""
"28602";"280";"Desire 700 dual sim";"";"2014-07-21 09:11";"siddharth";"its not the common fault , because i'm using the same phone for more than 2 months i didn't overcome any probs... better u can contact the nearest htc service center. ";""
"28603";"280";"Desire 700 dual sim";"";"2014-07-21 08:24";"Nisar";"I am also facing same problem. In my office it works fine but outside the office it does not work most of the time. If you find any solution please also share with me (nisar-ahmed@hotmail.com)";""
"28604";"280";"Desire 700 dual sim";"";"2014-07-20 14:19";"balu ";"first sim we can use cdma/gsm";""
"28605";"280";"Desire 700 dual sim";"";"2014-07-20 14:16";"balu";"I love this mobile good working but sometimes phone getting heat";""
"28606";"280";"Desire 700 dual sim";"";"2014-07-20 12:44";"MUNNA";"i want to buy cdma+gsm (3G) phone kindly help for that";""
"28607";"280";"Desire 700 dual sim";"";"2014-07-20 07:15";"Sam";" i have this problem too ( the call disconnects automatically)!  have you found any solution for it?";""
"28608";"280";"Desire 700 dual sim";"";"2014-07-20 06:44";"sam";"i have this phone for a week, and i can not talk with it for more than a few seconds. the call ends suddenly after about 30 seconds or so!  does anyone can help or suggest a solution!?";""
"28609";"280";"Desire 700 dual sim";"";"2014-07-19 22:54";"Mk";"Hi guys last 3days i bought desir 700 .phone is looks good.i want help.how to get patch OTA.did u get it plse ket me know.i having mmi code errors.also i want know 4.4.2 kitkate realising date plse help me.....";""
"28610";"280";"Desire 700 dual sim";"";"2014-07-19 22:34";"mk";"Ebay";""
"28611";"280";"Desire 700 dual sim";"";"2014-07-19 08:08";"Yadav";"Whch phne is good 616 or 700 plz gve me suggetion";""
"28612";"280";"Desire 700 dual sim";"";"2014-07-17 20:32";"prasant";"Hmm same here. ";""
"28613";"280";"Desire 700 dual sim";"";"2014-07-17 16:03";"";"Hi. I want know whether we can use MTS Sim Network with HTC desire 700. I know first sim is CDMA but some says it wont work. So need some help in this. Does anyone know about it ?";""
"28614";"280";"Desire 700 dual sim";"";"2014-07-15 13:44";"saaagar";"Is there any touching problem when phone use in top of the table.. ? I bought today. All features is good. Thank HTC. But only one thing is that my phone touch work super only in hand if I put in table it's not work. Need help";""
"28615";"280";"Desire 700 dual sim";"";"2014-07-15 10:05";"";"This is the worst device i had ever seen. The device has a small bug, the call disconnects automatically. I hope, call is a major feature for HTC devices also. Very bad after sales service also.";""
"28616";"280";"Desire 700 dual sim";"";"2014-07-14 18:55";"nadeem";"I am using desire 700 and msgng by d same mobile.....both slots work good even in the first slot u can use cdma or 3g or gsm sim all working but in second only gsm works";""
"28617";"280";"Desire 700 dual sim";"";"2014-07-14 13:40";"Anonymous";"the displayed image not htc desire 700  plz watch htc.com/in ";""
"28618";"280";"Desire 700 dual sim";"";"2014-07-14 12:50";"sunshine";"dual sim slots: for cdma/wcdma=3g and 2g=gsm in 700.but wish to use 3g in both cdma and wcdma, power off and change sim cards in respective 3g slot. it is same as ZTE nubia Z5S and Z7 also. if not please try SIMORE dual 3g sim card adaptors.";""
"28619";"280";"Desire 700 dual sim";"";"2014-07-14 07:03";"bunny";"i m going to buy this phone?  is this ok ! to buy....... ";""
"28620";"280";"Desire 700 dual sim";"";"2014-07-14 06:27";"Snoop Dog";"Does this phone supports USB OTG & 128gb micro SD ??? ";""
"28621";"280";"Desire 700 dual sim";"";"2014-07-13 23:42";"abdul";"Gsm+cdma";""
"28622";"280";"Desire 700 dual sim";"";"2014-07-13 12:04";"Dk";"I m totaly confused to buy phn in htc desire 700,500or 800.?? And i saw all cmnts mst of dem hvng btry bckup prblm n slot colng.,is dat true.?";""
"28623";"280";"Desire 700 dual sim";"";"2014-07-13 10:26";"DJ-DEV";"when will htc give any android 4.2 or 4.3 or 4.4 update for this device?......4.1 is now old firmware to use....i m bored using it.";""
"28624";"280";"Desire 700 dual sim";"";"2014-07-13 10:24";"DJ-DEV";"yes...i m getting this problem...... ";""
"28625";"280";"Desire 700 dual sim";"";"2014-07-12 17:21";"Anonymous";"700  ";""
"28626";"280";"Desire 700 dual sim";"";"2014-07-12 06:21";"kristi";"700 is more better ";""
"28627";"280";"Desire 700 dual sim";"";"2014-07-11 17:04";"Srini";"700";""
"28628";"280";"Desire 700 dual sim";"";"2014-07-11 11:00";"sukhu";"i m confused between desire 700 or desire 616  plz suggest me which 1 is btr.. what should i buy?";""
"28629";"280";"Desire 700 dual sim";"";"2014-07-11 02:35";"";"Htc 800 is better";""
"28630";"280";"Desire 700 dual sim";"";"2014-07-10 05:41";"samn";" Guys help me that I would like to buy htc desire and which one is best is htc desire 800 r 700";""
"28631";"280";"Desire 700 dual sim";"";"2014-07-10 05:39";"samn";"I would like to buy htc 700 guys anyone say that about the battery backup and say about that v can use more than one banal for the single mobile for the htc desire 700 and let me know is it applicable to upgrade the android version in feature";""
"28632";"280";"Desire 700 dual sim";"";"2014-07-07 15:42";"Anonymous";"we can use both fo slot 1";""
"28633";"280";"Desire 700 dual sim";"";"2014-07-07 12:08";"ajnabi572";"I m planning to buy this fone ,i like to play a lot of games like fifa 14 ,is there any lag while playing these heavy games ??????";""
"28634";"280";"Desire 700 dual sim";"";"2014-07-05 18:25";"nafis";"M using htc desire 700 dual sim for two weeks , no doubt a good phone but the only drawback of this phone is its battery it drains very fast. Need to do something for this. Overall i will give 4-5. ";""
"28635";"280";"Desire 700 dual sim";"";"2014-07-05 06:44";"clint";"did htc desire 700 dual sim can use both gsm sim. or only cdma & gsm ";""
"28636";"280";"Desire 700 dual sim";"";"2014-07-04 15:28";"Anonymous";"it has a battery problem. it may be due to some form of current within the phone. my phone is just like your. take out the battery and then fix again. it will be alright.";""
"28637";"280";"Desire 700 dual sim";"";"2014-07-03 09:27";"";"I have bought this phone and have been using it for a month now..  1. My calls get disconnected automatically with sim 1 slot which is cdma and gsm.  2. long waiting time to call to the network, many a time calls does not connect even when i am near the tower.  3. calls and sound are terrible sometimes and its hard to hear via phone so i have to use my loud speakers in order to hear them speak which is terrible when in public spaces.  4. usb printing features not present.only bluetooth printing or wifi printing feature is present but your printer server will not be supported. It only supports supported printers.  5.its too simple looking phone.. with the camera 8 mpxl and 2.1 mpxl with flash. I must say the camera quality was not as good as i expected being a guy who loves photography.. it has a noise reduction feature with actually soften the image too much for which all the details are lost in the image and looks like a painting when zoomed in.. which is terrible for my job. I want camera , which can provide detailed image. 8 mpxl as it is said , can and should perform much much better.  6. data connection and wifi is slow sometimes.  Needs up gradation in many fields.. If I speak not being biased , I would have preferred using NOKIA smart phones which has much better features in the price range that I have paid for. Marketing is not service one must remember.. I have been a Nokia user for quite a long time.. It is the best phone for network and connectivity.. faced no problem.. I regret using this HTC phone.. I hope HTC will provide upgrades for Desire 700 to fix these issues...  ";""
"28638";"280";"Desire 700 dual sim";"";"2014-07-02 09:15";"Anonymous";"battery never gets charged more than 93 percent . no matter how long i have kept it on charge .  and the battery drains in half a day just by using whatsapp";""

