"25580";"255";"Desire 612";"";"2015-01-10 23:32";"Raggy";"Non-removable battery,epic fail";""
"25581";"255";"Desire 612";"";"2015-01-07 17:38";"salman";"2040mah battery is not enough for this phone";""
"25582";"255";"Desire 612";"";"2014-11-11 16:21";"";"720p Screen plz ! And also 2400 mAh battery !! Would recommend to release some phones with amoled screens ! ";""
"25583";"255";"Desire 612";"";"2014-11-05 17:09";"great for the ranch.";"No such thing as a "normal phone" . Either the phone is huge overall so people can be happy with a big screen or the phone is small with big screen, or big with small screen or small with small screen. Every physical new has It's own uniqueness so quit complaining. If you don't like it don't buy it. Test oupurpose before you "waste your money". I happen to love the simplicities that is the HTC desire 612. I had an LG G2 and am happy with my decision. The HTC has been helpful as the front facing speakers make it easier for my horses to listen to Pandora with me. Thank you HTC for keeping it up to date and simple!!!";""
"25584";"255";"Desire 612";"";"2014-11-05 17:07";"Anonymous";"No such thing as a "normal phone" . Either the phone is huge overall so people can be happy with a big screen or the phone is small with big screen, or big with small screen or small with small screen. Every physical new has It's own uniqueness so quit complaining. If you don't like it don't buy it. Test oupurpose before you "waste your money". I happen to love the simplicities that is the HTC desire 612. I had an LG G2 and am happy with my decision. The HTC has been helpful as the front facing speakers make it easier for my horses to listen to Pandora with me. Thank you HTC for keeping it up to date and simple!!!";""
"25585";"255";"Desire 612";"";"2014-10-12 14:40";"Hash";"I don't expect only two Sensors in this model. HTC can add compass & gyro sensors also to make this phone popular.";""
"25586";"255";"Desire 612";"";"2014-10-11 17:19";"";"It dsn't possess 5 mp frnt cmera..  Scrn also not OLED..  So hw cud u say itz like L730 ..";""
"25587";"255";"Desire 612";"";"2014-10-11 09:58";"Anonymous";"Htc butterfly S, butterfly2, sony z3, moto g, moto x dual speaker phones have more compact equal sized bezels at the top and bottom and equal spacing of speakers.So their screen will be exactly in the center of the phone and both the speakers at equal distance from the screen which has symmetry in design.  ";""
"25588";"255";"Desire 612";"";"2014-10-11 09:36";"moore";"It's not the usability and dual speakers that made the bottom bezel large.htc has equal sized bezels with equal spacing of speakers from the screen in butterfly S and butterfly2 where the screen is exactly in the center of the phone and speakers placed with equal distance from the screen. In desire 612 and all other dual speaker phones in the One and Desire series the bottom bezel is larger than the top bezel so the screen's position is toward the top and not in the center of the phone. The speaker at the top also will be close to the screen while speaker at the bottom will be away from the screen. So there is no symmetry in the design which spoils the beauty of all htc dual speaker phones except the butterfly S and butterfly 2.Even Sony's Z3 and Motorola's G and X have equal sized and compact bezels at the top and bottom the Althe the scree phones desire ";""
"25589";"255";"Desire 612";"";"2014-10-10 07:19";"";"If you like front speaker then buy micromax, lava Spice phones they launched front speakers phones for 4k :) ";""
"25590";"255";"Desire 612";"";"2014-10-10 04:34";"Ak";"It's like nokia lumia 730 . But the price too much about 22k";""
"25591";"255";"Desire 612";"";"2014-10-10 03:14";"RandomDude";"If it hangs just hold the power button for 10s and it will restart no matter what.";""
"25592";"255";"Desire 612";"";"2014-10-10 00:05";"";"no problem about battery.i worked with desire 610 for 7days and it was ok.if you guys want to has removable battery for trip or .... for change and shifting battery it's better that you buy a super charger.it's very better.if you guys buy a 6000mA super charger it would charge your desive 3times.and if you sell this phone you would be able to save it for other phones. and about removable battery and second battery it will get to decay or some thing like sulfate if you don't use it every times.so you have to change the battery every other day and bother yourself.  ok?";""
"25593";"255";"Desire 612";"";"2014-10-09 16:06";"dius";"Im wait in indonesia";""
"25594";"255";"Desire 612";"";"2014-10-09 13:38";"UNFORGIVEN";"I 2nd ToonToon's comment. I was SO ready to get this phone until I noticed that it has a non-removable battery.";""
"25595";"255";"Desire 612";"";"2014-10-08 19:06";"";"htc shouldn't make non removable battery. their service center is very few. that will be a problem if phone hang. and 2040mah isn't sufficient. but i like front stereo speakers.";""
"25596";"255";"Desire 612";"";"2014-10-08 18:19";"Sourav";"Awesome looking and colour I like this handset  ";""
"25597";"255";"Desire 612";"";"2014-10-08 17:23";"";"if htc reduces bottom bezel it's hard and dangerous to work with android button.be aware if the bottom bezel made small the handiness and take it in hand will be hard and dangerous because phone couldn't set in your hand and could falls easily when work with button.in addition htc huge and powerful speaker needs more spaces.... htc fixes and increases screen quality and makes this phone very well for midrange target.thanks htc";""
"25598";"255";"Desire 612";"";"2014-10-08 16:13";"Anonymous";"the bezel is large because of the dual front facing speakers with amplifiers people.";""
"25599";"255";"Desire 612";"";"2014-10-08 13:27";"Anonymous";"OMG: look that lower frame... incredibly large... HTC can't make a normal size phone (in a small frame) nowdays. :(";""
"25600";"255";"Desire 612";"";"2014-10-08 10:00";"raj";" i like this handset...nice pice ";""

