"27619";"273";"Desire 310 dual sim";"";"2015-01-14 10:07";"arindam";"Asphalt8 is running smoothly on my Desire 310(ram should be 1GB).....hard core games are running smoothly on this device";""
"27620";"273";"Desire 310 dual sim";"";"2015-01-14 10:03";"@arindam";"HTC desire 310 has 1GB ram and CPU is clocked at 1.3GHz quqd core processor...this is really beatifull and fast handset";""
"27621";"273";"Desire 310 dual sim";"";"2015-01-14 09:59";"arindam";"It is a very good handset and very useable device of HTC....and only sim1 is useable for 3g.....thanks";""
"27622";"273";"Desire 310 dual sim";"";"2015-01-09 05:56";"sunil";"i have using htc desire 310 but not move any apps phone to sd card...";""
"27623";"273";"Desire 310 dual sim";"";"2015-01-05 04:57";"sm:)e";"Hi to everyone who looking a good and low price phone that not to lose your money in quality, i think htc desire 310 is better than others im using this device almost 7months.,The problems of this phone..1. No LED Flash in camera.. 2. SHORT in memory got only 4gb but in hand only 2gb. 3. CANT PLAY high games like asphalt8 sadly i had only 512mb RAM not 1gb of RAM.. If you looking good phones so buy Iphones5,S5,LG G3,HtcM8 and Z2 etc. Remember we're looking budget low price phone, so expect the phone in low price, in low quality ok. That's all.. :)";""
"27624";"273";"Desire 310 dual sim";"";"2014-12-23 18:24";"hani";"Yes u r right i have also htc desire 310 it has 2 gb internal memory but on internet it shown 4 gb whT is this";""
"27625";"273";"Desire 310 dual sim";"";"2014-12-19 18:00";"vicky";"Hi using it since a week  Quad core of HTC better than Quad core on Galaxy COre or grand neo.. Gaming wise nothing beats this phone at this price Music through loudspeakers is simply great The screen is brighter than grand neo HTC UI is awesome...like a living thing.  Cons: 512 mb ram cant play some games screen could have been better  Overall 4/5 for graphics !!!!!!!!";""
"27626";"273";"Desire 310 dual sim";"";"2014-12-17 08:16";"mostafa";"i have it.it has 2sim and 1GB ram not 512mb correct it!!";""
"27627";"273";"Desire 310 dual sim";"";"2014-12-10 11:42";"vicky";"what is the difference between htc 310 and htc 310 plus..some malls have 310 plus at 9500 while some have 310 at 8500 rs ?";""
"27628";"273";"Desire 310 dual sim";"";"2014-12-08 08:26";"mhirist";"My htc desire sim2 doesnt connect with internet(3G) why?";""
"27629";"273";"Desire 310 dual sim";"";"2014-12-08 06:48";"Luc1f3r";"Nope the camera doesnt have a flash...thats the only drawback..";""
"27630";"273";"Desire 310 dual sim";"";"2014-12-05 19:56";"vohbik sailo zama";"Can you tell me whether the camera has a flash or not?";""
"27631";"273";"Desire 310 dual sim";"";"2014-12-05 19:51";"vohbik sailo";"Does the camera has a flash?";""
"27632";"273";"Desire 310 dual sim";"";"2014-12-05 14:29";"Anonymous";"what? 4GB internal but less the apps running which needs android software to run. ";""
"27633";"273";"Desire 310 dual sim";"";"2014-12-02 12:13";"hari";"i am use this from last may i dont face any problems from my phone its a value for money entry level smart phone ";""
"27634";"273";"Desire 310 dual sim";"";"2014-11-26 09:32";"veeresh";"this device is good as per the cost. I am using this from the may 2014 . I don't have a problem with this. but compared to others (Sony) this has fewer drawbacks.";""
"27635";"273";"Desire 310 dual sim";"";"2014-11-24 15:42";"Anonymous";"internal memory in htc desire 310 mentioned 4 gb .but hv only 2 gb,,cheating ";""
"27636";"273";"Desire 310 dual sim";"";"2014-11-23 12:17";"Avinash";"How is Ram ???";""
"27637";"273";"Desire 310 dual sim";"";"2014-11-15 14:21";"Ashish";"The phone box says 1GB RAM, but here and on htc website it nowhere talks about 1GB RAM..WHY?";""
"27638";"273";"Desire 310 dual sim";"";"2014-11-15 12:28";"";"pls awaiting your response ";""
"27639";"273";"Desire 310 dual sim";"";"2014-11-15 10:47";"";"how use video calling opation";""
"27640";"273";"Desire 310 dual sim";"";"2014-11-12 21:42";"Bhargav ";"why bro you'r angry this price to device is not bad.. i thank so this price is device is osam...";""
"27641";"273";"Desire 310 dual sim";"";"2014-11-08 18:55";"Sam";"i am using this model for last five months above some times gets hanged and always it is showing that internal storage is full , but it has lot of space ...";""
"27642";"273";"Desire 310 dual sim";"";"2014-10-30 21:02";"";"desire 310 is the fastest phone in entry level.i had it for many months as my second phone and it works as good as it was possible.I tested it with P6 and desire 310 ran subway surfers and temple run 1 & 2 faster and better than Huawei P6. in speed and smoothness desire 310 is the 1th in entry but main camera is poor in night and few better in day light. just buy desire 310 with 1G RAM(not 512)";""
"27643";"273";"Desire 310 dual sim";"";"2014-10-30 09:30";"Anil";"Totally disturbed can't call some time hanging main camera is very bad feeling like smoke secondary camera ok. SD card not supporting some time showing error is it possible to replace the piece ? I brought this last month, within this time hanged more than 10 times";""
"27644";"273";"Desire 310 dual sim";"";"2014-10-22 11:16";"Ananta Sarkar";"I wd like to delete some unnecessary document's/apps my abode reader. But I couldn't to do so,please let me no the procedure of deletation from abode reader, I shall be highly obliged. With thanks, Ananta sarkar (user of htc desire 310).";""
"27645";"273";"Desire 310 dual sim";"";"2014-10-19 07:40";"";"i tottaly agree";""
"27646";"273";"Desire 310 dual sim";"";"2014-10-14 22:46";"Smart Indian";"Desire 310 is a nice and really SMART smartphone... :) The battery backup is descent... also specs are good and overall performance is fantastic..!!! This is an excellent choice in this particular range of smartphones... And as we all know, HTC=QUALITY.... the same equation is maintained :) Runs smoothly and Brilliantly.... good luck to those who plan to buy this....";""
"27647";"273";"Desire 310 dual sim";"";"2014-10-05 16:02";"imran";"Nice phone but camera is very bad";""
"27648";"273";"Desire 310 dual sim";"";"2014-10-01 05:38";"Anonymous";"when i am starting brousing and downloade a vedio. it was slowly but why? Please tell me that ";""
"27649";"273";"Desire 310 dual sim";"";"2014-09-26 14:55";"chetan pukle ";"this phone not hang evrey time like samsung mobiles but very hot in charging n not update correctly when notify softwear updates ";""
"27650";"273";"Desire 310 dual sim";"";"2014-09-23 16:05";"ugyen";"how many mw of frequency it has? ";""
"27651";"273";"Desire 310 dual sim";"";"2014-09-21 00:51";"Anonymous";"10 days after I've bought it , 10 hanging & restart times with or without calls Overheat was present once or more  some assumed that SD card is the problem  some said it's due to software update  actually after 3 h of restoring factory settings & removing Sd card there's no problem.   but now i'm totally disturbed about this phone & wished not to have bought it.";""
"27652";"273";"Desire 310 dual sim";"";"2014-09-16 09:17";"nilesh";"cmera result is very bad....";""
"27653";"273";"Desire 310 dual sim";"";"2014-09-12 09:14";"Ananta";"I am using HTC desire 310 since 7/8 months. Simple to use, no problem occurred since days, but I feel a problem that messages comes in my abode readers apps are about to full,which I would like to delete some in useful massage from it, but I couldn't to delete the same. Please let me know the process of delete, I need your help in this regard. With thanks.Ananta Sarkar. asarkar195422 @gmail.com.mob.no.+919679725572  ";""
"27654";"273";"Desire 310 dual sim";"";"2014-09-11 20:07";"ponting ";"Hi every one and users,buyers,those who are planning to buy a his mobile ..... I had purchase this model for 11500 its looks like a China peace,, camera is poor... Especially in night, camera quality like g five China mobile, internet fast and ram is 1 GB but wait ofmoney..... HTC is wast ... According to my openian plz buy Nokia or Samsung except other companyes";""
"27655";"273";"Desire 310 dual sim";"";"2014-09-06 21:31";"sumit";"worst camera ever ";""
"27656";"273";"Desire 310 dual sim";"";"2014-09-06 16:29";"";"desire 310 is very cost effect and as my friend told it's very fine but not in camera(but D310 camera is better than sony E1 or other phones in this price or lower).if any body want to have better phone,have to pay at least more than double price. I tested subway surfers in D310 and Huawei P6!!!! I swear D310 ran about 2seconds faster.after that my friends empty P6 ram(with clean master) and then test again but result was same... I opened D310 back frame case more than 20 times but it was same as new one.D310 is very excellent in this price or even higher price. thanks htc for desire 310.";""
"27657";"273";"Desire 310 dual sim";"";"2014-09-04 11:10";"me from skopje";"for this money is a super phone.sad for not have flash.all other performans are nice. if someone needs better, than buy phone of 400 eur or more,otherwise please do not write uncorect coments.";""
"27658";"273";"Desire 310 dual sim";"";"2014-09-03 10:36";"Anonymous";"Dear friends,very nice phone,opera mini is the most perfect for browsing the net,battery is also good. Thanks HTC";""
"27659";"273";"Desire 310 dual sim";"";"2014-09-01 13:02";"shk";"cheap and best but no flash ....  for low price obviously sacrifice some features. just bought it let see how long it will run . ";""
"27660";"273";"Desire 310 dual sim";"";"2014-08-30 05:45";"Suresh";"This is working good. but HTC not keep HTC quality in this model. Body shape and material is not quality like a local brand mobile.  1. Camera is totally waste, All photos shacked also don't have flash. front camera is very bad.  2. When i bought this mobile battery is good and long. but now battery getting low very soon.  3. In this model can't remove memory card in Switch ON mode. must we remove battery then only can remove memory card.  4. We cant move apps from phone to memory card.  5. And more.  I'm not recommended this model.. HTC need to keep that quality. otherwise surly htc will miss market. thanks all";""
"27661";"273";"Desire 310 dual sim";"";"2014-08-28 10:35";"Muthukumar";"hi friends too all  i have purchase HTC desire 310,its working very well. ";""
"27662";"273";"Desire 310 dual sim";"";"2014-08-26 21:02";"reddy";"plz friends i am kindly request to eveyone plz dont purchase this phone and dont felll in the wel one of the wprst vphone i never seen from htc mobile its almost like the chain set and headset is too worst i am requesting dont buy this mobile plz plz plz ";""
"27663";"273";"Desire 310 dual sim";"";"2014-08-26 09:41";"";"best phone in this range is desire 310 with no doubt(moto g is different!). D310 works very better than xperia m or l or any other mobiles under 200$.i compare it with ascend P6 with subway surfers and D310 open and ran it faster(I swear). for sure desire 310 is the best phone in compare to opponent like xperia m ,l ,E1,E1 dual, nokia x,xl and Samsung phones in its range. I offer it for every body wanna have cheap skilled phone . and in addition it has 3G only in 1st sim.";""
"27664";"273";"Desire 310 dual sim";"";"2014-08-25 08:56";"pro_9933";"Already using it. best in class for branded company.executive build ";""
"27665";"273";"Desire 310 dual sim";"";"2014-08-22 16:35";"";"led no? why?";""
"27666";"273";"Desire 310 dual sim";"";"2014-08-22 16:10";"ronny";"i m planning to buy a phone plzz tell me i should go for xperia m or htc desire 310.????????????????????????????????????????????­?????";""
"27667";"273";"Desire 310 dual sim";"";"2014-08-21 07:54";"rj";"Buy it then say  ";""
"27668";"273";"Desire 310 dual sim";"";"2014-08-20 22:09";"vlad";"Htc desire 310 dual sim 1gb ram not 512...";""
"27669";"273";"Desire 310 dual sim";"";"2014-08-18 21:33";"";"how to set SIM 2 @ 3G network ? .. i can only set SIM 1 @ the 3G ?";""
"27670";"273";"Desire 310 dual sim";"";"2014-08-10 15:56";"Anonymous";"htc desire is best....coz i m using this phone.... ";""
"27671";"273";"Desire 310 dual sim";"";"2014-08-04 22:29";"lsd";"HTC always does that to budget phones. Low memory, bad battery, or no LED...";""
"27672";"273";"Desire 310 dual sim";"";"2014-08-04 19:54";"";"Can I make native video call with this phone?";""
"27673";"273";"Desire 310 dual sim";"";"2014-08-04 09:35";"JALEEL";"hi guys i am using htc disire 310 dual sim  all most this phone ok . but i fount 2 negetives about this phone 1- very bad disply (no clarity & smoothnes) 2- feely heavy( no slim)  ";""
"27674";"273";"Desire 310 dual sim";"";"2014-07-31 12:32";"bingo";"while comparing htc 310 with nokia xl, which is better?";""
"27675";"273";"Desire 310 dual sim";"";"2014-07-26 05:48";"virat";"I perched that phn...it has updt up to kitkat 4.4.3... it has sprt 4G????";""
"27676";"273";"Desire 310 dual sim";"";"2014-07-23 06:13";"thiru";"how to move the apps in SD card";""
"27677";"273";"Desire 310 dual sim";"";"2014-07-18 02:07";"";"I have one and its Amazing phone at this range, Love htc.";""
"27678";"273";"Desire 310 dual sim";"";"2014-07-14 13:05";"";"Display is very very bad. Battery discharges very fast. I regret buying this phone. ";""
"27679";"273";"Desire 310 dual sim";"";"2014-07-14 05:52";"toy";"battery stamina is crap. go for huawei g700";""
"27680";"273";"Desire 310 dual sim";"";"2014-07-12 04:32";"Anonymous";"If we compare htc desire 310 with Nokia XL which is better??";""
"27681";"273";"Desire 310 dual sim";"";"2014-07-08 02:18";"";"how come HTC make this phone with no led flash ? it's really strange";""
"27682";"273";"Desire 310 dual sim";"";"2014-07-07 19:06";"";"my phone gettng restart when i have to attend a call or when i open the keypad, could anyne suggest me wat might be the problem.... md.jun.sid@gmail.com";""
"27683";"273";"Desire 310 dual sim";"";"2014-07-07 11:36";"Honey";"Camera is poor rest all fine";""
"27684";"273";"Desire 310 dual sim";"";"2014-07-06 21:36";"Anonymous";"Will it get kitkat update?????phone is good ";""
"27685";"273";"Desire 310 dual sim";"";"2014-07-05 21:26";"mamad joooooooon";"this is very good phone...I suggeste for buying";""
"27686";"273";"Desire 310 dual sim";"";"2014-07-02 17:56";"a,ashu";"very good phn.it's bttr thn the glaxy cr .with very nice slm ok.. it's dsnt th any prblm .. I prchs tht on 02 nd July.prc is 10.900...";""
"27687";"273";"Desire 310 dual sim";"";"2014-07-01 15:34";"RAJE SAMBHAJI";"I purchase this HTC 10, when went to shop ,the sales Man ,admired the HTC 10, actual i was interested in Camara which is 5 MP, but when the photo was taken at night(after purchase of Mobile ) , the quality of photo was very worse, could not see the image ,AS compare to other brand of Mobile having low price the photo quality is not so good. Rest is ok ";""
"27688";"273";"Desire 310 dual sim";"";"2014-06-28 05:00";"sameer";"bad phn with bad batry backup...any1 dnt waste money on it";""
"27689";"273";"Desire 310 dual sim";"";"2014-06-27 22:39";"";"yes,its battery is ok and has good stamina for 24h full usage.";""
"27690";"273";"Desire 310 dual sim";"";"2014-06-26 16:28";"payel";"is battery backup is good(at least 24hr) in this device???";""
"27691";"273";"Desire 310 dual sim";"";"2014-06-26 12:36";"";"It has 4g support in India or not help me plz";""
"27692";"273";"Desire 310 dual sim";"";"2014-06-21 08:42";"";"yes,310 is really better than galaxy core, especially in cpu and gpu comparison.go for desire 310";""
"27693";"273";"Desire 310 dual sim";"";"2014-06-18 14:45";"neha";"hi, I m Planing to buy this phone Htc desire 310 is this really a good phone in compare to Samsung galaxy core";""
"27694";"273";"Desire 310 dual sim";"";"2014-06-18 05:50";"dev";"Does it support CDMA sim card? most of the htc devices support CDMA and GSM in one of the slots...";""
"27695";"273";"Desire 310 dual sim";"";"2014-06-16 07:25";"rahul";"The specs for lg l7 may be much better than htc desire 310 , but the fact that its battery backup is too low will ruin your fun. Also the screen is not what is shown in paper work. Recently my friend just bought this phone and just 1 month has passed and his screen has been damaaged";""
"27696";"273";"Desire 310 dual sim";"";"2014-06-10 13:15";"heinze";"best phone at this range";""
"27697";"273";"Desire 310 dual sim";"";"2014-06-09 13:47";"paul";"best phone at this prize";""
"27698";"273";"Desire 310 dual sim";"";"2014-06-08 18:52";"Amir1991";"HELP ME PLZ! ~~~~~~~~~~~~ What should i buy, LG L70 Dual D325 or HTC Desire 310 dual sim ? (this model)";""
"27699";"273";"Desire 310 dual sim";"";"2014-06-06 10:22";"suman";"i have htc desire 310 . overall it is not bad phone. ";""
"27700";"273";"Desire 310 dual sim";"";"2014-06-04 18:46";"android";"man if u need gud fone buy htc one ..this starter fone ,dnt cmplain this,and the under the keypad the back button ids der u missd press the button";""
"27701";"273";"Desire 310 dual sim";"";"2014-06-03 09:28";"afu";"itz camera is vry bad...and a irritating prblm is that when u r typing or running any app it automatically go bck to main menu..anyone plss don not buy this ...i wasted ma money plss u dnt waste";""
"27702";"273";"Desire 310 dual sim";"";"2014-06-03 09:25";"afu";"u r ryt same prblm with me";""
"27703";"273";"Desire 310 dual sim";"";"2014-05-29 13:40";"Maddy";"A bit disappointed with the screen resolution and camera. Even battery needs to be charged every day. Lot more successful and proven models available in this price range. Go for it instead.....";""
"27704";"273";"Desire 310 dual sim";"";"2014-05-29 05:56";"";"my experience with htc desire 310 good phone big screen gaming xperience excellent multitasking awesome ui is good battery backup is low u know every big mobile has this problem camera average. and people dont compare this mobile with low level or high level mobile it is inbetween them  ";""
"27705";"273";"Desire 310 dual sim";"";"2014-05-26 19:24";"";"desire 310 is very very better than sony xperia e1, e1 dual,xperia l and in compare to Samsung models desire 310 is very better than galaxy ace style, very faster than core lte, very better than galaxy star(5283) and galaxy prevail,galaxy exhibit and ....  how somebody tell desire 310 awful????? if compare with other brands mobile you can see desire is very better totally(but camera is little weak but still is better versus other entry level phones) some guys like to destroy htc face and we see it before about one,onex and ....!!!!!!!!!! don't accept their words. desire 310 is cost effect";""
"27706";"273";"Desire 310 dual sim";"";"2014-05-24 20:16";"";"dont buy this htc310 very very bad camera htc is known for cam bt is wastage of money i buy only for cam specification bt dissopinted";""
"27707";"273";"Desire 310 dual sim";"";"2014-05-24 17:05";"Anonymous";"no flash?";""
"27708";"273";"Desire 310 dual sim";"";"2014-05-19 20:01";"abhi";"Yes it is really good branded smartphone as compare to Samsung Galaxy core and Sony xperia m ";""
"27709";"273";"Desire 310 dual sim";"";"2014-05-18 09:45";"raza";"Simply nice model go for it";""
"27710";"273";"Desire 310 dual sim";"";"2014-05-17 13:35";"user";"very bad screen resolution on this very very bad ";""
"27711";"273";"Desire 310 dual sim";"";"2014-05-17 12:52";"tony";"Please suggest to buy htc desire dual or desire 310  ";""
"27712";"273";"Desire 310 dual sim";"";"2014-05-16 05:05";"rezaht";"It has an app that can automatically power off and on the device. I tested it and could power on the device in the morning.";""
"27713";"273";"Desire 310 dual sim";"";"2014-05-15 07:32";"riya";"Am planing to buy dis cellphone...how is it...???? and can any onbe tell me its price range in India...??? Am having currently htc desire x is dis h/s good compared to you";""
"27714";"273";"Desire 310 dual sim";"";"2014-05-14 10:41";"boogie";"does any one have an idea about the battery life";""
"27715";"273";"Desire 310 dual sim";"";"2014-05-13 18:30";"rezaht";"Also I see that Problem when you Typing it goes suddenly to main menu. I think I may Be because Of home button near the key pad ";""
"27716";"273";"Desire 310 dual sim";"";"2014-05-12 10:30";"Ritesh Raghani";"This phone is all good but if you are camera lover then don't go for it .  When you click on any app then it automatically turn you back and you'll be on main menu which is bad problem I just experienced .";""
"27717";"273";"Desire 310 dual sim";"";"2014-05-10 08:23";"Anonymous";"i m thinking of buying dis one... could anyone please tell me if desire 310 dual sim with 1 gb ram is available in india? ";""
"27718";"273";"Desire 310 dual sim";"";"2014-05-09 16:49";"Anonymous";"I have one with 1gb RAM";""

