"17450";"164";"G Flex2";"";"2015-01-18 07:30";"cheesaw";"This one doesn't come with either one or the other, it comes with BOTH. Technically it's octo-core. One is lower power to save battery.";""
"17451";"164";"G Flex2";"";"2015-01-16 15:54";"Coach Pio";"Does the G Flex 2 come with slimport connectivity. Most of the current LG mobiles have been using and a big sticking point with me...";""
"17452";"164";"G Flex2";"";"2015-01-15 13:48";"vhh";"I did't said lg g flex is giving me all that i want. I don't think i ever have a curve phone, i'll know what i mean if you have one, g flex battery is the best too, i never use any phone more than 6 months but im using g flex a year now trying to get a new phone but can't find any phone is better than g flex. Anyway sorry i returned the s5 to the phone shop already if not i will send it to you....lol";""
"17453";"164";"G Flex2";"";"2015-01-15 11:16";"kboateng";"please body since you have experience with all these types already can you send me the samsung s5 as you said that the new LG G Flex is given you all that you want. Thank You";""
"17454";"164";"G Flex2";"";"2015-01-15 04:58";"vhh";"curve screen is the best. i had a g flex 1 it look ugly but after using it then never want to go back with any other phone i bought iphone 6, galaxy s5 none of them are better than my lg g flex..";""
"17455";"164";"G Flex2";"";"2015-01-14 16:30";"";"Looking at the pics, it looks like someone has put those magical concave lenses in front of typical bar phones. :D";""
"17456";"164";"G Flex2";"";"2015-01-14 08:43";"Anonymous";"which one got dust resistance with battery cover?";""
"17457";"164";"G Flex2";"";"2015-01-14 01:38";"Anonymous";"A very nice device indeed, but oled has shorter lifespan than high class lcds. Still its a great device.1080p screen with sd810, that would be raw power awaiting to be unleashed provided that the rumors about the issues on sd810 are not true. Could be my next device...";""
"17458";"164";"G Flex2";"";"2015-01-13 16:06";"Anonymous";"You my friend lived just fine without a fingerprint scanner before they came out now this phone is shit cause it does not have one? People these days";""
"17459";"164";"G Flex2";"";"2015-01-13 12:24";"Anonymous";"No fingerprint sensor and not water & dust resistant.. dissapointing";""
"17460";"164";"G Flex2";"";"2015-01-13 08:31";"Anonymous";"2.1mp front camera of lg g flex is better than 5mp front camera of others. ";""
"17461";"164";"G Flex2";"";"2015-01-13 07:33";"HL";"Hey Rhino, "better" resolution is not always better for a phone. LG G3 caught my attention as soon as I started hunting for a new phone, but stopped myself when I saw the oh-so-good resolution. I sincerely do not care about anything beyond 1080p but I care about my phone lasting a 10-14 hour day on nearly full usage.   My current phone gives me nightmares about battery shortage and I HATE external battery solutions, so I want a huge jump in battery efficiency on my next phone to justify the multi-hundred dollars it's going to cost me. This G Flex 2 not only looks good, the resolution coming back down to 1080p is almost too good to be true for me. If LG can maintain the same battery efficiency on this phone as on G3, having 1080p might net this phone another valuable ~3 hours of on-screen usage. If this comes true, it will be the best phone within its first 6 months no doubt. ";""
"17462";"164";"G Flex2";"";"2015-01-13 05:24";"Anonymous";"Is it too hard to understand my statement? I wrote 2.1 mp camera as resemblance to the front camera. 2.1 is so low resolution compared to today's standard. Eg: m8, note 4, ascend p7, desire eye.  Anyone that claim 2.1 front is better than any other flagship front camera has no idea how the camera quality is!";""
"17463";"164";"G Flex2";"";"2015-01-12 20:50";"anonimo";"CAMERA: Primary 13 MP, dual-LED flash Secondary 2.1 MP, ";""
"17464";"164";"G Flex2";"";"2015-01-12 20:23";"";"superb phone overall but the screen resolution is a bit low for the competition but still the display is quite sharp at 401 ppi. the front facing camera is a bit in the lower side considering that many high end phones offer better camera. self healing back cover version 2 seems to have improves a lot than the previous generation G flex and also it will heal in 10 seconds if any scratches are made on the back cover. ";""
"17465";"164";"G Flex2";"";"2015-01-12 18:35";"";"Oh yeah this is just great. Great..  Could have bought this. Would have bought this. I would just love to try something new (Yeah i know, lg g flex), and this I believe is really something new with minimal drawbacks ( g flex's 720p screen). But damn, i just bought the Lg g3 a couple days ago. So no for me. But this really looks amazing, and the display might be better, considering the low contrast on g3 which can often be a problem. Lg is really bringing innovative stuff to the table. This curved beauty with minimal bezels and back buttons. ARGGHHH! that amazing feeling to hold such a svelte phone!!";""
"17466";"164";"G Flex2";"";"2015-01-12 16:51";"Anonymous";"yeah.. but verry coastly";""
"17467";"164";"G Flex2";"";"2015-01-12 16:23";"Anonymous";"lol that 2.1mp front camera is way better than most 5mp front cameras on other flagship phones";""
"17468";"164";"G Flex2";"";"2015-01-12 15:30";"You are blind bro";"I think you don't know how to read...as everyone can see the Primery Camera is 13mp...and the second one on front next to the Screen is 2.1mp so you can See your Grandma on Skype... Good luck with the comments in future!";""
"17469";"164";"G Flex2";"";"2015-01-12 09:51";"";"Almost perfect, except for the backfiring mono speaker...";""
"17470";"164";"G Flex2";"";"2015-01-12 09:44";"Anonymous";"why 2.1 mp camera? in 2015???!! that's a bad move from LG. In my opinion, it's best to make 5 mp as standard in today's world..";""
"17471";"164";"G Flex2";"";"2015-01-11 22:03";"";"This phone and G4 best ";""
"17472";"164";"G Flex2";"";"2015-01-11 18:43";"";"Nice job LG";""
"17473";"164";"G Flex2";"";"2015-01-11 14:56";"os";"Are you from moon??? Lg g3 have 801 snapdragon soc, nexus 6 have 805 soc and this beast have 810 soc + 1080p screen while others have battery hungry 2k screens, plus g lex2 have a oled curved screen which has good power efficiency and a bit reworked camera software, which should bring better shots than g3.";""
"17474";"164";"G Flex2";"";"2015-01-11 13:54";"Anonymous";"its not about battery capacity  this ";""
"17475";"164";"G Flex2";"";"2015-01-11 13:51";"Anonymous";"the best phone of the year and the g4";""
"17476";"164";"G Flex2";"";"2015-01-11 11:00";"Firdaus";"too small batt capacity.......";""
"17477";"164";"G Flex2";"";"2015-01-10 20:24";"Anonymous";"yes it does have. and its does support up to 2 terabytes memory capacity";""
"17478";"164";"G Flex2";"";"2015-01-10 17:55";"Ari";"Yes!!!";""
"17479";"164";"G Flex2";"";"2015-01-10 16:20";"";"this is gr88888.....";""
"17480";"164";"G Flex2";"";"2015-01-10 14:20";"mehul";"Is this mobile having OTG support ?  Please reply if any one knew.  ";""
"17481";"164";"G Flex2";"";"2015-01-10 13:03";"mas39";"That's because this is using Cortex A57 while the G3 was using architecture similar to the Cortex A15. Cortex A57 is more than twice as fast as the Cortex A15 at the same clock speed, so the 2ghz Cortex A57 will easily be at the very least twise as fast as the 2.5ghz cpu used in the G3's s810. The speed in these chips are going to be amazing. ";""
"17482";"164";"G Flex2";"";"2015-01-10 10:58";"Anonymous";"before its 6" screen . now its 5.5"   and today it does have a better processor.  so it must have a better battery life now.";""
"17483";"164";"G Flex2";"";"2015-01-10 09:53";"Serbian Architect";"3000mAh now than the before 3500mAh. Hopefully the battery life is as good as last gen.";""
"17484";"164";"G Flex2";"";"2015-01-10 09:12";"Anonymous";"G4";""
"17485";"164";"G Flex2";"";"2015-01-10 06:36";"";"Having a curved screen and a self-healing back, this smartphone is unique.";""
"17486";"164";"G Flex2";"";"2015-01-10 05:17";"";"Buddy if you know how to use smartphone smartly then use external hard disk drive (HDD) through otg usb your problem will be solved have a nice day";""
"17487";"164";"G Flex2";"";"2015-01-10 01:47";"";"k.";""
"17488";"164";"G Flex2";"";"2015-01-10 01:46";"";"That isn't even related to his comment...";""
"17489";"164";"G Flex2";"";"2015-01-10 00:27";"Slayer";"So funny! Future tech is outdated immediately after release. Live in the now as there is no such thing as effective future proofing....lol! Will get the G4 or Z4 and expect both to be outdated within a couple of months.";""
"17490";"164";"G Flex2";"";"2015-01-09 20:58";"Mata";"and it have more chance to survive if u drop it with face down , because the screen is curved inside back and it will don't be harmed ";""
"17491";"164";"G Flex2";"";"2015-01-09 20:37";"jojo";"how many? ";""
"17492";"164";"G Flex2";"";"2015-01-09 20:22";"Sta-ko";"Never use one, thing it will be comfortable for calls but browsing , watching and scroling shure it's not. ";""
"17493";"164";"G Flex2";"";"2015-01-09 20:07";"Anonymous";"The G3 and the Nexus 6 both have better specs than this device. ";""
"17494";"164";"G Flex2";"";"2015-01-09 18:59";"hannes";"you know that the official LG explanation for the curved Screen is? - because it Looks nicer :)";""
"17495";"164";"G Flex2";"";"2015-01-08 22:04";"";"Highly considered as my next device. It ticks all my boxes. Z3 Compact seemed like an ideal candidate, but Flex2 is more close to future trends in smartphone industry. Fingers crossed that, with S810 and FHD, battery endurance is over 90 hours.  ";""
"17496";"164";"G Flex2";"";"2015-01-08 21:02";"mitr sagar";"You're right!!!!! ";""
"17497";"164";"G Flex2";"";"2015-01-08 17:13";"bored in iOS";"no debate for that";""
"17498";"164";"G Flex2";"";"2015-01-08 17:12";"bored in iOS";"yes this phone is the best right now only g4 can beats this  ";""
"17499";"164";"G Flex2";"";"2015-01-08 00:15";"Pissedflexuser";"I thinking that LG screwed the pooch this year. Taking a smartphone with great innovative thought and pooping out it's predecessor. Lowering the display and reducing the size of the battery. As well as slightly bumping up the ppi. This phone is really close in specs to the lg g3 smartphone. So why not call it The LG G3 curve. I have a flex. And it is far from being it's predecessor. I will wait to see what is coming out in q3/q4.";""
"17500";"164";"G Flex2";"";"2015-01-07 15:00";"Anonymous";"no contest lg g flex 2 is the phone to beat!";""
"17501";"164";"G Flex2";"";"2015-01-07 14:59";"Anonymous";"xperia z series front cameras are all suck try to check most review comparisons.   g3 has better front camera than z3 too";""
"17502";"164";"G Flex2";"";"2015-01-07 14:47";"lalit";"Yes I agree.";""
"17503";"164";"G Flex2";"";"2015-01-07 11:43";"";"Not perfect... Battery more than 3500 is better. ";""
"17504";"164";"G Flex2";"";"2015-01-07 10:51";"";"not 4 vs G flex 2 which mighty";""
"17505";"164";"G Flex2";"";"2015-01-07 10:47";"";"lg g flex 2 very very good and beautiful and mighty ";""
"17506";"164";"G Flex2";"";"2015-01-07 10:07";"rulls";"really? how about xperia z series phone?";""
"17507";"164";"G Flex2";"";"2015-01-07 04:34";"Anonymous";"Its octa core, in other words, betterprocessing";""
"17508";"164";"G Flex2";"";"2015-01-07 04:34";"";"that is impressive. it almost beat the exynos version of the note 4. but that only means the latter is even more impressive with its qhd display and non-snapdragon chipset. i suspect the next generation exynos chips to put shame to snapdragon lol. ";""
"17509";"164";"G Flex2";"";"2015-01-07 03:37";"";"Great phone, only problem is why another backfiring mono speaker? ";""
"17510";"164";"G Flex2";"";"2015-01-07 00:24";"Anonymous";"LG has a new fan Asus lol Asus copied LG's TRADEMARK rear key and the Back DESIGN of 2007 LG viewty  Life's Good! Kudos LG always the BEST! imagine how will be the G4 or the next LG's flagship to be MONSTER!? ";""
"17511";"164";"G Flex2";"";"2015-01-07 00:14";"Anonymous";"Life's Great! LG always the Innovative !";""
"17512";"164";"G Flex2";"";"2015-01-07 00:01";"";"Yes Zenfone is bitter.It is stuffed with huge bezels, G Flex 2 is much smaller and lighter though they have the same screen size.";""
"17513";"164";"G Flex2";"";"2015-01-06 23:00";"android boy";"Life is good LG";""
"17514";"164";"G Flex2";"";"2015-01-06 22:36";"";"zedphone2 isnt curved and better :)";""
"17515";"164";"G Flex2";"";"2015-01-06 20:19";"Anonymous";"you are right for that";""
"17516";"164";"G Flex2";"";"2015-01-06 20:18";"Anonymous";"the QUEEN of all smartphone today! perfect design and colors. RED to me. i'm waiting to this phone.";""
"17517";"164";"G Flex2";"";"2015-01-06 20:01";"";"why dont u right 64b notic on specification?";""
"17518";"164";"G Flex2";"";"2015-01-06 16:22";"hukie";"i found geekbench score on right there;   thats really amazing... the performance by its cpu is close to that of i7-4250U :D ";""
"17519";"164";"G Flex2";"";"2015-01-06 15:50";"";"beauty... great innovation by lg";""
"17520";"164";"G Flex2";"";"2015-01-06 15:46";"";"beautiful handset by lg :) :) ";""
"17521";"164";"G Flex2";"";"2015-01-06 11:29";"hukie";"thanx man! i am really happy to hear that. this phone is really amazing... am keen to see its benchmark scores particularly geekbench :) ";""
"17522";"164";"G Flex2";"";"2015-01-06 09:21";"Anonymous";"g flex1 has bigger display 6"  while g flex2 has smaller and newest display 5.5"  g flex 1 has old power hungry processor  while g flex 2 has newest and more power saver processor snapdragon810   it not about the battery capacity its about optimization ";""
"17523";"164";"G Flex2";"";"2015-01-06 08:57";"gorogozolan";"G flex 2 have ddr4 ram memory. Note 4 .s5 and other have ddr3 ram memory";""
"17524";"164";"G Flex2";"";"2015-01-06 07:45";"fadi81";"battery is only 3000mah... not good as vs to gflex 1 come withn 3400mah battery";""
"17525";"164";"G Flex2";"";"2015-01-06 06:19";"New trend, bending.";"WTF using 64 if you put 2 gb ram? sounds like apple gave a hand to LG.  It was already ugly phone and now twice uglier. Pre-Bended phone :)";""
"17526";"164";"G Flex2";"";"2015-01-06 05:34";"lalala";"but he just said that he wants to keep it on the phone";""
"17527";"164";"G Flex2";"";"2015-01-06 05:10";"Anonymous";"i always use LG phone #good";""
"17528";"164";"G Flex2";"";"2015-01-06 04:53";"Non-sense";"Does your candy bar cook breakfast and wash clothes for you?";""
"17529";"164";"G Flex2";"";"2015-01-06 02:20";"Anonymous";"2mp camera for lg is really a good than most 5mp camera by others";""
"17530";"164";"G Flex2";"";"2015-01-06 02:19";"Anonymous";"durability and self healing and more sense to use and more comfortable to answer a call";""
"17531";"164";"G Flex2";"";"2015-01-06 00:39";"md";"Required lg qhd screen 4k";""
"17532";"164";"G Flex2";"";"2015-01-06 00:38";"Anonymous";"For a very expensive phone I'd spend my money on, I wish it is shock proof and also water proof. My previous phone accidently drop, frequently. I never had a phone which last more than 1 years intact, so please LG make shock proof and water proof. I love LG so much";""
"17533";"164";"G Flex2";"";"2015-01-06 00:30";"";"why you no 5.0 MP front camera &#9787;";""
"17534";"164";"G Flex2";"";"2015-01-06 00:18";"";"Okay I'm waiting for the S6! To buy. Or I'm gonna wait a bit more, to see the LG G4, and buying which one of the two will be the best! !? But I really have to say, really congrats to LG for this very interesting G Flex2! Well done and keep it up to LG! !!!!!!";""
"17535";"164";"G Flex2";"";"2015-01-06 00:08";"The Good Guy";"I have sprint I was going to upgrade my S3 to note edge but after I saw this LG G Flex2 now im 100% upgrading to this one bye bye Samsung......";""
"17536";"164";"G Flex2";"";"2015-01-05 22:36";"";"Amazing smartphone ";""
"17537";"164";"G Flex2";"";"2015-01-05 22:15";"danielad200";"intersting phone";""
"17538";"164";"G Flex2";"";"2015-01-05 21:16";"nexus75nexus";"LG brand în few years dominate the mobile market and home electronics ,good inovations...I want to work for this company for this brand to promovate , LG really LIFES GOOD , LG I Wish you a good year";""
"17539";"164";"G Flex2";"";"2015-01-05 19:59";"Hukie";"is the ram under its hook Lpddr3 or lpddr4 ? any idea guyz?";""
"17540";"164";"G Flex2";"";"2015-01-05 19:43";"";"therefore there are external disks in OTG USB to browse all the phone";""
"17541";"164";"G Flex2";"";"2015-01-05 19:17";"";"If you have indeed 100 GB of photos, you can put them on your PC or Laptop! :P";""
"17542";"164";"G Flex2";"";"2015-01-05 19:16";"Anonymous";"Nice desing . Weak Processor , why quad 1.5 and 2ghz , the first had quad 2.2 ";""
"17543";"164";"G Flex2";"";"2015-01-05 18:36";"";"Yeah and I think they didnt putted 2 TB because there any avaiable but it is awesome that they can support that much,and your saying who does need 2 tb :D , well I have a ton of stuff 20 gb of songs,100 gb of photos etc.I just want to have all my stuff on a mobile hah,but a 256 gb sd card is enough...well for me";""
"17544";"164";"G Flex2";"";"2015-01-05 18:19";"The Sreat S";"I dont like curved phone";""
"17545";"164";"G Flex2";"";"2015-01-05 18:10";"Abdulski";"I will buy this phone definitely.";""
"17546";"164";"G Flex2";"";"2015-01-05 18:07";"";"I doubt that. Theoretically it is possible, but there are no 2 TB memory card slots available for purchase yet. And you don't need TB's!";""
"17547";"164";"G Flex2";"";"2015-01-05 18:05";"";"I read somewhere that you can expand the memory to 2 TB and not just to 128 GB?";""
"17548";"164";"G Flex2";"";"2015-01-05 18:00";"Anonymous";"beautiful beast!";""
"17549";"164";"G Flex2";"";"2015-01-05 17:57";"ko a";"Very nice!";""
"17550";"164";"G Flex2";"";"2015-01-05 17:55";"sajjad";"Not good disine";""
"17551";"164";"G Flex2";"";"2015-01-05 17:55";"";"I am glad it is not that huge, and it would be better in other colors too.";""
"17552";"164";"G Flex2";"";"2015-01-05 17:54";"Anonymous";"Ugly!";""
"17553";"164";"G Flex2";"";"2015-01-05 17:43";"Safug";"This is the best phone of the year 2015.Now we need to find a way to replace the battery and see if 24 bit music files are suported.";""

