"19019";"192";"G Pad 10.1";"";"2015-01-13 23:14";"Anonymous";"Hello Anybody try 64gb sd card? Other sites says only 32gb is supported?  And what about enabling ART runtime? Any improvment in battery and less lag? Regards";""
"19020";"192";"G Pad 10.1";"";"2015-01-09 22:27";"Anonymous";"A clarification: the GPS is GLONASS. With the application GPS TEST satellites detected above the number 65.";""
"19021";"192";"G Pad 10.1";"";"2015-01-05 18:13";"";"Compaire with Lg V500 (older) to see what LG did. My V500 has faster CPU than V700 Has 2gb of ram instead of 1gb of V700 Has much-much better Gpu (Adreno 320) than the new models. I am wondering what happened  ";""
"19022";"192";"G Pad 10.1";"";"2015-01-01 04:27";"rob";"If nexus had expansion slot. .maybe";""
"19023";"192";"G Pad 10.1";"";"2014-12-04 04:46";"";"Great tablet I am loving it. Bright screen and a great feature set.";""
"19024";"192";"G Pad 10.1";"";"2014-11-27 13:28";"";"come on LG.. what about 2GB of RAM and 32GB internal storage? your tablet build quality is excellent as usual, why skimp on RAM and storage...";""
"19025";"192";"G Pad 10.1";"";"2014-10-30 04:13";"Ramone";"Lg G Pad 10.1 $211 at Bestbuy... you find Nexus 10 for less I would buy in a hear-beat.";""
"19026";"192";"G Pad 10.1";"";"2014-10-22 23:53";"";"Nexus 10 obviously";""
"19027";"192";"G Pad 10.1";"";"2014-10-19 13:10";"";"right now the nexus 10 is cheaper than this. which one should i buy?";""
"19028";"192";"G Pad 10.1";"";"2014-10-16 08:45";"gotam";"hahaha";""
"19029";"192";"G Pad 10.1";"";"2014-10-13 22:13";"Guntijs";"Same here in Latvia. It lloks like the version without 3G has lack of NFC. But it's very hard to find any info about this.";""
"19030";"192";"G Pad 10.1";"";"2014-10-09 00:19";"Anonymous";"There aren't any NFC at least at Turkey. I wrote it because this site is in top 10 google gsm searches for Turkey.";""
"19031";"192";"G Pad 10.1";"";"2014-09-16 08:20";"Anonymous";"dude, you are comparing a product cost around $200 to another product cost from $400. Duh!!";""
"19032";"192";"G Pad 10.1";"";"2014-08-09 01:35";"talingas";"Nexus 10 still be the better option!";""
"19033";"192";"G Pad 10.1";"";"2014-07-31 22:52";"DAngelo";"It has a Radio app that requires headphones, so I imagine that is has a built in radio.";""
"19034";"192";"G Pad 10.1";"";"2014-07-30 01:12";"Me";"The point of this is to compete with Samsung Galaxy Tab 4 series. This has just about the same specs (except the camera this has a 5mp compared to a 3mp and shoots 1080p compared to 720p with Samsung) and is cheaper than the Tab series.";""
"19035";"192";"G Pad 10.1";"";"2014-07-30 01:09";"Me";"Good competition for Samsung's Galaxy Tab 4 series, same specs(in the U.S. at least) and much cheaper price point.";""
"19036";"192";"G Pad 10.1";"";"2014-07-19 00:34";"Rosi";"Why they put out such an "old" device? Ooohhh I get it!!! You get it free when you buy a washing machine so you can entertain the kids while doing the laundry. But even then... kids nowdays are much smarter";""
"19037";"192";"G Pad 10.1";"";"2014-07-13 19:44";"";"i wonder if there will be a sucessor to the g pad 8.3?";""
"19038";"192";"G Pad 10.1";"";"2014-07-07 16:16";"ajpa2010";"after the success with phones G, G2 and G Flex is not worthy to be brought to market this model of tablet do not like anything.";""
"19039";"192";"G Pad 10.1";"";"2014-05-28 10:11";"";"sadly the trio of tablets are low end tablets but apparently able to call saw the youtube video from mobilegeeks";""
"19040";"192";"G Pad 10.1";"";"2014-05-24 07:18";"";"a snapdragon 805 would also be good.";""
"19041";"192";"G Pad 10.1";"";"2014-05-23 15:50";"";"I have no ideal so far the only news that are coming up is for their flagship 2014 Lg g3 which is next week.";""
"19042";"192";"G Pad 10.1";"";"2014-05-23 15:47";"Mickey_s";"Hope it has Snapdragon 800 or 801.";""
"19043";"192";"G Pad 10.1";"";"2014-05-23 15:36";"Mickey_s";"As soon as possible.";""
"19044";"192";"G Pad 10.1";"";"2014-05-23 00:46";"";"do you know when will the specs of this tab be released and when will this be launched and sold? I'm excited about this tablet ";""
"19045";"192";"G Pad 10.1";"";"2014-05-21 21:19";"Mickey_s";"Yes, it would be awesome.";""
"19046";"192";"G Pad 10.1";"";"2014-05-19 08:47";"";"for some strange reason oem have been using the snapdragon 400 instead of the snapdragon 600 for thier midrange's devices. The specs of the 10.1 and 8.0 have not been released nor leaked yet. ";""
"19047";"192";"G Pad 10.1";"";"2014-05-19 08:44";"";"it will be interesting if they put terga k1 chip on this tablet.";""
"19048";"192";"G Pad 10.1";"";"2014-05-18 23:30";"deviousdan";"Why would it be an S400? Seeing as the g pad its replacing is an S600, and looks low end? What does this tell you that makes it look low end?";""
"19049";"192";"G Pad 10.1";"";"2014-05-18 18:01";"";"Most likely snapdragon 400. Ne flash either ";""
"19050";"192";"G Pad 10.1";"";"2014-05-18 18:01";"";"Looks pretty low end ";""
"19051";"192";"G Pad 10.1";"";"2014-05-17 15:34";"";"nope i do not know when they are going to release this tablet just gt to paitenly wait for lg annouces.";""
"19052";"192";"G Pad 10.1";"";"2014-05-17 11:11";"";"I see.. I personally prefer the 10.1 size, I just wish this tablet will  be sold in white and has 3 or 4 GB RAM. do you by any chance know when will the official specs of this tablet be released? ";""
"19053";"192";"G Pad 10.1";"";"2014-05-17 11:03";"bloodrose24";"oh ok.. I personally prefer the 10.1 version of the GPad, I just wish it would be sold in white and has a 3 GB RAM. when do you think they'll announce the official specs of these tablets? ";""
"19054";"192";"G Pad 10.1";"";"2014-05-17 03:24";"AlawY";"yea, what the hell is going on.. It's the 17th and still no peep. LG seems to be very unserious compared to the other companies who present their products on time and display it on their website, no to mention livestream few companies even offer.";""
"19055";"192";"G Pad 10.1";"";"2014-05-16 18:37";"";"so far nothing only leaks specs of the gpad 7.0 which is more of a affortable/budget tablet.";""
"19056";"192";"G Pad 10.1";"";"2014-05-16 02:16";"bloodrose24";"does anyone know if this tab will be sold in white and how much RAM it has? ";""
"19057";"192";"G Pad 10.1";"";"2014-05-15 18:53";"Mickey";"I hope they will use Snapdragon 800.";""
"19058";"192";"G Pad 10.1";"";"2014-05-14 17:58";"";"Looks like nexus 10";""
"19059";"192";"G Pad 10.1";"";"2014-05-13 21:15";"";"I wonder what chip will they use for their tablets.";""
"19060";"192";"G Pad 10.1";"";"2014-05-13 10:47";"";"amazing ";""
"19061";"192";"G Pad 10.1";"";"2014-05-12 20:01";"Mickey_s";"The device is not launched. You will find more information soon.";""
"19062";"192";"G Pad 10.1";"";"2014-05-12 17:03";"Anonymous";"The detailed specifications are not revealed by LG.";""
"19063";"192";"G Pad 10.1";"";"2014-05-12 16:16";"";"my thoughts exactly";""
"19064";"192";"G Pad 10.1";"";"2014-05-12 13:01";"";"Quad Core? What a complete information!";""

