"18398";"179";"G Pad 7.0 LTE";"";"2015-01-10 18:17";"afraaa";"thsi is not camera tablet look at price !!!!!";""
"18399";"179";"G Pad 7.0 LTE";"";"2015-01-09 15:45";"Vaseline Magic";"Well, this tablet wasn't released as a successor to the 8.3. If you do your simple math, you'll find that 8.3 is greater than 7.0. Just because something is more recent doesn't mean it's supposed to be better. This tablet was made for people who want budget options for a nice little media tablet. Not for people who do everything on a tablet. ";""
"18400";"179";"G Pad 7.0 LTE";"";"2014-12-23 00:48";"riyhrh";"well that is also 200 dollars more";""
"18401";"179";"G Pad 7.0 LTE";"";"2014-12-06 07:28";"Whitney";"The camera quality is absolutely terrible. It offers different resolutions but, unfortunately, instead of increasing the photo quality, it just seems to increase the image dimensions and file size. So the choice is a smaller bad photo with a smaller file size or a larger bad photo with a larger file size. ";""
"18402";"179";"G Pad 7.0 LTE";"";"2014-08-19 21:12";"";"I have the LG G Pad 8.3 LTE, it has WAY better specs than this! Why did LG release the NEW G Pad with lower-end specs??? Seems like a downgrade to be honest. ";""
"18403";"179";"G Pad 7.0 LTE";"";"2014-08-10 15:22";"";"Huawei Mediapad X1 7.0 beats this crap down the sink.";""
"18404";"179";"G Pad 7.0 LTE";"";"2014-08-10 04:40";"azzir";"Got my new lg gpad 7.0..  Here are the things that i have noticed. (Bad) -The reponse everytime you click on something on the screen is kinda slow. It will take 1-2 secs. -The screen resolution is low.  -the speakers are located at the back, so if i am watching a video, the sounds are coming from the back. It should have placed at the bottom. -Camera resolution of the camera is poor. (No flash)  (Good) -Battery life is awesome. -the pad is really handy.  Overall: we expect these specs for the price we are paying.ü";""
"18405";"179";"G Pad 7.0 LTE";"";"2014-08-05 17:05";"tolits";"Good";""
"18406";"179";"G Pad 7.0 LTE";"";"2014-08-05 13:43";"CHIRAG";"guys cn u telme abt this phn ";""
"18407";"179";"G Pad 7.0 LTE";"";"2014-08-05 12:10";"";"Superb ";""

