"21159";"218";"G Pro Lite Dual";"";"2015-01-20 12:40";"raj";"I am using this phone in 14 maonths ....but never face off any problum .its a good samrtphone .but only camera qulity is just a poor ";""
"21160";"218";"G Pro Lite Dual";"";"2015-01-17 12:51";"Anonymous";"Is true. I am regret that I upgraded my phone";""
"21161";"218";"G Pro Lite Dual";"";"2015-01-13 06:51";"k";"Not all videos are clear on youtube,depends on resolution.";""
"21162";"218";"G Pro Lite Dual";"";"2015-01-11 03:46";"vin";"Most bad phone of my life. Battry drain so quick afteros upgrade. 3100 mah just for making fool. Battry dont servive 4 hours if phone in active mode";""
"21163";"218";"G Pro Lite Dual";"";"2015-01-10 13:49";"$anti....";"after updating 4.4.2 phone running slowelly..... camera clearity is not good , ";""
"21164";"218";"G Pro Lite Dual";"";"2015-01-07 20:59";"Anonymous";"I have bought the mobile pro lite dual from 7 month it is good in everything but the storage is just 4 G .how.come";""
"21165";"218";"G Pro Lite Dual";"";"2015-01-07 11:39";"FAISAL";"Business purpose its a very good ProducT";""
"21166";"218";"G Pro Lite Dual";"";"2015-01-03 12:29";"Anonymous";"I hve been using this phone about 3 montths..this is a good fone..the only problm is that when we use yutube videos are not sharp..";""
"21167";"218";"G Pro Lite Dual";"";"2015-01-02 13:33";"Manoj manimala ";"Over all this is good phone.battery life,screen ,voice clarity ,camera clarity and color re production,are good.But in 3g network performance is very poor,speed and reception is very bad.No OTG HDMI support.This phone supports Only dual standby not dual active .";""
"21168";"218";"G Pro Lite Dual";"";"2015-01-02 13:28";"Manoj manimala ";"Over all this is good phone.battery life,screen ,voice clarity ,camera clarity and color re production,are good.But in 3g network performance is very poor,speed and reception is very bad";""
"21169";"218";"G Pro Lite Dual";"";"2015-01-02 09:45";"kk";"fake post  plz don't take it seriously";""
"21170";"218";"G Pro Lite Dual";"";"2014-12-29 18:03";"Nigar";"After updating 4.4.2 its very slow and not supports.Retrica and canera 360 are bad###";""
"21171";"218";"G Pro Lite Dual";"";"2014-12-21 13:15";"chanaka";"How can i use quick remote.is it for only smart tv???";""
"21172";"218";"G Pro Lite Dual";"";"2014-12-19 14:55";"KM";"I am using this phone for almost a year.This is just a so-so phone. There are many new phones launched recently with higher specs at lower price. There are bugs in upgraded Kitkat. Ring volume on its own gets to zero level. Screen has plastic feeling. Eventhough it has 3000+ mAH battery, does not stay long when you use internet.";""
"21173";"218";"G Pro Lite Dual";"";"2014-12-18 06:53";"";"its good phone with mid range specifications big display powerful battery stylus nice camera";""
"21174";"218";"G Pro Lite Dual";"";"2014-12-18 06:21";"Anonymous";"Not a very good experience using this phone. Because some of the things like the button, sometimes is a bit sensitive, a bit easier to press another button accidently, and costs me money. But for the design and the overall performance, I still like it very much; especially they have the build in TV control, no need to download any. Simple and easy! Good price bargain! Perfect for your choice! Love it.";""
"21175";"218";"G Pro Lite Dual";"";"2014-12-16 06:46";"eku ali";"please say something about this phone............becuse I will want to buy this phone. ";""
"21176";"218";"G Pro Lite Dual";"";"2014-12-14 18:35";"Samsung user";"Quite a good value dual sim phone. ";""
"21177";"218";"G Pro Lite Dual";"";"2014-12-14 10:05";"Anonymous";"Bad phone, but ok battery  My almost 1 year experience is bad this phone's screen is bad. Ghost touch is almost everyday since purchase random pocket calls, In landscape mode the dual sim button is very annoying , The speakers are ok.  Very big 5.5" is horrible in this phone 1month of using experience Feels like falling In short BAD phone";""
"21178";"218";"G Pro Lite Dual";"";"2014-12-12 20:35";"prem pal";"What a comparison dude m using thia phone since 7month i never gwt any single isse of betry n phn its awasome phone ";""
"21179";"218";"G Pro Lite Dual";"";"2014-12-05 14:55";"SuNiL KheDeKaR";"Dear All, if you are using this Handset as a Business purpose its a very good Product..";""
"21180";"218";"G Pro Lite Dual";"";"2014-12-02 15:43";"sandy";"i am use this phone 2 month. but battery in use only 4 hrs.. verry bad phone my opnion use this time micromax canvas A 177 juice is nice phone....";""
"21181";"218";"G Pro Lite Dual";"";"2014-12-02 14:44";"k";"Install MX Player from Google play.";""
"21182";"218";"G Pro Lite Dual";"";"2014-12-02 12:19";"";"what is dis new update abt....i hve updated but there is no change ";""
"21183";"218";"G Pro Lite Dual";"";"2014-12-02 11:11";"Avin";"Good phone overall, good multitasking apps to make use of large screen. Stylus not that good. User interface is amazing. You dont need to switch apps while calling or receivng sms, browsing internet and so on. Must buy if you are okay with bad stylus and above average processor.";""
"21184";"218";"G Pro Lite Dual";"";"2014-11-29 22:02";"karuna";"why i cant call in facebook";""
"21185";"218";"G Pro Lite Dual";"";"2014-11-28 09:39";"Aadi";"How update on kitket";""
"21186";"218";"G Pro Lite Dual";"";"2014-11-28 08:37";"mahi";"why lg g pro lite dual was not fully charged in ad 4.4.2 ";""
"21187";"218";"G Pro Lite Dual";"";"2014-11-23 11:00";"Prakash";"how to o t g on lg pro lite does it support otg feature ?";""
"21188";"218";"G Pro Lite Dual";"";"2014-11-23 10:55";"Anonymous";"how to o t g on lg pro lite does it support otg feature ?";""
"21189";"218";"G Pro Lite Dual";"";"2014-11-23 04:10";"Anonymous";"How to use video cal on lg g pro";""
"21190";"218";"G Pro Lite Dual";"";"2014-11-22 10:50";"Mohammad";"Yes But with small lages";""
"21191";"218";"G Pro Lite Dual";"";"2014-11-21 07:12";"preet";"dear users plz tell can it play full hd 1080p videos";""
"21192";"218";"G Pro Lite Dual";"";"2014-11-20 16:01";"Anonymous";"Is it possible to customise and manufacture a 2.5GHZ for lg d686";""
"21193";"218";"G Pro Lite Dual";"";"2014-11-18 00:17";"bingo";"It's utilizing bose speaker";""
"21194";"218";"G Pro Lite Dual";"";"2014-11-13 07:39";"";"Advantages: LG G Pro Lite D686 is a very good battery, large screen and light weight mobile, sound is also good.  Disadvantages: 1. Front and Rear camera quality is not good. 2. Doesn't support OTG cable. 3. Doesn't support MicroUSB HDMI cable. 4. Internal memory is very less(4GB) 5. Do not update it to Kitkat(Performance degrades).";""
"21195";"218";"G Pro Lite Dual";"";"2014-11-13 05:23";"DK";"Best mobile i used ever...long battry life,bright screen,dual sim,good camera..and many more...";""
"21196";"218";"G Pro Lite Dual";"";"2014-11-13 01:19";"";"Is screen fingerprint magnet real problem on this device ? And what about sunlight legibility performance ? Can any one please help cause i'm thinking to get this on";""
"21197";"218";"G Pro Lite Dual";"";"2014-11-12 09:55";"cj vahid";"after kitkat update and 98mb update, today i recived new 60mb update.but i dont know whats its effects?!!!";""
"21198";"218";"G Pro Lite Dual";"";"2014-11-08 07:09";"";"Does anyone know the speaker volume, expressed in dB ? thank you...";""
"21199";"218";"G Pro Lite Dual";"";"2014-11-07 21:50";"setwan";"Does anyone know the speaker volume, expressed in dB ? thank you";""
"21200";"218";"G Pro Lite Dual";"";"2014-11-05 22:57";"Anonymous";"Uc";""
"21201";"218";"G Pro Lite Dual";"";"2014-11-05 01:34";"Sunbird";"After Kit Kat upgrade, i cannot update the contents of the SD card using 'Wireless Storage'. Is there any setting that I must do?";""
"21202";"218";"G Pro Lite Dual";"";"2014-11-04 21:19";"abhi";"superb phone with decent battery life but after Kitkat updates, battery life reduced";""
"21203";"218";"G Pro Lite Dual";"";"2014-11-04 17:21";"Psy";"A tooth pick will help you.";""
"21204";"218";"G Pro Lite Dual";"";"2014-11-04 12:50";"";"Why SAR value for India for this phone is not updated. I failed to find that on the official website of lg india. Any comments";""
"21205";"218";"G Pro Lite Dual";"";"2014-11-03 11:36";"asakura";"Thats not normal. It can charge up to 35% in one hour. So it'll be fulled after 3 hours";""
"21206";"218";"G Pro Lite Dual";"";"2014-11-03 05:10";"";"I don't see why this cellphone is so expensive, I have an Xperia L I bought a year ago, and this phone cost more than mine then, but I don't see the benefits. ¿It has a secret performance or something?";""
"21207";"218";"G Pro Lite Dual";"";"2014-11-02 15:58";"shy";"No auto brightness? How";""
"21208";"218";"G Pro Lite Dual";"";"2014-11-02 10:44";"winnie";"When sim 1 has incoming call, sim 2 can't receive incoming call same time. How can i solve it?";""
"21209";"218";"G Pro Lite Dual";"";"2014-11-01 23:31";"REDread";"NO,NO,NO and I am very disappointed! NO OTG !";""
"21210";"218";"G Pro Lite Dual";"";"2014-10-30 12:13";"Don Mamba";"Its works.....";""
"21211";"218";"G Pro Lite Dual";"";"2014-10-30 09:24";"Abhi";"Yes You can use 32 GB memory card without any lag; it works superb on my G pro lite";""
"21212";"218";"G Pro Lite Dual";"";"2014-10-29 15:46";"k";"Check ebay ";""
"21213";"218";"G Pro Lite Dual";"";"2014-10-28 19:44";"";"Nice phone ";""
"21214";"218";"G Pro Lite Dual";"";"2014-10-27 02:12";"";"I have lost my stylus. Any idea where to get a replacement?";""
"21215";"218";"G Pro Lite Dual";"";"2014-10-26 16:58";"setwan";"Does this LG has the strongest speakers on the market?";""
"21216";"218";"G Pro Lite Dual";"";"2014-10-26 13:16";"Anonymous";"I'm proud to own this phone,I use it as a remote to my TV and dvd.";""
"21217";"218";"G Pro Lite Dual";"";"2014-10-25 10:00";"sathya";"how to reset the lg d686 phone";""
"21218";"218";"G Pro Lite Dual";"";"2014-10-25 00:33";"mister";"I've tried to downgrade my pro lite by the ROM mentioned by a user from here then it died and I had to go to warranty service and replaced rf board so beware.";""
"21219";"218";"G Pro Lite Dual";"";"2014-10-24 10:12";"paulino";"It is very Good ...buh cant operate a tv ....telling me to connect to wi-fi..dnt knw what to do  ";""
"21220";"218";"G Pro Lite Dual";"";"2014-10-24 01:54";"Fred Bassete";"It is overall a good phone for the price. The specs are good for the price but dont update to kitkat. Phone gets laggy. Also the 3G is rubbish, could never even watch a short youtube video and now it doesnt even turn on. After only a few months. ";""
"21221";"218";"G Pro Lite Dual";"";"2014-10-22 23:06";"sam";"R u updated in KitKat rahul, is it work properly on KitKat?";""
"21222";"218";"G Pro Lite Dual";"";"2014-10-22 14:47";"rahul";"is superb mobile phone no 1 problem in this phone working wery good and battery life is for 29hr ";""
"21223";"218";"G Pro Lite Dual";"";"2014-10-20 09:54";"shashank";"it is a good phone ";""
"21224";"218";"G Pro Lite Dual";"";"2014-10-18 20:41";"";"How much time u need to make it fully charged?? i was charging it for 4 hours but its only reached 21% is tht normal?  and i need advice about memory card, is it okay if i will use 32 GB for the memory? it will b smooth or heavy?  please share your experience, thank you";""
"21225";"218";"G Pro Lite Dual";"";"2014-10-18 20:27";"Ayya Hanifa";"How much time you need to make it fully charged it? is it better to charged it when it off? bcause i charged it for 4 hours but only filled 21%.  Please share your experience about it, thanks";""
"21226";"218";"G Pro Lite Dual";"";"2014-10-18 09:22";"The User";"In spite of spending heavily on this costly phone, there is not OTG facility. How can one have it ??????? LG is not interested in this very great feature, can any one suggest pleasssssssssssssssse";""
"21227";"218";"G Pro Lite Dual";"";"2014-10-18 01:42";"yasser";"Im send mail lg limited bekoz reber kitkat 4.4.2 ";""
"21228";"218";"G Pro Lite Dual";"";"2014-10-17 01:19";"mahmoud";"Kitkat is very bad lg why not up 4.4.3";""
"21229";"218";"G Pro Lite Dual";"";"2014-10-16 10:25";"mike";"After updating 4.4.2 its very slow and not supports otg";""
"21230";"218";"G Pro Lite Dual";"";"2014-10-14 17:24";"seenu";"Is there not have a move or paste option";""
"21231";"218";"G Pro Lite Dual";"";"2014-10-14 07:15";"Ashok Reddy ";"Create a new album in gallery, while creating it 'll ask you whether ext storage or internal storage. Dr u can choose ext storage as you wanted ";""
"21232";"218";"G Pro Lite Dual";"";"2014-10-14 01:46";"";"Im from egypt";""
"21233";"218";"G Pro Lite Dual";"";"2014-10-13 20:12";"";"does anyone know what's new in V20b update ?";""
"21234";"218";"G Pro Lite Dual";"";"2014-10-13 15:12";"someone";"just bought the phone for 3 months, dropped it once and the screen cracked, the motherboard is broken, i cant get signal for my sim card and it keeps on turning off or lags in place until it restarts. but overall, quite ok phone.";""
"21235";"218";"G Pro Lite Dual";"";"2014-10-13 06:05";"sd";"its is very good mobile";""
"21236";"218";"G Pro Lite Dual";"";"2014-10-12 21:10";"Hossamovic";"I received the 20B update today .. but what will it fix ?";""
"21237";"218";"G Pro Lite Dual";"";"2014-10-12 04:18";"Caniel";"Hi Yasser, in Singapore yet to receive latest version of 20B. May I know which country you are from?";""
"21238";"218";"G Pro Lite Dual";"";"2014-10-11 10:19";"Maddy";"Hello All, LG G Pro lite is a very good phone for those who needs good battery life and a big screen. It works on Android 4.1.2 jelly bean, touch sensitivity is good, good camera with features. And additional features are very good.  Can operate any LED/LCD tv with this great. can play games very easily as screen is far good. wifi too works good and excellent. battery life is best. stylus is good for efficient working on phone while travelling. Almost a excellent brand phone of LG product in this price range. ";""
"21239";"218";"G Pro Lite Dual";"";"2014-10-10 22:24";"";"I have upgrade to kitkat v20a ....factory reset ......the phone now is better than 4.1.2......today i have recive new update v20b....i think to fix the (1 sec) lag in v20a.....now the phone is brilliant.....my advice go for update ....dont worry.....forgive my language";""
"21240";"218";"G Pro Lite Dual";"";"2014-10-10 19:00";"REread";"Is there OTG function on LG G Pro Lite Duo !";""
"21241";"218";"G Pro Lite Dual";"";"2014-10-08 15:52";"";"I have one question last week I bought one more SIM (now using two SIM cards). I noticed slow internet connection, and then I found settings for SIM card internet GSM only; WCDMA only and GSM/WCDMA auto. Why it is impossible to use GSM/WCDMA auto on both my SIM cards? For example, if I setup my SIM1 to GSM/WCDMA auto ; SIM2 goes to GSM only and reversal ";""
"21242";"218";"G Pro Lite Dual";"";"2014-10-08 15:47";"";"Once again I upgrade android to KitKat. For those who wants to downgrade I suggest this tutorial    it helped me to downgrade my phone.";""
"21243";"218";"G Pro Lite Dual";"";"2014-10-08 13:41";"Nilesh";"Sorry...Screen is not so clear and crisp but it is managable ";""
"21244";"218";"G Pro Lite Dual";"";"2014-10-08 13:39";"Nilesh";"From last one week i m using this phone....so far no issue with the performance.After software update to kitkat it bit slow but not that much....Screen in so clear and crisp but still it is managable.....Call quality and sound is good and clear....Wifi connectivity is very good....OTG not supported....Camera quality is average not that bad...battery life is awesome after 6 hrs of wifi use for software updation only 20% consumed that really cool...overall satisfied with the performance";""
"21245";"218";"G Pro Lite Dual";"";"2014-10-06 23:43";"Fahd Alsayed";"DO not Update to kitkat forget my last comment ..  and Dont Downgrade by that post I did it and my device didnt open again and I had to take to to maintenance center they changed all the bored !";""
"21246";"218";"G Pro Lite Dual";"";"2014-10-04 22:20";"Kanuni Suleyman Turk";"if you have glonass issues. install the program MT GPS EPO FIX, it is related to mediatek cpu, cronic ills of mtk. every mtk cpu phone has same issues";""
"21247";"218";"G Pro Lite Dual";"";"2014-10-01 14:05";"mister";"my advice to new owners ( do not update ) terrible performance on kitkat , slow , takes a lot of the 1 g ram even after master reset and hard reboot you cannot recover old version and downgrading can be tricky and hazardous.";""
"21248";"218";"G Pro Lite Dual";"";"2014-10-01 08:02";"k";"Corrupt software do a factory reset first.";""
"21249";"218";"G Pro Lite Dual";"";"2014-09-30 11:16";"";"LG G Pro lite dual in my opinion is a good phone with a great battery life. With heavy usage (not included gaming), it can go over a day with one charge. However, please note that when you operate this phone, sometimes it lags. This happens not quite often. If you are after a smartphone with a great graphic. This phone will be inappropriate for you. btw, it is upgradable to Kitkat 4.4.2";""
"21250";"218";"G Pro Lite Dual";"";"2014-09-30 02:07";"mranamerp";"Why,i can't upgrade with new youtube.., somebody please help me...";""
"21251";"218";"G Pro Lite Dual";"";"2014-09-29 12:27";"Anonymous";"is it right i cant transfer files to external memory";""
"21252";"218";"G Pro Lite Dual";"";"2014-09-28 15:07";"Anonymous";"i want to purchase lg g pro lite dual D686 plz someone tell me about ths.......???? ";""
"21253";"218";"G Pro Lite Dual";"";"2014-09-28 15:02";"dine";" i want to buy this mobile I would like to know do suggest me this mobile or not";""
"21254";"218";"G Pro Lite Dual";"";"2014-09-28 10:37";"sara.a";"The phone is excellent. Bought it in march 2014.Till now have'nt had any problems whatsoever. Fast. Clear.long battery life.Only want to know how to shift gallery files to ext card.";""
"21255";"218";"G Pro Lite Dual";"";"2014-09-27 11:55";"";"I have downgraded my phone with this metod described on link   Now it works fine, just like when I bought it.";""
"21256";"218";"G Pro Lite Dual";"";"2014-09-26 23:31";"azza";"I installed Kitkat version on my D686 and i regret doing that as i had various problems after update. Youtube videos playing out of sync and battery not lasting as before were the main issues.  Finally i did hard reset and these 2 issues were solved ( Try this)  To do hard reset - FOR KITKAT INSTALLED PHONES  Switch off your mobile forcefully by pressing the power button.   Now press vol down button together with power button for sometime.  As soon as you see the LG logo keep vol down button pressed and release power button for a second and press the power button again just once like a click to reach the hard reset menu.  You will see factory reset/hard reset message ...release both of the pressed buttons and now you will be asked to press power button for confirming hard reset. Follow the instructions to press power button. Your phone will get back into factory settings after some time and reboot.  I hope it works on your phones also.";""
"21257";"218";"G Pro Lite Dual";"";"2014-09-26 22:42";"azza";"I installed Kitkat version on my D686 and i regret doing that as i had various problems after update. Youtube videos playing out of sync and battery not lasting as before were the main issues.  Finally i did hard reset and these 2 issues were solved ( Try this)  To do hard reset - FOR KITKAT INSTALLED PHONES  Switch off your mobile forcefully by pressing the power button.   Now press vol down button together with power button for sometime.  As soon as you see the LG logo keep vol down button pressed and release power button for a second and press the power button again just once like a click to reach the hard reset menu.  You will see factory reset/hard reset message ...release both of the pressed buttons and now you will be asked to press power button for confirming hard reset. Follow the instructions to press power button. Your phone will get back into factory settings after some time and reboot.  I hope it works on your phones also.";""
"21258";"218";"G Pro Lite Dual";"";"2014-09-26 22:31";"";"I want to return to the old Android, and the question here is, Is a managed application and return it for a Kit Kat? If this is possible, implementation has been, is it possible explanation how this was done?";""
"21259";"218";"G Pro Lite Dual";"";"2014-09-26 19:40";"hiii";"i m facing video calling problem plz tell me hw can i on video call ";""
"21260";"218";"G Pro Lite Dual";"";"2014-09-25 20:48";"krish";"How to make video call on lg pro liye";""
"21261";"218";"G Pro Lite Dual";"";"2014-09-25 15:02";"John V.";"I am the owner of this excellent phone. However, in all specifications written that has support for GLONASS. Despite numerous tests with various android apps, it does not have support for GLONASS (see only the GPS satellites from 1 to 32).";""
"21262";"218";"G Pro Lite Dual";"";"2014-09-24 22:24";"kyle";"Hi can i do it on my phone or do i need to do it on a computer";""
"21263";"218";"G Pro Lite Dual";"";"2014-09-24 19:31";"el chifle";"In order for you to hide the SIMs notifications you need to update the software to the latest software. go check for updates.";""
"21264";"218";"G Pro Lite Dual";"";"2014-09-24 18:43";"";"Plz helllp How to downgrade the android 4.4  Its very bad.  Youtube big issus Systme is very low Plz heeelllp  ";""
"21265";"218";"G Pro Lite Dual";"";"2014-09-24 17:18";"arjun kr singh";"Now i have take this phone, and it's battery backup is very good.i like it";""
"21266";"218";"G Pro Lite Dual";"";"2014-09-24 09:36";"mithun ";"Update my lg pro lite d686 previous 1month ago & I face too much network problem that's why ifade up. And it have no video call.plese LG solve this problem.....txns.";""
"21267";"218";"G Pro Lite Dual";"";"2014-09-24 07:26";"weiss";"Exactly...after updating to 4.4 kitkat.,battery s draining like anything.";""
"21268";"218";"G Pro Lite Dual";"";"2014-09-23 13:35";"mennah";"i need to know what about the speed , the camera and the sound system is it good or what pliz i need to knw ";""
"21269";"218";"G Pro Lite Dual";"";"2014-09-23 13:10";"Anonymous";"how can i connect to lg pro lite to TV  pls eny one can help me";""
"21270";"218";"G Pro Lite Dual";"";"2014-09-23 11:43";"qwerty";"Battery is good but need more rom than 1 GB and be xaref i ll when buying sometimes they only give you 4 GB memory like mine";""
"21271";"218";"G Pro Lite Dual";"";"2014-09-22 13:44";"";"Thank you Say for your support ";""
"21272";"218";"G Pro Lite Dual";"";"2014-09-22 13:41";"mj";"How to hide sim card 2 icon and label in lockscreen and notification area.";""
"21273";"218";"G Pro Lite Dual";"";"2014-09-22 09:06";"Sulis";"1 week review. Knock-on work well only if we want lock off the screen,otherwise sometime I have to knock-on 3 or 4 times to lock on. No "auto brightness" although there is a proximity sensor. In application manager, there's no option if we want to move app to SD card/phone storage. Beside that, all runs fine.";""
"21274";"218";"G Pro Lite Dual";"";"2014-09-20 16:26";"jayanta";"Don't update to 4.4.2 it have to much problem.you can't use your sd card as default ";""
"21275";"218";"G Pro Lite Dual";"";"2014-09-20 14:15";"Anonymous";"LG Prolite launched in OCt 2013, though costly mobile, still does not have otg. hence not so useful";""
"21276";"218";"G Pro Lite Dual";"";"2014-09-20 09:01";"Khalid";"Yes Offcourse..it will work good then before..";""
"21277";"218";"G Pro Lite Dual";"";"2014-09-20 07:35";"nick";"Same prob here";""
"21278";"218";"G Pro Lite Dual";"";"2014-09-19 23:27";"Say";"battery is way way better than any other brands even using wifi or data";""
"21279";"218";"G Pro Lite Dual";"";"2014-09-19 21:01";"";"How's the battery in this phone?  I'll wait your answer plz.";""
"21280";"218";"G Pro Lite Dual";"";"2014-09-19 15:36";"Anonymous";"I will buy this phone but I need to know how is battery usage with u ?";""
"21281";"218";"G Pro Lite Dual";"";"2014-09-18 21:38";"Mc";"Shhould I upgrade my lg D686? ";""
"21282";"218";"G Pro Lite Dual";"";"2014-09-18 16:33";"tvman";"Im not able to get data connection through Sim .. Any one faced this p[roblem and solved.. Please ehlp ";""
"21283";"218";"G Pro Lite Dual";"";"2014-09-17 18:05";"Mohammad";"No But after root and using sdfix app it is possible";""
"21284";"218";"G Pro Lite Dual";"";"2014-09-16 19:47";"Karthik";"Can u download images to ur SD card after te update?";""
"21285";"218";"G Pro Lite Dual";"";"2014-09-13 13:47";"Anonymous";"Help!  After rooting with easyroot. My phone battery charging stops at 85%. I tried to recalibrate my phone and it doesn't work.";""
"21286";"218";"G Pro Lite Dual";"";"2014-09-13 11:26";"";"Just Uncheck the KNOCK ON option from settings >display > knock on. Your problem will be solved";""
"21287";"218";"G Pro Lite Dual";"";"2014-09-12 15:28";"marvitah";"I'm having issues w/ playing videos and films on my LG pro lite after updating the OS to Kitkat. Issue happening to whatever video I'm straining to work on my phone and I already tested using different movie/video player app but it is doing the same thing. Please help.";""
"21288";"218";"G Pro Lite Dual";"";"2014-09-11 14:26";"LG User1";"No problem with the kitkat update other than the status bar becomes white..now what's the use of SIM Card Color Theme if the icons are all white? ";""
"21289";"218";"G Pro Lite Dual";"";"2014-09-11 14:23";"k";"update is ok only status bar column bcoms white";""
"21290";"218";"G Pro Lite Dual";"";"2014-09-10 14:37";"Kamlesh.007";"for all people facing issues with kitkat update here is the solution: just do a factory reset after kitkat update and reboot you will see the miracle :) . for further issues and help contact me .";""
"21291";"218";"G Pro Lite Dual";"";"2014-09-10 13:10";"faisal nursidi";"This is very good phone. Kitkat??? Okay but little slowly because kitkat use much RAM but still comfortable!!!";""
"21292";"218";"G Pro Lite Dual";"";"2014-09-09 21:17";"Mohammad";"Yes it is old jellybean rom the first is for middle east region";""
"21293";"218";"G Pro Lite Dual";"";"2014-09-09 14:30";"Anonymous";"Please dont upgrade. Becomes slow and bad performance.. Fed up of this phone in a month.. Will never come back to LG.. Disgrace";""
"21294";"218";"G Pro Lite Dual";"";"2014-09-09 13:35";"Fahd";"It is jellybean right ? not kitkat ??  I need the old original jellybean ";""
"21295";"218";"G Pro Lite Dual";"";"2014-09-09 10:38";"Mohammad";"Download the ROM here:  or here:  based on you location.  Open the ROM using LG Flash Tool 2014:   You may need the drivers download from here:   Flash the Rom: 1-select type:CDMA 2-PhoneMod:DIAG 3-select Kdz file 4-CSE FLASH (or Normal) ";""
"21296";"218";"G Pro Lite Dual";"";"2014-09-09 09:15";"shailesh";"disply blinks frequently after locking phone..can anyone tell me how tovsolve this problem? because it is affecting battery performance...";""
"21297";"218";"G Pro Lite Dual";"";"2014-09-09 09:09";"Anonymous";"display blinks frequently after locking phone...can anyone tell me how to resolve this problem?..beacause it is affecting battery performance...";""
"21298";"218";"G Pro Lite Dual";"";"2014-09-09 06:17";"";"Please Can Anyone Tell Me How To Upgrade My Phone To Kitkat? Please Help?!";""
"21299";"218";"G Pro Lite Dual";"";"2014-09-08 11:01";"";"please help me to downgrade android 4.4.2 anyone can please that would be great thanks ";""
"21300";"218";"G Pro Lite Dual";"";"2014-09-06 20:36";"Khushi ";"What lights problem ";""
"21301";"218";"G Pro Lite Dual";"";"2014-09-06 16:31";"";"Thx so much. You tube freeze problem is solved. ";""
"21302";"218";"G Pro Lite Dual";"";"2014-09-06 15:48";"Mickey";"Thx veeeery much. Problem with freeze you tube solved. Its so simple. Thx again!!!";""
"21303";"218";"G Pro Lite Dual";"";"2014-09-06 06:52";"Anonymous";"I dont have problem with kitkat update on my phone.. loving it :)";""
"21304";"218";"G Pro Lite Dual";"";"2014-09-06 01:49";"Anonymous";"Its a great phone before upgrade to kit kat";""
"21305";"218";"G Pro Lite Dual";"";"2014-09-05 10:51";"";"Dear Developer,  Please fix bugs in kitkat.thanks";""
"21306";"218";"G Pro Lite Dual";"";"2014-09-05 03:01";"JktSpg";"G pro Lite Kitkat 4.4.2 is really troublesome, Youtube audio/video not Synch, Lag/stuttering, AND internet become OFFLINE randomly (Must flight mode ON/OFF to fix all the time, really Annoying). Never had this problem before with jelly bean. Already tried reflashing with LG Mobile Support tools (Official from LG) & Do Factory Default, ALL PROBLEM still persist. Please LG, fix this ASAP  PS : Anyone know how to Downgrade to jelly bean official latest stable ROM before kitkat?";""
"21307";"218";"G Pro Lite Dual";"";"2014-09-04 07:04";"paands";"Hi guyz, Im using lg dual pro, i cant make conference call. It displays unable to conference calls. How to solve this problem?? Im using single sim on sim1 slot.";""
"21308";"218";"G Pro Lite Dual";"";"2014-09-03 19:52";"";"Dear friend after kitkat update restart the device after using the phone  ";""
"21309";"218";"G Pro Lite Dual";"";"2014-09-03 14:52";"Anonymous";"Screens too bright, does the kitkat fix this ?";""
"21310";"218";"G Pro Lite Dual";"";"2014-09-03 08:56";"k";"Meet your network provider.";""
"21311";"218";"G Pro Lite Dual";"";"2014-09-01 17:38";"mit";"Same as happened to you. Lags, the internet connection suddenly off by its self, you tube error, etc.  How I fix all these problems? Just went to LG service centre, asked the technician to downgrade my firmwire into Jelly Bean the finish. Everything is ok right now. :-)";""
"21312";"218";"G Pro Lite Dual";"";"2014-08-30 19:56";"kalepacheh";"For me: Before kitkat battry life was about 2 days. After update to KitKat battery life is less than one day. ";""
"21313";"218";"G Pro Lite Dual";"";"2014-08-30 13:25";"";"Friends don't update to kitkat.... aftr updating my phone is getting hang everytym i need to restart my phne.....nd it bec bit slow ";""
"21314";"218";"G Pro Lite Dual";"";"2014-08-30 06:26";"Reza";"Downgrade is simple by LGflashtool";""
"21315";"218";"G Pro Lite Dual";"";"2014-08-30 02:55";"ahmedmahmoud";"where was made ? korea or china ";""
"21316";"218";"G Pro Lite Dual";"";"2014-08-29 20:32";"menkudale";"How can i convert 2G network into 3G";""
"21317";"218";"G Pro Lite Dual";"";"2014-08-29 19:34";"mrutyunjay";"This mobile is not good for use because hang problem .one one time i face receive problem. ";""
"21318";"218";"G Pro Lite Dual";"";"2014-08-29 14:52";"msaeed";"LG developers,kindly wake up and repair your odious bugs for KitKat 4.4.2 update .. the mobile became very annoying with too slow response .. the battery doesn't work as before and not all features are working. Waiting for your new update to repair these bad issues or tell us how to downgrade to Jellybeans! Appreciate your fast action .";""
"21319";"218";"G Pro Lite Dual";"";"2014-08-29 14:46";"Reza";"Using Easyroot.apk and then SuperSU.apk You can root the device. After root SDfix.apk will fix the SD card restrictions.";""
"21320";"218";"G Pro Lite Dual";"";"2014-08-29 06:36";"princessacey";"great phone!i never complaint since i bought ds phone. it does not lag or hang unlike other touch screen phones. great quality. &#128077;";""
"21321";"218";"G Pro Lite Dual";"";"2014-08-29 02:22";"";"you must enter the apn settings for the data and mms to work ";""
"21322";"218";"G Pro Lite Dual";"";"2014-08-29 01:50";"Manolo";"Maybe you need to reconfigure or add APN Connection, check that";""
"21323";"218";"G Pro Lite Dual";"";"2014-08-28 23:58";"@zz@";"Sorry to say my friend....u will not have lights there. Thats 1 of the drawbacks the owners of lg pro lite dual will have to deal with.";""
"21324";"218";"G Pro Lite Dual";"";"2014-08-28 23:54";"@zz@";"U will have to manually configure settings for your service provider...then your sim internet will work";""
"21325";"218";"G Pro Lite Dual";"";"2014-08-28 08:33";"";"After upgrade to Kitkat, there is no internet from SIM, only WIFI I can use. I have reseted my phone, but still the internet from the sim card is gone. Please help, thank you.";""
"21326";"218";"G Pro Lite Dual";"";"2014-08-28 08:29";"tito";"After upgrade to Kitkat, there is no internet from SIM, only WIFI I can use. I have reseted my phone, but still the internet from the sim card is gone. Please help, thank you.";""
"21327";"218";"G Pro Lite Dual";"";"2014-08-27 08:46";"harish";"Hii...friends... iam buy new phon so lg g pro 686 how it ? Please tell me  I buy or not buy sagges";""
"21328";"218";"G Pro Lite Dual";"";"2014-08-26 20:57";"Syed A";"I am using the phone since 6 months and is awesome, but since kit kat update i am facing many problems.... 1. Battery life now around 70% after update 2. Youtube videos are playing out of sync 3. Whatsapp videos not uploading.  Please if anyone finds remedy for this please inform.";""
"21329";"218";"G Pro Lite Dual";"";"2014-08-26 19:26";"kuttan";"How to use video calling";""
"21330";"218";"G Pro Lite Dual";"";"2014-08-26 06:53";"Anonymous";"how to on the internet in roaming";""
"21331";"218";"G Pro Lite Dual";"";"2014-08-25 17:52";"Salih";"please tell me how to turn off vibrating when I open my pattern lock";""
"21332";"218";"G Pro Lite Dual";"";"2014-08-25 16:06";"Reza";"Don't update to kitkat: Hih lag and hang Battery leak SD card restrictions Black and white status bar ";""
"21333";"218";"G Pro Lite Dual";"";"2014-08-24 05:52";"sri";"Ofter 4.4.2 update phone became slow and lot of bugs but kikat is very cool. I love it.this upsate lacks Some features,battery draining quickly.eagerly waiting for 4.4.3 update. Pls anyone tell me when is next update available.";""
"21334";"218";"G Pro Lite Dual";"";"2014-08-23 02:53";"shaka";"for youtube lagging experience, I just knew it yesterday.. thought it was the provider.  I solved it on my phone after all. Try backup your data to SD card using LG backup. Then reset factory setting and after it's done, restore all your data backup and apps.  Now I'm streaming without no lag.";""
"21335";"218";"G Pro Lite Dual";"";"2014-08-22 19:57";"Mayur ";"Same here, m also facing same problem after upgrade, color is black and white at top   Thanks  Mayur ";""
"21336";"218";"G Pro Lite Dual";"";"2014-08-21 15:56";"lisa";"Good mobile, kitkat is superb.worth mobile";""
"21337";"218";"G Pro Lite Dual";"";"2014-08-20 20:30";"Suganth Matthew ";"Earlier i used nokia e 72 symbian os phone. 3 months back only got this lg g pro lite. My query here about is after inserted my sd card frm nokia e 72 to lg g PRO lite cudnt able to find the sd card related files.  Request ur urgent concurrence ";""
"21338";"218";"G Pro Lite Dual";"";"2014-08-20 14:24";"harsha";"yeah same here man phone is very laggy";""

