"19459";"202";"G2 mini";"";"2015-01-20 08:40";"Homer";"LG G2 mini or LG L90?";""
"19460";"202";"G2 mini";"";"2015-01-19 14:25";"Anonymous";"Sorry, I meant if you can set the ringing tone to ascend - from low volume (or only vibrating) at the beginning, to higher volume";""
"19461";"202";"G2 mini";"";"2015-01-18 14:04";"Anonymous";"Why dont use of skinny jeans";""
"19462";"202";"G2 mini";"";"2015-01-18 13:58";"Anonymous";"Why dont use of skinny jeans";""
"19463";"202";"G2 mini";"";"2015-01-17 03:47";"Anonymous";"check the volume setting it has it ";""
"19464";"202";"G2 mini";"";"2015-01-15 22:53";"dokkill";" LOL...Volume buttons are on the back under the lens! ^ &#728;";""
"19465";"202";"G2 mini";"";"2015-01-15 18:18";"Anonymous";"front cam is good and better than on xperia z2 ";""
"19466";"202";"G2 mini";"";"2015-01-15 10:24";"Anonymous";"Does G2 mini have to option to increase volume of ringtone for incoming call? I can't find it anywhere...";""
"19467";"202";"G2 mini";"";"2015-01-15 01:10";" U&C";"Hows the front cam of this phone?? I'm asking coz I use it to much and I really like this phone, wish you great time for all :)";""
"19468";"202";"G2 mini";"";"2015-01-14 19:15";"Anonymous";"yes, the "8GB" of the G2 mini are actually less then 4GB. means that you have to buy sd to make the phone useful...";""
"19469";"202";"G2 mini";"";"2015-01-13 18:40";"g2";"no, what I meant was the sound it makes when you tap something on the phone like an icon. how do you turn that off?";""
"19470";"202";"G2 mini";"";"2015-01-13 10:36";"diaa ";"you mean sound that read numbers who call you ";""
"19471";"202";"G2 mini";"";"2015-01-12 20:16";"Anonymous";"Is it waterproof?";""
"19472";"202";"G2 mini";"";"2015-01-12 17:12";"g2";"how can I turn off the sound effect when tapping something on the phone? and can this phone move apps to the sd card? thanks!";""
"19473";"202";"G2 mini";"";"2015-01-12 13:53";"";"i have this phone 4-5 months and i have problem with battery,when i finish with playing games,browsing ect. my phone show that i have eg. 80% when i trun off. After 10-15min i turn on phone and show 74%?What the problem?";""
"19474";"202";"G2 mini";"";"2015-01-11 17:56";"Anonymous";"Have been using this phone for 1 month and I have to say it works smoothly. The knockcode isnit always responsive and whilst the resolution isn't as high as other phones, I've not had any problems reading. The phone is big but fits snuggly in my small hands, so i can use it with one hand. Good performance, with a decent battery life. The design is slim and attractive";""
"19475";"202";"G2 mini";"";"2015-01-10 22:22";"Khalil";"This phone is good in the class of midrange, Only the minus in designed, i liked design like an iPhone";""
"19476";"202";"G2 mini";"";"2015-01-10 22:21";"Khalil";"This phone is good in the class of midrange, Only the minus in designed, i liked design like an iPhone";""
"19477";"202";"G2 mini";"";"2015-01-10 17:46";"Chiengot";"Have this phone for almost 2 months now. Minor issues only. Such as knock feature sometimes is unresponsive, but all good. Speed is okay. If you want to make it faster then you adjust the animation options under developer options (google it). It will speed up your phone dramatically. Camera is okay, but I can't say much on the fron cam. Does not really bother me since I don't usually use front cam. Memory is okay. almost all my apps are installed on sd card. I rooted my G2 mini by the way. So overall, quite a good phone. Happy with it. ";""
"19478";"202";"G2 mini";"";"2015-01-10 15:24";"";"Should i go for LG G2 Mini or Meizu Mx3?";""
"19479";"202";"G2 mini";"";"2015-01-10 06:21";"werk";"dont use skinny pants.. or too tight..";""
"19480";"202";"G2 mini";"";"2015-01-09 00:08";"wow";"Can I move games like asphalt 8 to sd card cause in other android phones icant move it";""
"19481";"202";"G2 mini";"";"2015-01-04 22:21";"Spoony";"100% agree,the GPS is terrible and unusable in my option. It takes forever to lock and drops out way to often to use it as a driving guide. This is both true in Australia and South Korea where this phone almost got tossed out the window in both countries it annoyed me lots. Haha ";""
"19482";"202";"G2 mini";"";"2015-01-04 10:03";"";"any below 32gb SD card much better f class 10 ";""
"19483";"202";"G2 mini";"";"2015-01-03 01:38";"Anonymous";"you can't ";""
"19484";"202";"G2 mini";"";"2015-01-02 19:54";"bigmike";"i rec the normal G2 from LG   the lg g2 mini good but the lg g2 is more than good ";""
"19485";"202";"G2 mini";"";"2015-01-01 09:21";"Anonymous";"That is available for user but totally is 8GB remain of 8GB is for system and applications ";""
"19486";"202";"G2 mini";"";"2014-12-31 15:47";"";"Can i use 65gb memory card even though 32gb is only indicated on Specification.. any one try it?..";""
"19487";"202";"G2 mini";"";"2014-12-29 16:34";"Miko";"got my g2 mini (d618) a week ago. it says in the specs that it has an 8gb internal memory, but when i checked the internal storage in setting menu the total space was just 3.87gb. is this normal? ";""
"19488";"202";"G2 mini";"";"2014-12-28 18:50";"dokkill";"Yes, that is normal..The same with my Mini. Every manufacturer states only full memory capacity. So you can get pretty dissaponted. One example : manufacturer states smartphone is 16Gb, but only 10Gb available to user and so on... You can ROOt your phone to delete installed bloatware or get SD card.";""
"19489";"202";"G2 mini";"";"2014-12-28 03:15";"j-e";"got my g2 mini (d618) a week ago. it says in the specs that it has an 8gb internal memory, but when i checked the internal storage in setting menu the total space was just 3.87gb. is this normal?";""
"19490";"202";"G2 mini";"";"2014-12-27 16:29";"akira";"how do you fast forward the videos ?";""
"19491";"202";"G2 mini";"";"2014-12-26 22:23";"";"Can someone tell me please does this phone will be upgradeable to android 5.0? Please i really wanna know! Sorry about my english.";""
"19492";"202";"G2 mini";"";"2014-12-26 12:43";"";"I'm using a SanDisk 32gb class 10 sd card. It works very fine. ";""
"19493";"202";"G2 mini";"";"2014-12-24 14:14";"Thembi";"I have an LG L80 and would love to upgrade to this phone, but I'm not sure if the two phones have similar problems/functions, judging by the comments I think im gna love it";""
"19494";"202";"G2 mini";"";"2014-12-23 07:52";"";"Compatible ba nag Toshiba Memory card sa Mini?";""
"19495";"202";"G2 mini";"";"2014-12-23 03:09";"sEGZ";"which is better memory card for lg g2 mini ";""
"19496";"202";"G2 mini";"";"2014-12-22 19:36";"dokkil";"When smartphone (android OS) is turned off, alarm doesnt work.";""
"19497";"202";"G2 mini";"";"2014-12-22 06:57";"levixx";"That's not a problem. Not all devices are able to do that. Some devices even if they are closed they work while some doesn't. So don't worry your phone is not damaged c:";""
"19498";"202";"G2 mini";"";"2014-12-21 19:21";"Srdjan";"I need help, please... Which phone is better, this or Moto G LTE? Thanks";""
"19499";"202";"G2 mini";"";"2014-12-21 01:02";"endy";"Hi, anyone have same problem with me? The alarm is not working when the device is turned off, Previously i have L7 and the alarm is working when the device is turned off,butt in g2 mini not working";""
"19500";"202";"G2 mini";"";"2014-12-20 17:13";"kim";"sometimes my text message is not sending or sending late, sometimes it takes a minute before it send even if a have signal. anyone have the same problem? my phone is dual sim.";""
"19501";"202";"G2 mini";"";"2014-12-19 04:40";"";"Yes at night I always put it zero brightness and you will notice on white screen that it flickers. ";""
"19502";"202";"G2 mini";"";"2014-12-18 23:08";"Anonymous";"dude its all about in the use that your giving to the phone...";""
"19503";"202";"G2 mini";"";"2014-12-18 01:26";"stajer";"its good, but getting slower....and slower... and slower... i got it in august and in december, its already annoyingly slow.";""
"19504";"202";"G2 mini";"";"2014-12-17 22:22";"";"what call quality? I have pretty good sound and recive  i have it for 1 month ,and its great!";""
"19505";"202";"G2 mini";"";"2014-12-17 18:44";"Anonymous";"Can i ask a question?I want to buy this phone but i heard some issues about call quality.How bad is it?";""
"19506";"202";"G2 mini";"";"2014-12-17 00:57";"Anonymous";"I got my Lg g2 mini last Friday Dec.12,2014.. I really love it... camera is great, good resolution, fast, everything is working well... THUMBS UP!";""
"19507";"202";"G2 mini";"";"2014-12-16 10:25";"";"Hi all, atlast I got one guys, I've picked the 3g dual and it's fine although. It flickers at 0-10% brightness. Not a big deal. U won't regret buying one. All the functionalities of a phone great here I would say. ";""
"19508";"202";"G2 mini";"";"2014-12-16 09:47";"thomas";"i bought a g2 mini after reading reviews and opinions in this site but disappointed by its performance and camera.i had samsung s duos 2 before,its camera was very good and the speed was also good.but the battery was bad.my g2 mini loads photos of facebook after much time.readable things loads faster but photos delayed.network setting is gsm/wcdma auto.signal shows full.wat cud be the problem?can anybody clarify pls?i am not a game lover.i looked for a phone with medium level performance nice camera and very good battery life.i thought this mini vil satisfy me but not.";""
"19509";"202";"G2 mini";"";"2014-12-15 08:48";"borchobg";""Mini" does not mean only SIZE. "Mini" means low processor speed, low screen resolution etc.";""
"19510";"202";"G2 mini";"";"2014-12-14 19:42";"edo___j";"this or LG G Pro Lite?? :)";""
"19511";"202";"G2 mini";"";"2014-12-14 11:13";"";"which is better g2 mini or lumia 925??";""
"19512";"202";"G2 mini";"";"2014-12-14 11:10";"Anonymous";"hey wanted to know which is better G2 mini or lumia 925??";""
"19513";"202";"G2 mini";"";"2014-12-13 09:43";"";"Guys, just gonna ask. What color do you think is better black or white?   @ users: did the quick window case protected you g2 mini well?  I think aero armor protective case is best for heavy drops, but is not available in the philippines. I'm gonna buy online @ galleon.ph they're trustworthy.";""
"19514";"202";"G2 mini";"";"2014-12-13 09:18";"";"Hi guys, after months of research I ended up choosing lg g2 mini d618, gonna buy one next week.  @Screen flickering issue: Don't worry coz a few models has this issue just quality check the phone your buying. I've read a user review that this issue happened on a single sim variant (g2 mini d610).  By the way, I'm from the Philippines I recommend buying in their concept stores. They offer the lowest price so far. ";""
"19515";"202";"G2 mini";"";"2014-12-12 20:29";"";"@Chic0b0y Dual or single SIM, in case your operator doesn't support LTE (4G internet).";""
"19516";"202";"G2 mini";"";"2014-12-12 03:07";"";"Please help me. I'm from the Philippines. I want to buy a LG G2 Mini. What version would I choose? The dual sim or the lte version? Please help me. Thanks.";""
"19517";"202";"G2 mini";"";"2014-12-11 22:45";"Anonymous";"G2 mini or L Bello?";""
"19518";"202";"G2 mini";"";"2014-12-11 17:02";"";"g2 mini update to android 5 ?";""
"19519";"202";"G2 mini";"";"2014-12-11 16:51";"";"my g2 mini dont have gps problem your phone maybe have problem";""
"19520";"202";"G2 mini";"";"2014-12-10 14:04";"";"LG, include G2 mini, has the worst GPS I ever use. Very difficult to fix satellite and lost easily. If you depend on positioning applications then you should reconsider buying LG Phones.";""
"19521";"202";"G2 mini";"";"2014-12-10 14:04";"";"LG,";""
"19522";"202";"G2 mini";"";"2014-12-10 12:44";"";"M2 is better for games belive me";""
"19523";"202";"G2 mini";"";"2014-12-10 02:33";"Anonymous";"The device is not a crap only the user's who don't know anything, just search network and the device will find for you, no need to reboot. ";""
"19524";"202";"G2 mini";"";"2014-12-09 19:26";"";"At home I have lg g2 mini and xperia m2 aqua and now i have tto give one to my brother which is best which do u think its better to use? i play a lotr of games and things like that? please answer";""
"19525";"202";"G2 mini";"";"2014-12-09 12:23";"";"Device is ok, but the dual sim feature is crap... moving from one region to another , device loses signal, only comes back when you reboot it...so i need to reboot this piece of crap at least to times a day, going to work and when i get home.";""
"19526";"202";"G2 mini";"";"2014-12-04 19:59";"maxray";"1.3 mpx is not vga, vga is 0.3 mpx";""
"19527";"202";"G2 mini";"";"2014-12-03 10:49";"dante t";"1.3 mp it is VGA";""
"19528";"202";"G2 mini";"";"2014-12-02 17:58";"ano";"it has nfc";""
"19529";"202";"G2 mini";"";"2014-12-02 12:44";"Anonymous";"Battery Is Bigger. LG Always Best In Battery Department.";""
"19530";"202";"G2 mini";"";"2014-12-02 03:28";"";"Took me 3 hours to charge from 10% to 100%. Is it normal? ";""
"19531";"202";"G2 mini";"";"2014-11-30 12:23";"curious george";"is there no NFC????";""
"19532";"202";"G2 mini";"";"2014-11-29 08:19";"Anonymous";"The camera isn't vga,is 1,3 mp";""
"19533";"202";"G2 mini";"";"2014-11-29 08:18";"Raj Khan";"Let's Compare G2 Mini vs Xperia M2  1. Weight:- G2 Mini 121 gram - Xperia M2 148 gram 2. Display:- G2 Mini IPS (234 PPI) - M2 TFT (229 PPI) 3. Applications:- G2 Mini Applications Can Move To SD  Card - M2 U can't Move Even u have  kitkat Update.  4. Battery :- G2 Mini Have 2440 mAh (Removable) -  Xperia M2 2300 (Non-Removable)  5. Stand By :- G2 Mini 700 hrs - M2 588 hrs  6. Front Camera :- G2 Mini 1.3 MP 720p - M2 VGA 480P  LG G2 Have Removable Battery and Bigger Battery, IPS Display, High PPI, Applications Can Move To SD Card................ NO Restrictions Like M2................. G2 MINI Winner :)";""
"19534";"202";"G2 mini";"";"2014-11-29 05:47";"Anonymous";"yeah. but dont expect to much. like you'll compare it to iPhone6 or Samsung s5. its just an average smartphone w/ a very reasonable price. whenever Lollipop OS is already available you can upgrade the OS of it so you can maximize your mini more";""
"19535";"202";"G2 mini";"";"2014-11-28 16:28";"Anonymous";"Go to xperia m2 dual. I have one and very satisfied with it.  Pros : The design is awesome Very very smooth and no lag whatsoever The screen is good and very wide viewing angle Battery is good Speaker is decent Cons : Front camera is vga";""
"19536";"202";"G2 mini";"";"2014-11-28 00:10";"Leroy";"How can I know what the memory of my phone is? I have LG G2 Mini, btw. Andit is really nice, although right now, the charging time is taking too long. how can I have this fixed, too?";""
"19537";"202";"G2 mini";"";"2014-11-27 16:16";"len";"Really? But the rest is good?";""
"19538";"202";"G2 mini";"";"2014-11-26 17:26";"mentalitee";"Hi dudes, i have huge problem with lg g2 mini, since few days ago.Sometimes my phone just cant unlock for few minutes and then its absolutely perfect, cant get why is he doin this, do u have some solutions ? Ty Sincerely Daniel";""
"19539";"202";"G2 mini";"";"2014-11-26 13:08";"Raj Khan";"Waited Almost 6 months............... Still Not Available In India...............:(";""
"19540";"202";"G2 mini";"";"2014-11-26 09:02";"";"good day! i would like to ask which is better, lg g3 beat or the lg g2 mini? i really need to know because i am planning to buy new phone, i want to know the bad and good side of those phone. thanks a lot! you're answer will be highly appreciated :)";""
"19541";"202";"G2 mini";"";"2014-11-25 03:24";"Eurika";"where did you get your G2 mini? if it is from a telco company w/ a line you can hace it replaced or request for a repair if not you can download laucher from playstore for you to change the background. try to factory reset it.  ";""
"19542";"202";"G2 mini";"";"2014-11-25 03:21";"Eurika";"LG G2 mini is a good phone. multitasking is good, you can go to one app to another. it doesnt lag. and has a good battery life. but i just have a little problem regarding the cam. It cant capture even slow moving objects. it always blur. It always takes time just to capture one picture and have to wait long for it to be saved but aside from that everythings good :)";""
"19543";"202";"G2 mini";"";"2014-11-24 13:32";"Mahper02";"g2 mini it has remote and knock code and it will recieve an update in lollipop update in january and more cheaper!! the s4 only have better camera and bigger screen ";""
"19544";"202";"G2 mini";"";"2014-11-23 13:46";"Anonymous";"I'm torn between lg g2 mini and htc desire 610 which should I buy?";""
"19545";"202";"G2 mini";"";"2014-11-21 17:02";"Anonymous";"What Is Best Samsung Galaxy S4 oOo Lg mini mini G2 ? and Why? Thank you ";""
"19546";"202";"G2 mini";"";"2014-11-21 02:01";"";"Yes, you can move apps and games to the micro sd card.";""
"19547";"202";"G2 mini";"";"2014-11-16 14:09";"Anonymous";"Does it have the move to SD card feature in application manager settings? ";""
"19548";"202";"G2 mini";"";"2014-11-16 14:04";"Roamn";"I have mine for about 6 months now.  It is a really nice phone.  The only problem for me are the keys in the back of the phone.  Really nice idea except that there is no way to turn them off. There are three of them. The Up key for volume up and if you hold it for a few seconds it turns on the notebook, middle key for screen on and off, and a down key for volume down and if you hold it it turns on the camera - this way you can get to the camera much faster when your phone is locked. I carry my phone in my pants front pocket without any phone cover. The phone keeps turning on and taking ridiculous amounts of pictures without me knowing it.  In the result I non stop need to delete hundreds of unnecessary photos and what is worse it keeps killing the battery. The phone has a good battery but with this issue sometimes the phone happens to die in just few hours, but with some hundreds of ridiculous black pictures on the memory card.";""
"19549";"202";"G2 mini";"";"2014-11-15 02:45";"555 tuna";"i choose this vs nexus 4 and galaxy grand prime after i broke my z1s.. the screen is more vivid than i expected on reviews and even brighter than my downed z1s.. features is cool..camera is okay but still adapting to it when it comes to better battery, performance, storage and camera of my z1s :(";""
"19550";"202";"G2 mini";"";"2014-11-14 11:11";"Anonymous";"LG is better brand! G2 is getting Lollipop upgrade in January! Better screen and many custom roms!";""
"19551";"202";"G2 mini";"";"2014-11-13 12:22";"";"which one should i buy? LG G2 mini or Acer liquid e700 . ? ";""
"19552";"202";"G2 mini";"";"2014-11-13 12:19";"Gen";"which one should i buy ? LG G2 mini or Acer liquid e700 ? and why";""
"19553";"202";"G2 mini";"";"2014-11-12 07:03";"ferrero";"I need your kind suggest, which one should I buy : sony xperia m2 dual or LG G2 mini? The price range is same in my country. Need your kind respond, and please be objective. Thank you.";""
"19554";"202";"G2 mini";"";"2014-11-07 22:04";"SOHAIB";"hi. the zenfone 5 is crap. it overheats and has a problem with the device, regarding some message of reading contacts. the g2 mini is much advanced and better";""
"19555";"202";"G2 mini";"";"2014-11-07 21:28";"Anonymous";"Hello, do you think g2 mini will get android 5.0?";""
"19556";"202";"G2 mini";"";"2014-11-06 21:24";"";"This phone is like if iphone 6 and samsung galaxy S3 were smushed together  Props: Desing is amazing a very nice camera pretty fast LG's andriod OS looks like samsungs Battery is amazing!!!  Cons: The Backbotton takes a while to get used to There's no physical bottons   All in one this phone is great Desing : 9.5 Features : 8 Performance : 9";""
"19557";"202";"G2 mini";"";"2014-11-05 21:02";"";"yes,yes you can";""
"19558";"202";"G2 mini";"";"2014-11-05 04:34";"Anonymous";"can it move apps to the sd card?";""
"19559";"202";"G2 mini";"";"2014-11-04 19:22";"";"he is the best phone I ever had he is amazing and very speed";""
"19560";"202";"G2 mini";"";"2014-11-04 17:04";"Anonymous";"Hey my g2 mini has a glitch. It when i sometimes open my task manager its background supposedly is transparent but then mine is the settings . Even though im not opening it . Also in the camera whenever it is changing on the rear and front face camera . And also at the videos when ill look at it portrait mode and the background is the settings. It kinds of annoy me because every time it does that ill restart my phone :(";""
"19561";"202";"G2 mini";"";"2014-11-04 17:01";"Anonymous";"G2 mini";""
"19562";"202";"G2 mini";"";"2014-11-04 09:50";"salmangrees";"which better? this lg g2 mini? or zenfone 5?";""
"19563";"202";"G2 mini";"";"2014-11-03 14:57";"luna V";"Switched from an iphone 4.and this lg phone is amazing, i really don't have any conplains, it's fast and the screen is very bright. I'm in love with this phone :D";""
"19564";"202";"G2 mini";"";"2014-11-03 09:20";"chele";"It is not a bug, it is an feature";""
"19565";"202";"G2 mini";"";"2014-11-02 17:16";"djoka";"So what? Is that really an issue?";""
"19566";"202";"G2 mini";"";"2014-10-31 02:57";"deus";"All android devices is same..internal memory spesification is right..but user not get all the internal memory space..  this issue occur due android system need internal space to it's operating system.. also the android need virtual memory which take internal memory.. So yes..it take around 2-4gb internal memory.. So if u have 4gb internal device u only get 4-2=2gb..u have 8gb internal so u only get 8-4..well if u have 16,,u get 16-4 = 12gb..";""
"19567";"202";"G2 mini";"";"2014-10-30 15:41";"";"hello guys, is LG G2 mini display was very bad? and if you choose between LG G2 mini,Nokia X2 and Asus Zenfone5. Which would it be?is HD Display really that important? i'm not into spesific OS tho. Thanks";""
"19568";"202";"G2 mini";"";"2014-10-29 09:55";"auron";"Sorry about my previous question, i mean do u recommend this or g pro lite? Thanks";""
"19569";"202";"G2 mini";"";"2014-10-29 09:53";"auron";"Do u recommend me this or g2 mini?? I'm still confuse about taking one of them, which is better? Thaanks";""
"19570";"202";"G2 mini";"";"2014-10-28 16:42";"well";"this phone is great Very Good Battery Life  Good in Gaming and good sounds  love this phone, :)";""
"19571";"202";"G2 mini";"";"2014-10-28 08:38";"djabroni";"To all out there asking or knew that the capacity of memory og LG G2 MINI is 8gb or 4gb, well the answer is 4GB.  Yes it is 4GB only. Check it on your computer, connect it via USB cable and you will see. The memory size that was used for the pre-installed apps for the phone was like 300MB.  So I guess that would clear my mind about it or maybe yours too.  But if I'm wrong, only LG can correct for this matter which somehow most of the LG representatives here in the Philippines doesn't have really an idea on what they are selling. ";""
"19572";"202";"G2 mini";"";"2014-10-27 05:07";"jeff";"Hi guyz ... Can u help me to choose which one is much better lg g2 mini or xperia T2 ultra? Give me advice guys. Thank you!!!";""
"19573";"202";"G2 mini";"";"2014-10-27 04:09";"Anonymous";"my opinion:  I've noticed that android devices more or less has only half of the memory that's user available. Example G2 mini that have 8GB but around 4GB is available for the user.";""
"19574";"202";"G2 mini";"";"2014-10-26 19:08";"jeff";"Hi guyz ... Can u help me to choose which one is much better lg g2 mini or xperia T2 ultra? Give me advice guys. Thank you!!!";""
"19575";"202";"G2 mini";"";"2014-10-26 13:03";"Misho";"Why my G2 mini have only 4GB memory?";""
"19576";"202";"G2 mini";"";"2014-10-23 18:04";"subby";"no its not there is a audio code dat is used to turn up d gio ";""
"19577";"202";"G2 mini";"";"2014-10-22 09:55";"Adrian";"Question: When I use any equalizer app, the overall sound volume is lowered. Is this a hardware limitation (a bad sound chip) or software fault? On Samsung Galaxy Gio the eq works as expected.";""
"19578";"202";"G2 mini";"";"2014-10-22 09:52";"Adrian";"I also experience a somehow muffled sound: the low frequencies in the caller's voice are amplified in the earpiece. I hate this, because all of my previous non-smart phones, and Samsung Gio all sounded clear. I tried using an equalizer app, but the effect is not noticeable, except that the volume is way lower.";""
"19579";"202";"G2 mini";"";"2014-10-22 08:39";"abcd";"does it support otg????";""
"19580";"202";"G2 mini";"";"2014-10-21 16:51";"vanquish";"The reviews said that the sound is below average. The notification sound less loud is that true?";""
"19581";"202";"G2 mini";"";"2014-10-21 14:22";"ANON";"can this phone use 64gb microsdxc?";""
"19582";"202";"G2 mini";"";"2014-10-20 16:48";"";"do you think this will get updated to Android Lollipop?";""
"19583";"202";"G2 mini";"";"2014-10-19 23:51";"za";"if u want a all rouder then go for g2 mini..superb performance with no lag and heat...but this i cant recommend for the g3 beat ";""
"19584";"202";"G2 mini";"";"2014-10-19 07:12";"Check";"I'm from Philippines. The phone is awesome. Impressive camera and long lasting battery. The screen though it's not HD, the images and text are clear and vibrant. I love its design it's so compact and sophisticated ( I have the black one).";""
"19585";"202";"G2 mini";"";"2014-10-18 22:04";"Anonymous";"lg g2 or g3 beat ";""
"19586";"202";"G2 mini";"";"2014-10-18 17:58";"Ejaz";"LG G2 mini handset is shinning handset but it is not avaliable in my country (Pakistan) for LG Authority Leave the market discrimination it should be available in my area too.Thanks. ";""
"19587";"202";"G2 mini";"";"2014-10-17 17:19";"Ashu";"hey guys wanna buy new phone under rs. 20000 please suggest me .... thanks";""
"19588";"202";"G2 mini";"";"2014-10-17 17:07";"Anonymous";"are u insane? do u really ever used g2 mini?? or i think ur g2 mini set is a faulty one..i am using it over 2 months and could not find any problem that u said..my earpiece is totally clear and sound is much better. even in some review i saw about screen flickering issue and i never experienced that..my recommendation to u is plz go for a faultless one og g2 mini, i bet u will not say any of these words then";""
"19589";"202";"G2 mini";"";"2014-10-17 08:25";"VassoM";" The sound quality of ear piece during calls is bad, with a constant noise in the back. While listening to radio was bearable. For the price of 160 euros didnt expect more,and you can always buy new handsfree. The mic should be ok, because when i am in a call the other person hears me just fine. There is a problem with the upper speaker in some calls only (for me, at least), ps the voice isn't clear and sounds like mechanic.  The sound is good, clear and loud, when you play something in youtube for example, the sounds come out both the upper and the lower speaker. ";""
"19590";"202";"G2 mini";"";"2014-10-17 08:06";"VassoM";"I bought lg g2 mini 2 weeks ago. I had read reviews about low screen resolution which for me weren't true eventually.my previous phone had lower quality, so I am very satisfied about the screen colours of this one. It is really good. The earplugs have bad sound quality. I am concered about the sound quality during calls of the upper speaker because it is bad only in certain calls, not all. Does anyone have the same problem?";""
"19591";"202";"G2 mini";"";"2014-10-17 03:40";"g2mx";"Left is microphone, right is speaker...that's why your "left speaker" doesent work...";""
"19592";"202";"G2 mini";"";"2014-10-17 03:39";"g2mx";"Left is microphone, right is speaker...that's why your "left speaker" doesent work...";""
"19593";"202";"G2 mini";"";"2014-10-16 15:09";"Anonymous";"does it have an option to move apps to the sd card in the settings?";""
"19594";"202";"G2 mini";"";"2014-10-15 10:06";"sam";"Hi guys, i need your help. The number zero on my keyboard doesn't work. What should i do? Thanks! ";""
"19595";"202";"G2 mini";"";"2014-10-14 06:32";"";"not true at all. as stated the screen resolution is not as clear as hd but its not pixelated, colors are real screen is clear and crisp and wide viewing angle, thanks to ips panel. you won't see much difference between this and an hd resolution phone. i've been using this phone for almost 6mos now and i'm very satisfied and worth the money.  expect some sort of stripped down version since this phone is classified as mid range level. but as i said, you won't regret to have one, not hd resolution but battery life is way better in almost everyone, plus the rear key is comfortable and in style.";""
"19596";"202";"G2 mini";"";"2014-10-13 10:18";"";"I have a problem from day 1 with my lg g2 mini.   I cannot change the screen brightness manually using the dropdown Notification center.  I set it to any percentage but it remains very bright (100%).  I tried using apps that change the brightness, still nothing. Can anyone help? Thanks!";""
"19597";"202";"G2 mini";"";"2014-10-12 19:26";"zahir";"native video call is not possible";""
"19598";"202";"G2 mini";"";"2014-10-11 14:01";"xantero";"ive heard a lot of people complain about its low resolution and its poor display quality... are these all true?? i mean how does it really affect the phone? ";""
"19599";"202";"G2 mini";"";"2014-10-11 13:44";"ronasanz";"G2 mini awesome battery life";""
"19600";"202";"G2 mini";"";"2014-10-10 18:22";"EnquiryG2mini";"hi guys, just wanted to ask about the calling quality both ear piece and other side. Is the speaker/mic ok? read some reviews complaining about the muffled low quality calling experience. Wat u guys think? Your feedback are much appreciated :) Cheers!";""
"19601";"202";"G2 mini";"";"2014-10-10 00:56";"";"hi anybody knows how to make video call using 3G network, I mean native video call.";""
"19602";"202";"G2 mini";"";"2014-10-08 08:23";"zahir";"which case or cover are u using for ur g2 mini??";""
"19603";"202";"G2 mini";"";"2014-10-06 15:04";"zahir";"as far as i am concerned it is not possible so i use swiftkey keyboard";""
"19604";"202";"G2 mini";"";"2014-10-06 11:27";"";"@YANE  Look at pic 11 from the G2 mini test here on gsmarena. The pic which shows the lower part of the phone, where you can see the USB port and the two grills. The right one is the speaker (as you don't have the speaker on the back of the phone like in the case of LG L90) and the behind the left grill, you can see the mic, as it is a darker/black small spot/point, and the rest of the background of the left grill is not so dark as the right one.";""
"19605";"202";"G2 mini";"";"2014-10-06 06:20";"Kensan";"You have to download SwiftKey from Play Store. It works great. ";""
"19606";"202";"G2 mini";"";"2014-10-06 01:19";"Check";"How to enable the swipe functionality of the keyboard for this one?";""
"19607";"202";"G2 mini";"";"2014-10-05 11:25";"Anonymous";"s4 mini or g2 mini? pls answer why";""
"19608";"202";"G2 mini";"";"2014-10-05 02:26";"Mr. Fox";"Is there someone know's the cost of the battery for LG G2 mini?";""
"19609";"202";"G2 mini";"";"2014-10-04 20:05";"Kensan";"Hold down the power button and then choose "normal boot" option. ";""
"19610";"202";"G2 mini";"";"2014-10-04 11:10";"dha";"Hi..i also have the phone..btw i think the left one speaker is the microphone for call..the right one is the speaker..";""
"19611";"202";"G2 mini";"";"2014-10-04 05:26";"despicable me";"phone only has one speaker. the supposed to be speaker is just aesthetic. but it is the mic";""
"19612";"202";"G2 mini";"";"2014-10-04 01:47";"YANE";"hi.i have this phone but i think that somethings wrong.the phone is great and i love it but if im listening music or watch video and my phone rings only my right speaker is working i dont know why my left isnt working.because i know this phone have 2 speakers.pls reply";""
"19613";"202";"G2 mini";"";"2014-10-03 13:01";"";"i have entered to the menu test on lg g2 mini and my phone doesn't working... it stopped on testing gps and is a counter who reached 756 seconds and counting... i take off the battery and restarted but i can't exit from the test menu...what can i do?";""
"19614";"202";"G2 mini";"";"2014-10-03 00:48";"Hernan";"Battery from Lg G2 mini is very very good";""
"19615";"202";"G2 mini";"";"2014-10-02 18:49";"raj";"this is very nice phone my bro,using nokia 720 but quality picture down from this one,i'm in Qatar last month i keep it in my hand it is very good in my hand i like this phone very much, it is also not bulky,i feel good to have keeping in my hands because it is not like you then fight last month i'm thinking about buying it where its price comes in 10k range in qatar";""
"19616";"202";"G2 mini";"";"2014-10-02 18:43";"rajivzzz";"only and only this one LG G2 mini > LG G2 (cam quality) LG G2 mini is good, Moto g bad in night pictures ,thickness wise bulky";""
"19617";"202";"G2 mini";"";"2014-10-02 14:17";"Anonymous";"Despite the small battery size of the Moto G, it still runs for about a day or so before needing a charge because the battery consumption on this phone is little compared to other phones.";""
"19618";"202";"G2 mini";"";"2014-10-02 07:52";"LG G2 mini user";"I've use this phone for a month now, it is a great smartphone i had ever have. It has a fast processor, 1.2ghz Quadcore and Snapdragon 400 :) , great battery life, great camera, for its price and i dont care of the resolution if it is low or high. The important is it produce the color smoothly on the phone ";""
"19619";"202";"G2 mini";"";"2014-10-02 01:57";"";"Hi. Thanks for a very complete review if the phone! Are you still unhappy with the phone? Cause I was thinking about buying it! Actually I'm between this one(but the dual version) and the G3 Beat. I gave up on the Moto G because of the battery! ";""
"19620";"202";"G2 mini";"";"2014-10-01 12:54";"";"The SAR is:  Head: 0.46 W/kg Body: 0.35 W/kg ";""
"19621";"202";"G2 mini";"";"2014-09-30 06:21";"carmz";"Hi im using lg g2 mini for 1month..i cant register any promos through txt.always retry!.,the only way to register is to call *143# or *121#..how can i register to 30mb free mobile browsing..anyone can help?";""
"19622";"202";"G2 mini";"";"2014-09-29 22:07";"";"What's the SAR for this phone?";""
"19623";"202";"G2 mini";"";"2014-09-29 21:00";"zahir";"still no official confirmation from LG about that but we can wish as G2 gonna have it";""
"19624";"202";"G2 mini";"";"2014-09-29 16:13";"kumar";" I plan to buy this mobile.plz tell me abt only the bad things.";""
"19625";"202";"G2 mini";"";"2014-09-29 01:36";"jay";"my lg optimus black is not working// the apps just stops and i am recieving an error to force close it// i have tried to do a master reset and it's not evn resetting// what could be my last option?";""
"19626";"202";"G2 mini";"";"2014-09-28 14:32";"Anonymous";"pls reply if you are know   will android l and g3 ux come lg g2 mini?";""
"19627";"202";"G2 mini";"";"2014-09-28 12:50";"";"Better buy l90 at lower price with almost all specs similar";""
"19628";"202";"G2 mini";"";"2014-09-27 18:15";"irene";"Does anyone know about Evercoss Elevate Y2? What should I choose? LG G2 mini or Evercoss Elevate Y2? ";""
"19629";"202";"G2 mini";"";"2014-09-27 18:07";"Letmeknow";"Will G3 ux come this phone";""
"19630";"202";"G2 mini";"";"2014-09-26 17:10";"";"I couldn't decide between this and the new Moto G, which is another very good phone. But after comparing deeply both of them, I'll go for this one! The G's battery was bothering me so much, that's an important factor for me. Also, it's non removable, which could be solved. On the other hand, the LG's battery is great and also removable. So it won!  Another important factor for me is that the G2 mini can film at 1080p, while the G only at 720p. And as I'll use it at night and film bands, the G2 Mini won again.  Ok, the G2 is not 720p resolution, the G won at that. But that's not massively important me as it's gonna be my secondary phone(the S4 is my primary the moment), and will substitute the Grand duos(I need a dual phone, you know), so the G2 Mini will fit the bill beautifully. ";""
"19631";"202";"G2 mini";"";"2014-09-26 06:37";"dave";"the screen resolution is just a number. once the resolution hits the 190ppi, it wont matter anymore. specially for screen sizes of smartphone. what can matter is the viewing angle and the color and brightness rendering. lg makes good large screen tv's. so they most probably know their business.";""
"19632";"202";"G2 mini";"";"2014-09-26 00:02";"chloe";"i got this phone 2 days ago, I'm very happy with it except for the camera. really sucks in my opinion. but as to other functions, it lives to my standard. fast, and handy.. battery life can't complain anymore coz smartfones really drains fast. ";""
"19633";"202";"G2 mini";"";"2014-09-25 04:41";"Anonymous";"no, g2 mini has better battery life";""
"19634";"202";"G2 mini";"";"2014-09-24 14:11";"Tfllexg";"But the g2 mini has worse screen resolution right?";""
"19635";"202";"G2 mini";"";"2014-09-24 13:50";"";"I have exactly the same question now. I wish the Moto G had a better battery life.";""
"19636";"202";"G2 mini";"";"2014-09-24 09:31";"Dr.Mohsinkhan";"I haven't seen LG g2 yet. But I have moto g2 (2nd gen) from last two weeks... Ii surely recommend u to buy it. just go in specs in gsmarena and u will find which is better display quality.. surelmoto g is clear winner.. I played havy games up to 2 gb for continues 4-5 hours for testing it. And there was lo lags. A smoother performance. Just loved it. Call clarity, cam clarity are awesome. And I m speechless for sound. Marvelous front speakers... The only problem is non removal 2070mah battery. But it is enough for me. it lasts for a day when 3-4 surfing, 1.5-2 hour gaming, 2-3 hour music, taking Some pics, 40 minutes calling, texting for around 30 minutes. It's enough for me.  In my point of view u must have to go with moto g. But I can't tell u more because I haven't tested LG g2 mini yet";""
"19637";"202";"G2 mini";"";"2014-09-24 07:27";"dave";"moto g have stock android in it. which means just like any other generic phone that has stock android, very small effort has been put in its OS. most chinees phone are like that, with just the transferring of apps to sd as the main tweak to the android system. LG G2 and the same league like sony or samasung has somehow added something to the stock android os. significant thought has been put in the OS to be identified as unique to the brand. i am using lg g2 mini now and it is smoother compared to the other phone i had before (samsung ang sony). LG did a good job adapting the OS to the G2 hardware. i want the brand to at least think about somthing before i spend my money on the product. :-)";""
"19638";"202";"G2 mini";"";"2014-09-23 18:54";"Tfllexg";"This phone or the moto g 2 and also why? I mean moto g 2 has a 5 inch screen, 8mp camera and 2mp front camera. Wich one should i get plzz?";""

