"18716";"188";"G3 (CDMA)";"";"2015-01-15 19:34";"Lg user";"No software update on 5.0 wastage of my money :( this is worst. too many Bolt apps which consume battery for nothing";""
"18717";"188";"G3 (CDMA)";"";"2015-01-01 09:01";"LG User";"Can you use a sim card on a unlocked cdma lg g3 phone?";""
"18718";"188";"G3 (CDMA)";"";"2014-12-29 15:28";"gabrial";"Why their is no lollipop update for this model? :( ";""
"18719";"188";"G3 (CDMA)";"";"2014-12-12 16:42";"misaeri";"how can i get the phone ";""
"18720";"188";"G3 (CDMA)";"";"2014-10-18 15:04";"";"";""
"18721";"188";"G3 (CDMA)";"";"2014-10-02 23:58";"Eissa";"Hi :) Anybody knows if this CDMA vision can be unlocked !  Thnx";""

