"18346";"178";"G3 A";"";"2015-01-13 10:56";"jay";"Lg G2 better(smaller, bigger battery, cheaper) except camera and micro sd slot that G3 A has.";""
"18347";"178";"G3 A";"";"2014-12-19 19:34";"mart777";"Waiting it to european market. Better than G2 and G3 (Stylish body, micro sd slot, better camera). LG G3 QHD display contrast and max brightness ratings are not so good.";""
"18348";"178";"G3 A";"";"2014-12-10 12:21";"real";"this could be outperformed by G2.. nothing new for me...";""
"18349";"178";"G3 A";"";"2014-09-30 11:57";"Anonymous";"Try your chance on ebay but you may get issues with LTE/4G in the Netherlands. This is very similar to G2, a bit faster chip and SD option.";""
"18350";"178";"G3 A";"";"2014-09-28 12:42";"";"Does anyone know a site where i can import this phone to the Netherlands? ";""
"18351";"178";"G3 A";"";"2014-09-23 14:08";"";"Actually most really high end sports cars are made of carbon, therefore your argument of metal=best is invalid.";""
"18352";"178";"G3 A";"";"2014-09-22 10:24";"";"Wow, this is the g3 i wanted to see. To bad it doesn't come with the 3000mah battery of the g2 though. Other than that a micro sd up to 128gb is very welcome!  LG please release this phone worldwide, loving your new generation of phone's but need more variance than just G3 and G3s in europe!";""
"18353";"178";"G3 A";"";"2014-09-16 04:25";"Veteater";"G2 in G3 body. Simple.";""
"18354";"178";"G3 A";"";"2014-09-16 04:24";"Robot286";"G2 in G3 body. Simple.";""
"18355";"178";"G3 A";"";"2014-09-13 04:36";"MarcusMY";"Finally found its network specs.  ";""
"18356";"178";"G3 A";"";"2014-09-13 00:26";"gg";"I want this in the USA, this is the perfect device. The unnecessary resolution and screen size of the original g3 is just a huge waste. ";""
"18357";"178";"G3 A";"";"2014-08-25 22:50";"WANT";"Would really prefer this one to the original G3. I don't see the necessity of such a huge screen as G3 and the resolution. G3 A kinda sounds perfect though. I do hope they release it in Europe (in GOLD) as I would pick it up with no hesitations!";""
"18358";"178";"G3 A";"";"2014-08-20 04:02";".";"in korea, it's just for sktelecom... And it is almost same as lg g2";""
"18359";"178";"G3 A";"";"2014-08-19 22:07";"immi";"better if it  were water resistant";""
"18360";"178";"G3 A";"";"2014-08-14 07:11";"";"perfect phone if dual sim is added...?";""
"18361";"178";"G3 A";"";"2014-08-13 20:35";"";"OK, but things are not only about Web browsing.";""
"18362";"178";"G3 A";"";"2014-08-13 15:57";"Anonymous";"in real life i used and tested the two s5 and g3.in battery  g3 managed 6;02hours browsing while s5 managed 5;52hours ";""
"18363";"178";"G3 A";"";"2014-08-12 03:23";"";"no otg? wth?";""
"18364";"178";"G3 A";"";"2014-08-12 03:22";"";"To be discovered, not yet announced with full specs...";""
"18365";"178";"G3 A";"";"2014-08-11 20:17";"";"The G3 does not have a better battery life than the S5, according to GSMArena.";""
"18366";"178";"G3 A";"";"2014-08-11 19:29";"";"The G3 does not have a better battery life than the S5, according to GSMArena.";""
"18367";"178";"G3 A";"";"2014-08-11 12:03";"Radio";"Have FM Radio or Not ?";""
"18368";"178";"G3 A";"";"2014-08-10 13:05";"hairoul";"I like this phone with the compact size and large screen. I hope the camera features are same as the LG G Pro 2 have a 4k video recording and slow motion video. The Camera is very important to me.";""
"18369";"178";"G3 A";"";"2014-08-09 21:43";"Netko";"Batteries themselves have nothing to do with optimization, software does. 1 milliampere-hour is always 1 milliampere-hour, if you don't know what mAh is even used for, please do a little research.";""
"18370";"178";"G3 A";"";"2014-08-09 19:58";"Anonymous";"LG chemical is one of the best in doing their battery optimization...  2610mAh for 1080p 5.2" for this year 2014 is better than 3000mAh for 5.2"screnn of G2 2013. ";""
"18371";"178";"G3 A";"";"2014-08-09 16:06";"a";"You can agree or not, but if we talk about high price, aliuminium body is much better than the best camera and the best screen. Why rolex have higher price, because of better materials. Imagine the best lg tv in a worst flat, will you enjoy your film? Will you enjoy driving a car with the best engine but body is from plastic? I hope not. For better connection aliuminium can be combined with glass near camera. I have lg phone and plastic show only one thing, it is not finished product. The special product begins nut after one week useg but with the first touch, feeling of the quaity. If lg have a goal to make the best product, plastic material it is not right way. ";""
"18372";"178";"G3 A";"";"2014-08-08 20:22";"Netko";"Since G2 has 3000 mAh and great battery life (and my Note 3 a little bit better), this doesn't seem that great...";""
"18373";"178";"G3 A";"";"2014-08-08 19:35";"Netko";"G3A has just been announced, how could anyone already test its battery life?! If you haven't mixed something up, please provide a link to that test.";""
"18374";"178";"G3 A";"";"2014-08-08 18:28";"Anonymous";"different countries for different models   also they have different specs and price.  ";""
"18375";"178";"G3 A";"";"2014-08-08 16:55";"Anonymous";"g3 A has better battery life than g2  i saw the testing results";""
"18376";"178";"G3 A";"";"2014-08-08 11:28";"Rick";"I believe there is a mistake. The correct battery is 2610mAh.";""
"18377";"178";"G3 A";"";"2014-08-08 00:43";"b";"its simply G2, with worse battery, a little bigger, no IRDA and changed LTE. no more differences ive noticed.   isnt cheaper simply produce and sell a good device LG G2? ";""
"18378";"178";"G3 A";"";"2014-08-07 21:24";"?";"How many g3,s do they need?";""
"18379";"178";"G3 A";"";"2014-08-07 20:48";"ejaz";"low battry rabbish just people making pool like samsung what is this?? ";""
"18380";"178";"G3 A";"";"2014-08-07 20:40";"ejaz";"low capicity battry rabbish. ";""
"18381";"178";"G3 A";"";"2014-08-07 19:56";"Anonymous";"2610 is morethan enough have you seen lg g2 korea?  g3 a has better battery life than samsung galaxy s5   ";""
"18382";"178";"G3 A";"";"2014-08-07 19:54";"Anonymous";"2610mAh Removable like G2 Korean version.  this phone is PERFECT TO ME!  I WILL BUY THIS SOON....  ";""
"18383";"178";"G3 A";"";"2014-08-07 18:57";"Netko";"It's actually 2610 mAh, but still not much for a 5.2" 1080p device.";""
"18384";"178";"G3 A";"";"2014-08-07 18:54";"Modo ER";"Its specs are as same as the LG G2 with some improvements like laser focus. ";""
"18385";"178";"G3 A";"";"2014-08-07 18:23";"";"thought the battery is 2610 like the g2 korea variet";""
"18386";"178";"G3 A";"";"2014-08-07 17:45";"Anonymous";"what the... the G2 is much better.";""
"18387";"178";"G3 A";"";"2014-08-07 15:59";"KMR";"Without dual sim and 2500mah battery it stands nowhere";""
"18388";"178";"G3 A";"";"2014-08-07 15:57";"Anonymous";"its a mistake, its suppose to be 2,610 mah";""
"18389";"178";"G3 A";"";"2014-08-07 15:28";"Nandini_John";"The battery is a 2000mAh one. So good standby guaranteed ";""
"18390";"178";"G3 A";"";"2014-08-07 14:53";"ilex";"battery size it 2610mah! Fix it";""
"18391";"178";"G3 A";"";"2014-08-07 14:48";"gigi3";"nice specs, but Battery @@@@@";""
"18392";"178";"G3 A";"";"2014-08-07 13:48";"Ali";"the g3 lte_a is way better.. you need to give it all at once. one good device.";""
"18393";"178";"G3 A";"";"2014-08-07 13:40";"Anonymous";"+1  Wondered why so low scores here - until I saw the battery capacity. Even smaller than on Nexus 5.";""
"18394";"178";"G3 A";"";"2014-08-07 12:16";"Navid";"Is it going to be available globally?";""
"18395";"178";"G3 A";"";"2014-08-07 11:51";"TC";"Same specifications like LG G2";""
"18396";"178";"G3 A";"";"2014-08-07 10:04";"";"2160 mAh battery??? Are they kidding?";""
"18397";"178";"G3 A";"";"2014-08-07 09:49";"Khawaga";"Very weak battery";""

