"6031";"62";"Galaxy Tab 4 10.1";"";"2015-01-16 14:19";"Mal";"I think most peoples concerns are pretty valid. One would expect the Tab 4 to something impressive but the price should give it away. I admit I glossed over the specs, so my fault. But I am happy with it. It's smooth and the weight is good. My problem is the GPS. - Where the hell is it? How do ya turn it on. Im amazed that no one has mentioned it. What am I missing?";""
"6032";"62";"Galaxy Tab 4 10.1";"";"2015-01-16 14:09";"Mal";"No. There is no mobile functionality. So no sim card slot.";""
"6033";"62";"Galaxy Tab 4 10.1";"";"2015-01-11 00:34";"gav";"Owner. Runs gta vice city (ps3 controller) very well.  Low dpi not noticeable during usage. Good mid range tablets, no need to spend more. I would recommend this tablet ";""
"6034";"62";"Galaxy Tab 4 10.1";"";"2015-01-02 13:32";"Beast";"Personally I think its a good device but I think the issue of the device not having any cellular networks it's a big problem for me.";""
"6035";"62";"Galaxy Tab 4 10.1";"";"2014-12-29 14:06";"Anonymous";"Nice screen with bright colours, the ppi may be low but hardly noticeable on large screen, very happy with the purchase. I can even use this without my glasses.";""
"6036";"62";"Galaxy Tab 4 10.1";"";"2014-12-29 02:50";"Anonymous";"I have watched reviews and it I is supposed to have a built in TV remote but mine doesn't  ";""
"6037";"62";"Galaxy Tab 4 10.1";"";"2014-12-22 02:59";"Hi";"Guys, stop making fun about this tablet, I ACTUALLY HAVE THE DEVICE. even if it doesn't have light sensors or anything else, it rarely lags and is a great battery if u like browsing, watching, google plus, and others. It's fast and looks and acts like a high end tablet even though it's not. And at this price, this is actually the best tablet u can buy instead of a $500 tablet, u can get a $250 to $350 tablet with decent specs!";""
"6038";"62";"Galaxy Tab 4 10.1";"";"2014-12-17 12:44";"ivanm";"tab 3 is faster in benchmarks then tab 4";""
"6039";"62";"Galaxy Tab 4 10.1";"";"2014-12-13 09:06";"ivanm";"it is not first.. tab pro and tab s which are more expensive also have no gorilla glass..";""
"6040";"62";"Galaxy Tab 4 10.1";"";"2014-12-13 09:04";"ivanm";"yaeh have no gorilla glass, background light and light sensor, but better chipset and more ram.. it is cheaper than tab 3 10 wifi about 20%.. so it is..";""
"6041";"62";"Galaxy Tab 4 10.1";"";"2014-12-06 13:25";"kkaykal1";"Is my Samsung Galaxy Tab4 10.1 SM-T53000 capable of getting mobile data? I cannot find the sim card slot. Or based on some YouTube videos it is one slot?";""
"6042";"62";"Galaxy Tab 4 10.1";"";"2014-11-27 17:46";"Tsarli";"Specs mention vibration function. Can't seem to find it on mine, can anyone confirm it does have vibra?";""
"6043";"62";"Galaxy Tab 4 10.1";"";"2014-11-23 13:26";"Maj123";"Without light sensor, without scratch resistant glass, without illuminated keys. Previous galaxy tabs were much better.";""
"6044";"62";"Galaxy Tab 4 10.1";"";"2014-11-23 13:21";"";"Front keys backlight does not exist, glass is not scratch resistant, no light sensor.";""
"6045";"62";"Galaxy Tab 4 10.1";"";"2014-11-23 13:10";"";"What a dissapointment. My 2 and half years old Galaxy tab 2 was much better. Tab 4 is without light sensor, without scratch resistant glass, back and menu keys do not light up, battery on tab 2 is also better. Total waste of money. And guess what, it is a new model. Unbelievable!!!!!";""
"6046";"62";"Galaxy Tab 4 10.1";"";"2014-11-22 23:28";"Andrej";"Do not buy this tablet. This is the first galaxy tab without scratchproof glass. Shame on you Samsung.";""
"6047";"62";"Galaxy Tab 4 10.1";"";"2014-11-14 11:27";"yo man";"go to the play store, get a smart TV app (ASmart Remote IR is recommended ). In your case for controlling the tv, just simply go to add a new device, then click on the tv, choose your brand and then you can control it from your tablet";""
"6048";"62";"Galaxy Tab 4 10.1";"";"2014-10-24 07:45";"Anonymous";"Morning I want to know how to use the video camera of my Samsung galaxy tab4";""
"6049";"62";"Galaxy Tab 4 10.1";"";"2014-10-19 14:47";"";"can you please your hands on experience with tab ???? ";""
"6050";"62";"Galaxy Tab 4 10.1";"";"2014-10-17 18:54";"komp";"Is it possible to connect this tablet to TV, and if is answer yes, how?";""
"6051";"62";"Galaxy Tab 4 10.1";"";"2014-10-01 10:04";"lalapk";"no, its not normal, though it takes time to charge butbattery lasts longer than u mentioned. i had the same problem when my kids install a game but after uninstalling and factory reset or restore that problem gone. i suggest to do fact reset and fully charge upto 100%, ihope this will work. Good luck";""
"6052";"62";"Galaxy Tab 4 10.1";"";"2014-09-28 16:28";"bonnie";"Hey I just bought this tab the full charge only last me 2.5 hours and it takes 6 hours to full charge is the normal  ";""
"6053";"62";"Galaxy Tab 4 10.1";"";"2014-09-27 03:43";"";"You can sideboard the Adobe flash player apk and use a browser like dolphin ";""
"6054";"62";"Galaxy Tab 4 10.1";"";"2014-09-20 12:24";"bluebird";"I purchased this tab 4 two weeks ago but not really impressed already have problems with the screen and flash player is not compatible with it. The purpose of me choosing to buy it was to be able to browse Internet, download apps and watch rte player tv shows and I can't! The only positive thing is the battery life is good but that's probably cos I don't use it often!";""
"6055";"62";"Galaxy Tab 4 10.1";"";"2014-09-04 13:52";"lala";"awesome best available tab at this price in the market, highly recommended i hv been using for a month no problem or issues at all. Previously i used window tablet much faster and reliable. Go for it take my words you will be glad.";""
"6056";"62";"Galaxy Tab 4 10.1";"";"2014-08-29 17:29";"";"How can this tablet do wifi hotspot when its a WIFI ONLY tablet? No device (to my knowledge) can send and receive wifi at the same time.";""
"6057";"62";"Galaxy Tab 4 10.1";"";"2014-08-22 23:21";"srgitb";"This is definitely an awesome device for it's price. Got it a week now, i'm very satisfied. Highly recommended for everyday use (mail, web, movies, social networking, games and notes). In case you need better performance, just get a laptop, although i wouldn't recommend a laptop with a price that low.  Cheers";""
"6058";"62";"Galaxy Tab 4 10.1";"";"2014-08-06 00:03";"Hass";"Had this now for a week, replacing a xoom2. It's pretty good for base model, not a 2k res. but really good. It does what U ask it to.  No complaints, no lagging so far. If U want to read, listen, watch, and b on online, gr8. Especially for this price.";""
"6059";"62";"Galaxy Tab 4 10.1";"";"2014-07-16 23:42";"";"Which is much expensive";""
"6060";"62";"Galaxy Tab 4 10.1";"";"2014-07-16 23:41";"";"I dont understand u all.I think that nobody of you will use only tablet.I think that everyone uses a smartphone too with much better camera.For me this camera is good and i think other specs are good.";""
"6061";"62";"Galaxy Tab 4 10.1";"";"2014-07-16 15:23";"";"I beg to differ. It has no camera flash and only a 3MP main camera. The screen resolution is shockingly low (lower than iPad) at 149ppi. Apart from upping the processor to quad core and adding abit more RAM, its in essence, exactly the same as Tab 3 (which also now has KitKat 4.4.x). Complete waste of money, if you ask me. You'd be alot better off getting a Nexus 10.";""
"6062";"62";"Galaxy Tab 4 10.1";"";"2014-06-19 13:07";"Chris";"I already acquired this tablet and I am very happy about it, all pros, no contra stuff.";""
"6063";"62";"Galaxy Tab 4 10.1";"";"2014-06-19 12:08";"Chris";"I already acquired this tablet and I am very happy about it, all pros, no contra stuff.";""
"6064";"62";"Galaxy Tab 4 10.1";"";"2014-06-12 10:15";"toteras";"IPS panel s a an LG patent ";""
"6065";"62";"Galaxy Tab 4 10.1";"";"2014-05-24 06:17";"mj";"What is the date of release of tab 4 here in philippines?";""
"6066";"62";"Galaxy Tab 4 10.1";"";"2014-05-23 19:10";"Anonymous";"Why Samsung is not using IPS screens?";""
"6067";"62";"Galaxy Tab 4 10.1";"";"2014-05-17 10:36";"";"The resolution is painfully low for something that is going to be mostly showing text to students. Other than that it looks good. ";""
"6068";"62";"Galaxy Tab 4 10.1";"";"2014-05-08 21:38";"";"Not a real upgrade but still...this is not bad at all....infact it has only 2 big changes here over the previous mile up.   1- It has quad core processor while all the previous tab series tablets have dual core.  2- Samsung has increase its Ram, it has 1.5 gig of Ram over the only 1 gig Ram of tab 3. 10 incher.  But ...if samsung put there 5mp or 8mp rear + 2 mp front camera, at least 2 gb Ram & snapdragon or intel atom chipset, & some sensors like compass, gyro, etc... So I think it will be the best tablet in this range. ";""

