"7696";"80";"Galaxy Grand Neo";"";"2015-01-20 20:19";"Anonymous";"super";""
"7697";"80";"Galaxy Grand Neo";"";"2015-01-19 12:54";"";"Im in a plan to buy this phone, can this phone be updated to Android L ???";""
"7698";"80";"Galaxy Grand Neo";"";"2015-01-18 16:01";"Rama";"Ti is very good phone.";""
"7699";"80";"Galaxy Grand Neo";"";"2015-01-18 10:51";"mahi";"it is good mobile in galaxy grand range ";""
"7700";"80";"Galaxy Grand Neo";"";"2015-01-17 07:01";"sakthi";"how to upgrade 4.2.2to4.2.3or4.4 ";""
"7701";"80";"Galaxy Grand Neo";"";"2015-01-16 02:20";"knor ";"its the worst camera ever ";""
"7702";"80";"Galaxy Grand Neo";"";"2015-01-15 16:21";"Anonymous";"I bought neo phone 6 monts back i did not get any problem with neo.its a good phone.and good camera.problem is charging";""
"7703";"80";"Galaxy Grand Neo";"";"2015-01-15 12:30";"irshad";"friends galaxy grand neo is best mobile.I am feeling worry after selling it. No one mobile looks like 9060 grand neo. i was saled it for emergency, now i will buy it again....its a superb phone with big screen,best battry timing, and has good colors that never harm eyesight, i preffer it on s3 and all others ";""
"7704";"80";"Galaxy Grand Neo";"";"2015-01-15 06:07";"Arpu";"Nice product.";""
"7705";"80";"Galaxy Grand Neo";"";"2015-01-14 19:12";"khan boy";"this is very best phone in this price.... camera is too awesome... and better thing it is the phone of grand series.... too much phone";""
"7706";"80";"Galaxy Grand Neo";"";"2015-01-13 16:18";"Anonymous";"it has fm radio";""
"7707";"80";"Galaxy Grand Neo";"";"2015-01-13 09:33";"ramsaran das";"Good for me";""
"7708";"80";"Galaxy Grand Neo";"";"2015-01-12 18:31";"pardhu";"phone is too good for my self";""
"7709";"80";"Galaxy Grand Neo";"";"2015-01-12 11:20";"Robert";"This mobile is offen hanging while using internet and dead slow while handling other apps.  This mobile is wast & Money wast & time wast and totaly wast. Pls do't buy it.";""
"7710";"80";"Galaxy Grand Neo";"";"2015-01-12 07:13";"Caz";"Does this phone have the led light indicator to show if you have a message or missed call and if so how do I activate it. Caz";""
"7711";"80";"Galaxy Grand Neo";"";"2015-01-12 05:20";"mayank";"I am using this phone... phone is awesome but having problem with sound.. when im running music player, or mx player. Theres no sound coming but when im opening ringtones the speaker works well... whats the problem plz tell";""
"7712";"80";"Galaxy Grand Neo";"";"2015-01-11 14:33";"Anonymous";"Network fluctuations occured";""
"7713";"80";"Galaxy Grand Neo";"";"2015-01-11 14:01";"Anonymous";"How I update to kit kat";""
"7714";"80";"Galaxy Grand Neo";"";"2015-01-09 07:30";"";"Samsung is not going to release major updates anyways. There were some minor stability updates but now even they're stopped.  If your phone hangs a lot then you must root your phone and over clock it with no frills or any other app. If you do not want to root your device as rooting will void your warranty then  1. Clean catche. 2. Do not use boosters.  3. Uninstall unused apps. Or make apk backup of unused apps and then Uninstall them.  4. Disable system apps like I don't use chaton messenger so I disabled it.  5. Keep your internal memory and then sdcard clean. Move all your downloads and Bluetooth files to sd card. Plus move apps to sd card if possible. Then clean your sd card as much as you can. Connect your phone with PC and remove unnecessary files as unclean sd card can also lag your phone. And remember DON'T USE BOOSTERS.  After all, reboot your device. I hope it'll work for you.. ";""
"7715";"80";"Galaxy Grand Neo";"";"2015-01-08 18:56";"Rocky";"His phone is good n owm use ";""
"7716";"80";"Galaxy Grand Neo";"";"2015-01-08 08:52";"JD";" I regret buying this mobile because it doesn't have kitkat and it is getting dead slow every time I run some application. I have to restart my phone more often when ever it gets hanged. It gets hanged up very easily.Software updates are not up to the level. ";""
"7717";"80";"Galaxy Grand Neo";"";"2015-01-08 08:37";"shivam";"update grand neo to kitkat version pls............ ";""
"7718";"80";"Galaxy Grand Neo";"";"2015-01-08 08:16";"Sud";"This is very worst phone interm of Network. Its not catching the network automatically and most of the time showing Emergency calls only.Even WIFI connection is dropping out frequently.Support changed the motherboard twice and still not the issue resolved. Worst response from samsung headoffice they are not listening to the user and they want to get away from the issue. Its a faulty model. Dont go for it.";""
"7719";"80";"Galaxy Grand Neo";"";"2015-01-07 19:06";"";"mine dont take any pulse....after fallen ...... it have got my imp files in it ...if any soln ...plz mail meee";""
"7720";"80";"Galaxy Grand Neo";"";"2015-01-07 18:52";"alx";"Is there on grand neo duos, led indicator, for missing colss,sms. And is there ond grand 2 led indicator?";""
"7721";"80";"Galaxy Grand Neo";"";"2015-01-07 18:35";"sahil";"yeah dude...... itS awsm....";""
"7722";"80";"Galaxy Grand Neo";"";"2015-01-07 16:07";"R.B.Singh";"I am using grand neo from last 2 month phone is working nice.";""
"7723";"80";"Galaxy Grand Neo";"";"2015-01-07 14:18";"akki";"grand neo is awesome phn....";""
"7724";"80";"Galaxy Grand Neo";"";"2015-01-07 13:24";"Amol Dhumal";"I am using galaxy geand neo from 2.11.14 but it is true that signal does not come back automatically once goes off and and i have to restart the mobile set very frequently. Overall set seems good but signal problem observed. I have also shown this to samsung customer care but no improvement noticed.";""
"7725";"80";"Galaxy Grand Neo";"";"2015-01-06 17:14";"emy";"Camera is very bad and dark";""
"7726";"80";"Galaxy Grand Neo";"";"2015-01-06 16:54";"Anonymous";"I think its the screen... It uses alot of battery, so I suggest you lower youre screen brightness.";""
"7727";"80";"Galaxy Grand Neo";"";"2015-01-06 14:48";"Manish";" Network does not catch automatically and have to restart for getting network ";""
"7728";"80";"Galaxy Grand Neo";"";"2015-01-06 13:51";"Anand Sir";"Camera not good very dark image grand 2 is better than gran neo   ";""
"7729";"80";"Galaxy Grand Neo";"";"2015-01-06 09:32";"liza";"Grand neo";""
"7730";"80";"Galaxy Grand Neo";"";"2015-01-04 09:07";"";"Good";""
"7731";"80";"Galaxy Grand Neo";"";"2015-01-04 09:03";"srinu";"Good";""
"7732";"80";"Galaxy Grand Neo";"";"2015-01-03 10:28";"anmol";"Grand neo update KitKat";""
"7733";"80";"Galaxy Grand Neo";"";"2015-01-03 10:27";"anmol";"Grand neo update KitKat";""
"7734";"80";"Galaxy Grand Neo";"";"2015-01-02 13:22";"wuwz";"How to fix safe mode ? It realy annoying me ";""
"7735";"80";"Galaxy Grand Neo";"";"2015-01-01 07:42";"Victor Kar";"I'd bought it on 12.11.14 Awesome smart phone... No prob at all.. You may go for it.. Now only with 12000/-";""
"7736";"80";"Galaxy Grand Neo";"";"2014-12-31 03:00";"vijay kr pandey";"I am using galaxy geand neo from 2.11.14 but it is true that signal does not come back automatically once goes off and and i have to restart the mobile set very frequently. Overall set seems good but signal problem observed. I have also shown this to samsung customer care but no improvement noticed.";""
"7737";"80";"Galaxy Grand Neo";"";"2014-12-30 12:12";"adamanandhan";"hi friend samsung grand neo phone specification is good ,camera picture is good multidisplay running well ";""
"7738";"80";"Galaxy Grand Neo";"";"2014-12-28 14:25";"Anonymous";"Hi! how to deactivate password from galaxy Grand Neo";""
"7739";"80";"Galaxy Grand Neo";"";"2014-12-27 10:31";"";"hey guys i have a question grand neo is a good phone but when i play games with big map like gangstar vegas , gangstar rio , the dark knight rises , etc. the map is broken like wallhack i'v tried root and install custom room but still the same what can i do ?? :/";""
"7740";"80";"Galaxy Grand Neo";"";"2014-12-27 03:32";"Anonymous";"Am using this phone from last 5 months. Really its awesome phone. Battery back up, camera, memory capacity all is good. If any person wants to purchase any phone. So I suggest you purchase only this phone Samsung galaxy grand neo....";""
"7741";"80";"Galaxy Grand Neo";"";"2014-12-26 20:29";"Anonymous";"guys go for it........it is awesome. ........nice camera.........although screen resolution is poor but it doesn't fade at all.......relly a good choice .... ";""
"7742";"80";"Galaxy Grand Neo";"";"2014-12-25 23:10";"Anonymous";"nice smart phone ";""
"7743";"80";"Galaxy Grand Neo";"";"2014-12-25 09:42";"";"Iam using this phone from May 2014. After using this about eight months, i would like to share my exp with you. Pros Good screensize, fast, no heat problem, good design, good memory,  Cons The main problem is, it will not detect network automatically. i am forced to restart to get a 3G connection, four to five times daily. (you will not face this problem if you are putting the mode in GSM only. as we dont have 3G network throughout the country, if we put WCDMA only mode then the phone will lost network when traveling, but will not detect it again automatically) No updates are coming from Samsung. Kitkat will be a dream for this phone. Camera is not that much good. Not having a 5MP quality. Screen resolution is not up to mark. ";""
"7744";"80";"Galaxy Grand Neo";"";"2014-12-24 15:38";"Tom";"m using grand neo from 3 months the only prob i saw some times wifi didn't connect otherwise its awsm phone........ ";""
"7745";"80";"Galaxy Grand Neo";"";"2014-12-24 07:42";"K R E F T";"why its battery is so fast to lowbat? beacause its to many have applications to run? but i dont run too much applications ";""
"7746";"80";"Galaxy Grand Neo";"";"2014-12-24 06:08";"Anonymous";"bro what is the main problem of this phone";""
"7747";"80";"Galaxy Grand Neo";"";"2014-12-23 10:40";"zahid";"The phone is awsome I hve play under 1gb gaming like six guns, dead triger2, real boxing nothing lagging isuue graphics is awsome";""
"7748";"80";"Galaxy Grand Neo";"";"2014-12-22 19:30";"";"Go for G3 Beat best phone in this range. Lg bello is good except resolution. That awkward moment When you put this amount of money and dont want to see at your phone's screen just because of low resolution.Every thing else is woo in LG bello. ";""
"7749";"80";"Galaxy Grand Neo";"";"2014-12-21 10:28";"ranjeet sonkar";"I got same mobile too but my wi-fi will not just open on it";""
"7750";"80";"Galaxy Grand Neo";"";"2014-12-20 16:40";"dave";"I got same mobile too but my skype will not just open on it ";""
"7751";"80";"Galaxy Grand Neo";"";"2014-12-20 15:27";"kops";"Go for moto g ";""
"7752";"80";"Galaxy Grand Neo";"";"2014-12-19 16:54";"loser";"There are plenty of other phones to chose from. forget these 2.";""
"7753";"80";"Galaxy Grand Neo";"";"2014-12-19 16:52";"loser";"This GPU of this phone is Broadcom Videocore IV, which is very very weak & certainly NOT capable of running any high graphics game such as NFS or Asphalt. the game will start, but the phone will HANG within 5 minutes. Its not worth buying if you're a game freak. Extremely poor hardware particularly at this price @12-15K.";""
"7754";"80";"Galaxy Grand Neo";"";"2014-12-19 08:32";"Anonymous";"hiui..guys..i bought this phone 8 months ago..it is really gd..bt bAttery backup is nt gd... ";""
"7755";"80";"Galaxy Grand Neo";"";"2014-12-18 13:26";"vimz13";"Guys I bought this phone 4 month before, not even single problem I'm facing, good battery life, good rear camera,processor is just asm, no hanging issues not even a single time phone has heated when used, just of front cam I'm not satisfied, believe me guys u will b addicted with this phone, like me ;)";""
"7756";"80";"Galaxy Grand Neo";"";"2014-12-18 05:29";"sud";"i m using this phone from last 4 month camera is to good pixel density is high so pic not stretched at all. night mode of camera also good. internal memory is far enough. performance of battery is to good. sound and video quality is also better than other phones. due to onegb ram phone never hangs. ";""
"7757";"80";"Galaxy Grand Neo";"";"2014-12-17 20:09";"";"streaming videos? is it enough processing and ram to set all apps like social media, viber, GPS.....ets? thanks ";""
"7758";"80";"Galaxy Grand Neo";"";"2014-12-17 11:51";"Sam";"My phone working well.. but the touch screen response slow..it happens only for the phone logs and contact only..any solution for it ?";""
"7759";"80";"Galaxy Grand Neo";"";"2014-12-17 04:09";"Ankit";"hey i want to [urchase this phone.i want to know any problem in this phone..";""
"7760";"80";"Galaxy Grand Neo";"";"2014-12-16 21:38";"Katherine";"Is the screen resolution good enough? I need a phone about this price. There's the htc desire 516 which is at the sme price and is far better in terms of camera(rear 5mp, frnt 2mp) and screen(220 ppi density pixel) . But the users reviews on the htc 516 are so bad! I dn't know what to buy! Should i trust the user reviews and buy the galaxy grand neo or buy the htc 516?";""
"7761";"80";"Galaxy Grand Neo";"";"2014-12-14 12:31";"Dar Aamir";"The phone iz awesome in apppearance and in other qualities as well ...but da quality of its front camera iz not satisfying mee ........very poor frnt camera I kan say........but overoll a nyc phone...";""
"7762";"80";"Galaxy Grand Neo";"";"2014-12-14 12:11";"Ali";"very nice.";""
"7763";"80";"Galaxy Grand Neo";"";"2014-12-13 09:32";"Carla";"I.bought this phone for 140 euro.only..it has everything and better from my iphone 4...it has.a huge screen..nice.camera..does not hang. Ive.been.using it for 6 months now and i never regret. Since then i became a samsung user.i realize why i should buy an expensive iphone if this samsung grand could make me satisfy?";""
"7764";"80";"Galaxy Grand Neo";"";"2014-12-12 20:54";"huddy ";"yes you can get this phone for 200 at Callcity Menilmontant Paris 20";""
"7765";"80";"Galaxy Grand Neo";"";"2014-12-12 18:14";"pavan";"friends please suggest to me,perchase of this mobile phon of grand neo please";""
"7766";"80";"Galaxy Grand Neo";"";"2014-12-11 13:33";"Anonymous";"hi ... who recomends to make the sofware update better that te 4.2 ? is it worth or it will crash the phone? ";""
"7767";"80";"Galaxy Grand Neo";"";"2014-12-11 07:51";"koushal";"it's a nice fone, camera, batterbackup, video resolution, and screen is owsome no lag, no hang and no heating problem..faboulous smartphone..  ";""
"7768";"80";"Galaxy Grand Neo";"";"2014-12-11 06:45";"Anonymous";"May I know whether it is price-worthy?";""
"7769";"80";"Galaxy Grand Neo";"";"2014-12-10 06:52";"ruwan";"Hi.. camera quality is good";""
"7770";"80";"Galaxy Grand Neo";"";"2014-12-10 06:52";"BIKRAMJIT";"after a lot research i finally choose my android smartphone i bought from samsung smartcafe which is on ekdalia got it under 12500 good processor with clock speed 1.2ghz awesome camera both front and back 5.01" screen size i love this phone samsung is king of android smartphone and tablets love samsung";""
"7771";"80";"Galaxy Grand Neo";"";"2014-12-10 02:27";"sam";"Poor front cam..";""
"7772";"80";"Galaxy Grand Neo";"";"2014-12-09 14:13";"sahil";"Samsung galaxy grand neo is a very good phone n its has good processor n it responds very n it does not hang";""
"7773";"80";"Galaxy Grand Neo";"";"2014-12-09 12:45";"Arjun ";"I buy Samsung galaxy grand neo one week before... Everything is fine with this phone but i am facing one problem... When phone battery reaches under 25% it drains quickly to 0% in just few minutes... Please anyone can give me the solution ";""
"7774";"80";"Galaxy Grand Neo";"";"2014-12-09 10:05";"sweety";"i also purchase neo samsung its good";""
"7775";"80";"Galaxy Grand Neo";"";"2014-12-08 22:29";"Anonymous";"i love this ph which i just bought. am having problems installing line. i believe once line is installed the video pics on viber will be possible. not sure why it's so expensive when i only made 4 short calls in 4 days n switch it off at night. perhaps it's the few internet downloads i made or zimbabwe is an anexpensive country. if anyone knows how i can do it cheaply please write to me on shmmhdr@gmail.com as it does not seem to be free for me.";""
"7776";"80";"Galaxy Grand Neo";"";"2014-12-08 14:58";"Dip";"Good phone & user satisfied with this phone nice";""
"7777";"80";"Galaxy Grand Neo";"";"2014-12-08 14:57";"akki";"this android is awesome it also runs heavy games very smoothly and camera quality is superb";""
"7778";"80";"Galaxy Grand Neo";"";"2014-12-07 16:45";"MattHrvat";"Galaxy Grand Neo ofc";""
"7779";"80";"Galaxy Grand Neo";"";"2014-12-07 08:17";"nikki";"I want to buy grand neo but confuse about camera result anybody who are user of this cell guide me about camera resutl thank u ";""
"7780";"80";"Galaxy Grand Neo";"";"2014-12-05 08:40";"Irfan";"since there is a little main differance between the two, so both are almost same because both have 1.2 GHz quad core processor 1 GB RAM which is very important.However there is a secondary diffenrane between the two whose importace does not meets the above two features i.e, processor and RAM is that in core 1 there is 8 GB and in Grand neo it is 16 GB and in core battery capacity is 1800 mAh where as in Grand neo it is 2100mAh..";""
"7781";"80";"Galaxy Grand Neo";"";"2014-12-05 07:27";"Ivy";"Can i ask ? Which one is better ? Grand neo or core 1? Please someone give me advice about this :( thank you";""
"7782";"80";"Galaxy Grand Neo";"";"2014-12-04 22:58";"dody";"Nice phone no hang no lag camera not bad  Resolution fine not so good but overall is good mobile to use";""
"7783";"80";"Galaxy Grand Neo";"";"2014-12-03 16:38";"salman";"i am using samsung mobile last 5years no problem samsung is good brand nokia is waste only hanging problem";""
"7784";"80";"Galaxy Grand Neo";"";"2014-12-03 12:09";"";"grand 2 has 5.25 inch with HD display280 ppi prime has 5 inch 219 ppi so g2 has bigger and better screen g grand 2 has 1.5 ddr3 ram prime 1 ddr2 ram so g2 better for multitasking and no multiwindows in prime as g2 grand 2 has light sensor prime no have only postive thing than grand2 is front  cam5 mp vs 2 mp internel memory grand 2 has5.2 for user prime has 3.9  so grand 2 is win again  but overall grand 2 is win in every way because grand 2 is the boss of grand series while prime and neo is secondary";""
"7785";"80";"Galaxy Grand Neo";"";"2014-12-02 15:11";"zafar";"awesome phone ever....excellent bettry bak up....gaming experience is great. .no hang no heat...";""
"7786";"80";"Galaxy Grand Neo";"";"2014-12-02 14:59";"Shelly";"It is good but my Internet is not working . plz help me";""
"7787";"80";"Galaxy Grand Neo";"";"2014-12-02 13:47";"Bhavesh";"Yes.......bro........................";""
"7788";"80";"Galaxy Grand Neo";"";"2014-12-02 08:42";"slam";"Nice cell it is very fast i like it";""
"7789";"80";"Galaxy Grand Neo";"";"2014-11-30 19:22";"Anonymous";"Hahahahahahahab";""
"7790";"80";"Galaxy Grand Neo";"";"2014-11-30 14:52";"MANOJ";"Wow.. i like this ph.. super speed. gud gaming experience";""
"7791";"80";"Galaxy Grand Neo";"";"2014-11-30 11:23";"prakashthing";"I using this phone .... it is very nice phone .. and performance is good n faster ... but it is not handy for single hand users ... every time its slips from my hand.";""
"7792";"80";"Galaxy Grand Neo";"";"2014-11-29 18:45";"Jaaaan";"Plz launched kikat update in samsung galaxy grand neo ";""
"7793";"80";"Galaxy Grand Neo";"";"2014-11-29 10:57";"Gammer";"It's good if it Kit Kat";""
"7794";"80";"Galaxy Grand Neo";"";"2014-11-29 10:21";"Anonymous";"plz kikata update send mi";""
"7795";"80";"Galaxy Grand Neo";"";"2014-11-28 17:24";"";"Is grand neo upgradable yo lolipop...";""
"7796";"80";"Galaxy Grand Neo";"";"2014-11-28 10:40";"Jhay ar";"be sure u had updated the new gmail. you can see a pencil like icon to compose an email and then click the paperclip like icon to attached files etc.";""
"7797";"80";"Galaxy Grand Neo";"";"2014-11-28 07:47";"bala";"pls help me in grand neo mobile model.In gmail how i attachment files to sending. Pls help me to attached files through mail.any body help me.";""
"7798";"80";"Galaxy Grand Neo";"";"2014-11-28 06:27";"urbii";"hy hope i will enjoy using the phone. how faster its compared to other tpes of phone ";""
"7799";"80";"Galaxy Grand Neo";"";"2014-11-27 14:42";"Jay";"Samsung Galaxy Grand Neo";""
"7800";"80";"Galaxy Grand Neo";"";"2014-11-27 14:41";"Jay";"Samsung Galaxy Grand Neo";""
"7801";"80";"Galaxy Grand Neo";"";"2014-11-26 16:35";"Rakesh Kumar Ranjan";"Really,it's very nice set. It has different features that I really like too much. ";""
"7802";"80";"Galaxy Grand Neo";"";"2014-11-26 11:45";"samir";"yes u can...even lolipop vrsn come after kitkat ";""
"7803";"80";"Galaxy Grand Neo";"";"2014-11-26 11:18";"Anonymous";"its already kitkat";""
"7804";"80";"Galaxy Grand Neo";"";"2014-11-26 10:18";"Abhilash";"Can i upgrade this phone to kitkat?? pls reply";""
"7805";"80";"Galaxy Grand Neo";"";"2014-11-26 09:43";"gargoyle";"asus zenfone 5";""
"7806";"80";"Galaxy Grand Neo";"";"2014-11-25 15:25";"raju";" i want to take mobile right now around 10000/- plz suggest good one of mobile having good internet speed, good battery backup.no defaults";""
"7807";"80";"Galaxy Grand Neo";"";"2014-11-24 10:09";"K";"dont buy note 3 neo online there are chances to get default models many people have complained ...i was also thinking to buy note 3 neo first but there are many faults in note 3 neo models thats why samsung reduce price from 39000 to 22500 in just 6-7 months think twice before buying note 3 neo i m using grand prime its good phone awesome selfie phone";""
"7808";"80";"Galaxy Grand Neo";"";"2014-11-24 10:05";"K";"grand prime has latest processor cortex A-53 quadcore latest android version 4.4.4 while note 3 neo has not got kitkat updates...grand prime has awesome camera 5mp front and 8 mp back camera..battery life of grand prime is awesome 2600 mah battery..grand prime price is 15k grand 2 price is 17k and note 3.neo price is 23k";""
"7809";"80";"Galaxy Grand Neo";"";"2014-11-24 09:58";"K";"note 3 neo has good specs than grand prime and grand 2";""
"7810";"80";"Galaxy Grand Neo";"";"2014-11-24 09:22";"gaiya";"dn't buy dis 4n.its sucks with video calling...i stop using";""
"7811";"80";"Galaxy Grand Neo";"";"2014-11-23 16:33";"Naveed";"I have purchased Samsung Galaxy Grand Neo , its slips from my hand and the ear voice is not working , its very sensitive not suitable for all+";""
"7812";"80";"Galaxy Grand Neo";"";"2014-11-23 14:12";"trs";"which one is good to buy? grand prime or galaxy note 3 neo? or grand 2";""
"7813";"80";"Galaxy Grand Neo";"";"2014-11-23 12:46";"chinna";"hi! i have little confusing that whether i want to buy this model or S3 neo?";""
"7814";"80";"Galaxy Grand Neo";"";"2014-11-23 12:29";"Vi sh nu";"Frnds i bought ths phn .it is good or bad pls tell me.thnx";""
"7815";"80";"Galaxy Grand Neo";"";"2014-11-23 09:26";"safwan khan";"the net is not opening all the setting of internet is properly managed the google home page is coming but after when we type anything also coming but when we clicked its not opening ";""
"7816";"80";"Galaxy Grand Neo";"";"2014-11-22 14:44";"Anonymous";"plzz tell me can i extend it memory 8 to 16 gb??";""
"7817";"80";"Galaxy Grand Neo";"";"2014-11-22 11:31";"K";"dont buy grand neo...buy grand prime latest model...it has awesome processor ...it has 8 mp back camera and 5 mp front camera with superb clearity....android version latest 4.4.4 kitkat...hd video is also supported price is 14000 and best phone in grand series only negativity is speaker is low ";""
"7818";"80";"Galaxy Grand Neo";"";"2014-11-21 15:27";"pooh";"plz tell me can i buy ths phone?it hang or not? ";""
"7819";"80";"Galaxy Grand Neo";"";"2014-11-21 15:26";"Anonymous";"plz tell me can i buy ths phone?it hang or not? ";""
"7820";"80";"Galaxy Grand Neo";"";"2014-11-21 15:23";"pooh";"hiii i want to buy ths phone";""
"7821";"80";"Galaxy Grand Neo";"";"2014-11-20 06:03";"madhu";"very nice mobile realy";""
"7822";"80";"Galaxy Grand Neo";"";"2014-11-19 22:16";"";"I have a galaxy grand neo I have this phone for almost 5 months and it has this proble that I cant solve my phone keeps going of on its own every now and then I tryed hard reset but didnt work.eany sugetions I realy dont want to pay 400 rand (40 dollars) just to send it 6 weaks away for nothing ";""
"7823";"80";"Galaxy Grand Neo";"";"2014-11-19 18:45";"hemant";"Hello its not hanging at all I'm using for 7 months my usage s very high but didn't even hanged for me don't talk rubbish its too good ";""
"7824";"80";"Galaxy Grand Neo";"";"2014-11-19 12:11";"harsh";"186 ppi not gud screen resolution";""
"7825";"80";"Galaxy Grand Neo";"";"2014-11-19 10:55";"kanwal";"I love to have it.Its very easy to use and its application is fabulous.its great series";""
"7826";"80";"Galaxy Grand Neo";"";"2014-11-19 07:59";"neeraj";"1 Of The Worst Phone Ever Made By Samsung  No Batery Backup  And Hanged Many Time  I Suggest To people that Dont Waste Your Money On This";""
"7827";"80";"Galaxy Grand Neo";"";"2014-11-19 07:05";"warau";"I bought the grand neo on 14/11/2014 and am much disappointed.touchwiz home has stoped. pls help.";""
"7828";"80";"Galaxy Grand Neo";"";"2014-11-18 15:39";"safwan khan";"is it good or not i want to buy that phone. ";""
"7829";"80";"Galaxy Grand Neo";"";"2014-11-18 13:20";"";"lovd,love,love the Samsung Galaxy Grand Neo xx:-) :-) Yes!";""
"7830";"80";"Galaxy Grand Neo";"";"2014-11-18 13:05";"";"lovd,love,love the Samsung Galaxy Grad Neo xx:-) :-) Yes!";""
"7831";"80";"Galaxy Grand Neo";"";"2014-11-18 12:53";"";"lovd,love,love the Samsung Galaxy Grad Neo xx:-) :-) Yes!";""
"7832";"80";"Galaxy Grand Neo";"";"2014-11-18 12:26";"sterretjie";"lovd,love,love the Samsung Galaxy Grad Neo xx:-) :-) Yes!";""
"7833";"80";"Galaxy Grand Neo";"";"2014-11-18 07:06";"sudiptajana35@gmail.";"Mobaile pendrive not saport. why?";""
"7834";"80";"Galaxy Grand Neo";"";"2014-11-17 17:20";"kingchunk ";"Am using this phone. .It supplies what am expecting from it but the camera is obnoxiously dreary ";""
"7835";"80";"Galaxy Grand Neo";"";"2014-11-17 14:17";"hjs";"You know, it would be easier to take you seriously if you typed grammatically correct English.";""
"7836";"80";"Galaxy Grand Neo";"";"2014-11-17 04:57";"ponsiano";"I had a phone like this. you can just simply adjust the camera settings through its brightnes or you can use camera 360 app.";""
"7837";"80";"Galaxy Grand Neo";"";"2014-11-16 19:25";"sanju";"I am just too upset with the rear camera quality the pics are reddish..How come u people are praising that camera is great... suggest me some application to improve the quality. ";""
"7838";"80";"Galaxy Grand Neo";"";"2014-11-16 17:35";"leevan";"it happens for all .. it is really dark right ?";""
"7839";"80";"Galaxy Grand Neo";"";"2014-11-16 15:54";"sanjeet";"this phone is nice ";""
"7840";"80";"Galaxy Grand Neo";"";"2014-11-15 11:22";"Ayan";"1 Of The Worst Phone Ever Made By Samsung  No Batery Backup  And Hanged Many Time  I Suggest To people that Dont Waste Your Money On This ";""
"7841";"80";"Galaxy Grand Neo";"";"2014-11-15 05:44";"Anonymous";"i am an samsung galaxy garnd neo gt i9060 user and i have purchased this phone on april i can say that it is the best phone made by samsung ever in the market because it is the tougheest phone it has fallen down many times but not even a single scratch on it but the side portion becomes black and its camera quality is excellent and the main feature of this phone is it doesnt hang ..so prefer it is also reasonable for all..";""
"7842";"80";"Galaxy Grand Neo";"";"2014-11-14 10:39";"depanjanch";"I'm using Grand Neo since the past few months. Very tough phone. Fell twice but not a single scratch. Sadly the metal gloss becomes black afterwards. No Kitkat upgrade maybe because samsung wants prime to be more hit than this piece of shit. But I believe this phone is awesome with 1GB ram and bcoz of Less PPI this phone has long battery backup and less consumption. It easily lasts for 24hrs if not charged. Also this is my experimental phone so I successfully ran Windows 95,98 and Windows CE 3.1 into it using QEMU and it is amazing 5 inch screen thank u Samsung";""
"7843";"80";"Galaxy Grand Neo";"";"2014-11-14 05:35";"prakash";"Worst phone ever made, its display hang and battery worst...Never buy ..net spped very Slow battery bakup also pourrrrr never purchasee price also highh 14000";""
"7844";"80";"Galaxy Grand Neo";"";"2014-11-13 18:15";"pateljenish";"My grend neo please update kit.kat version..?";""
"7845";"80";"Galaxy Grand Neo";"";"2014-11-12 10:59";"jack";"got Galaxy Grand Neo DUOS GT-I9060 couple of weeks before.. i found everthing is fine but im really not convinced with front cam video calling ( skype ).... is there anyone can tell me that this problem happens with only me or for all the users of Grand Neo DUOS";""
"7846";"80";"Galaxy Grand Neo";"";"2014-11-12 04:44";"K";"grand prime is a best selfie phone from samsung";""
"7847";"80";"Galaxy Grand Neo";"";"2014-11-12 04:40";"K";"no go for galaxy grand prime awesome phone latest android version...awesome front and back camera ..battery backup is superb best gaming experience and price is 14500 ...";""
"7848";"80";"Galaxy Grand Neo";"";"2014-11-12 04:39";"K";"no go for galaxy grand prime awesome phone latest android version...awesome front and back camera ..battery backup is superb best gaming experience and price is 14500 ...";""
"7849";"80";"Galaxy Grand Neo";"";"2014-11-11 17:04";"mzansi";"best i lyk it ";""
"7850";"80";"Galaxy Grand Neo";"";"2014-11-11 13:05";"fahim";"grand prime ?h0w much ?";""
"7851";"80";"Galaxy Grand Neo";"";"2014-11-11 03:47";"suvo";"grand neo is a updatable phn?plz reply...";""
"7852";"80";"Galaxy Grand Neo";"";"2014-11-10 13:25";"K";"go for galaxy grand prime dont go for grand neo old OS processsor while grand prime has latest processor and kitkat OS....grand prime has 5 MP front camera while it has vga 0.3 Mp....i m using grand prime it has no hang heating problem and it has best camera front and back....price is 14500";""
"7853";"80";"Galaxy Grand Neo";"";"2014-11-10 10:01";"Shahriyar";"Haven't any front camera in this phone ???";""
"7854";"80";"Galaxy Grand Neo";"";"2014-11-10 06:05";"Anish";"It's overall a good phone but sometimes it hangs itself and it is not a phone for who wants to play high end games, so if u love to play games on ur phone, this is not your phone ";""
"7855";"80";"Galaxy Grand Neo";"";"2014-11-09 22:06";"annoyed";"Probably one of the worst smart phones ive ever used in the galaxy series. Ive not had to restart any b other phone as much as this thing. Hangs alot and alot of my apps stop working.......dont buy this phone.";""
"7856";"80";"Galaxy Grand Neo";"";"2014-11-09 19:36";"ayu";"Really a good phne ...I buy it 4 mnths ago @ abt 15900 at tht tym I was ok wid it bcoz samsng phnes were on high demand n it wrks lyk heaven at frst n belive me its intrnal strge is so gud abt 5 gb out of 8 bt I hve 12 out of 16 gb n abt 90% are full evn it nt hngs n easily access 2 heavy gamez lyk asphalt 8 the amazing spider man 2 etc ...people syng go fr prime a 15200 at nw whre neo is of 13100 in mrket thn remembr d jelly bean phnes r evn mre popular n btr my sis jst buy d grand prime n it lags a lot so at dis rnge it is definitely a btr chce thn any othr samsng device ...guys grav it";""
"7857";"80";"Galaxy Grand Neo";"";"2014-11-09 19:30";"ayu";"Its a firmware update by which ur phne will bcme mre faster n smoother";""
"7858";"80";"Galaxy Grand Neo";"";"2014-11-09 14:05";"";"I bought this phone @ 12500. Its pretty cool in look specially midnight Black. Pros: Camera is good with good LED flash.  Smooth operation, no hang in between. Battery is Also good. if you use it just like A smart phone not as a T.V. 5 inch display looks really grand. If you are first time user of smart phone in the range of 12k-13k.Go for it. Cons: I got the ear phone with very bad quality. Earlier I thought that audio of samsung is shit. Later when I disabled power saving mode,and bought another earphone of samsung itself the audio is playing pretty good.After all you have to save your ear also.  You May get this phone if you ";""
"7859";"80";"Galaxy Grand Neo";"";"2014-11-09 10:23";"";"How to connect my grand neo with tv??? Please tell me that whether this phone has tv output or not? And if yes, then how to connect? ?";""
"7860";"80";"Galaxy Grand Neo";"";"2014-11-08 18:42";"just mohabbat";"i just hope that samsung allows upgradation to jellybeans 4.3  coz kitkat upgrade is wayyyyy beyong my expectations.";""
"7861";"80";"Galaxy Grand Neo";"";"2014-11-08 14:23";"vishu";"5mp rear &0.3mp back ";""
"7862";"80";"Galaxy Grand Neo";"";"2014-11-08 06:44";"zahid";"Superb phne I love it 1 gb rm 5inch screen samsung brand just in 1250rs superb ";""
"7863";"80";"Galaxy Grand Neo";"";"2014-11-08 05:58";"Suspect";"Worst phone ever made, its get restart display hang and battery worst...Never buy....";""
"7864";"80";"Galaxy Grand Neo";"";"2014-11-07 18:33";"sabi";"hi every one i am user galaxy grand neo.this the perfect phon ever. all over very good.super fast net speed super fast runing.camera also good.i recemend this phon.and this phon can buy every one very low price and very good mobile...thanx";""
"7865";"80";"Galaxy Grand Neo";"";"2014-11-07 11:37";"Navu";"pls tel me about battery that in how much time it comes to 2% from 100% nd in how much time it takes charge full";""
"7866";"80";"Galaxy Grand Neo";"";"2014-11-06 17:27";"mou";"i love it.. just bought mine 3 days ago and it's a super cute and sexy phone..:-D awesome. awesome. awesome phone. buy it...";""
"7867";"80";"Galaxy Grand Neo";"";"2014-11-06 12:45";"Srini";"How to on the call recorder while you speaking. Pls tell me. ";""
"7868";"80";"Galaxy Grand Neo";"";"2014-11-06 09:49";"Vk";"Dear users please post your views on its camera quality";""
"7869";"80";"Galaxy Grand Neo";"";"2014-11-06 09:48";"Tulesh";"Best cellphone.... ";""
"7870";"80";"Galaxy Grand Neo";"";"2014-11-06 08:13";"sourav";"how can I move 1gb games to memory card??";""
"7871";"80";"Galaxy Grand Neo";"";"2014-11-05 18:00";"anku";"everything is quite good....but it has one prblm...it doesn't have auto brightness funtion inbuilt..except ds....d phone is awesome.";""
"7872";"80";"Galaxy Grand Neo";"";"2014-11-05 16:20";"LD";"Preety good cell phone I bought yesterday nc supportive cell a good one to buy in a cheap price by getting the features......I suggest to buy galaxy grand neo.";""
"7873";"80";"Galaxy Grand Neo";"";"2014-11-05 13:40";"";"Galaxy Grand Neo Is Best All HD Games Play On This Mobile Such As (NFS MW) (Injustice God among US) (Asphalt Airborne) (Batman Arkham) (EA Sports) & Much more Games running on this Device Smoothly Play games and runnig Google Apps Right Now  Close UR Eyes & Buy This Mobile.";""
"7874";"80";"Galaxy Grand Neo";"";"2014-11-04 18:41";"mayn";"Galaxy grand neo best android set, simple price,no hanging,awesome sound awesome using interface and environment looking nice";""
"7875";"80";"Galaxy Grand Neo";"";"2014-11-04 17:30";"Anonymous";"What is hanging problems plz tell me i want pachage samsung neo phone";""

