"1241";"16";"Galaxy Note Edge";"";"2015-01-19 21:41";"Anonymous";"As from my experience the note 3 is better as far as performance speed and battery life. Im a note guy i have been using notes since it first came out i started with the note 1 then 2 nd i jumped to 4 edge but i was expecting a much better phone at least they shoulda of make the processor faster and longer battery life. Engineers focused on new technologies that are still very new and forgot about upgrading the basics ";""
"1242";"16";"Galaxy Note Edge";"";"2015-01-19 16:56";"";"It's been 2 days I am using edge. I upgraded from iPhone 6.   Though not as lag free while playing large games but still much better and innovative while using other apps.  It's expensive but worth the money u invest.";""
"1243";"16";"Galaxy Note Edge";"";"2015-01-19 16:39";"asim";"This is a perfect phone and very fast also.  Never keep u bored.";""
"1244";"16";"Galaxy Note Edge";"";"2015-01-19 13:41";"Anonymous";"what do you suggest me pls?   I have samsung galaxy s5 buy I am interested to buy the note edge. What shall I do? which is the best?  I need your opinions. thanks";""
"1245";"16";"Galaxy Note Edge";"";"2015-01-18 15:08";"Ram";"Note edge is a nice phone , the design is beatiful and unit  Samsung keep it up .YEAH !!!";""
"1246";"16";"Galaxy Note Edge";"";"2015-01-17 18:18";"";"I got one today and will update the performance soon s i am still using iphone 6.  The dealer sales guy told that they sold 50 units in a single day on an average in Dubai as promotion is goin on.";""
"1247";"16";"Galaxy Note Edge";"";"2015-01-17 17:47";"johnagutu";"How about water proof on the same? ";""
"1248";"16";"Galaxy Note Edge";"";"2015-01-17 03:37";"whitedragem";"For nighttime use/watching vids in dark.. I suggest the black unit. internet screenshots do not fully convey how black it is (most looking 'grey' with zebra stripes).. in the 'real world'/non flash gallery shots, the black is black.. meaning that the transition from screen to casing is undetectable. (OLED true blacks remember)  The white unit is not the same as the white note 4s- there is noticable light bleed from under the screen edges. For me personally this would annoy me- but I guess we could equate it as a 'feature' equivalent to philips tvs edge lighting from years ago.  Having owned many OLED devices, my first being a galaxy S2; I always laughed that people would even consider a white facia. The black makes it the ultimate multimedia device.  In 'basic' colour profile the colour accuracy is insane (beating out my calibrated panasonic plasma), and various high end LCD screens (photography industry for many years - this is the best screen I have ever seen).  Laws of the physical world we live in, black absobs all light, white reflects it... perhaps daytime use of the white unit would run (negligibly??) cooler.  This phone has excellent sound and picture quality (it can even test your hearing and recalibrate for 'flatline' audio output) best multimedia device under the sun (my opinion).";""
"1249";"16";"Galaxy Note Edge";"";"2015-01-17 03:01";"nicky";"this does not come in bronze color as far as i know, but i would suggest the black version, I just think it suits it really good";""
"1250";"16";"Galaxy Note Edge";"";"2015-01-16 19:51";"";"Guys plz suggest me a color, white or golden/bronze in note edge I work outdoor so your suggestions will be appreciated  Thnx";""
"1251";"16";"Galaxy Note Edge";"";"2015-01-16 09:29";"Aung Naing";"To whom it may concern,  Let us know this product can available in Myanmar?";""
"1252";"16";"Galaxy Note Edge";"";"2015-01-13 06:54";"mohod";"could you please give me more info about the SIM tool application ";""
"1253";"16";"Galaxy Note Edge";"";"2015-01-13 06:50";"migs";"SIM tool kit application is not supported";""
"1254";"16";"Galaxy Note Edge";"";"2015-01-13 05:46";"mohod";"I heard that there is some difficulty in using this phone South east Asia region phone network has any one of noticed or experienced such a problem. ";""
"1255";"16";"Galaxy Note Edge";"";"2015-01-13 01:29";"Heyman ";"I just bought it last 2 days ago and im telling you this is the best smartphone in the market right now.";""
"1256";"16";"Galaxy Note Edge";"";"2015-01-11 23:53";"lerrikutta";"hello bro. i sent maassage to you. i look and vait for edge 3. you never replied. please to let me know when edge 3 available";""
"1257";"16";"Galaxy Note Edge";"";"2015-01-11 13:49";"Bora";"One of the best Smart phones to come from SAMSUNG. The note 4 edge is classy and unique and packs a serious punch when it comes to processing power. Display is out of this world. HD display 24/7 with dense pixel density. Overall a fantastic cell phon...";""
"1258";"16";"Galaxy Note Edge";"";"2015-01-09 15:28";"rahul";"One of the best Smart phones to come from SAMSUNG. The note 4 edge is classy and unique and packs a serious punch when it comes to processing power. Display is out of this world. HD display 24/7 with dense pixel density. Overall a fantastic cell phone,and it has a HDR";""
"1259";"16";"Galaxy Note Edge";"";"2015-01-07 07:04";"Majid ";"One of the best Smart phones to come from SAMSUNG. The note 4 edge is classy and unique and packs a serious punch when it comes to processing power. Display is out of this world. HD display 24/7 with dense pixel density. Overall a fantastic cell phone if u can afford the heavy price. Only drawback is the delicate edge screen which can break if the phone falls on it. ";""
"1260";"16";"Galaxy Note Edge";"";"2015-01-07 07:01";"Migs";"Would note edge supports SIM Tool Kit Application?";""
"1261";"16";"Galaxy Note Edge";"";"2015-01-06 20:49";"manaca113";"I purchased one 10 days ago. The price is as reasonable as the Samsung Note 4. This phone is basically a Note 4 with a second edge screen for navigation. I LOVE IT!!! Its the only way to go for me. I have always used navigation bars on my laptop and it make sense to me to do this with a phone. I can get anywhere I want to go instantly. Samsung please keep this going. You hit a home run in my book.";""
"1262";"16";"Galaxy Note Edge";"";"2015-01-06 10:06";"";"gorilla glass 2 is better than gorilla glass 3, i dont know why gorilla glass 3 is less resistant to scratches and damage,something must be wrong with gorilla glass 3";""
"1263";"16";"Galaxy Note Edge";"";"2015-01-06 08:31";"Anonymous";"Note Edge is Fantastic unit and make the difference in the mobile history.";""
"1264";"16";"Galaxy Note Edge";"";"2015-01-05 15:15";"Anonymous";"Yes note edge is packed with the finger print sensor";""
"1265";"16";"Galaxy Note Edge";"";"2015-01-04 11:38";"siddesh";"Gays don't take others feedback because Samsung galaxy note4 edge is amazing divaice in the world your take and use your understanding the what is the note edge ";""
"1266";"16";"Galaxy Note Edge";"";"2015-01-03 23:32";"Hasan sabuncu";"&#304;t's my first time that I admire a telephone so much &#304;t looks fantastic";""
"1267";"16";"Galaxy Note Edge";"";"2015-01-03 15:04";"Anonymous";"dose this model have finger sensor ";""
"1268";"16";"Galaxy Note Edge";"";"2015-01-03 10:38";"Sanjay";"Any strongest glass will break dat depends hw u make it fall.";""
"1269";"16";"Galaxy Note Edge";"";"2015-01-03 10:16";"Dutch Danny";"Yes. Battry is replaceable. It's battery is the same as Note 4. ";""
"1270";"16";"Galaxy Note Edge";"";"2015-01-02 22:07";"nit";"I also purchased the note edge 20 days before and in first drop the screen has cracked, really a cheap quality product.";""
"1271";"16";"Galaxy Note Edge";"";"2015-01-02 11:41";"";"No manufacture covers screen breaking in warranty bro in INDIA ";""
"1272";"16";"Galaxy Note Edge";"";"2015-01-02 11:35";"";"According to corning its gorilla glass 4 which makes it super strong";""
"1273";"16";"Galaxy Note Edge";"";"2015-01-02 11:33";"";"Yes it is replacable:)";""
"1274";"16";"Galaxy Note Edge";"";"2015-01-01 20:25";"gudoo";"i want to know battery of note edge replasable or not?";""
"1275";"16";"Galaxy Note Edge";"";"2015-01-01 12:09";"";"samsung galaxy note edge very good phone .this is carve scren. good viewing experience no other competition ";""
"1276";"16";"Galaxy Note Edge";"";"2015-01-01 03:25";"sizz la";"Note 2 remain the best";""
"1277";"16";"Galaxy Note Edge";"";"2014-12-31 14:19";"COOL";"no need to put on screen guard its gorilla glass 3....";""
"1278";"16";"Galaxy Note Edge";"";"2014-12-31 05:06";"";"friends, dont buy this phone, you can not put scree guard, screen will get defect very easly, ";""
"1279";"16";"Galaxy Note Edge";"";"2014-12-30 09:58";"Anonymous";"Warranty covers only manufacturing defects, all brand doesn't cover accidental damages";""
"1280";"16";"Galaxy Note Edge";"";"2014-12-30 07:21";"Ragavendra ";"I am eagerly awaited I am booked the phone too now I am using note4 I am upgrade it now";""
"1281";"16";"Galaxy Note Edge";"";"2014-12-30 05:23";"Kent Nguan";"Do not buy! My Note Edge screen cracked the 1st time I dropped it, and the warranty doesn't cover it! High end pricing, low end quality! Quote me a cost of USD$200++ to repair though the Edge is only 1mth+/. My Sony Xperia Z Ultra though has a bigger screen, dropped many times also never cracked. Samsung Mobile, never again.";""
"1282";"16";"Galaxy Note Edge";"";"2014-12-28 23:39";"sunny";"Only Craved screen nothing else...";""
"1283";"16";"Galaxy Note Edge";"";"2014-12-27 06:53";"";"No not at all:).go for it.i am in just love with it&#128525;";""
"1284";"16";"Galaxy Note Edge";"";"2014-12-27 04:26";"tejas";"Trust me its a lot better. I upgraded from note 3. It feels good in hands and has beautiful screen. A must buy if it fits your budget.";""
"1285";"16";"Galaxy Note Edge";"";"2014-12-26 01:49";"";"is there any problems with typing on a Note EDGE keyboad";""
"1286";"16";"Galaxy Note Edge";"";"2014-12-26 01:43";"abdul";"is there any problems with typing on a NOTE EDGE keyboard";""
"1287";"16";"Galaxy Note Edge";"";"2014-12-25 09:29";"Anonymous";"I wonder what the versions you are talking about are";""
"1288";"16";"Galaxy Note Edge";"";"2014-12-25 07:56";"akh";"Cant samsung learn from ohers to increase battery...5.6inch-3000mAh is bad!!!";""
"1289";"16";"Galaxy Note Edge";"";"2014-12-24 11:24";"Anonymous";"Battery seems smaller";""
"1290";"16";"Galaxy Note Edge";"";"2014-12-23 10:57";"Anonymous";"The note edge is exactly the same in internal features as the note 4 but it also includes the curved edge for extra apps and easier multitasking and quick launching apps";""
"1291";"16";"Galaxy Note Edge";"";"2014-12-22 14:59";"don";"there r changes in the model design ";""
"1292";"16";"Galaxy Note Edge";"";"2014-12-22 05:04";"Honey";"only edge screen";""
"1293";"16";"Galaxy Note Edge";"";"2014-12-21 13:38";"gurnam Singh";"hello I m gurnam Singh and I m always searching for new one so I m wating for edge 2. not to buy only for specifications. ";""
"1294";"16";"Galaxy Note Edge";"";"2014-12-21 13:11";"Hasan15";"What's the difference between note 4 and Note edge";""
"1295";"16";"Galaxy Note Edge";"";"2014-12-21 01:52";"Joe53";"Do not buy L, K and S. Versions. Korea no work well outside. Buy G version. It is great phone and I love it. ";""
"1296";"16";"Galaxy Note Edge";"";"2014-12-21 00:53";"";"Pls, how good is this phone compare to Galaxy Note III. Also, is it available in Nigeria now?";""
"1297";"16";"Galaxy Note Edge";"";"2014-12-20 13:59";"Anonymous";"yes you can - i am getting english stock today !!!";""
"1298";"16";"Galaxy Note Edge";"";"2014-12-19 14:46";"Hahn";"It doesnt record in UHD i suppose.. ";""
"1299";"16";"Galaxy Note Edge";"";"2014-12-19 09:30";"Badass";"No. U hav pyramids instead of Galaxy edge lol";""
"1300";"16";"Galaxy Note Edge";"";"2014-12-18 21:37";"Fahad Ghani";"Samsung Galaxy not EDGE its too Good  ";""
"1301";"16";"Galaxy Note Edge";"";"2014-12-18 17:31";"parvaiz";"please tell me about this phone olease ";""
"1302";"16";"Galaxy Note Edge";"";"2014-12-17 15:46";"rivo";"Is note 4 edge in egypt?!";""
"1303";"16";"Galaxy Note Edge";"";"2014-12-17 12:52";" koki";"Like";""
"1304";"16";"Galaxy Note Edge";"";"2014-12-16 14:04";"Anonymous";"I bought one in Bahrain 2-3 weeks ago. Expensive though about BD455";""
"1305";"16";"Galaxy Note Edge";"";"2014-12-16 02:20";"SUNNY";"edge using form last two weeks superb gadget  no issues at all..more better then note 4";""
"1306";"16";"Galaxy Note Edge";"";"2014-12-14 05:32";"Jimmy ";"I agree ";""
"1307";"16";"Galaxy Note Edge";"";"2014-12-13 10:08";"BoyCott";"iPhone never reach this technology in next 10yrs.";""
"1308";"16";"Galaxy Note Edge";"";"2014-12-12 21:52";"note Edge N915L";"anyone knows any possibility note edge N915L working on Malaysian LTE network.might could show some screenshot on "network mode". thanks.";""
"1309";"16";"Galaxy Note Edge";"";"2014-12-12 16:46";"yert";"cant fidn any big difference compared to my Note 3 . only that "edge" think but after a while no one will be use it :)";""
"1310";"16";"Galaxy Note Edge";"";"2014-12-10 23:09";"trevor";"IPhone 6+ is wat expensive is ";""
"1311";"16";"Galaxy Note Edge";"";"2014-12-10 20:16";"";"Yes. No problem in North America or Europe.";""
"1312";"16";"Galaxy Note Edge";"";"2014-12-09 10:59";"Hussain";"Helo, When it is being launched in Saudi Arabia, m waiting for this. ";""
"1313";"16";"Galaxy Note Edge";"";"2014-12-09 09:11";"justafriend";"hi, try to look kimstore in philippines via facebook. Or just search mobilesquare singapore in google. U can buy this device from them. ";""
"1314";"16";"Galaxy Note Edge";"";"2014-12-08 21:50";"Anonymous";"Don't live in tiwan and you should be good";""
"1315";"16";"Galaxy Note Edge";"";"2014-12-08 15:55";"aa";"When will it be officially released in dubai?";""
"1316";"16";"Galaxy Note Edge";"";"2014-12-08 15:37";"eren:*";"pleeease anybody help me where can i purchase this Note edge online.. i badly want this phone but unfortunately will not release here in Taiwan. can anyone here help me :(";""
"1317";"16";"Galaxy Note Edge";"";"2014-12-08 03:10";"Panha";"I see. so Exynos is only available in Korea. Oh, and by the way, is Exynos of note edge support LTE?";""
"1318";"16";"Galaxy Note Edge";"";"2014-12-07 18:49";"";" only sm-n915k/sm-n915l/sm-n915s korea";""
"1319";"16";"Galaxy Note Edge";"";"2014-12-07 18:47";"";"only Exynos because ( may be) @ lollipop unlock 64bit.";""
"1320";"16";"Galaxy Note Edge";"";"2014-12-07 08:38";"";"have been using my note edge for a 2 weeks n i love it";""
"1321";"16";"Galaxy Note Edge";"";"2014-12-07 01:24";"Panha";"I am looking through the specs but i am still wondering is the note edge come with the Exynos LTE like the note 4 or it only comes with the Snapdragon.";""
"1322";"16";"Galaxy Note Edge";"";"2014-12-06 01:55";"Anonymous";"it does wowrk with the gear 2 download app from samsung app it call Gear";""
"1323";"16";"Galaxy Note Edge";"";"2014-12-04 11:04";"Anonymous";"please check  you will find it it cost 3599 aed";""
"1324";"16";"Galaxy Note Edge";"";"2014-12-03 18:07";"Panha";"Is the note edge come with Exynos Chip? and is it supported LTE or only Snapdragon is?";""
"1325";"16";"Galaxy Note Edge";"";"2014-12-03 11:10";"Anonymous";"It is 2.888 Saudi Riyal today.";""
"1326";"16";"Galaxy Note Edge";"";"2014-12-03 08:49";"mohd";"I didn't find it in UAE, where has it been released?";""
"1327";"16";"Galaxy Note Edge";"";"2014-12-03 08:34";"Stilian";"Does anybody know whether it is compatible to the watch gear 2 and if yes how to synchronize it?";""
"1328";"16";"Galaxy Note Edge";"";"2014-12-03 07:15";"farid";"How much thise perice in UAE?";""
"1329";"16";"Galaxy Note Edge";"";"2014-12-02 14:40";"";"It is available now in UAE ";""
"1330";"16";"Galaxy Note Edge";"";"2014-12-02 00:59";"vsptime";"hi there, recently my android phone pissed of me , when its play store update , I was sending mms then whatsapp , when I sent it went to wrong number , both massages went wrong reciver. I have used windows phone more then 5-7 yrs never get this kinda problem .Linux OS is not stabil yet as they told .im sorry , I flet NO trust to android any more. ";""
"1331";"16";"Galaxy Note Edge";"";"2014-12-01 09:20";"p211";"I have it ready.. u need??";""
"1332";"16";"Galaxy Note Edge";"";"2014-12-01 08:43";"";"When is it available in UAE?";""
"1333";"16";"Galaxy Note Edge";"";"2014-12-01 01:23";"";"It's been a week since I've got it, after owning all the iPhones but called it quits on iPhone 6, got Xperia z2, and now first Samsung note edge, haven't be been wowed like that since iPhone 4 release, truly bad a$$ phone, but overpriced and I kill battery in 6-7 hours, thank god for rapid charge.";""
"1334";"16";"Galaxy Note Edge";"";"2014-11-30 18:44";"mike";"Nice phone using for two days now! Fast charging for 15 mins it makes 70% batt level. Bad side very quick to drain also the battery! I hope they make the batt capacity more bigger....";""
"1335";"16";"Galaxy Note Edge";"";"2014-11-29 20:59";"JJ L";"In simplest.. means processor data running in 32bits or 64bits and it can run higher end computations in 64bits faster.";""
"1336";"16";"Galaxy Note Edge";"";"2014-11-29 20:55";"JJ L";"They lost profits due copycats brands and phones. Also they realise the need to look into better segmentation of needs and technology vs price and design... for you to buy.";""
"1337";"16";"Galaxy Note Edge";"";"2014-11-29 20:52";"JJ L";"Nowsaday phone's radio is streaming from network data and not the true radio you had b4 on 2/2.5G phones";""
"1338";"16";"Galaxy Note Edge";"";"2014-11-29 20:49";"JJ L";"Obviously you are ill informed. It has notifications running, it can be activated without switching the who screen on so u save battery in a way... go read and watch videos to find out more.";""
"1339";"16";"Galaxy Note Edge";"";"2014-11-29 20:47";"JJ L";"I thought it is already announced that they will limit production sets and I do not expect it to last a year.";""
"1340";"16";"Galaxy Note Edge";"";"2014-11-29 20:13";"k taylor ";"The Samsung is to me the best series of phone manufacturer.. What phone are u working with.. ";""
"1341";"16";"Galaxy Note Edge";"";"2014-11-27 16:47";"";"good for you bro. in my country it aint available. i so wanted one ended up with a sm n910f note 4 instead. enjoy it mate.";""
"1342";"16";"Galaxy Note Edge";"";"2014-11-27 16:42";"";"I jumped from iPhone to Xperia z2 and now notell edge, I'm wowed, Samsung did a good job on this phone, it ain't cheap, but compare price of iPhone 6 plus and note edge, it's a no brainer ";""
"1343";"16";"Galaxy Note Edge";"";"2014-11-27 11:36";"";"I think the price is so high  Samsung need to increase features over Note 4 to reach that price just like water resistant and 128 GB memory and at least 5 MP front camera then we can call it a legendary device with over 1000 EUR ";""
"1344";"16";"Galaxy Note Edge";"";"2014-11-26 18:57";"Ulfat";"Buy It. Its just perfect";""
"1345";"16";"Galaxy Note Edge";"";"2014-11-26 14:49";"Mikaella";"Can't Decide here guys. Which is which? Note 4 or Note Edge, i'm planning to buy, as for i am a fan of note series ";""
"1346";"16";"Galaxy Note Edge";"";"2014-11-26 13:55";"jakir";"no one cares if you hate samsung and in your low votes in here.";""
"1347";"16";"Galaxy Note Edge";"";"2014-11-25 22:50";"";"Too much expensive in Kuwait, 342 KWD !!";""
"1348";"16";"Galaxy Note Edge";"";"2014-11-25 13:33";"";"There is a problem with the endurance ratings. In the review, the result is revised as 68 hours but in the battery test index it still is 52 hours.";""
"1349";"16";"Galaxy Note Edge";"";"2014-11-25 06:44";"hkk";"yes within a year the price will be half... so then we can buy it";""
"1350";"16";"Galaxy Note Edge";"";"2014-11-25 00:47";"";"I am not a fan of SAMSUNG even hate this brand. However this model is an exception and i give 6 points to its design, while features and performence worths nothing but 2 points";""
"1351";"16";"Galaxy Note Edge";"";"2014-11-24 01:57";"";"Firstly a small edge, having icons to touch. Nothing else, Rest same as N4. Now what the dam thing else it does, but just a style or funny screen gimmick.  Forget it till it is recalled. ";""
"1352";"16";"Galaxy Note Edge";"";"2014-11-23 09:52";"Anonymous";"oh crap its too expensive ";""
"1353";"16";"Galaxy Note Edge";"";"2014-11-22 05:29";"reede";"same as Iphone, they are buying it anyway.";""
"1354";"16";"Galaxy Note Edge";"";"2014-11-22 03:06";"orthopod4u";"love it. battery life not as good as note 4 though. rest very good.go for it.";""
"1355";"16";"Galaxy Note Edge";"";"2014-11-22 00:11";"SMX";"TBC means (To be confirmed) Samsung did not use radio on there device yet but it will be confirmed soon, maybe on Note 4 edition or note 5.";""
"1356";"16";"Galaxy Note Edge";"";"2014-11-21 20:36";"khurram";"I seen this device today in hall road.he ask108000 only kit of this mobile without accessories It's UK model hope working one month price come from70,000";""
"1357";"16";"Galaxy Note Edge";"";"2014-11-21 17:51";"";"u and ur kind of people are very less in this world thats y samsung made this with android ;)";""
"1358";"16";"Galaxy Note Edge";"";"2014-11-21 14:37";"Anonymous";"what is radio: TBC??";""
"1359";"16";"Galaxy Note Edge";"";"2014-11-20 12:41";"Anonymous";"No";""
"1360";"16";"Galaxy Note Edge";"";"2014-11-18 10:29";"";"Water resistant?";""
"1361";"16";"Galaxy Note Edge";"";"2014-11-17 15:07";"Maru Mee";"I wish samsung could make the mini version. ";""
"1362";"16";"Galaxy Note Edge";"";"2014-11-17 09:41";"sham";"how is the note egdge doing with the camera to scan the photo or the documents";""
"1363";"16";"Galaxy Note Edge";"";"2014-11-17 03:39";"LC";"This is the future.  Iphone is yesteryear technology.. Quite laughable though, large screen on Iphone6 as if they have invented it... ";""
"1364";"16";"Galaxy Note Edge";"";"2014-11-17 02:03";"vsptime";"this is what I call technology advancement in mobile device , if it runs on stable OS like windows phone , I will be frist to get it. sad it runs on Linux.";""
"1365";"16";"Galaxy Note Edge";"";"2014-11-16 16:10";"Nadia";"No doubt why Samsung lost a lot of profits because they keep making this kind of useless device ";""
"1366";"16";"Galaxy Note Edge";"";"2014-11-15 12:31";"khurram";"Samsung Glaxy note edge is a best phone of the world.if you want to purchase any phone i advised and recommend to you for this phone.";""
"1367";"16";"Galaxy Note Edge";"";"2014-11-15 09:06";"Anonymous";"never";""
"1368";"16";"Galaxy Note Edge";"";"2014-11-15 08:31";"MasEnha";"Just last week I've seen a K-Drama "Rooftop Prince" I'm surprised that this phone is being used by lead actor; then I've more surprised that the drama was actually aired on 2012.  Let say that I've been late, but it's a sign that Sammy reveal the prototype so much for this 2 years before. Other devices might also be revealed in other ways.";""
"1369";"16";"Galaxy Note Edge";"";"2014-11-14 22:32";"Anonymous";"Assalam O Aleikum,  Will this device be coming to Pakistan..??  If yes, till when..??";""
"1370";"16";"Galaxy Note Edge";"";"2014-11-13 22:19";"Aceix";"quad core krait, 3GB RAM, adreno 420... and oh plus the curved screen, this can be a boost to smartphone gaming. think of it L and R buttons now on a phone!";""
"1371";"16";"Galaxy Note Edge";"";"2014-11-12 15:05";"Anonymous";"it doesn't bend. The screen extends to the side of the phone. perfectly rigid.   but to answer your question, yes I'd love a phone that bends (by design)";""
"1372";"16";"Galaxy Note Edge";"";"2014-11-10 21:44";"Anonymous";"Do we really need phones that bent?";""
"1373";"16";"Galaxy Note Edge";"";"2014-11-10 04:56";"";"By its specs and unique design, im so excited to have this phone here in Phils. I am using for quite sometime a note 3 and planning to upgrade this for note edge. I hope this phone can come here not later than Dec of this year and hoping to make this phone affordable for average buyer like me...";""
"1374";"16";"Galaxy Note Edge";"";"2014-11-09 19:54";"Android Man";"An amazing phone. in which i wish we would get in the uk. Sadly not. which i feel is silly. because i think this would go down a storm. But i cant wait to the S6 or what ever it will be called.";""
"1375";"16";"Galaxy Note Edge";"";"2014-11-09 14:42";"";"Hello there this galzxy note edge phone is one the best smart phone which has all the qualities that a andriod phone should have. It is very cheap and anyone can easily buy it you can one of this type of phone in this link which is ";""
"1376";"16";"Galaxy Note Edge";"";"2014-11-09 12:02";"Anonymous";"The edge will break on the right hand side if you drop it";""
"1377";"16";"Galaxy Note Edge";"";"2014-11-08 23:18";"maxx";"Agreed can't wait to get mine";""
"1378";"16";"Galaxy Note Edge";"";"2014-11-08 17:00";"cj";"When they are going to release it";""
"1379";"16";"Galaxy Note Edge";"";"2014-11-08 12:07";"Dan..";"Certain countries already started preorders.. And because i feel that it will not be available in the philippines i preordered my edge in japan.";""
"1380";"16";"Galaxy Note Edge";"";"2014-11-08 11:34";"";"which plan are you on? are you in Australia? I'm planning to sign a contract with this phone too. ";""
"1381";"16";"Galaxy Note Edge";"";"2014-11-08 04:59";"";"If you don't like that, you should't have this phone";""
"1382";"16";"Galaxy Note Edge";"";"2014-11-07 23:25";"Sunny";"I have just ordered this on vodafone plan. is very expensive but will love to have it. its different and unique.";""
"1383";"16";"Galaxy Note Edge";"";"2014-11-07 03:15";"Hazim";"There are two Questions ? 1. Is it comfortable for both right and left hands people? 2. While the call fingers will not effect on the curved area ";""
"1384";"16";"Galaxy Note Edge";"";"2014-11-07 01:00";"yoi yoi";"This phone too expensive with contract $400 and Note 4 $300. So u have to pay $100 extra just for side curve. What a lame... but im still buying it, its totally different and looks way better than ugly iPhone 6.";""
"1385";"16";"Galaxy Note Edge";"";"2014-11-06 17:10";"Dennis";"The edge looks fantastic. Can't wait to get one when they land in Canada. This will be the number 1 phone on the market. Another great job Samsung";""
"1386";"16";"Galaxy Note Edge";"";"2014-11-06 16:44";"Anonymous";"Oh dear, someone has an opinion (that this phone is ugly) therefore it sucks. Well, in my opinion, I think it looks great, and the functionality is brill too! So does that make it a good phone?";""
"1387";"16";"Galaxy Note Edge";"";"2014-11-06 15:42";"PIVOTAL";"Will buy it.";""
"1388";"16";"Galaxy Note Edge";"";"2014-11-06 01:08";"Zolas";"You must be a Apple fan BOY!!!";""
"1389";"16";"Galaxy Note Edge";"";"2014-11-05 16:35";"";"It sucks because it's ugly (in your opinion)? Really? How about how it works?";""
"1390";"16";"Galaxy Note Edge";"";"2014-11-05 15:20";"";"What a super ugly phone. Really this looks like crap, and a-symmetric. Why not curved on both sides?  Man this phone really sucks.";""
"1391";"16";"Galaxy Note Edge";"";"2014-11-05 03:21";"";"Yes, Apple is a generic, no-brainer phone for the masses.";""
"1392";"16";"Galaxy Note Edge";"";"2014-11-04 16:01";"pankaj";"sexy phone ";""
"1393";"16";"Galaxy Note Edge";"";"2014-11-04 15:25";"Anonymous";"Not good";""
"1394";"16";"Galaxy Note Edge";"";"2014-11-03 08:39";"Anonymous";"12 November 2014 ";""
"1395";"16";"Galaxy Note Edge";"";"2014-11-02 16:11";"vsptime";"if only this phone runs on windows O/S I will get it, but sad it runs on Linux ";""
"1396";"16";"Galaxy Note Edge";"";"2014-11-02 05:57";"ceferdous";"When the Battery Test will be performed for Note Edge?";""
"1397";"16";"Galaxy Note Edge";"";"2014-10-31 23:42";"cutezoe";"Have seen info about 1200-1300 USD";""
"1398";"16";"Galaxy Note Edge";"";"2014-10-31 20:01";"";"what price will have this phone?";""
"1399";"16";"Galaxy Note Edge";"";"2014-10-31 02:18";"Ethan";"Anyone have info on the release date in Jordan? do you reckon it will be November this year?";""
"1400";"16";"Galaxy Note Edge";"";"2014-10-29 15:55";"";"I think it's just the repurchasing rate. Iphone has 80% repurchasing rate each year, its not that people are switching from Samsung to Apple that is definitely out. ";""
"1401";"16";"Galaxy Note Edge";"";"2014-10-29 15:46";"";"Do you know about launch date in Australia?";""
"1402";"16";"Galaxy Note Edge";"";"2014-10-29 07:02";"Ferdous";"When the review with battery test will be available in gsmarena.com?";""
"1403";"16";"Galaxy Note Edge";"";"2014-10-29 04:50";"zakiah";"when galaxy edge launched at malaysia?";""
"1404";"16";"Galaxy Note Edge";"";"2014-10-28 06:44";"USAGal";"When is the edge being released in the USA?";""
"1405";"16";"Galaxy Note Edge";"";"2014-10-28 00:17";"Ethan";"Hey guys, the good question is will the note edge be released in all countries world wide or there is a restricted country list with limited production?";""
"1406";"16";"Galaxy Note Edge";"";"2014-10-27 22:32";"skatavr6";"Does anyone have an actual date on the release date in the U.S? especifically AT&T. Thanks";""
"1407";"16";"Galaxy Note Edge";"";"2014-10-27 21:11";"Anonymous";"Note edge.....enjoy latest technology..";""
"1408";"16";"Galaxy Note Edge";"";"2014-10-27 08:47";"Hali";"Is this pre-order availability for specific countries? how can i get it over the order? Please tell me countries with availability if anyone knows";""
"1409";"16";"Galaxy Note Edge";"";"2014-10-26 01:59";"Bu";"Note 4 on 5th November and Note edge on 12th November. I already pre ordered edge through Vodafone.";""
"1410";"16";"Galaxy Note Edge";"";"2014-10-25 13:37";"Anonymous";"When is the edge and note 4 available in Australia ? I heard that the release date is now November. ";""
"1411";"16";"Galaxy Note Edge";"";"2014-10-25 08:36";"Ganesh";"Go for Note edge because it is latest smart phone in world wide. the curve screen is really super.in iphone 6 disoplay zoom is not so good,iphone does nit supports NFC as well as it has only dual core proceessor 1.4 ghz compared to Note edge.Note edge have 2.7 ghz quad core processor and compared to iphone the note edge have high resolution display.you can see videos clearly in note edge.iphone is good but it has very coomman features.";""
"1412";"16";"Galaxy Note Edge";"";"2014-10-25 06:15";"HOBA";"Appreciate ur advice if this device will be available in Egypt !!!!! if yes when?? ";""
"1413";"16";"Galaxy Note Edge";"";"2014-10-24 04:08";"";"samsung anounced note edge india and russia. but when will it come in india ?";""
"1414";"16";"Galaxy Note Edge";"";"2014-10-22 19:32";"sobuj";"Of course samsung galaxy note Edge & iPhone 6 is dum";""
"1415";"16";"Galaxy Note Edge";"";"2014-10-22 12:32";"";"The best galaxy note edge smart phone and android 4.4 Kit Kat version.The Galaxy Note , MTK6582 Quad Core, MTK6572 Dual Core, MTK6592 Octa Core.My barbarity in the smart phone. ";""
"1416";"16";"Galaxy Note Edge";"";"2014-10-21 20:23";"";"hai friends pls ans in my qus which phone is beter iphone 6 ya note edge pls comments all user in gsmrena";""
"1417";"16";"Galaxy Note Edge";"";"2014-10-21 20:01";"Dan";"I must have the Edge, FAST!!! Release it!";""
"1418";"16";"Galaxy Note Edge";"";"2014-10-21 13:11";"mitsubishi";"OK, just another 2.7GHZ QUAD COREE. hahaha LAGdroid requires that power and much more. Because Android just don't work. All of that power. Wasted by an unfunctional OS.";""
"1419";"16";"Galaxy Note Edge";"";"2014-10-21 11:42";"Shahid";"Awesome phone i need it immediately. Can anyone tell me when it will be available in the market????????waiting.......";""
"1420";"16";"Galaxy Note Edge";"";"2014-10-20 04:13";"Lizzy";"Every was laughing (me included) about the first Galaxy Note, I got the Note 3 almost by accident, wow it is simply incredible, can't wait to get my hands on the Note 4. Now maybe the laughs are on the "Edge", I think it will also set the road for innovation. Only time will tell, mean time I just loved it on FIFA 2014. I even think that this "Special Edition" won't be enough, it looks great and brings then again, a new player to the game. ";""

