"1441";"17";"Galaxy Note 4 Duos";"";"2015-01-20 08:31";"";"The problem is internal memory less than Note 3 Duos. ";""
"1442";"17";"Galaxy Note 4 Duos";"";"2015-01-20 00:15";"";"note 4 dual sim battery is different from the single sim version. its a bit slimmer. wont fit. i tried it already.. my battery lasts for more than a day, calls, text, 4g surfing .. i dont play games. ";""
"1443";"17";"Galaxy Note 4 Duos";"";"2015-01-20 00:13";"jeff";"the battery is different from the single sim note 4.. i will not fit.. i tried it already.. this battery is bit slimmer .. my problem is where to buy extra battery.. haha.. the battery life of my note 4 duos is good... more than 24 hours.... just 4g internet, videos , call, text. i dont play games. ";""
"1444";"17";"Galaxy Note 4 Duos";"";"2015-01-19 19:06";"adhu84";"I got this phone..really impressed with it. Battery is also awesome. I am getting more than one day with medium usage.ie occasional social networking, watching videos and using skype.  I checked the standby mode also. I am getting more than 2 days backup.. It is consuming about 2% of battery for every hour with LTE data on.  ";""
"1445";"17";"Galaxy Note 4 Duos";"";"2015-01-19 15:04";"geolids";"Hi if Note4 Duos has 3000 mAh battery, can I still use an extra battery kit with a 3220 mAh battery?";""
"1446";"17";"Galaxy Note 4 Duos";"";"2015-01-19 04:38";"blink_55";"battery life is very good... used it with mobile data ON whole day and lasts more than a day";""
"1447";"17";"Galaxy Note 4 Duos";"";"2015-01-19 03:00";"Coty";"What means light and medium usage? I only get about 12 hours of battery life without talking or playing games or video. Only checking the web from time to time. I dont know if its because of the carrier or something. I am in China btw and i flashed it with hong kong version to unlock google.";""
"1448";"17";"Galaxy Note 4 Duos";"";"2015-01-19 02:23";"Coty";"Battery life is a dissapointment. I have the charge it every night just like my previous Huawei Honor 3C which had a smaller battery. Actually with a medium usage of using the internet i use an average of 10% of the battery every hour. This is without talking or playing games or watching videos.  I dont know if its because of the carrier signal or because i flashed it with Hong Kong firmware in order to unlock the Google thing. How is your experience about the battery?";""
"1449";"17";"Galaxy Note 4 Duos";"";"2015-01-14 21:07";"chris";"why the hell has it a 220mah smaller battery than the normal note 4 ?????";""
"1450";"17";"Galaxy Note 4 Duos";"";"2015-01-12 12:47";"Nikola";"Is this phone ACTIVE DUAL or you have to redirect your calls from one SIM to another in order to receive calls actively from both SIMs?";""
"1451";"17";"Galaxy Note 4 Duos";"";"2015-01-12 08:34";"Teddyz";"The phone is excellent. Just bought one in Asia and using it in Europe (Mainland). No worries at all..";""
"1452";"17";"Galaxy Note 4 Duos";"";"2015-01-11 07:39";"Anonymous";"Since it is imported piece. Does the charger and fast charging cable works as expected in India, do we need to use some adapater?. I think samsung ships fast charging cable along with the device.";""
"1453";"17";"Galaxy Note 4 Duos";"";"2015-01-11 06:33";"SURYA";"hello brothers please give me advise samsung galaxy note 4 duo,this mobile working good or not and will buy or not. please give advise.";""
"1454";"17";"Galaxy Note 4 Duos";"";"2015-01-09 16:01";"Anonymous";"should I wait for zenfone2 or just get this phone???";""
"1455";"17";"Galaxy Note 4 Duos";"";"2015-01-09 14:40";"";"Bro got it from eBay India from Telson. Only sim one supports 4g 3g and 2g  Sim 2 supports only 2g";""
"1456";"17";"Galaxy Note 4 Duos";"";"2015-01-09 01:35";"";"Where did you buy Note 4 dual and for how much. Does it support 3G on both SIM?";""
"1457";"17";"Galaxy Note 4 Duos";"";"2015-01-08 15:05";"";"Bro battery life is great....u talking rubbish...and how.can u compare huwai to Samsung....Samsung is way better...I say HTC has best android implementation . Iam using note 4 dual for few months now...great phone . ";""
"1458";"17";"Galaxy Note 4 Duos";"";"2015-01-08 13:48";"Biju";"I used 9100 dual sim note 4 in India and abroad also dual sim works well. excellent phone till now no problem. battery is good no hang or other problem waiting for update of Lollypop.";""
"1459";"17";"Galaxy Note 4 Duos";"";"2015-01-07 00:47";"torontocanada";"will this phone work with any carriers in canada? ";""
"1460";"17";"Galaxy Note 4 Duos";"";"2015-01-06 21:27";"";"This phone have a very disappointed battery. Huawei mate7 is better option because mate7 is dual active phone. And 4100Mah battery. ";""
"1461";"17";"Galaxy Note 4 Duos";"";"2015-01-04 00:24";"";"yes battery life is good 2 days with light use and 1 day with medium use... yes this phone will get future updates and will get lollipop soon..";""
"1462";"17";"Galaxy Note 4 Duos";"";"2015-01-03 01:13";"Red";"How's the battery life? When 2 networks are running? ";""
"1463";"17";"Galaxy Note 4 Duos";"";"2015-01-02 19:48";"Phunmiegold";"Pls is dis fone upgrade compliance. Can I upgrade. ";""
"1464";"17";"Galaxy Note 4 Duos";"";"2015-01-02 04:51";"Anonymous";"faisal, From where did you buy the note 4 dual sim and whats the model number? You using this is which country?";""
"1465";"17";"Galaxy Note 4 Duos";"";"2015-01-01 16:59";"faisal";"Excellent phone. No issues..duak sim functions work perfect..9/10";""
"1466";"17";"Galaxy Note 4 Duos";"";"2014-12-29 10:13";"";"Thanks bro. But plzz can u share eBay link plzz... Thanks again in advance.";""
"1467";"17";"Galaxy Note 4 Duos";"";"2014-12-29 04:59";"Anonymous";"Folks in India who bought Note 4 Dual SIM, please provide more information.  1. Say if in coming few months Samsung Releases Note 4 Dual SIM in India. How do you compare that with Note 4 duos sold in eBay.in?. What is the difference?  2. Any issues faced so far, like caller ID not appearing when dual SIM's are inserted. Hang issues?";""
"1468";"17";"Galaxy Note 4 Duos";"";"2014-12-29 02:30";"";"bro phone is working great..no problem at all...";""
"1469";"17";"Galaxy Note 4 Duos";"";"2014-12-28 07:22";"";"All duos users! Is there any hanging problem than single sim? Coz we are not getting company warranty on eBay, they are giving seller's warranty... So is it worth to go with duos rather than single Sim? Plz suggestion will be appreciated. Thanks";""
"1470";"17";"Galaxy Note 4 Duos";"";"2014-12-28 07:05";"SURYA";"please give me details about samsung galaxy note 4 duo. ";""
"1471";"17";"Galaxy Note 4 Duos";"";"2014-12-27 18:00";"";"I got it from eBay india from telson genuine seller . I think white or black are best options  U can always change back cover to what ever color u like";""
"1472";"17";"Galaxy Note 4 Duos";"";"2014-12-27 10:47";"";"Hey becool79... can u share a link where did u buy the duos phone from? and which is better in look? gold? white? or black? plz suggest i m lil confused!! thanks";""
"1473";"17";"Galaxy Note 4 Duos";"";"2014-12-27 00:02";"";"I agree with u";""
"1474";"17";"Galaxy Note 4 Duos";"";"2014-12-25 15:50";"abhay";"I just got it from ebay india.Go for this one.It is seal packed with all features as in india";""
"1475";"17";"Galaxy Note 4 Duos";"";"2014-12-23 17:36";"";"hi dude, i want also note4 duos. but i dont know to where it is got. can tell me where it is got.samsung galaxy note 4.";""
"1476";"17";"Galaxy Note 4 Duos";"";"2014-12-22 20:30";"";"Just got a new software update on my note 4 duos....";""
"1477";"17";"Galaxy Note 4 Duos";"";"2014-12-22 19:12";"";"If u live in India check ebay.in or YouTube for videos....I have h.k version that is the international version with h.k warranty ";""
"1478";"17";"Galaxy Note 4 Duos";"";"2014-12-22 11:25";"Anonymous";"There is no international version, only HK version and China version.";""
"1479";"17";"Galaxy Note 4 Duos";"";"2014-12-22 00:26";"Beto";"Where to find Note 4 Duos -internacional version-?";""
"1480";"17";"Galaxy Note 4 Duos";"";"2014-12-21 19:24";"anas";"Type *#0*#  If a new menu pop, then it's original. If nothing happened , then it's fake";""
"1481";"17";"Galaxy Note 4 Duos";"";"2014-12-20 15:20";"";"How is the Battery Life Note 4Duos? with Talktime ";""
"1482";"17";"Galaxy Note 4 Duos";"";"2014-12-20 03:56";"Anonymous";"I love it";""
"1483";"17";"Galaxy Note 4 Duos";"";"2014-12-19 04:55";"ZAW";" A little need Not perfect.";""
"1484";"17";"Galaxy Note 4 Duos";"";"2014-12-19 00:04";"";"Yeah it's definitely the best 0nes around...lovely screen....very good camera s pen multi window...good battery life....and I can go on and on";""
"1485";"17";"Galaxy Note 4 Duos";"";"2014-12-18 19:25";"";"This snapdragon 805 is 32bits ad last week Sammy announced 810 right away, fr 64 bit architecture. At least international version Exynos is 64bit ready. Mind you Note5 would be perfect just wait for the Taste. ";""
"1486";"17";"Galaxy Note 4 Duos";"";"2014-12-18 13:32";"mer";"How can i know that note 4 duos is fake? Is the note 4 duos Hong kong doesnt have play store?";""
"1487";"17";"Galaxy Note 4 Duos";"";"2014-12-18 04:50";"";"No issue..loving the note4 duos";""
"1488";"17";"Galaxy Note 4 Duos";"";"2014-12-16 07:16";"Akshay";"As m planning to buy note4 duos......jst want to knw wether its worthy  ";""
"1489";"17";"Galaxy Note 4 Duos";"";"2014-12-16 06:26";"Mond";"Hi, is the note 4 dual sim international version also have caller I'd issue like the note3 dual sim?";""
"1490";"17";"Galaxy Note 4 Duos";"";"2014-12-15 12:47";"";"The "International" (Hong Kong version really) should have text in English and links to Samsung Hongkong, the Chinese version won't have that.";""
"1491";"17";"Galaxy Note 4 Duos";"";"2014-12-14 12:25";"Jo";"Can any one try calling SIM2 no from SIM1 . If the call gets through, it is Dual Active Phone. Checking is that simple. ";""
"1492";"17";"Galaxy Note 4 Duos";"";"2014-12-14 03:49";"wency";"what about your contacts? are they separate or lump together?";""
"1493";"17";"Galaxy Note 4 Duos";"";"2014-12-14 03:46";"wency";"what about the contacts? are they separate or all together? ";""
"1494";"17";"Galaxy Note 4 Duos";"";"2014-12-13 20:55";"";"The international version has Google service and play store installed... Check YouTube for videos SAMSUNG GALAXY NOTE 4 N9100 DUAL SIM DUOS SOFTWAR: ";""
"1495";"17";"Galaxy Note 4 Duos";"";"2014-12-13 20:50";"";"Battery life is very good....I don't talk much but use it mainly for online stuff and work....social network and playing games...the phone last me about 15 to 16 hrs with heavy use...my main talking phone is lumia 1020";""
"1496";"17";"Galaxy Note 4 Duos";"";"2014-12-13 14:58";"infodd";"What about the battery life? For talk time. ";""
"1497";"17";"Galaxy Note 4 Duos";"";"2014-12-13 10:53";"SAS";"So Which one has Play Store and Google pre-installed on it? Chinese Handset or International Handset?? Thanks!!";""
"1498";"17";"Galaxy Note 4 Duos";"";"2014-12-12 21:59";"";"Guys only way to know the difference been Chinese and international version is when u open the box to see if play store and Google services are installed on it or no.... Coz both phones have same model number n9100";""
"1499";"17";"Galaxy Note 4 Duos";"";"2014-12-12 07:54";"wency";"Is there any way you can differentiate china note 4 and the international version by just lookin at the box? I wanna get onebut when you open it you have to buy it. Theyre not exactly sure what model they have. I am from philippines";""
"1500";"17";"Galaxy Note 4 Duos";"";"2014-12-11 04:46";"";"Better go for Huawei Ascend Mate 7 Gold edition.";""
"1501";"17";"Galaxy Note 4 Duos";"";"2014-12-10 05:51";"Adhu84";"When this note 4 dual sim model will be available in middle east?";""
"1502";"17";"Galaxy Note 4 Duos";"";"2014-12-09 14:02";"neel";"Can any one let me know it support 4G LTE-A or not Your feed back is highly appreciated";""
"1503";"17";"Galaxy Note 4 Duos";"";"2014-12-08 18:17";"arun";"does it support 4G+ (4G advanced)net work .";""
"1504";"17";"Galaxy Note 4 Duos";"";"2014-12-07 22:35";"";"Ok weird....my note 4 dual sim camera works great..jjust check many samsung phones now days coming with defective camera.. I had samsung s5 warranty piece which had defective camera....I sent it to samsung Care 3 times no luck..still shii**y camera. They said they changed motherboard to camera then y is camera still bad...soo in the end I just sold the phone...wasted my 36.5 k rupee ";""
"1505";"17";"Galaxy Note 4 Duos";"";"2014-12-07 22:13";"";"Hey Samsung! .. Why don't you stop using Sony poor sensors!! .. Formerly, I had note 4 exynos edition ( Samsung sensor ) and got marvelous shots ..now I am using this dual sim note 4 suffering it's weak camera!";""
"1506";"17";"Galaxy Note 4 Duos";"";"2014-12-04 09:52";"";"Yes it had all Google apps and play store Yes it is from Hong Kong and model number is N9100...awesome device..I got it from amazon india";""
"1507";"17";"Galaxy Note 4 Duos";"";"2014-12-04 08:05";"SALEH";"Does it have Google apps (Play store ...) ?? Is it N9100 ?? Is it from Hong Kong ?? Waiting your feedback Thanks ";""
"1508";"17";"Galaxy Note 4 Duos";"";"2014-12-04 00:12";"";"My lock screen shows the caller name on the lock screen when I have miss call....no idea about sensor y u wanna turn it off any way";""
"1509";"17";"Galaxy Note 4 Duos";"";"2014-12-03 15:47";"";"can you help me :-  1). [Q] detailed Missed call on lock screen, how? When I have a missed call, all I get on my lock screen is "missed call / missed call", is there a way to have it show the name and number of the missed call on the lock screen?  2). Q] how to turn off proximity sensor how to turn off proximity sensor in NOte 4. i can`t find option.";""
"1510";"17";"Galaxy Note 4 Duos";"";"2014-12-03 13:40";"";"Hey guys just started using note 4 dual.sim....really lovin the phone...love the huge screen.and its smooth....camerabis good....love the S pen features....will.report soon with more use and feedback....";""
"1511";"17";"Galaxy Note 4 Duos";"";"2014-12-02 15:25";"";"The HK version has launched with Google Play, but otherwise it's identical to the Chinese version (supports the same bands):    Then there is SM-N910FD for UAE that's supposed to have dual-SIM and better international LTE band support, but I havent found much information about it.";""
"1512";"17";"Galaxy Note 4 Duos";"";"2014-12-02 11:06";"noteduos";"Battery 3200 vs 3000 ? why lower than 1 sim card ?";""
"1513";"17";"Galaxy Note 4 Duos";"";"2014-12-01 21:23";"Maged";"Does anyone know when Note 4 duos will be launched internationally and in middle east especially?";""
"1514";"17";"Galaxy Note 4 Duos";"";"2014-12-01 19:05";"jhoeblack";"There's no other options on the 4/3/2g when you touch it,is there anyone confront this issue.. Thanks";""
"1515";"17";"Galaxy Note 4 Duos";"";"2014-12-01 18:46";"";"make sure your 4g sim is in sim slot 1....check with setting and wat speed is set to max...set it to auto";""
"1516";"17";"Galaxy Note 4 Duos";"";"2014-12-01 18:32";"jhoeblack";"I have some concern on my galaxy note 4 dous,the 4g is not functioning anyone can help what should i do? Thanks";""
"1517";"17";"Galaxy Note 4 Duos";"";"2014-12-01 05:51";"Hotcube";"Is the Galaxy Note 4 Duos works for both GSM & CDMA in the same time??";""
"1518";"17";"Galaxy Note 4 Duos";"";"2014-12-01 03:32";"jmregs";"Hi, can you give me some review on your samsung galaxy note 4 duos are they have pre installed google playstore and google services on the phone and the pre installed apps like google playstore and google services are they really works fine? Ty";""
"1519";"17";"Galaxy Note 4 Duos";"";"2014-11-30 18:25";"king of all princes";"There's no sense in your negative comments about Samsung phones. Lots of thin air and without facts to prove. Dont know what you are ranting about. You have obviously come to the wrong site. ";""
"1520";"17";"Galaxy Note 4 Duos";"";"2014-11-30 16:28";"";"yes u can buy note 4 duos...make sure its the international version where all google services and play store comes preinstalled";""
"1521";"17";"Galaxy Note 4 Duos";"";"2014-11-29 13:58";"jmregs";"Hi, can you please give me a feedback if it is ok to buy this samsung galaxy note 4 duos (dual sim) and its really true that has a pre installed google playstore and google service inside the phone and works fine.ty";""
"1522";"17";"Galaxy Note 4 Duos";"";"2014-11-29 13:57";"";"As if not recommending this phone will boost the Xperia Z2 sales... Since you are generalizing all Samsung phones with S2, so is my experience with Xperia P, it's horrible! I am not recommending buying any Xperia phone, they are just a waste!";""
"1523";"17";"Galaxy Note 4 Duos";"";"2014-11-29 13:55";"";"Hi, can you please give me a feedback if it is ok to buy this samsung galaxy note 4 duos (dual sim) and its really true that has a pre installed google playstore and google service inside the phone and works fine.ty";""
"1524";"17";"Galaxy Note 4 Duos";"";"2014-11-29 13:54";"jmregs";"Hi, can you please give me a feedback if it is ok to buy this samsung galaxy note 4 duos (dual sim) and its really true that has a pre installed google playstore and google service inside the phone and works fine.ty";""
"1525";"17";"Galaxy Note 4 Duos";"";"2014-11-29 13:53";"";"just one defect!!!! you were very lucky... all my friends have a lot of problems with their galaxies";""
"1526";"17";"Galaxy Note 4 Duos";"";"2014-11-29 13:45";"";"Unfortunately i have same problem with my galaxy s4. its camera doesn't work and guarantee is just a useless paper. the interesting point is that i have had my nokia N73 for 8 years without any defects. I wish nokia come back to its peak.";""
"1527";"17";"Galaxy Note 4 Duos";"";"2014-11-29 13:44";"joseph";"Hi, can you please give me a feedback if it is ok to buy this samsung galaxy note 4 duos (dual sim) and its really true that has a pre installed google playstore and google service inside the phone and works fine.ty";""
"1528";"17";"Galaxy Note 4 Duos";"";"2014-11-29 13:35";"";"No bro....i have used note 1 note 2 and note 3 all were great phones.....i need a big screen phone for work purpose and note 4 looks gr8 and tat to in dual version...yes like all manufacturing companies even samsung has defective products.... I got my wife S5 warranty pc which had defective camera....i gave samsung care 3 times but no luck...they kept saying we changed the camera but nothing....";""
"1529";"17";"Galaxy Note 4 Duos";"";"2014-11-29 13:26";"";"buying a galaxy note 4 is just throwing money around.it will be broken after 6 months like other Sams**g phones! ";""
"1530";"17";"Galaxy Note 4 Duos";"";"2014-11-29 13:26";"";"Bro internal available is 11 gb....";""
"1531";"17";"Galaxy Note 4 Duos";"";"2014-11-29 10:31";"";"I meant the trend is same for Samsung phones. However, I respect your opinion and wont post negatively in this section again. Nevertheless I strongly recommend to avoid defrauding companies.";""
"1532";"17";"Galaxy Note 4 Duos";"";"2014-11-28 23:41";"";"Hey guys just brought 2 pcs....of samsung note 4 dual sim in white color....16gb inbuilt memory....will post small review soon....now iam using lumia 1020 main phone and htc m8 dual sim as 2nd phone.... Lets see if note 4 dual can win from htc m8 dual....";""
"1533";"17";"Galaxy Note 4 Duos";"";"2014-11-28 16:20";"";"i see no reason why u're comparing s2 wit note 4 duos if u don't have any dirty mind for dis fone, 4me i'm waitin for its price to little bit down & buy 4me & my wife, cuz it remain the best fone on earth 4now alongside da fingerprint sensor, wit 515ppi. Common talk snthing else man...............";""
"1534";"17";"Galaxy Note 4 Duos";"";"2014-11-28 15:08";"";"can somebody tell me how much is internal memory available as it says 16 gb but obviously some storage will be for system apps. so how much is available ???";""
"1535";"17";"Galaxy Note 4 Duos";"";"2014-11-28 09:00";"";"Ironically, the main reason of my negative attitude is because I have two java and android Samsung phone (D900 and Galaxy S2). I know how Samsung with ostentatious hardware specs but the lack of quality frauds people. A valid statistic reports shows that Samsung is the most hatred brand in the world. If I don't come in this section, however, the true finally will be revealed, even if many merchants want to foist their bootless Samsung phones to hapless people.";""
"1536";"17";"Galaxy Note 4 Duos";"";"2014-11-28 02:36";"";"If you don't like Samsung what is your point of coming to Samsung phones pages? Don't act as if you know Samsung smartphones. I bet you haven't even owned one!";""
"1537";"17";"Galaxy Note 4 Duos";"";"2014-11-27 20:37";"";"My records shows that the only brand that I don't like is Samsung because the trend of defraudation in that company . I had about 10 comments in this website and I made very positive statements about Nokia N1,Nokia N95, LG tribute, Micromax, and some others. P.S. Xperia Z2 is one of 6 android phones that I have and I had never had Nokia N95 or any LG phones. then don't be rash ";""
"1538";"17";"Galaxy Note 4 Duos";"";"2014-11-27 20:27";"";"All abstracts even god are matter of options. We all know how World war II started by a trifle discussion. All of us become angry if a person reproach our assets and abuse him/her with imaginary libels. Therefore just be logical and defend your assets.";""
"1539";"17";"Galaxy Note 4 Duos";"";"2014-11-27 19:31";"";"But you come here to bash and mislead people. All what is best for you is Xperia Z2. If that is your purpose, better stay in your beloved Xperia Z2 page, not here.";""
"1540";"17";"Galaxy Note 4 Duos";"";"2014-11-27 16:11";"";"Why do u think we must prove a statement after each discussion. In the free world we can say our opinion even if it is biased. Many people come here to gain knowledge about phones therefore they must know all weak and strong points about them. ";""
"1541";"17";"Galaxy Note 4 Duos";"";"2014-11-27 13:25";"Riona";"Was transiting Hong Kong airport today and saw the Note 4 Dual Sim (HK version). The store keeper said it comes with Google Play and on the box has Samsung HK website address and description is in English (therefore this is not the China version).  I did a quick check on the HK site and yes, it listed both version, 32GB Single sim and 16GB dual sim (on promo page only but I can't find the specs page; probably very new and Samsung didn't update yet). However if you search for N9100 you can download the official English user manual and on page 130 it has Google apps listed!  So guys this International version with Google apps is real. Price at the airport is from HKD5998 (shop price in arrival hall) and HKD6100++ (departure). Since I will be visiting HK next week I didn't buy at the airport as I believe the price should be approx HKD5,500; in fact many resellers already listed this model in Hong Kong!";""
"1542";"17";"Galaxy Note 4 Duos";"";"2014-11-27 12:54";"";"If you don't like it, then what are you doing here? What are you trying to prove?  Stay in your beloved Xperia Z2 page!";""
"1543";"17";"Galaxy Note 4 Duos";"";"2014-11-27 10:31";"";"Lies!!! People honest votes show everything. A phone with enormous amount of bugs cant satisfy people to like such a fault in the phone industry.";""
"1544";"17";"Galaxy Note 4 Duos";"";"2014-11-26 18:22";"";"Not true, pure lies.";""
"1545";"17";"Galaxy Note 4 Duos";"";"2014-11-26 10:51";"Bob";"Yes, it is a dual active phone";""
"1546";"17";"Galaxy Note 4 Duos";"";"2014-11-25 04:52";"";"On the contrary there are lots of dual SIM Samsung phones in the Middle East!";""
"1547";"17";"Galaxy Note 4 Duos";"";"2014-11-24 21:04";"";"Even providing dual sim cards cant help this phone to be a creditable model";""
"1548";"17";"Galaxy Note 4 Duos";"";"2014-11-24 09:54";"";"Nothing is impossible in the world of technology!";""
"1549";"17";"Galaxy Note 4 Duos";"";"2014-11-24 08:58";"hitesh";"Lol waterproofing is not possible for note series because of its stylus pen.";""
"1550";"17";"Galaxy Note 4 Duos";"";"2014-11-23 17:04";"";"What? Nexus 6, OMG! I prefer Huawei Ascend Mate 7 dual SIM over that garbage.";""
"1551";"17";"Galaxy Note 4 Duos";"";"2014-11-23 09:12";"Anonymous";"Why does Samsung think dual sim phones are needed only for china? this is a bummer...";""
"1552";"17";"Galaxy Note 4 Duos";"";"2014-11-21 10:53";"porbear";"Where did you buy it.";""
"1553";"17";"Galaxy Note 4 Duos";"";"2014-11-20 19:31";"Anonymous";"It is comparatively better than many dual sim phones the amoled screen gives it a great look but would like the nexus 6 with dual Sim instead ";""
"1554";"17";"Galaxy Note 4 Duos";"";"2014-11-18 19:38";"Hungpvtn";"Hi, there is no international version for Note 4 Duo as yet. With the Chinese version, I believe you can't install Google play! This was what I faced before. You can pay for SVA ROM which is not a very good custom ROM but this probably the only custom ROM for Note 4 duo so far.";""
"1555";"17";"Galaxy Note 4 Duos";"";"2014-11-17 06:38";"TW";"Hi guys! I've just got Note 4 Duos yesterday. What I'm told is, this one is actually the international version. But it does not have the usual pre-installed apps like Google Play, Youtube ect. I've downloaded the apps but they crash while opening. And it seems that I can't login my Google account for Chrome. Anyone has the same problems?";""
"1556";"17";"Galaxy Note 4 Duos";"";"2014-11-15 15:13";"dr ahmad";"i hope note 4 duos will be the same  i got same s4 duos like u";""
"1557";"17";"Galaxy Note 4 Duos";"";"2014-11-15 04:06";"GCU";"Hi Guys, can anyone confirm if this is a DUAL ACTIVE SIM please???";""
"1558";"17";"Galaxy Note 4 Duos";"";"2014-11-15 03:18";"";"Is it available in Nepal or we can use the set made for China ? At present m having S4 mini duos which is running so smoothly but i want to change with a larger screen android phone, does its both sims work without any disturbances?";""
"1559";"17";"Galaxy Note 4 Duos";"";"2014-11-13 16:29";"";"Who told you that? ";""
"1560";"17";"Galaxy Note 4 Duos";"";"2014-11-13 10:45";"Tee";"it is a shame this is not a dual active phone, wondering when samsung will release a dual active duos phone";""
"1561";"17";"Galaxy Note 4 Duos";"";"2014-11-12 10:32";"azeco";"Is the dual sim version going to be available in Malaysia? ";""
"1562";"17";"Galaxy Note 4 Duos";"";"2014-11-10 13:23";"Ram";"Is this phone duo active, as in can u recieve 2 calls at the sametime?";""
"1563";"17";"Galaxy Note 4 Duos";"";"2014-11-09 20:04";"Anonymous";"In deed, this is a genuine samsung note 4 dual SIM. In fact, this n9100 is the international version. ";""
"1564";"17";"Galaxy Note 4 Duos";"";"2014-11-08 01:13";"Anonymous";"I've got the S4 dual sim which is also dual stand-by. Data connection can be swapped between sim1 or sim2 without rebooting the phone. I can be on a call with sim1 and receive a call on sim2 at the same time. On screen options appear to send the call to voicemail or hang up the current call (sim1) and answer the new one (sim2).";""
"1565";"17";"Galaxy Note 4 Duos";"";"2014-11-07 16:14";"icekanem";"Please confirm is this really a Samsung Note or a clone?";""
"1566";"17";"Galaxy Note 4 Duos";"";"2014-11-07 16:11";"icekanem";"I will appreciate if someone can confirm if this model is really a true Samsung brand/product?";""
"1567";"17";"Galaxy Note 4 Duos";"";"2014-11-06 06:10";"";"Hi. I've read about what is dual stand-by. I would like to someone that already has this phone, if it's possible to use the 3g/4g data connection in sim 1, and at the same time, call or receive a call in sim 2 (or in sim 1)?   Also, is possible to use at the same time data in sim 1 (3g/4g) and (I suppose) 2g data in sim 1? Please I would like to know this very well before I can buy this phone.";""
"1568";"17";"Galaxy Note 4 Duos";"";"2014-11-05 17:23";"";"samsung is very stupid in speaker they have to bring something above htc in speakers.";""
"1569";"17";"Galaxy Note 4 Duos";"";"2014-11-05 16:15";"Anonymous";"sony Z3 dual sim has no Infrared functionalty, i.e: you cannot control TV, reciever or air conditioner.";""
"1570";"17";"Galaxy Note 4 Duos";"";"2014-11-04 22:18";"max";"i want to know is this fone available in SOUTH Africa ";""
"1571";"17";"Galaxy Note 4 Duos";"";"2014-11-04 17:09";"kaka";"the stupid speaker build at a back again .. stupid design again like other ... SONY Z3 already wake up... good job like HTC .. ";""
"1572";"17";"Galaxy Note 4 Duos";"";"2014-11-04 10:11";"";"No problem, you can put microSD card, up to 128 GB. cheers!";""
"1573";"17";"Galaxy Note 4 Duos";"";"2014-11-04 08:09";"Anonymous";"only if this phone has 32GB memory instead of 16GB it would be perfect for me ";""
"1574";"17";"Galaxy Note 4 Duos";"";"2014-11-04 06:39";"aidouz";"There should be problems with dinamics and mics if it'll be waterproofed?am i right?";""
"1575";"17";"Galaxy Note 4 Duos";"";"2014-11-04 04:39";"";"Sony do. Go for Xperia Z3 dual SIM.";""
"1576";"17";"Galaxy Note 4 Duos";"";"2014-11-03 18:55";"Anonymous";"Have been waiting for this phone for a long time now, Yet if this phone was waterproof like the Samsung S5 Duos I would have brought it, unfortunately Samsung didn't consider continuing making their phones waterproof.";""
"1577";"17";"Galaxy Note 4 Duos";"";"2014-11-01 16:37";"";"Svnx ......  Thank you";""
"1578";"17";"Galaxy Note 4 Duos";"";"2014-11-01 16:36";"";"Svnx ......  Thank you";""
"1579";"17";"Galaxy Note 4 Duos";"";"2014-11-01 12:59";"";"why there is not a 32g or even 64g version. this is supposed to be the highest end version. dual sims vs the single sim. i am used to my 32g s4 duos, how i could downgrade to a 16g phone.  ";""
"1580";"17";"Galaxy Note 4 Duos";"";"2014-10-31 19:11";"Ram";"Will this be available in the Philippines soon? I've read that this is only available in China. Please assist.";""
"1581";"17";"Galaxy Note 4 Duos";"";"2014-10-31 18:27";"";"Will this phone work on the AT&T LTE network in the US?";""
"1582";"17";"Galaxy Note 4 Duos";"";"2014-10-31 05:13";"";"Chinese, English, Korean, and [Developer] Accented English (which is accessed by opening Developer Options.  ";""
"1583";"17";"Galaxy Note 4 Duos";"";"2014-10-30 18:37";"ashkar";"Hwo many LANGUAGE N9100 supports or it's only in chainees ? ";""
"1584";"17";"Galaxy Note 4 Duos";"";"2014-10-30 14:09";"";"The more I use this phone,the more I like it. I came from a 5S and OnePlus One (and still have them) and gave the 6+ a serious few hours before opting for this.   No regrets at all. Believe the hype - this doesn't disappoint.";""
"1585";"17";"Galaxy Note 4 Duos";"";"2014-10-30 03:15";"chin";"Any Note 4 active IP67 or IP58 certified available? pse!!!!";""
"1586";"17";"Galaxy Note 4 Duos";"";"2014-10-29 22:37";"x";"FYI: both Sims are active, Able and Capable of activities, calling Sim2 while the Sim1 is on call will just provide a busy tone.. typical the same when calling the same phone number, but can still receive test msgs on both Sims, as well as Data updates on apps while on call.";""
"1587";"17";"Galaxy Note 4 Duos";"";"2014-10-29 21:59";"Opus25";"  Use Google translate if you can't read it.  Just be aware rooting will trip the Knox counter and you might not get warranty repairs should you need it at a later date. ";""
"1588";"17";"Galaxy Note 4 Duos";"";"2014-10-29 19:50";"ravi";"plz lounch this phone in india also becouse want this mobile ";""
"1589";"17";"Galaxy Note 4 Duos";"";"2014-10-29 14:14";"Anonymous";"Release this In India samsungs sale will double there The best market in the world for selling dual sim ones See how much the lenovo p780 sold, they released an updated 8gb model after 6 months of the first";""
"1590";"17";"Galaxy Note 4 Duos";"";"2014-10-29 10:34";"";"I have S5 Duos and it can receive calls in one SIM even the other SIM is active on 4G data.";""
"1591";"17";"Galaxy Note 4 Duos";"";"2014-10-29 09:02";"SALEH";"There is an important point that should have notice; Note 4 Dual SIM is Dual Standby, not Dual Active likes the old models (Note 3 Dual SIM and Note 2 Dual SIM) which means if one opens a call, the other is offline (out of service).  Therefore, persons who had Note 4 Dual SIM, I hope to make sure that if the data connection is active on SIM1, Is the SIM2 will be closed (out of service) or active which means SIM2 can receive the calls or not ? ";""
"1592";"17";"Galaxy Note 4 Duos";"";"2014-10-28 17:54";"amdanroza";"nice...";""
"1593";"17";"Galaxy Note 4 Duos";"";"2014-10-28 05:30";"";"Come on, this is business, what do you expect?";""
"1594";"17";"Galaxy Note 4 Duos";"";"2014-10-28 04:28";"techmaster...";"Samsung is a brand with a new sibling every week...not to mention but note 4 is surely one of the best phablets available in the markets with latest hardware technology nd latest user interfaces at about 58k...";""
"1595";"17";"Galaxy Note 4 Duos";"";"2014-10-27 21:08";"Anonymous";"Guys Note 4 is the best phone ever.....Iphone and moto is not better than samsung mobile.....Go for it and enjoy the latest tech.Note 4 has all thats features.....moto and apple can't even stand in front of it...";""
"1596";"17";"Galaxy Note 4 Duos";"";"2014-10-27 13:56";"nix";"lol that commenter is stupid and also apple iphone 6and6+ are over priced they must keep there prices below samsung because samsung has more features and hardware compared to apple thats all";""
"1597";"17";"Galaxy Note 4 Duos";"";"2014-10-27 13:47";"arki.tech";"I hope this phone will also be available here in the phiilippines!.... ";""
"1598";"17";"Galaxy Note 4 Duos";"";"2014-10-27 13:30";"manpreet";"Dear Team Samsung  Pl have this phone launched in Indiameter also  Regards  ";""
"1599";"17";"Galaxy Note 4 Duos";"";"2014-10-27 09:18";"Anonymous";"Is there a link where it shows you how to root the phone and is successful. I need to install google services on the n9100";""
"1600";"17";"Galaxy Note 4 Duos";"";"2014-10-27 06:44";"";"There is a massive difference between the moto phones and the Samsung devices that I believe warrants the cost. Plus this is a Dual SIM device with a AMOLED display tech. Its not the same kind of device as the Moto in many respects, sPen ect. ";""
"1601";"17";"Galaxy Note 4 Duos";"";"2014-10-27 06:01";"kapoor";"u r absolutely right... Samsung looting the people and people also allow him to do so... ";""
"1602";"17";"Galaxy Note 4 Duos";"";"2014-10-27 04:59";"";"How much more is the iPhone 6? The same features as iPhone 5s only bigger screen but the price is the highest among smartphones. It's not even dual SIM, no expansion memory card slot and non-removable battery.";""
"1603";"17";"Galaxy Note 4 Duos";"";"2014-10-27 02:36";"";"How come Samsung is looting?? If u buy note 4 and gear vr It will cost u about $1000.. And with gear VR you can watch movies in 175 inch virual reality from just 2 meters away..say me any 175 inch TV with amoled display that comes in $1000??";""
"1604";"17";"Galaxy Note 4 Duos";"";"2014-10-27 02:07";"Anonymous";"Then don't buy it dude. Nobody will force you.";""
"1605";"17";"Galaxy Note 4 Duos";"";"2014-10-27 01:23";"";"Unless someone has a gun to your head forcing you to buy it, then don't buy it, period. ";""
"1606";"17";"Galaxy Note 4 Duos";"";"2014-10-26 18:33";"maddy ";"i think this phone will be priced at 50k plus, at same price we can get 42 inch LED TV to our home, samsung is looting people, when motog brand is giving nice specs at customer friendly price,samsung is minting/pinching the money from customers, they didn't work much GUI same crap as always :) :) ";""
"1607";"17";"Galaxy Note 4 Duos";"";"2014-10-26 13:44";"owais";"awsme phne im lovng it";""
"1608";"17";"Galaxy Note 4 Duos";"";"2014-10-26 06:32";"k";"Dual sim nice set.";""
"1609";"17";"Galaxy Note 4 Duos";"";"2014-10-26 04:39";"";"How did you know?";""
"1610";"17";"Galaxy Note 4 Duos";"";"2014-10-26 01:55";"Opus25";"Some corrections and key differences about this variant of the N4:  1. The battery is 3,000mAh. I guess it's ~7% smaller due to the additional SIM card requirements.  2. You can root and install Google services. It's on the Chinese Tech forums already. You can unroot after installing the Google stuff, too.  3. The N9100 has 16GB storage rather than the 32GB in many other Note 4 models and markets. With up to 128GB via the SD card slot, it's not a deal-breaker for me.  4. Dual SIM is dual-standby rather than dual-active (such as my Note 2 N7102). Again, not a problem for me as I rarely, if ever, received concurrent calls on both N7102 SIMs.   5. There are other Duos variants for specific carriers (China Unicom and China Telecom) but these tend to be only slightly cheaper and have SIM locks and carrier-specific LTE bands which may be useless outside of China (TDD bands 39-41).  Source: I live in China and own the N9100.   Some Google services work fine, some need a VPN, whilst others don't work so well in China (location reporting and Google Now). Outside of China, they work fine.";""
"1611";"17";"Galaxy Note 4 Duos";"";"2014-10-26 01:43";"m.s";"Do you think better than one Sim ";""
"1612";"17";"Galaxy Note 4 Duos";"";"2014-10-25 19:09";"";"water proof with big hole.....!!!!!!!!!!!!!!!";""
"1613";"17";"Galaxy Note 4 Duos";"";"2014-10-25 17:11";"";"The Battery is 3220MAH not 3,000; I am really waiting badly for this phone, there is no need for it to be water proof because my note 3 got dipped in water so many times and it works 100%. I have an S5 so if I am plannig to go to a water park I am gonna use my S5";""
"1614";"17";"Galaxy Note 4 Duos";"";"2014-10-25 15:48";"";"Before you guys get really excited about it because this one has dual sim card but keep in mind, there are no Google services from this model. Can't connect or even install PlayStore on Chinese domestic market smartphones from any brand.";""
"1615";"17";"Galaxy Note 4 Duos";"";"2014-10-25 15:42";"";"Yes, you are. You have nothing to do with any of the Galaxy Notes.";""
"1616";"17";"Galaxy Note 4 Duos";"";"2014-10-25 15:06";"";"then stop replying me! I left the original note 4 section for the sake of you Samsung fans! let me post what I wanted to post as long as I didn't violating the rules or anything. don't bother me! I'm not liar, envy, hater, pretender, troll blablablal! Stop calling me like that. ";""
"1617";"17";"Galaxy Note 4 Duos";"";"2014-10-25 11:30";"";"Sure thing. We know who's the one trolling...";""
"1618";"17";"Galaxy Note 4 Duos";"";"2014-10-25 09:46";"";"LOL, this is what I mean... you aren't even going to own a Galaxy Note for real. You will just nitpick all the bad stuff, you already declared the S Pen as something you'll never use, complained the fraction of a second delay of apps opening compared with your iPhone 5c, and now how you think the Duos version has a high "radiation" from two SIMs you think you don't think will be useful for you.  Again, you have no reasons to keep posting about something you just envy for being the most powerful smartphone currently, compared to your favorite brand. You don't even own your favorite brand's (Apple) latest iPhone! So, what is your purpose here? Keeping us entertained?  You do NOT Note at all.";""
"1619";"17";"Galaxy Note 4 Duos";"";"2014-10-25 09:36";"";"btw. I will going to share my full experience about note 4 in the next few days. my neighbor willing to buy it. I will borrow it if he bought it.";""
"1620";"17";"Galaxy Note 4 Duos";"";"2014-10-25 09:32";"";"If you want to troll in Samsung pages, make sure you're the greatest troller we'll ever see. At least read up and get your facts straight.";""

