"3742";"39";"Galaxy Core II";"";"2015-01-21 05:49";"sapz";"other 68 mb of ram have used by android system..";""
"3743";"39";"Galaxy Core II";"";"2015-01-21 03:13";"Anonymous";"plz tell galaxy core2 connect with smart tv in default player wifi direct symbol not show on the top.... plz tell me how to watch videos with wifi direct on smart tv ";""
"3744";"39";"Galaxy Core II";"";"2015-01-20 19:56";"Ripan ";"No Music app supports sd-card directly. What can I do. Please tell me someone .";""
"3745";"39";"Galaxy Core II";"";"2015-01-20 19:53";"Anonymous";"No Music app supports sd-card directly. What can I do. Please tell me someone .";""
"3746";"39";"Galaxy Core II";"";"2015-01-20 14:06";"Venugopal";"Galaxy Core 2 is one of the best model i had ever seen in Samsung.Very friendly to use,Inspite of using FB and Watts up still my data is on through the day my battery does not drains it still showing 72 % what a battery back up.Great OS and superb Sensor, after using the mobile and the specifications i came to know that all reviews are false and fake.Thanks to Samsung for such a Model..";""
"3747";"39";"Galaxy Core II";"";"2015-01-20 13:04";"empzilog22";"is it me guys or everyone else here have a problem on auxiliary audio.. coz im having experiencing a very bad quality ......help me guys thanks, .. :3";""
"3748";"39";"Galaxy Core II";"";"2015-01-20 13:03";"empzilog22";"is it me guys or everyone else here have a problem on auxiliary audio.. coz im having experiencing a very bad quality ......help me guys thanks, .. :3";""
"3749";"39";"Galaxy Core II";"";"2015-01-20 07:59";"Anonymous";"battery is very bad 100 times, it drains even if not in use for about 10-15 hours ";""
"3750";"39";"Galaxy Core II";"";"2015-01-20 05:51";"Anonymous";"How does one light up the soft keys? Plz help,Thanx.";""
"3751";"39";"Galaxy Core II";"";"2015-01-20 03:01";"";"I put 32gb SD card.  It's only working 1st 10 GB.  I think It not complete for 32 GB am i correct?";""
"3752";"39";"Galaxy Core II";"";"2015-01-19 17:21";"kaeflah";"It is ultra HD hahahahahahahah";""
"3753";"39";"Galaxy Core II";"";"2015-01-19 17:14";"Anonymous";"My galaxy core 2 camera is not working sometimes and most of the time.";""
"3754";"39";"Galaxy Core II";"";"2015-01-19 17:10";"Abhik";"Guys . there is no default music player . only the google play music . this is bad phone . battery backup is very bad . and often restarts during messenger or viber calls.";""
"3755";"39";"Galaxy Core II";"";"2015-01-19 13:58";"rocky";"Frndzzz i am having core 2 ....... ths ph. Is nyc but whn ths phn is conncted with home theater bass is fully of only spekerz work...... wot can i do....??? Any one plz telll me... ";""
"3756";"39";"Galaxy Core II";"";"2015-01-19 13:27";"Anonymous";"moto e";""
"3757";"39";"Galaxy Core II";"";"2015-01-19 11:11";"raj";"is this full hd csreen...?";""
"3758";"39";"Galaxy Core II";"";"2015-01-19 11:07";"Avinash";"hi friend my galaxy core 2 is defect his second sim is not working how can you help me ";""
"3759";"39";"Galaxy Core II";"";"2015-01-19 10:45";"amith";"friends i want to buy a mobile samsung core 2 or moto E  which is the best plz.............. tell me ";""
"3760";"39";"Galaxy Core II";"";"2015-01-19 09:29";"sima rai";"guys..............in my galaxy core 2, there is no play store, so how can i download play sotre in my phone? ";""
"3761";"39";"Galaxy Core II";"";"2015-01-19 09:10";"ranjit";"This phone shows only 700 RAM inspit of it has hving 764 RAM....so pls help me  ";""
"3762";"39";"Galaxy Core II";"";"2015-01-19 06:29";"nix ";"my phone is turning its self off for no reason, battery fully charged so it cant be the issue. did a softwear upgrade and its still doing the same thing. can any1 advice me on how to fix this problem ";""
"3763";"39";"Galaxy Core II";"";"2015-01-18 11:38";"sai";"anybody please help me.. my mobile is heated by using of ten minites what i do?? ";""
"3764";"39";"Galaxy Core II";"";"2015-01-17 20:53";"rahul";"Dear friend i bought this mobile in dec 2014 but on the very first day i found that its ear piece sound was not up to the mark so with in 7 days samsung promise i exchanged core 2 with core prime and now i am very happy with core prime with 1 GB Ram and 8 GB internal memory.";""
"3765";"39";"Galaxy Core II";"";"2015-01-17 17:24";"Anonymous";"I have also faced the problem of restart in the starting but after software upgrading it's working fine. So kindly keep your phone and u will not face the problem of restarting.";""
"3766";"39";"Galaxy Core II";"";"2015-01-17 16:22";"";"Same problem.";""
"3767";"39";"Galaxy Core II";"";"2015-01-17 16:19";"";"Same problem.";""
"3768";"39";"Galaxy Core II";"";"2015-01-17 16:18";"";"I bought it last Dec.29,2014. And it keep on restarting. It didnt fall nor overused. What should I do? PLEASE HELP. &#128557;";""
"3769";"39";"Galaxy Core II";"";"2015-01-17 14:56";"jalal";"You can install mxplayer from play store then read all your videos resolution and extentions";""
"3770";"39";"Galaxy Core II";"";"2015-01-17 11:13";"mahammed";"During driving several time stops need to re-start by password ,pls, help ";""
"3771";"39";"Galaxy Core II";"";"2015-01-17 07:26";"Jagan";"No friend, I didn't face these issue with core2. My sim 1 work in 3g mode (Vodafone) and sim2 (Tata docomo) is able to attend incoming calls. I recommend u interchange your sim's slot and its default settings and restart yr core2.";""
"3772";"39";"Galaxy Core II";"";"2015-01-16 23:15";"wentot";"plzzzzz...help me.about my phone after a call this phone will auto restart??.";""
"3773";"39";"Galaxy Core II";"";"2015-01-16 23:07";"wentot";"plzzzz..help me about this sumsung core 2..after a call it will auto restart??.what should i do??.";""
"3774";"39";"Galaxy Core II";"";"2015-01-16 12:59";"Anonymous";"Hai i am using airtel on sim1 and vodafone on sim 2. Sim 1 on gprs 2g on that time my incoming call on sim2 is not reveived, kindly confirm me any one facing such problem with core 2 or core prime. As core is supporting fine in above case  ";""
"3775";"39";"Galaxy Core II";"";"2015-01-16 11:31";"Ajith";"I also had this problem";""
"3776";"39";"Galaxy Core II";"";"2015-01-16 09:50";"shekhar";"Yes you can . You also run a 1080p video also.";""
"3777";"39";"Galaxy Core II";"";"2015-01-16 06:54";"Abdul";"Plz any one help me my mbl not detect the usb device";""
"3778";"39";"Galaxy Core II";"";"2015-01-16 03:54";"harish";"2.46";""
"3779";"39";"Galaxy Core II";"";"2015-01-15 19:31";"unknown";"its because of android kitkat 4.4 sd card write restriction u can buy pass this one if you root ur phone";""
"3780";"39";"Galaxy Core II";"";"2015-01-15 17:35";"Anonymous";"No, its a great phone.";""
"3781";"39";"Galaxy Core II";"";"2015-01-15 16:26";"Anonymous";"Capability of video(power)";""
"3782";"39";"Galaxy Core II";"";"2015-01-15 14:43";"Krishna35";"Plz any one help me. Can i play 720HD video in this phone ? If not then which phone support ? star advance ? Under IND.Rs 8.5k ";""
"3783";"39";"Galaxy Core II";"";"2015-01-15 13:33";"Anonymous";"im using this mobile this is good condition........i lv this mobile....yar.";""
"3784";"39";"Galaxy Core II";"";"2015-01-15 06:46";"Preet exclusive";"This is an worst experience for me.. I bought this model on 12Dec.2014,it got auto restart so many times.. and its in care center.. In 1 month only 4 days i use this bloddy model.. i kindly request to all dont buy this..";""
"3785";"39";"Galaxy Core II";"";"2015-01-15 05:55";"picklu";"i m using this ph since august 2014. it hangs many times, RAM is not sufficient.internal memory is very less, launching price is very high compare to others......finally i m not satisfied by using this phone.";""
"3786";"39";"Galaxy Core II";"";"2015-01-15 04:04";"anishu";"samsung galaxy core 2is not gud";""
"3787";"39";"Galaxy Core II";"";"2015-01-14 17:44";"sk sahu";"I also braught this phone 1month later. It is hangs 50times in 1month . After hang it displays .... 'CP CRASH UPLOAD MODE ERROR' Seller says go to service center . My friends says that you braught Kachraaaaa in Rs. 7500";""
"3788";"39";"Galaxy Core II";"";"2015-01-14 15:11";"zutto";"I think this is the worst model from samsung..only use it for 6months but the problem is too much..cannot on, transfer file from device to sd and cannot open file in gallery n music but the sd card was detect by the phone..i really don't know what is the problem with this model.";""
"3789";"39";"Galaxy Core II";"";"2015-01-14 10:20";"rik";"It have only 708 MB available for user.";""
"3790";"39";"Galaxy Core II";"";"2015-01-14 05:14";"guddu Jamaiwar ";"Samsung galaxy core 2 is very good smartphone. and this phone RAM 768. fully loaded phone. But battery backup is not very good. ";""
"3791";"39";"Galaxy Core II";"";"2015-01-14 02:18";"ddd";"hmmm quad core 1.2 ghz is not enough for daily activity.";""
"3792";"39";"Galaxy Core II";"";"2015-01-13 18:46";"Anonymous";"Its awesome as per its prise is conserned!";""
"3793";"39";"Galaxy Core II";"";"2015-01-13 17:41";"eltimur";"This phone is garbage,imagine a quadcore device with only 768MB of RAM.  ";""
"3794";"39";"Galaxy Core II";"";"2015-01-13 14:56";"adeel311";"Please tell me that how much memory is user available???";""
"3795";"39";"Galaxy Core II";"";"2015-01-13 14:40";"Adeel";"How much internal storage is user available?";""
"3796";"39";"Galaxy Core II";"";"2015-01-13 14:38";"adam";"Samsung galaxy core 2 or lg fino?";""
"3797";"39";"Galaxy Core II";"";"2015-01-13 11:07";"";"guys..need help.. im using this phone for about 3 weeks..my prob is when i put it into sleep mode,wifi still on but no data transferred.. pls help me..sry bad english";""
"3798";"39";"Galaxy Core II";"";"2015-01-13 08:26";"khan";"please dont buy this phone because this is having 2G and 3G support, but i am facing loosing in 3G connectivity. so many times reported in service center they itself not able to resolve this problem after updating its software so many times, worst mobile, totally wastage of money. this phone should keep in garbage only.";""
"3799";"39";"Galaxy Core II";"";"2015-01-13 08:25";"indar";"this mobile feature are good but battery back up is verry faltu. and its charger is also faltu.. ";""
"3800";"39";"Galaxy Core II";"";"2015-01-13 06:16";"kiran";"this mobile feature are good but battery back up is verry faltu.";""
"3801";"39";"Galaxy Core II";"";"2015-01-12 21:12";"zeeshu";"its have a good quality ownself, but i want to know how salect calling sim during when i miscalls in ur mbl and u want to call back me on click that miscalls. its pblm that it always salect sim 1 .";""
"3802";"39";"Galaxy Core II";"";"2015-01-12 19:21";"Siva";"How to say core 2 is don't get and How to prove core prime is excellent";""
"3803";"39";"Galaxy Core II";"";"2015-01-12 19:03";"Siva";"how is it samsung galaxy core ii please ur opinion friends...";""
"3804";"39";"Galaxy Core II";"";"2015-01-12 18:53";"mahendra verma";"Hai frnds "this mobile is amazing"";""
"3805";"39";"Galaxy Core II";"";"2015-01-12 11:51";"Sohan ";"how to add contact in black list.Please help please....";""
"3806";"39";"Galaxy Core II";"";"2015-01-12 10:43";"rajesh kumar";"Nice Mobile for samsung galaxy core II ";""
"3807";"39";"Galaxy Core II";"";"2015-01-12 08:44";"jithujin";"The keys to the left & right of the middle button does not have a light.Any idea how to turn it on.";""
"3808";"39";"Galaxy Core II";"";"2015-01-12 07:57";"sharan byali";"go for core prime........its very good mobile";""
"3809";"39";"Galaxy Core II";"";"2015-01-11 19:33";"Edward";"Good Mob up to now I am happy /fast and easy to use. ";""
"3810";"39";"Galaxy Core II";"";"2015-01-11 19:18";"dilip";"panasonic p55 is gud but it has only 4gb rom.so go samsung galaxy core prime.";""
"3811";"39";"Galaxy Core II";"";"2015-01-11 17:25";"shri";"Hi am using it from two weeks but its camera is not working now. It's showing that camera is failed. So what could I do now   ";""
"3812";"39";"Galaxy Core II";"";"2015-01-11 16:36";"";"yeah go for it ";""
"3813";"39";"Galaxy Core II";"";"2015-01-11 15:33";"drake";"is it just me that has a problem in its network signal ? msg delay and poor signal ?";""
"3814";"39";"Galaxy Core II";"";"2015-01-11 15:27";"Sanhik ghosh";"Very bad set.its camera is very bad & all touch features is very distinguish.";""
"3815";"39";"Galaxy Core II";"";"2015-01-11 14:05";"Kk";"Friends, which device I should go for panasonic P55 or samsung core 2 ? Plz.. Plz.. Plz.. I need ur good advice. Waiting for ur reply";""
"3816";"39";"Galaxy Core II";"";"2015-01-11 13:58";"Kk";"Friends, which device I should go for panasonic P55 or samsung core 2 ? Plz.. Plz.. Plz.. I need ur good advice. Waiting for ur reply";""
"3817";"39";"Galaxy Core II";"";"2015-01-11 12:33";"Anonymous";"Dear Friends, Please Help : I am planning to buy Samsung Galaxy Core 2 SM G 355 H Dual Sim Android model @INR: 8000/= !!! should I go for it ?";""
"3818";"39";"Galaxy Core II";"";"2015-01-11 08:05";"Anonymous";"its become hot";""
"3819";"39";"Galaxy Core II";"";"2015-01-10 21:49";"joye";"this phon is very good,i like becouse is the camara is good and the batery is very good, i like this. and i recommend.";""
"3820";"39";"Galaxy Core II";"";"2015-01-10 15:49";"jp";"Mayb u should check SD..sometime SD spoiled also can b.";""
"3821";"39";"Galaxy Core II";"";"2015-01-10 14:45";"yuji";"This is just right for ur budget.if u want good specs try sony &#378;3.for me samsung features comes with price.and if ur wel enough try buying 500 dollars up,pretty sure youll be satisfied.";""
"3822";"39";"Galaxy Core II";"";"2015-01-10 12:33";"sanjeev";"this phone is good but sim change after network problem ";""
"3823";"39";"Galaxy Core II";"";"2015-01-10 12:30";"sanjeev";"this phone is good but sim change after network problem ";""
"3824";"39";"Galaxy Core II";"";"2015-01-10 06:41";"Harshal";"Not at all good. Have just used it for 1 day but I'm unhappy with it. Colours are very basic and it lacks the android experience that other smart phones in the same range provide. Samsung should really come up with an option to disable the double tap to unlock feature.";""
"3825";"39";"Galaxy Core II";"";"2015-01-10 05:42";"Anonymous";"you need to insert sim correctly..it would b better to buy a mini sim..";""
"3826";"39";"Galaxy Core II";"";"2015-01-09 21:41";"ding";"this mobile ok type.. butnot in music playetr ..battry are very poor.....................   ";""
"3827";"39";"Galaxy Core II";"";"2015-01-09 19:13";"user";"do i need to charge the phone for 8 hours before i start using it?";""
"3828";"39";"Galaxy Core II";"";"2015-01-09 18:57";"yuji";"Yup battery issues were true.since ur phone has a quad core cpu, .75 ram it consumes power. I recommend power saving,brightness and an app like avg for managing power and disabling or optimizing apps.samsung phones and tabs ever since has issues regarding power.for me best battery is on apple it lasts.but when u have a samsung consider bringing ur charger or try plug in usage.hope it helps.also when ur batt runs 20% put it on power save and charge it immediately.";""
"3829";"39";"Galaxy Core II";"";"2015-01-09 18:48";"Keith";"Why i'm always charging for 2-3 hours?";""
"3830";"39";"Galaxy Core II";"";"2015-01-09 18:38";"yuji";"On multiple or if u input a number then a different name would appear try checking ur phonebook and edit it per sim.i recommend copying or importing allyour contacts to phone and set ur contacts to device and delete multiple entries.";""
"3831";"39";"Galaxy Core II";"";"2015-01-09 18:38";"yuji";"Sim 2 not working, try going to settings manage ur sim regiatration maybe its off.just open each item on settings,read,and im sure u can find answers.if not try putting ur sim or interchanging them on their slots.";""
"3832";"39";"Galaxy Core II";"";"2015-01-09 18:33";"yuji";"On multiple or if u input a number then a different name would appear try checking ur phonebook and edit it per sim.i recommend copying or importing allyour contacts to phone and set ur contacts to device and delete multiple entries.";""
"3833";"39";"Galaxy Core II";"";"2015-01-09 18:29";"yuji";"Bout cam, i assume u know how to shift, if ur rear cam doesnt work,back ur filesup and hard reset ur phone but doing this is a desperate move so back ut files up.if that didnt work for u i think u have a hardware problem try considering certified technicians.or the store where u bought it.";""
"3834";"39";"Galaxy Core II";"";"2015-01-09 18:21";"yuji";"Its a good phone,user friendly for enthusiast.battery issues,try closing all apps when not in use.try power saving when your not using multiple apps or on standby.try installing avg antivirus and tune up also for clearing and optimizing unused apps.update apps runs auto.or u can do it manually to keep ur phone up.avoid excessive brightness if not necessary.try halfway.disable vibrations.try shortening backlight.";""
"3835";"39";"Galaxy Core II";"";"2015-01-09 18:08";"yujo";"U can change receiving call and endind calls,go to settings and accesibility and manage answering/ending calls.";""
"3836";"39";"Galaxy Core II";"";"2015-01-09 18:05";"yujo";"U can change receiving call and endind calls,go to settings and accesibility and manage answering/ending calls.";""
"3837";"39";"Galaxy Core II";"";"2015-01-09 17:59";"yuji";"If u mean sms go to messages then settings there u can disable vibration.other than that go to each app settings and disable vibration.";""
"3838";"39";"Galaxy Core II";"";"2015-01-09 16:08";"anne";"could you please help me how to fix the back camera of this phone.?. it wasnt functioning anymore.. I just bought it a few weeks ago... but the front cam was ok... what could be the problem?  ";""
"3839";"39";"Galaxy Core II";"";"2015-01-09 14:56";"Janakiram";"Battery back up is too poor kindly advise as it was recomended by a friend to buy Samsung Galaxy Core2";""
"3840";"39";"Galaxy Core II";"";"2015-01-09 14:18";"atish palvi";"Ph is auto matic restart some time and mob sim range covering of core 2 is to poor i buy 7 day old but i saw it all time range is not upper e. H plus is very dufficlt tell solution";""
"3841";"39";"Galaxy Core II";"";"2015-01-09 10:09";"";"some time in my phone i call some no. but name will be given diffrent person why ";""
"3842";"39";"Galaxy Core II";"";"2015-01-09 08:59";"Anonymous";"I bought this phone 2month before.battery backup very poor...";""
"3843";"39";"Galaxy Core II";"";"2015-01-09 08:32";"Ammu";"Awesome :)";""
"3844";"39";"Galaxy Core II";"";"2015-01-09 07:54";"aprianto";"you can download application skype or hangout from google playstore";""
"3845";"39";"Galaxy Core II";"";"2015-01-09 04:52";"exec";"AnTuTu=  Model:SM-G355 (without NFC)  Chipset: QUALCOMM SNAPDRAGON 200 MSM8610 1200MHZ  GPU: Mali-400";""
"3846";"39";"Galaxy Core II";"";"2015-01-09 03:20";"Anonymous";"My Samsung Galaxy core2 phone is good but sometime the screen is getting greyed out or getting disturbed and how to get the signature line for messaging on Samsung galaxy core 2 mobile.";""
"3847";"39";"Galaxy Core II";"";"2015-01-08 23:17";"Ashok";"Don't go for this Core II...better go for Core Prime... its awesome";""
"3848";"39";"Galaxy Core II";"";"2015-01-08 20:47";"haseeb";"2day ago purchase ssmsung galaxy core ll but is bettery not use but low any time why? ";""
"3849";"39";"Galaxy Core II";"";"2015-01-08 18:49";"zakaif";"i am unable to activate sim 2 help me please  sim 2 is not working :(";""
"3850";"39";"Galaxy Core II";"";"2015-01-08 17:35";"roland";"How to unlock the voice call? Thank you ";""
"3851";"39";"Galaxy Core II";"";"2015-01-08 16:40";"Anonymous";"Samsung Galaxy Core II have or not Chipset Qualcomm MSM8226 Snapdragon 400 end GPU Adreno 305? What Happens is reality?";""
"3852";"39";"Galaxy Core II";"";"2015-01-08 14:41";"stepen";"I bought the phone 2 days ago but i can.t open the camera,,its worth for me, any advice i can fix the back camera?? ";""
"3853";"39";"Galaxy Core II";"";"2015-01-08 12:43";"";"same here ! did u find any solution? ";""
"3854";"39";"Galaxy Core II";"";"2015-01-08 09:43";"MO";"I downloaded a few games then deleted them. When i tried re-installing i get an error message saying can't download on USB or SD Card. Why is this and how can i solve this problem. Other than that it is an awesome cell. love it.";""
"3855";"39";"Galaxy Core II";"";"2015-01-08 06:26";"shan";"Settings > accessibility > flash notification";""
"3856";"39";"Galaxy Core II";"";"2015-01-08 05:17";"";"what network problem did you faced ?";""
"3857";"39";"Galaxy Core II";"";"2015-01-08 04:09";"Marduk";"I bought this phone 2 days ago, its cool,handy and it so easy to use..dont have any issues regarding this except the battery is getting hotter but its normal and also how can i get rid off the vibration everytime i recieved notifications etc?and how can i disable the double tap icon when am calling?other that this phone is good for me ";""
"3858";"39";"Galaxy Core II";"";"2015-01-07 18:26";"";"Hi guys,which is better to buy Samsung Galaxy Core 2 or Nokia X2 dual sim ??, which one is better among features & performance and display etc....I want to buy one of these...plz tell me..";""
"3859";"39";"Galaxy Core II";"";"2015-01-07 11:25";"sharan byali";"dont bye this phone, go for prime core excellent phone ";""
"3860";"39";"Galaxy Core II";"";"2015-01-07 10:37";"shika";"is this phone not good to buy??";""
"3861";"39";"Galaxy Core II";"";"2015-01-07 08:20";"Anuj Motla Gujjar";"I bought this phone 1 month ago & i m feeling many problems in this phone as. (1)Battery backup (2)hang problem (3)network problem  Manyyyy westttttt its phoneeeeeeee";""
"3862";"39";"Galaxy Core II";"";"2015-01-07 08:12";"Joy";"I wanna buy ds phone Samsung galaxy core 2 , what it would b as i want a smart phone 4 me ";""
"3863";"39";"Galaxy Core II";"";"2015-01-07 02:59";"Bittu";"You take first charger";""
"3864";"39";"Galaxy Core II";"";"2015-01-07 01:13";"yana lee";"My core II is ok.however, it always get hotter everytime I play an online game. So far so good.no problems aside from the heating problem.How can we fix this?";""
"3865";"39";"Galaxy Core II";"";"2015-01-06 19:22";"hate byllsgit";"At least observe it for a good amt of time before posting a review. Most of the problems will surface after u have used it for a while. Just Becuase it was Fine for a day  Doesnt imply it ll remain that Way even a few dats down the line. Only then does your review count and is worth a potential future customers time.";""
"3866";"39";"Galaxy Core II";"";"2015-01-06 18:10";"";"Hi...friends   I am bought this phone yesterday Then it is very nice mobile nd i love this mobile good camera nd gaming is awesome on this mobile...";""
"3867";"39";"Galaxy Core II";"";"2015-01-06 15:39";"Suraj Jha";"I bought this phone 1 month ago & i m feeling many problems in this phone as. (1)Battery backup (2)hang problem (3)network problem (4)no any new fetures pleas don't bye anyone this phone";""
"3868";"39";"Galaxy Core II";"";"2015-01-06 15:33";"Mobile Store";"Samsung galaxy core ii is a good phone in this budget, a few thing I recomend you is:  i Always upgrade your phone to the letest software version ii use symentec security (NORTON MOBILE APP) which autometically scans and shows status of applications before you install them.";""
"3869";"39";"Galaxy Core II";"";"2015-01-06 15:18";"A";"upgrade to letest software version, your heating issue will resolve and use SYMENTEC antivirus for you phone (norton mobile). And dont forget to charge mobile more than 15% before upgaradation.   Samsung.";""
"3870";"39";"Galaxy Core II";"";"2015-01-06 13:18";"marco";"Good morning , I would buy this smartphone but in Italy is not imported , you know any online site where you can find it for sale ? thank's.marco";""
"3871";"39";"Galaxy Core II";"";"2015-01-06 12:31";"Izaac";"Phone is quite good. Nice and easy handeling.";""
"3872";"39";"Galaxy Core II";"";"2015-01-06 10:27";"sathya";"The mobile is very waste and not worth for the money. The mobile is getting hanged and battery backup is very worst.   Especially mobile is getting switched off frequently when we are using 3G. that too within 10 to 20 it will swithc off minimum 3 times.  very bad product";""
"3873";"39";"Galaxy Core II";"";"2015-01-06 09:09";"siddappa";"yesterday ibot the phone and it getting network issue its droping every 5mnt network from both sim. so the phone is not good..im unhappy with this.";""
"3874";"39";"Galaxy Core II";"";"2015-01-06 08:59";"viju";"mobile will geeting hanged wile usses";""
"3875";"39";"Galaxy Core II";"";"2015-01-06 06:41";"";"I used this phone for a 6 months and i feel this phone not worth for money .   POOR Battery back up , Gets Switched off when the battery is at 5 Percent itself  HANGS a lot most of them  RAM DUMP Error comes most of the times   Shear waste of Money U can go with XIAOMI phones instead of this .  ";""
"3876";"39";"Galaxy Core II";"";"2015-01-06 00:12";"Anonymous";"same problem with me";""
"3877";"39";"Galaxy Core II";"";"2015-01-05 22:33";"varun";"hai this is waste when we use internet geting slow & very very bad on batery no charing";""
"3878";"39";"Galaxy Core II";"";"2015-01-05 21:13";"shyammahi";"My phone is getting heated when I use Internet or play games u hav any solution for this  ";""
"3879";"39";"Galaxy Core II";"";"2015-01-05 21:09";"shyammahi";"My phone is getting heated when I use Internet or play games u hav any solution for this  ";""
"3880";"39";"Galaxy Core II";"";"2015-01-05 19:57";"Vincent Naveen ";"I brought core 2 four months ago.... From the day when I make a call the other person cant hear me properly... And battery also not good. Once it get fully charged it will stay 6 hours only... Please don't buy this phone and don't waste money.. You can buy moto.g instead   Worst mobile shame on you who ever made this bullshit...  ";""
"3881";"39";"Galaxy Core II";"";"2015-01-05 17:20";"sanjay ";"Sir. My phone is getting heated when I use Internet or play games.pls help me on this issue";""

