"5905";"60";"Galaxy Tab 4 8.0 3G";"";"2015-01-20 07:05";"sonan";"In Delhi we are still on 3G. This mobile does not connect with 3G so you are left with 2G. Pretty USELESS.";""
"5906";"60";"Galaxy Tab 4 8.0 3G";"";"2015-01-13 11:58";"";"I have only question is?. .. . Tab 4 t331 will get Lollipop &#127853; update in future &#128302; or not? ";""
"5907";"60";"Galaxy Tab 4 8.0 3G";"";"2015-01-13 11:56";"";"it supports otg.. .. i am using it ";""
"5908";"60";"Galaxy Tab 4 8.0 3G";"";"2015-01-13 11:56";"";"Last.. 3 months I am using tab 4 t331.. .. . Its really a good tab. .. Display quality is good.. battery backup is also good.. . No lagging I installed nearly 100 application... Microsoft office also works good... OTG cable also work.. .   Camera quality is poor and it should be 5 MP.... ";""
"5909";"60";"Galaxy Tab 4 8.0 3G";"";"2015-01-09 04:19";"Anonymous";"Hi.. I am using Samsung tab4 8.0 t331 past from one week. I m facing problem to connect OTG.. Is it supported in this tab.? Are there any softwares for this..??";""
"5910";"60";"Galaxy Tab 4 8.0 3G";"";"2014-12-15 15:53";"sandeep";"how to hide application in this tab 4 t331...??????";""
"5911";"60";"Galaxy Tab 4 8.0 3G";"";"2014-12-14 09:02";"";"Hi all, from Last 3 month i'm using this TAB 4. really very good tab and very useful at anytime and anywhere. Display is best clarity. No hanging issues till now. OTG cable is supporting to read pen drive or memory card reader. One day i keep my tab in my car dase board that time tab is in direct sunlight, so i lost my sensor and i hate this battery life. even its in not using its battery getting low and within 24hours it will show critical low warning or fully empty. but all over this is best tab for me. maybe you will like this. thank you";""
"5912";"60";"Galaxy Tab 4 8.0 3G";"";"2014-12-10 12:54";"shankar";"Except Quad Core, TAB 3 has two speaker that too at good place from where you hear it clearly & it has 5 mega pixel primary cam";""
"5913";"60";"Galaxy Tab 4 8.0 3G";"";"2014-12-10 12:54";"ismail";"hi, i just want to know,tab4 can connect with otg cable?i mean to say.we can connect usb memory.please let me know. thanx";""
"5914";"60";"Galaxy Tab 4 8.0 3G";"";"2014-12-03 20:28";"Anonymous";"Tab 3 is waste with crumpy plastic back panel with just dual core processor  Tab 4 leather back with quad core   only difference cam wr for tab camera is nothing";""
"5915";"60";"Galaxy Tab 4 8.0 3G";"";"2014-12-03 20:26";"Anonymous";"Too good with better Quad core processor ";""
"5916";"60";"Galaxy Tab 4 8.0 3G";"";"2014-12-01 01:05";"Anonymous";"sumsung galexy tab 4 T331 functions are very good and prosser good";""
"5917";"60";"Galaxy Tab 4 8.0 3G";"";"2014-11-28 15:16";"suz";"did this really hapen nt even one scratch";""
"5918";"60";"Galaxy Tab 4 8.0 3G";"";"2014-11-24 08:44";"chandresh singh";"hi, this tab could have good in speaker sound n camera could have 5 MP. price also it is more as compare to other company tab in the same segment. ";""
"5919";"60";"Galaxy Tab 4 8.0 3G";"";"2014-11-14 23:22";"crow white";"apply window 7 for my surface device";""
"5920";"60";"Galaxy Tab 4 8.0 3G";"";"2014-11-12 14:22";"Asakir";"i want to know if this tab support by individual HDMI port or should be using MHL dongle ? ";""
"5921";"60";"Galaxy Tab 4 8.0 3G";"";"2014-11-05 16:59";"varun";"Yes tab 331 support otg ";""
"5922";"60";"Galaxy Tab 4 8.0 3G";"";"2014-11-01 19:36";"ram";"guys i am planing to buy tab4 t331. can any one advise to me.is it wourthable for 20k? ";""
"5923";"60";"Galaxy Tab 4 8.0 3G";"";"2014-10-27 14:26";"atul241079";"Good tab for 3 interent. Overall excollect tab.";""
"5924";"60";"Galaxy Tab 4 8.0 3G";"";"2014-10-26 17:20";"ahha";"Very good Tab compare to others";""
"5925";"60";"Galaxy Tab 4 8.0 3G";"";"2014-10-25 04:53";"neel";"Samsung t331 is good ph but net is working too slow .";""
"5926";"60";"Galaxy Tab 4 8.0 3G";"";"2014-10-21 02:41";"chrisss";"Does this tab support usb otg? Need to know asap gonna buy this tab soon";""
"5927";"60";"Galaxy Tab 4 8.0 3G";"";"2014-10-07 08:59";"Ashik";"Samsung Tab 4.8.0 is best i have this tab good ";""
"5928";"60";"Galaxy Tab 4 8.0 3G";"";"2014-10-07 08:58";"Ashik";"camera mode change night snap install camera moding software  ";""
"5929";"60";"Galaxy Tab 4 8.0 3G";"";"2014-10-07 08:56";"Ashik";"Good Tab compare all new model Tab including samsung tab samsung tab s battery backup maximum 5 hrs but this tab 9.5hrs 3g calling, listen music quality high sound, only one disadvantage camera but not bad good hd pixel ";""
"5930";"60";"Galaxy Tab 4 8.0 3G";"";"2014-09-26 15:27";"sid";"best phone i had ever seen because it fell from my hand form 4th floor and even one scratch olso not got so its very best ";""
"5931";"60";"Galaxy Tab 4 8.0 3G";"";"2014-09-13 10:18";"vetri";"Flash is missing yaar on t331 thts the drawbak othr thn tht alll were goood nd mond blowng.........";""
"5932";"60";"Galaxy Tab 4 8.0 3G";"";"2014-09-03 16:31";"Anonymous";"Guys  Planning to go for a Tab ?  My selection between Tab 3 8.0 vs Tab 4 8.0  Which one is best, I mean for better operation. without lagging.  PS I dont care about camera ?  ";""
"5933";"60";"Galaxy Tab 4 8.0 3G";"";"2014-08-30 11:23";"prem";"Been using for one month now. Its good over all. Only issue for me is, the position of the volume n screen off switch. And camera could have been better, led flash missing.";""
"5934";"60";"Galaxy Tab 4 8.0 3G";"";"2014-08-20 16:16";"Bullmarket";"I just bought 3G model. It works very smooth and has a nice screen. My question is I couldnt find a program in it to make phone calls. Can anybody tell me how to make phone calls and send SMS ? ";""
"5935";"60";"Galaxy Tab 4 8.0 3G";"";"2014-08-06 03:56";"";"i fund the photo no speaker hole. it is on Samsung logo station.";""
"5936";"60";"Galaxy Tab 4 8.0 3G";"";"2014-08-05 06:40";"Abdullah";"I have bought one, but I notice there is only one speaker, so it not stereo";""
"5937";"60";"Galaxy Tab 4 8.0 3G";"";"2014-08-03 19:08";"";"Buy Tab 4";""
"5938";"60";"Galaxy Tab 4 8.0 3G";"";"2014-08-03 19:07";"";"Superb Tab... Happy with this tab.";""
"5939";"60";"Galaxy Tab 4 8.0 3G";"";"2014-08-03 12:56";"ajay dhiman";"i love tab 4 ";""
"5940";"60";"Galaxy Tab 4 8.0 3G";"";"2014-07-23 12:34";"Kamaal khan";"Planning to buy Samsung tab 4 after reading d user comment it seems like it not worth paying 21k.... ";""
"5941";"60";"Galaxy Tab 4 8.0 3G";"";"2014-07-14 20:25";"";"Which 2 choose betwn tab4 8.. nd tab3 8.. is dual core in tab3 very low in compare to quad core in tab4??";""
"5942";"60";"Galaxy Tab 4 8.0 3G";"";"2014-07-09 15:46";"jhuno";"I love my tab4.";""
"5943";"60";"Galaxy Tab 4 8.0 3G";"";"2014-07-06 01:16";"";"this tablet dont have hdmi port, and the mhl connector dosent work, i see the only solution its the all share cast dongle in the tab uo to 8 inch...... faIL TO SAMSUNG";""
"5944";"60";"Galaxy Tab 4 8.0 3G";"";"2014-06-28 16:37";"candra";"I like this, it's so amazing, thanks samsung ";""
"5945";"60";"Galaxy Tab 4 8.0 3G";"";"2014-06-09 13:02";"gopan";"i planned to buy tab 3 8.0 .but when i heard about tab 4 new os and quad core processor i planning to buy this tab 3 has better cam and sterio duel speaker.";""
"5946";"60";"Galaxy Tab 4 8.0 3G";"";"2014-06-07 06:22";"Pammu";"Samsung makes all cheap material in tabs and smartphones, but price will be very high............ and the pixel density of these tabs worse than anything.. ";""
"5947";"60";"Galaxy Tab 4 8.0 3G";"";"2014-06-06 12:11";"bad_camera";"3.5mp Camera disappoints, screen specs looks pathetic, 180ppi is really bad, pricy(Rs 27k), processor is OK as compared to current trend. Overall very poor! ";""
"5948";"60";"Galaxy Tab 4 8.0 3G";"";"2014-05-03 10:15";"";"this tab is pretty good and it has recently available in amazon.com for $239";""
"5949";"60";"Galaxy Tab 4 8.0 3G";"";"2014-04-14 08:50";"EAZMAN";"Why camera not flat in body and it will safe from scratch";""
"5950";"60";"Galaxy Tab 4 8.0 3G";"";"2014-04-04 05:54";"No.one";"the camera shud be at least 5 and the processor 1.5 ghz";""
"5951";"60";"Galaxy Tab 4 8.0 3G";"";"2014-04-02 13:43";"me & i";"why put a 3MP camera??? at lease 5MP or 8MP for 2014 device. downgrade of galaxy tab 3 8.0";""
"5952";"60";"Galaxy Tab 4 8.0 3G";"";"2014-04-02 10:15";"Anonymous";"The clock speed should be at 1.6 GHz , wondering why there are so many devices using "Quad core, 1.2 GHz cortex A7" processor";""
"5953";"60";"Galaxy Tab 4 8.0 3G";"";"2014-04-02 08:30";"HCarlos";"My favorite tablet. Go Samsung!";""

