"4800";"50";"Galaxy S5 Active";"";"2015-01-19 09:17";"Lonny";"I received my new phone.It is every thing I thought it would be.This is my first cell phone. Some people had a problem with water intrusion. The instructions are very specific about closing the battery cover and the USB port.When you are done charging, the pone tells to close the USB cover. If you are a roughneck and work outside you need a good otter box. The only thing I did't like was the tiny key board. I have big hands found a non metallic styles a must have tool to use the phone. Using the styles solved my problem and mane me very happy with this product. ";""
"4801";"50";"Galaxy S5 Active";"";"2015-01-14 17:59";"Anonymous";"I've dropped this phone from about five feet onto concrete on several occasions and it is in near mint condition still.";""
"4802";"50";"Galaxy S5 Active";"";"2015-01-12 03:07";"Anonymous";"We had the S5 active for 2 weeks. Fell maybe 2.5 - 3 feet, onto a shirt on the floor...and the whole screen shattered. Started at bottom and expanded upwards it looks like. But just want to say. We were told it was the "next release of the 'rugby'..." which it is far from . ";""
"4803";"50";"Galaxy S5 Active";"";"2015-01-10 07:11";"JOHN";"hello ive heard due the lack of 900MZ on 3 G band it desnt work is some european countries the 3G signal!! watch out";""
"4804";"50";"Galaxy S5 Active";"";"2015-01-09 03:47";"Tygre";"Two important (well, at least to me) questions about the S5 Active:  1) Is there a "Kids Mode" like with the regular S5?  2) Does the S5 Active have a "panning shot" effect like the S5?  Thanks, Tygre";""
"4805";"50";"Galaxy S5 Active";"";"2015-01-03 20:44";"Anonymous";"I was under the impression that the s5 active was ad tough as the rugby. But in 5 short months I have shattered my scree";""
"4806";"50";"Galaxy S5 Active";"";"2015-01-03 17:40";"Anonymous";"See I love this phone. It's very durable. Except for the fact I dropped it one time and the lower part of my screen has already cracked. And I didn't even drop it that hard. Very disappointed. ";""
"4807";"50";"Galaxy S5 Active";"";"2015-01-03 16:38";"David O'Donnell";"Bought this from a UK independent supplier on ebay, I use an EE 4G sim card and have NO problems! Fully 4G compatible!  One question however, this phone has come pre-installed with at&t junk apps, and I think as a result I'm having a hard time linking my Dropbox / there new carousel app to gallery and so when I want to send pics though 3rd party apps im having lots of trouble.. simply, I don't get the option to link on settings!! Any help much appreciated. ";""
"4808";"50";"Galaxy S5 Active";"";"2015-01-02 06:15";"Nanah";"Hi please help my galaxy S5 cracked on the inside screen bottom left,and now it doesn't work when I touch the screen it doesn't respond it like it freezing it been 2 days no iz it bcause of the crack pls guys help I need my phone.";""
"4809";"50";"Galaxy S5 Active";"";"2014-12-29 15:03";"";"discard";""
"4810";"50";"Galaxy S5 Active";"";"2014-12-26 18:59";"moskizzles";"This Phone Is amazing. I LOVE IT!!! The Phone Is Attractive, Works Great, And Has So Many Cool FeatureS. I Wouldn't WaNt Any Other Phone :)";""
"4811";"50";"Galaxy S5 Active";"";"2014-12-25 13:21";"";"How i can get this phone in malaysia? Is this release in Asia?";""
"4812";"50";"Galaxy S5 Active";"";"2014-12-13 09:37";"Anonymous";"If you guys are having trouble with the phone being too slippery your buttons being pushed Try the unicorn beetle case works really good and I know it's a very odd name but it does work and it's cheap";""
"4813";"50";"Galaxy S5 Active";"";"2014-12-10 16:54";"Anonymous";"I just dropped my S5 Active in my driveway. The impact seems to be on the lower left hand corner of the phone based on the scratches to the case. The glass did not crack! I dropped my S3 and other smartphones (yes, I'm clumsy) and in every other occurrence when I didn't have a protective cover, the glass cracked.  In my experience, the phone never quite works the same once you replace the glass.  So, if you have a tendency to drop your phone once in a while this is the phone for you.";""
"4814";"50";"Galaxy S5 Active";"";"2014-12-10 02:35";"Anonymous";"The Samsung Galaxy S5 Active is a very reliable/durable cell phone. The phone is great! Except for my messaging. It starts running slower than ever. Ive never had a phone do this to me before. I will be typing and my words dont pop up till 10-20 seconds later. My messages also have trouble sending. I will think the person im texting has not texted me back but its really my message has not gone through. The app always takes an extremely long time to pop up. Other than that.. great phone! :) I hope this helped.";""
"4815";"50";"Galaxy S5 Active";"";"2014-12-09 13:51";"Lc";"I've had the s5 Active for a few months and I'm trying to figure out how I can trade it in without paying an arm and a leg. The buttons on this phone are in a bad position. With normal use the buttons get accidentally pressed causing the phone to get turned on and off among other things. The phone is slippery. I have dropped it more than any other phone I've owned. The phone is not rugged as advertised, so the repeated drops make me cringe every time. I think the phone is slightly too big, making it uncomfortable in a pocket, add a case to try to protect it a bit more and it's way too big for my liking. ";""
"4816";"50";"Galaxy S5 Active";"";"2014-12-06 21:00";"Jeffrey";"I'm on the next plan, I had a Galaxy 4s and switched to the Galaxy 5S Active. At first I liked it, now it is really frustrating because it is slower than the 4s. Even though I have 4 bars; the reception isn't there, takes along time to view something. There is really no difference between the Galaxy 4 and the Galaxy 5. I wish I could switch back to my Galaxy 4s. They're is one thing different and that is the camera. ... more options. ..";""
"4817";"50";"Galaxy S5 Active";"";"2014-12-05 06:59";"";"I will buy i , I already lost my s4 active and tthe "active" version really atrractive";""
"4818";"50";"Galaxy S5 Active";"";"2014-12-04 21:10";"aces";"What you bought was the privilege of locking into a contract for a couple years";""
"4819";"50";"Galaxy S5 Active";"";"2014-12-04 18:27";"Anonymous";"I'm happy that around 3% are happy with s5 active. From a business stand point listen to the majority. It's crap! And whoever claims their phone got ran over twice and was Fine carry it a all times cause its it lucky charm apparently! This phone needs to be completely revamped to be considered rugged. ";""
"4820";"50";"Galaxy S5 Active";"";"2014-12-04 18:18";"fire25";"I've had this phone since summer and is nothing of rugged. It's slippery to hold, buttons are very inconveniently positioned and extremely sensitive. The phone has called 911 from lock screen multiple times from being in my pocket. I'm extremely disappointed in its quality all around. I assure you it was not a rugged person who put thought into its design!";""
"4821";"50";"Galaxy S5 Active";"";"2014-12-04 03:59";"Angry Samsung owner";"This thing is suppose to be everything proof. A stronger version of the s5. I had previous a s4 for 2 years. The s4 was dropped on gravel many times and no damage. I have this phone for 8 hours and the first drop and the screen spidered. I thought this thing was designed with drops in mind. And the first drop totally ruined it. I use this for work and now Idk what to do.";""
"4822";"50";"Galaxy S5 Active";"";"2014-12-02 10:27";"torkzx";"As a phone it is junk. Never gets service.(switched from s4 which got great service in the same places) Battery lasts 3 hours with the phone in my pocket. Probably from constant searching for service. I have never had more than 2 bars";""
"4823";"50";"Galaxy S5 Active";"";"2014-12-01 19:47";"BlooBlo";""Of this price" ? Hahaha.. I just bought one from best buy for one dollar.";""
"4824";"50";"Galaxy S5 Active";"";"2014-11-27 15:36";"";"buy a redpepper waterproof case for your normal phone and put your phone there in. IP68 rated 1.8m for 0.5 hours and shockproof no need to buy a phone of this price and it seems it do not live up to its rating.";""
"4825";"50";"Galaxy S5 Active";"";"2014-11-25 23:12";"Rick";"The exact same thing happened to my wife's phone. It was dropped for less than 3 seconds in approximately 5" of water. Samsung claimed that the fact that the phone was water damaged was "proof" that that the IP67 conditions were violated (1 meter depth for 1 hour). This is a self-serving interpretation that is pure circular logic. In itself, it is at least fraudulent advertising. We recommend that anyone buying this phone ignore the water resistant claim as empty promises. Further we suggest that no one should buy a phone from a company willing to foist such a falsehood on the buying public.";""
"4826";"50";"Galaxy S5 Active";"";"2014-11-25 19:48";"backtoiphone";"fark! mine too!!! it was dropped with my sister's iphone 6 when she got out from the car, and her iphone survived ";""
"4827";"50";"Galaxy S5 Active";"";"2014-11-24 01:31";"shut up ";"BS my phone screen cracked by falling two feet of a coffee table. ";""
"4828";"50";"Galaxy S5 Active";"";"2014-11-23 19:52";"FedEx Guy";"This phone is absolutely amazing. I'very been a FedEx Driver for the past three years and I've been in the military for the past 7 years in other words I live a very active and rugged fast past life. This phone is perfect, a little big considering I use to be an iPhone user but I coped with it. I've dropped this phone out of my driver side door in my FedEx truck doing 45, ran it over and watched the car behind me run it over. I freaked... after I pulled over and ran out to retrieve it I was amazed over the fact there wasn't even so much as a scratch on the thing. The only lyrics thing I have on this phone is a screen protector (amazon : .99$) and a cheap rubber and plastic case (knock off otterbox amazon: 9.99$). I don't know what these people are doing to get their phone cracked but if mine survived a high speed fall and being run over twice... I don't see any other phone being worthy enough to fit my lifestyle";""
"4829";"50";"Galaxy S5 Active";"";"2014-11-22 22:03";"Anonymous";"Coming from an iPhone 4, not sure if the things that annoy me are simply learning curve or not. seems to have a lot of bloatware for a communication device/camera/browser/reader, which is all I really use it for.  Made the switch to have an incentive to learn Android programming.";""
"4830";"50";"Galaxy S5 Active";"";"2014-11-22 22:02";"Anonymous";"Wife had her active for a couple months. It slid out of her car, a small fall and the screen cracked. How in the hell can they give this a milspec rating and a ip67 rating. When on the phone with these dumb asses they had no clue what either one of these are. Yes the software and phone seem nice but when you say rugged and on a small fall it Cracks I guess not. Hell my normal s5 has held up better. I plan to move my family back to apple. ";""
"4831";"50";"Galaxy S5 Active";"";"2014-11-20 20:47";"Inspecterjim";"I have has the phone for 3 months, can't grasp it, too 'slippery'. 'Shatter Proof' my ass, it may be more durable than the S5 but not by much. There is no case for these things unit, 3 months AFTER they come out. Would not recommend them. Wife and daughter have the iPhone and nothing has happened to the screens in 2 years. I can't stand Apple, but starting dislike Samsung just as much. Bring back the old Motorola i330. #Brick phones for life.";""
"4832";"50";"Galaxy S5 Active";"";"2014-11-20 14:59";"Anonymous";"I have no idea what everyone's problem is. The galaxy s5 active is the best phone anyone has ever made. If it had the s3's auto correct in messaging, it would be 100%. These people obviously just like to find fault with everything. For the people that "pull their phone out of their pocket and the screen is cracked", at&t makes flip phones! O, but you'd probably have a problem with the thing 'falling apart just looking at it'. ";""
"4833";"50";"Galaxy S5 Active";"";"2014-11-14 16:18";"WTH";"Had the phone for a week, I had it in my front pocket and the screen cracked on the top right corner. Then it got worse, total shattered/cracked the whole screen. Now I can't even use it because it went black...can't see a damn thing.";""
"4834";"50";"Galaxy S5 Active";"";"2014-11-02 19:13";"steve";"Honestly, this phone feels like a prepaid phone in my hand.. sucks the elite are finally taking over and everything is getting cheaper.. what a shame, my s2 feels like new technology in my hand, unlike this s5";""
"4835";"50";"Galaxy S5 Active";"";"2014-11-01 14:15";"benedict";"I bought the phone 3 weeks ago, and now i have a black line through my screen that appeared randomly. I assume it will be covered under warranty, but I'm aprehensive about keeping the Samsung now.";""
"4836";"50";"Galaxy S5 Active";"";"2014-10-30 23:08";"hunter";"Love it at first. Awesome being water proof. Shock proof? No. Literally just cracked the screen as it fell out of my lap on a wood floor. Thing is I also have a hard plastic case and a screen protector -.- now I'm gonna go on the near hopeless adventure of seeing my warranty covers it -.-";""
"4837";"50";"Galaxy S5 Active";"";"2014-10-28 09:14";"mmm";"I wish I could say I liked this phone but I was sitting in class and thus phone completely shuts off and turns back on with a white screen and the att globe. He phone screen stayed like tht for about 8 hours and then its went to my home screen. From there I could hardly do anything like send a text or make a phone call at all.";""
"4838";"50";"Galaxy S5 Active";"";"2014-10-25 14:49";"Wolverine63";" I got this in June and couldn't be more happy with it. It's easy to use and see. I have dropped it both inside (wood floors) and outside and all I did was dust it off. Not a mark on it. The battery, last all day. At night I use the ultra power saving option and still have 98%. I would and do recommend this phone. ";""
"4839";"50";"Galaxy S5 Active";"";"2014-10-13 06:53";"just me";"I've had this phone for two months and I was seating on my couch I got up and when I did my phone fell to the floor and the screen shuttered omg I have carpet and these happened these phone is all lies ... we need to go higher up just like they did for AT&T over charging people .. ";""
"4840";"50";"Galaxy S5 Active";"";"2014-10-13 05:08";"Arthur";"Check out Ebay, if you want to get this phone. It should be available. saw the ad there. It is a unlocked version made available for India. ";""
"4841";"50";"Galaxy S5 Active";"";"2014-10-13 03:46";"";"Very disappointed with this phone. Had it for 8 days and the screen cracked in my front jeans pocket. Samsung refused to replace my screen. Overall just a bad experience. It'll take much more convincing in the future to ever switch from Apple again.";""
"4842";"50";"Galaxy S5 Active";"";"2014-10-12 06:27";"Anonymous";"Ive had my phone for a while and im in love with it the only thing i been having a little problem with lately is when i go to text someone it says my shared data is not turned on and im not sure what that means so if someone knows and could help me i would really appreciate it!! But it really is a great phone!!";""
"4843";"50";"Galaxy S5 Active";"";"2014-10-11 15:08";"barry";"Wow this really helped me the decision to get this phone rather than an iPhone , thank you.";""
"4844";"50";"Galaxy S5 Active";"";"2014-09-25 01:16";"rob";"yea well written, perhaps i see problem with your pocket not with the phone, it might as well crush your hand, change your pocket, your life is not safe anymore.. ";""
"4845";"50";"Galaxy S5 Active";"";"2014-09-23 23:27";"Snow hire";"Why do specifications say it is water resistant up to 1 meter and for 30 mins when this is not true! My husband dropped his in sink of clean water and it died, now we are told that water damage is not part of warranty! Think this should be taken up with the omnibusman and watchdog see what they have to say";""
"4846";"50";"Galaxy S5 Active";"";"2014-09-23 17:42";"zachg";"So first off, I did not purchase the S5 active. My father actually witnessed the phone fall out of the population pocket of a guy riding a motorcycle. Needless to say, he jetted out like a speed demon and had his phone fall onto hard asphalt and slide for about 50 ft. My father thought the phone would be done for sure when he picked it up. There was no damage to the phone other than a small, unoticeable scratch to the camera lens in the back. If you ask me that is quite amazing. Any other phone would have been done for sure. ";""
"4847";"50";"Galaxy S5 Active";"";"2014-09-17 23:45";"rita";"Mysterious Crack on lower left of screen voids warranty. Samsung says AT&T advertise shatter proof not them so issue is with AT&T. AT&T says samsung doesn't cover physical damage or water damage. Can pay insurance deductible $199. Feeling false advertisement and the run around";""
"4848";"50";"Galaxy S5 Active";"";"2014-09-17 11:12";"Anonymous";"why no possibilty to put a lace it would be so important for a rugged smartphone, what if it falls in deep water ";""
"4849";"50";"Galaxy S5 Active";"";"2014-09-16 21:49";"DisappointedCustomer";"VERY DISAPPOINTED.  Five days... It was great for four days. On the fifth day I had it, I pulled it out of my pocket during lunch to check the time and there was a crack in the upper left hand corner of the screen. It may be drop proof and water proof but it sure as shit is not pocket proof. My 5 day old "most everything proof" phone is damaged with a voided warranty. I was never even able to take advantage of the water proof feature and won't because once again, voided warranty.  VERY DISAPPOINTED.";""
"4850";"50";"Galaxy S5 Active";"";"2014-09-16 20:08";"jude";"Anybody knows how to activate my tethering mood, been trying it but it doesnt turn on?";""
"4851";"50";"Galaxy S5 Active";"";"2014-09-16 12:40";"Anonymous";"I think its your mistake, you must let it dry first before you open any cover. it is typical to all water resistant or waterproof gadgets like Camera Etc. that let the unit dry prior to opening any cover.";""
"4852";"50";"Galaxy S5 Active";"";"2014-09-16 04:07";"tops35";"macky 321 said " I had not a reason to take the backing off the phone."";""
"4853";"50";"Galaxy S5 Active";"";"2014-09-16 03:22";"Samhung";"I've been handling this phone for 4 hours and I have dropped it 9 times. It's very slick, It didn't break the screen til the 6th time I dropped it so I assume its a decent build. I had 13% battery and I called my aunt Judy up in Alabama and talked to her for 2 hours, got off the phone and still had 3% to check my twitter.";""
"4854";"50";"Galaxy S5 Active";"";"2014-09-15 03:08";"Anonymous";"Not sure why your complaining. By your admission the cover was not installed correctly, the phone got wet and the water got inside and Samsung will not replace. Tough lesson to learn but it's your phone and responsibility to ensure the cover is secure. No maker will replace a phone if water gets inside. Sorry bud.";""
"4855";"50";"Galaxy S5 Active";"";"2014-09-06 17:21";"";"Had this phone for less than a week. Got the phone wet and the inside where the battery was got wet. NOT WATER RESISTANT! I had not a reason to take the backing off the phone. AT&T told me I took the case off and did not put it back on correctly. NO, the only thing that really happened was when the employee took the phone case off to put my sim card in he did not put the phone backing back on correctly. AT&T could do nothing for me, said take it up with Samsung. After reading other posts about water damage im very skeptical about getting a new phone replaced for free. Seems i will be scraping together 199$. BEWARE OF THE WATER WITH THIS PHONE!!!!!!!";""
"4856";"50";"Galaxy S5 Active";"";"2014-09-05 04:08";"Carth";"You don't seem to be aware that carriers purchase spectrum within those bands. Those are the LTE bands for all US LTE networks.";""
"4857";"50";"Galaxy S5 Active";"";"2014-09-04 01:58";"Anonymous";"I driopped mine and the shatter proof screen shattered :-( I only dropped it off my coffee table to, samasung was very rude about the durability of the phone and stated that it was durable but wud not five warranty on the phone if there was physical damage to it, so basically this phone is JUNK";""
"4858";"50";"Galaxy S5 Active";"";"2014-08-27 04:40";"";"Absolutely awesome, top notch hardware, but god awful interface. The default keyboard was just terrible. It would replace correctly spelled words with pure rubbish and had a very limited vocabulary. I found myself fighting with the auto correct just to send a simple text message. The settings page just made me upset trying to locate the correct settings to set. The overall colors themes were horrendous. When charging, the screen would come on and beep for no reason. If you can get past the interface, this phone is great. I was done with fighting with my phone after just four days.";""
"4859";"50";"Galaxy S5 Active";"";"2014-08-26 22:31";"Anonymous";"No offense but it sounds like you got a bad phone my camera quality is great and it works great! I couldn't be happier";""
"4860";"50";"Galaxy S5 Active";"";"2014-08-25 21:35";"";"it has no ois";""
"4861";"50";"Galaxy S5 Active";"";"2014-08-22 08:33";"Anonymous";"The active has the heartrate sensor instead of the fingerprint.   I don't know what an "air gesture sensor" is, or whether it has one of those.";""
"4862";"50";"Galaxy S5 Active";"";"2014-08-21 14:13";"soeb";"thanks for samsung comoany";""
"4863";"50";"Galaxy S5 Active";"";"2014-08-21 14:12";"Soeb";"Nacie phone and for vary good softwer mobaile mp4/Hd pc camera samsung Galaxy s5 may faivret phone ";""
"4864";"50";"Galaxy S5 Active";"";"2014-08-19 07:37";"Fredy";"This model have fingerprint reader and air gesture sensor?";""
"4865";"50";"Galaxy S5 Active";"";"2014-08-17 20:05";"vanja";"why would you panic and remove the battery, if the phone is water resistant? It is supposed to work after dropping in the pool.";""
"4866";"50";"Galaxy S5 Active";"";"2014-08-17 14:19";"Mark";"I've had my S5 Active for about 3 weeks. It accidentally fell in the pool on Friday evening. I removed the battery, SIM card, and SD card and allowed it to dry overnight. Saturday morning (about 18 hours later) I reassembled the phone, and it worked perfectly. However, 8 hours later, the screen went completely dead. I was able to hear my text messages arrive, but I couldn't see them. Again, removed battery, et al. This morning (12 hours later), the screen is now visible, but the Messaging app is running much more slowly than normal. I have insurance on the device and will probably be seeking replacement. ";""
"4867";"50";"Galaxy S5 Active";"";"2014-08-12 07:58";"";"i wish this phone will be released in Philippines. Very tough phone!!";""
"4868";"50";"Galaxy S5 Active";"";"2014-08-12 06:36";"jt";"I was thinking the same thing??? Maybe if we get it unlocked, we can use it on tmobile. ";""
"4869";"50";"Galaxy S5 Active";"";"2014-08-12 01:20";"";"Can i find S5 Active in Gulf or Middle east";""
"4870";"50";"Galaxy S5 Active";"";"2014-08-10 19:32";"";"I have had the S5 and just purchased S5 active..The phone has worked great no major differences in it than the regular S5 on performance side..The S5 active feels more premium and the port at bottom is much more secure than on S5..I like the buttons on the phone and they work well..I haven't dunked it in water and hope if it goes in that it does what its suppose to..overall happy and like the camo color .";""
"4871";"50";"Galaxy S5 Active";"";"2014-08-10 19:05";"";"Yeah like the same old iPhone has made major changes over the years..same crap  ";""
"4872";"50";"Galaxy S5 Active";"";"2014-08-10 18:52";"";"The insurance is there so if you damage your phone you pay the required fee for that phone usually $150/175 and they replace your phone..no more cracked screen..they send you a brand new phone..Read the fine print..but that's what the insurance is there for..";""
"4873";"50";"Galaxy S5 Active";"";"2014-08-07 21:37";"";"The phone is water resident not waterproof ill call Samsung for a warranty claim if possible ";""
"4874";"50";"Galaxy S5 Active";"";"2014-08-07 21:28";"Anonymous";"I got my S5Active in early July from ATT. I wanted a durable phone because of my active lifestyle. I loved the phone, but unfortunately, in late July I put it in the outer pockey of my backpack and road my bike home. When I got home 35 minutes later, I found the glass was shattered.  I called ATT. They wouldn't fix it or do anything to help. I didn't buy the insurance.  Turns out the independent repair shops say it can't be replaced without the LCD. Replacement for the subassembly ran ~$350. I told them to order it and gave my credit card. A week later I'm told they can't get replacements.  I called Samsung and really got a run-around from their call center. I asked the operator, " is there a local place to get the phone repared." She started asking me tons of questions. I asked again for a local repair place. again a ton of questions. Finally, as I was going to hang up she put me on hold a few times and then came back, mumbled something about Best Buy, and then said I could mail it to their repair center and expect a turnaround of 5 to 7 days, plus 4 days for shipping. I told her I couldn't give up my phone for that long. She said there were no other repair options.  So here I sit with a new cracked phone.  Very frustrating.  Just a warning. I don't thinkinsurance would help here. I think the phone is too new and they don't have a means of repairing/replacement parts.  The cracking is probably caused by residual stresses in the glass where seals press against it from underneath by the buttons.  Beware, it's not so environmentally durable!";""
"4875";"50";"Galaxy S5 Active";"";"2014-08-06 09:35";"Oldtiger";"I have had my s5 active for 2 weeks now and I am HORIBLY DISSAPOINTED with it! I bought it because of all the good reviews I read about it, must have been paid off, uneducated, or just never actually owned this phone.  I bought this phone mainly because O wanted the best camera possible on a phone, let me tell you, this one is not it! My 4 year old HTC MyTouch 4 takes nicer photos! Megapixels do NOT equal photo QUALITY, only size.  2 other gripes I have is the inability to change the fugly teal color on all the Samsung menus, and the INABILITY to change the "touch sounds". Yes as hard as it is to believe, these option do not exist on the S5 phones!  Lastly, after 15 minutes on the phone it gets hot enough I have to hold it away from my face.  I will be selling this junk phone, and try to find something better.  I am writing this review only with the hope to help other from faling for the same lies that goy me to buy this phone. ";""
"4876";"50";"Galaxy S5 Active";"";"2014-08-06 06:06";"mom33";"Download a app called Smart switch mobile.it's fast and easy ";""
"4877";"50";"Galaxy S5 Active";"";"2014-08-05 05:27";"Mickey";"I had the same problem with my S5 Active. Was at a waterpark with my wife and child, and 30 minutes after i got the phone wet, it was not working. I was told the same thing by ATT, and was asked to send the phone in by Samsung. I figure I will hear the same crap from them, in a few days. For anyone thinking about buying one of these phones, dont get it wet, it doesnt matter the case, they WILL NOT warranty the phone. Repeat, they WILL NOT warranty the S5 ACTIVE. They run a commercial on TV with a guy taking a picture under the water. That is totally false advertisement. I will not buy another Samsung, if they don't fix this phone, and after my contract is up with Att, I will be switching carriers. ";""
"4878";"50";"Galaxy S5 Active";"";"2014-08-04 18:35";"JEmnez";"why it has three button below??? duh!! its called s5 ACTIVE... it is build for water and dirt resistants.. lets say it uses touch sensor.. if water was still on the button could u still press the button efficiently and effectively?? thats why this design is unique and for people who wants ruggeded device with no fear bringing it on a beach..";""
"4879";"50";"Galaxy S5 Active";"";"2014-08-02 17:36";"";"Unlike Samsung to have three buttons below, if you cover the back side of the phone, please Samsung cover up the bottom as it does not look good .";""
"4880";"50";"Galaxy S5 Active";"";"2014-08-02 04:34";"LADA GAGA";"why are there three buttons on the buttom this feature is very unappealing.";""
"4881";"50";"Galaxy S5 Active";"";"2014-08-01 02:08";"Anonymous";"S5!";""
"4882";"50";"Galaxy S5 Active";"";"2014-07-31 10:57";"Jonny";"Hello Friends Give Me suggestion On Samsung Galaxy S5 Or IPhone 5s..... which one should i go for.....";""
"4883";"50";"Galaxy S5 Active";"";"2014-07-31 10:53";"Jonny";"hey people just tell me which mobile i should go for iPhone 5s or Samsung galaxy s5";""
"4884";"50";"Galaxy S5 Active";"";"2014-07-28 04:22";"";"The "4G Network" spec says "LTE 700 / 850 / 1700 / 1800 / 1900 / 2100 / 2600". Note the 1700 and 2100 MHz. These are T-Mobile's LTE frequencies.  Why is this phone "For AT&T"?";""
"4885";"50";"Galaxy S5 Active";"";"2014-07-21 20:41";"Amber";"Bad-ass phone. A million times better than the Iphone, and even better than the Windows phone. It's super sleek, light, and durable! And I love the Ruby Red color!";""
"4886";"50";"Galaxy S5 Active";"";"2014-07-20 04:29";"";"just download the free app GRAVITY SCREEN it turns your phone off when placed in your pocket and when screen down.some other features to this app ,but works perfectly to stop pocket dialing for GOOD.watch the video on youtube for Gravity screen.you are welcome.......";""
"4887";"50";"Galaxy S5 Active";"";"2014-07-18 20:15";"Shaikh Rizwan ";"Very good ";""
"4888";"50";"Galaxy S5 Active";"";"2014-07-18 06:11";"";"Hey guys does anyone know if the GS 5 Active has FM radio or not just like the normal S5?";""
"4889";"50";"Galaxy S5 Active";"";"2014-07-15 16:28";"DMC";"My only problem with this phone so far is the ease with which it turns itself on in my pocket or as I am pulling it out of my pocket. I am pocket dialing everyone.";""
"4890";"50";"Galaxy S5 Active";"";"2014-07-15 12:13";"Musa";"I love this fone, i just bought G S5 is good to go. With good futures";""
"4891";"50";"Galaxy S5 Active";"";"2014-07-07 04:20";"Clayton Tarentino";"So are you currently running cynogenmod?";""
"4892";"50";"Galaxy S5 Active";"";"2014-07-06 09:39";"deena";"I just got mine today and I love it so far. I love the way it looks (green camo) and it is easy to navigate. I had the s4 active and it had some glitches, but haven't had any problems with the s5 active yet! ";""
"4893";"50";"Galaxy S5 Active";"";"2014-07-05 19:41";"shaq";"I don't believe you";""
"4894";"50";"Galaxy S5 Active";"";"2014-07-04 02:35";"bryan";"I doubt this is true. I film with my regular s5 underwater and it's fine.";""
"4895";"50";"Galaxy S5 Active";"";"2014-07-03 04:31";"havs";"I would highly advise against purchasing this phone. I had the phone less than 3 hours when my son got some water on it. it wasn't submerged at 3 feet for 30 minutes or anything near their claims on the Samsung website, just a splash of water. Less than an hour later it started acting funny, the screen was flickering and everything acted like it was on a 5 second delay. I took it back to AT&T and they took a look under the back cover (which the AT&T employee put on) and there was water damage. AT&T at that point refused to take the phone back, stating that it was a damaged phone. They told me that I should speak with Samsung, as it was their issue. I called Samsung and they said that if there was any water damage that the warranty was void. I tried pointing out to both AT&T and Samsung that the sole reason I purchased this phone was the IP67 rating. Regardless, they refused to honor their water resistant to 3 meters for a half hour claim. I now have a brick sitting on my desk that worked for less than half a day. If you're even thinking of getting this phone for its water resistance, know that the water resistance failed for me when exposed to a single incident, and that neither Samsung nor AT&T would replace the phone.";""
"4896";"50";"Galaxy S5 Active";"";"2014-07-02 07:10";"Lover not a fighter ";"This phone is so awesome! Beautiful look, and in Camo Green, my friends love it! I have already dropped it on the ground from about 3 feet, and I see no dents or scratches. Yea, it may be slippery in the hand, but it is worth it. It is an Otter Box, but a small and better version. Amazing size. Thanks android  ";""
"4897";"50";"Galaxy S5 Active";"";"2014-07-01 11:39";"";"Its a rugged device. Where have you seen a beautiful rugged phone aside from the xperia active? None. Because rugged phones focus on being robust so they wont give up as easily in rough conditions. These phones are for those who work in rough conditions of dirt, water, high heat in factories and metal workers. So stop whining about the looks already.";""
"4898";"50";"Galaxy S5 Active";"";"2014-06-29 06:32";"RubgyUser5";"I've been using the Samsung Rugby LTE for nearly 2 years now.. I've dropped it several times, it's been wet with rain and mud and I can navigate the menu comfortably with one hand. While being a field technician working on various sites, I find the buttons VERY useful. (Especially wearing work gloves) I just wanted to write a little something to let people know, it may not have the looks or crazy sleek appeal that most phones have now (huge screen, shiny bezel, thin and light etc..) but I'm really excited to upgrade my Rugby to this S5 Active when my work gives me the budget in a few months. I've setup everything I need on my Rugby LTE so it works perfect for my daily and work purposes, but I'm looking forward to getting one of these in my hands soon with all the upgraded features. TRUST ME, it may not look as nice but functionally, it rocks! What I like is that it's made already with a protective case, so I don't need to find a waterproof case, it's already made like that. Also, the slim form factor allows me to use it with one hand with no button pressing mistakes. Built in Swype will be awesome too, as I already use that.. and don't forget to mention, I use my phone as a hotspot for my laptop, so being able to swap out dying batteries with a new one is invaluable. I have about 3 extra batteries and can provide my laptop with LTE connectivity for more than 8 hours. I think Samsung did a great job learning from the first edition Rugby, as to what the average construction worker, field technician, or handyman needs in a newer phone these days. So I'm really excited to check this one out when it comes to my city! OHH! Another thing I love, is that after I film adventures on my gopro3, I simply put the micro SD card into my phone and use Whatsapp to send edited HD videos on the go. Something other phones just dream of doing. (not to mention mp3 songs and other media that I like to drag and drop on the SD card / phone memory). To me, I want a phone that works when I need it, with all the features, such as the ones I mentioned above. I don't really care how it looks, just as long as I can fit it in my pocket nicely and I can use it on the go. SUPER STOKED!!!! ";""
"4899";"50";"Galaxy S5 Active";"";"2014-06-27 02:41";"";"Having been a galaxy S3 user (rooted and multiple roms used) for the last two years, the S5 is amazeballs. I just got a grey one for myself and a red one for my wife. The only thing this phone doesn't do is..... J/K it does everything and it does it well. Thank to GeoHot for the towelroot for quick and easy rooting. Get one, its mil-spec'ed, you have to go out of your way to F it up. ";""
"4900";"50";"Galaxy S5 Active";"";"2014-06-26 21:34";"Anonymous";"Like.";""
"4901";"50";"Galaxy S5 Active";"";"2014-06-24 23:03";"Android Lover";"This looks horrible.";""
"4902";"50";"Galaxy S5 Active";"";"2014-06-23 20:34";"Anonymous";"its really funtastic.................";""
"4903";"50";"Galaxy S5 Active";"";"2014-06-23 02:17";"Andio";"Will it still work if it gets hit by a raging bullet? LMFAO!";""
"4904";"50";"Galaxy S5 Active";"";"2014-06-22 20:09";"Myron";"Why doesn't Samsung release Active series in India? Also the Snapdragon ones unlike others? I also believe Samsung is in love with PLASTIC... ";""
"4905";"50";"Galaxy S5 Active";"";"2014-06-21 19:19";"Anonymous";"again ugly old design with old android";""
"4906";"50";"Galaxy S5 Active";"";"2014-06-21 07:18";"Limited";"Oh you mean the P7 that looks like an Apple iPhone on the side, Sony Z1 on the back and Samsung S2 on the front (w/o the button)? cmon man, you can't be the best if you're just copying from the others.";""
"4907";"50";"Galaxy S5 Active";"";"2014-06-21 06:02";"xperia z2";"Ugly ";""
"4908";"50";"Galaxy S5 Active";"";"2014-06-20 20:00";"kahex";"why s4 active is crap? tell me please.";""
"4909";"50";"Galaxy S5 Active";"";"2014-06-20 17:07";"Anonymous";"Well Samsung put out that if the phone does get wet within the one year warranty that they will replace it so all you have to do is contact your service provider and they will warranty the device.";""
"4910";"50";"Galaxy S5 Active";"";"2014-06-20 02:28";"adam";"Well I have the S4 Active and its absolutely crap. Cant see why the S5 would be better. The battery cover is falling off regulary and I dropped it once and its badly dented on the bottom edge. Compared to Motorrola Defy this "active" smartphone is made from porcelain.";""
"4911";"50";"Galaxy S5 Active";"";"2014-06-19 05:51";"div";"its too good ";""
"4912";"50";"Galaxy S5 Active";"";"2014-06-18 00:24";"Anonymous";"Water would void your warranty";""
"4913";"50";"Galaxy S5 Active";"";"2014-06-17 03:48";"";"samsung galaxy s5 active have typical samsung galaxy feature such as battery removable external memory etc.  better protection than galaxy s5 - IP67 certified - dust and water resistant up to 1 meter and 30 minutes - MIL-STD-810G certified - salt, dust, humidity, rain, vibration, solar radiation, transport and thermal shock resistant  plus dedicated camera button. almost perfect but i like it.";""
"4914";"50";"Galaxy S5 Active";"";"2014-06-16 16:43";"Anonymous";"Wow Wow...! good one but I'm going to buy a s5... Which one is the best looking smartphone S5 or S5 active? ";""
"4915";"50";"Galaxy S5 Active";"";"2014-06-14 14:08";"Anonymous";"This is not ment to be a beatiful device";""
"4916";"50";"Galaxy S5 Active";"";"2014-06-13 11:34";"demi";"is it going to be available in south africa";""
"4917";"50";"Galaxy S5 Active";"";"2014-06-11 07:53";"blueMountain";"we want mini version(4.5 or 4.7 inch) o galaxy s5 active...:)";""
"4918";"50";"Galaxy S5 Active";"";"2014-06-10 14:55";"";"No OIS camera is mil 810. For that matter the vibration testing alone would kill any OIS camera. By the way hardware OIS is a fad right now. You are going to see software image stabilization take over. Its cheaper and with faster and faster CPUs going in more and more smart phones. Hardware OIS like in the 1020 will go the way of the dodo. Mark my words.";""
"4919";"50";"Galaxy S5 Active";"";"2014-06-10 14:47";"";"Its actually better. Its mil 810 certified. So its salt water, more dust and debris, vibration and more.";""
"4920";"50";"Galaxy S5 Active";"";"2014-06-10 09:43";"khan";"Awesome phone !!!! Wish it was available here in india .. :-( ! Hope it is available soon ";""
"4921";"50";"Galaxy S5 Active";"";"2014-06-09 08:40";"E.S";"So, I can now take it with me to the shower?  will the warranty still be valid?";""
"4922";"50";"Galaxy S5 Active";"";"2014-06-08 23:03";"";"you are on a wrong page,dude.anyway,that design would not survive fall,even from a pocket height...";""
"4923";"50";"Galaxy S5 Active";"";"2014-06-07 17:00";"shortly PC";"will samsung launch snapdragon version in india";""
"4924";"50";"Galaxy S5 Active";"";"2014-06-07 14:28";"";"That design looks cool indeed but it's far from being comfortablei n hand.Trust me.";""
"4925";"50";"Galaxy S5 Active";"";"2014-06-07 13:35";"Jani";"Where is 55 and 58 IP-certified???. =(";""
"4926";"50";"Galaxy S5 Active";"";"2014-06-06 14:56";"Anonymous";"Dear,SAMSUNG.. SAMSUNG.. look at the HUAWEI ascend p7 . It is the best ever design in the smartphone world .. It surely beats Z2, I PHONE 5S, ONE M8 in design.. If u can make a smartphone with design like p7 , u are the best ever company... ";""
"4927";"50";"Galaxy S5 Active";"";"2014-06-05 10:21";"MOCCA";"can anyone assist me .i cant access my contacts in my s5. it keeps saying : contacts updating. where can i stop such update? any suggestions. ";""
"4928";"50";"Galaxy S5 Active";"";"2014-06-05 06:12";"Goutham";"This is an awesome Mobile";""
"4929";"50";"Galaxy S5 Active";"";"2014-06-04 07:27";"";"Excellent new flagship, I'll buy it to my Dad. Currently, I am using Galaxy S5. https://www.youtube.com/watch?v=ufPYOUGlG5Q";""
"4930";"50";"Galaxy S5 Active";"";"2014-06-03 23:29";"Anonymous";"is there expectation to release in Brazil?";""
"4931";"50";"Galaxy S5 Active";"";"2014-06-03 20:32";"";">> Super AMOLED capacitive touchscreen, 16M colors  This thing is dead to me. That and it's exclusively with AT&T (AT&T likes to lock down the wifi tethering).  Looks like the only 2 Android phones on the market with Snapdragon 800 series processors, 1080p or better LCD displays in a 5 - 5.5" form factor, and with a micro SD slot are the Sony Xperia Z2 and the LG G3. I'm still a bit skeptical about the G3's display in terms of battery life, but right now those two are the top contenders for my upgrade dollars.";""
"4932";"50";"Galaxy S5 Active";"";"2014-06-03 13:13";"abdurahman";"galaxy s5 active the very very best mobiles";""
"4933";"50";"Galaxy S5 Active";"";"2014-06-03 11:35";"Hello";"MIL-STD-810G just google it";""
"4934";"50";"Galaxy S5 Active";"";"2014-06-02 03:31";"Latona";" MIL-STD-810G certified - salt, dust, humidity, rain, vibration, solar radiation, transport and thermal shock resistant. READ THIS";""
"4935";"50";"Galaxy S5 Active";"";"2014-06-01 20:11";"Gegi";"No impact resistance? No FM radio? And this is an outdoor phone?";""
"4936";"50";"Galaxy S5 Active";"";"2014-06-01 15:26";"soopy";"Samsung galaxy s5 has awesome and fast autofocus but lacked optical image stabilization present in other phones like Nokia lumia 1020. Samsung has tried to do away that with Galaxy S5 Active I believe. Lg G3 has laser assisted phase detection autofocus and optical image stabilization OIS, Sony Xperia Z2 has good camera but has contrast base autofocus which is dicisively slow for object tracking and video recording of fast moving objects. Although the image stabilization on Sony Xperia Z2 is fast and good.";""
"4937";"50";"Galaxy S5 Active";"";"2014-06-01 13:21";"";"Water resistant only? Why can't they make it water proof like the other famous "S X" competitor?";""
"4938";"50";"Galaxy S5 Active";"";"2014-06-01 12:49";"Anonymous";"is this SAMSUNG's flagship now!! thats new! as they always put the best features at the bas model!!";""
"4939";"50";"Galaxy S5 Active";"";"2014-06-01 12:01";"mahi";"i think specification are very good/awesome....screen resolution high...water proof resistant....video 2160,1080p present....16 gb internal memeory...but one think not to sure can i move internal apps data into memory/sd card....if its possible...then this mobile is awesome....curve shape...body looking good";""
"4940";"50";"Galaxy S5 Active";"";"2014-06-01 10:26";"";"nice phone i like the bakstage camo.";""
"4941";"50";"Galaxy S5 Active";"";"2014-06-01 09:42";"SAMSON";"The blue button is the camera's shutter button...^^";""
"4942";"50";"Galaxy S5 Active";"";"2014-06-01 09:07";"jigx";"doomsday mobile";""
"4943";"50";"Galaxy S5 Active";"";"2014-06-01 07:22";"";"I wish I could say the same about the phone though.";""
"4944";"50";"Galaxy S5 Active";"";"2014-06-01 06:10";"";"wow...MIL-STD-810G certified!! the level of military stuff protection.";""
"4945";"50";"Galaxy S5 Active";"";"2014-05-31 19:14";"Raja";"What is the difference between Samsung S5 and Samsung s5 Active?";""
"4946";"50";"Galaxy S5 Active";"";"2014-05-31 19:04";"Anonymous";"The first actually ugly Samsung device in years. S4 still remains one of the most beautiful devices of all time. HTC M8 after that and the 3rd one is probably LG G3.";""
"4947";"50";"Galaxy S5 Active";"";"2014-05-31 14:49";"rohit";"Is this also region locked?";""
"4948";"50";"Galaxy S5 Active";"";"2014-05-31 14:25";"xperia z2";"Bear grylls? I like him too";""
"4949";"50";"Galaxy S5 Active";"";"2014-05-31 12:16";"";"Imagine putting that in a protective cover ... heheee ";""
"4950";"50";"Galaxy S5 Active";"";"2014-05-31 11:55";"";"yeah! now I can not only scuba dive but also go to war with this.thanks samsung. -made 4 bear grylls";""
"4951";"50";"Galaxy S5 Active";"";"2014-05-31 11:26";"WWE THARINDU";"we dont need any tough armours anymore! best phone!";""
"4952";"50";"Galaxy S5 Active";"";"2014-05-31 10:42";"kalo";"The blue button is for quick access to active and sport apps";""
"4953";"50";"Galaxy S5 Active";"";"2014-05-31 06:07";"shammi";"As per the specs ,solid sturdy and the best phone in market .....";""
"4954";"50";"Galaxy S5 Active";"";"2014-05-31 00:06";"Anonymous";"good with protection, but that is one ugly phone.";""
"4955";"50";"Galaxy S5 Active";"";"2014-05-31 00:00";"";"I hope that blue button is for walkie talkie :D";""
"4956";"50";"Galaxy S5 Active";"";"2014-05-30 20:57";"";"finally a rugged smartphone with top of the line specs.this was missing.there were manufacturers like caterpillar,etc which gave rugged smartphone with low-mid range specs.  Sony gave the world a top of the line smartphone in compact size.  no its time for samsung to deliver a truly active product with top of the line specs";""
"4957";"50";"Galaxy S5 Active";"";"2014-05-30 19:47";"Anonymous";"Specs are great but not going to come to India and even if comes, Samsung equips it with Exynos Octa version which is not good. And for that, i have to pay 50000rs +. what a idiotic strategy followed in India by Samsung. One would not pay 50k for a phone.";""
"4958";"50";"Galaxy S5 Active";"";"2014-05-30 18:05";"";"super amoled screen plus military grade protection and a flagship level specs.. i will definitely wan to have this phone.. Soon..";""
"4959";"50";"Galaxy S5 Active";"";"2014-05-30 17:43";"sfffffs";"lol chaina mobile face this mobile not announce plz your time west samsung plz make budget mobile fast  spicification are 5 inch display hd faceing camera 2mp android kitkat price 11,000 actully nokia xl also avalible market same price ";""
"4960";"50";"Galaxy S5 Active";"";"2014-05-30 17:23";"xspike-";"That and it will be Military grade shock proof";""
"4961";"50";"Galaxy S5 Active";"";"2014-05-30 14:30";"pramod kumar singh";"its world one feature.......... world no1 handset";""
"4962";"50";"Galaxy S5 Active";"";"2014-05-30 14:17";"jj";"What's the point they made this? The original S5 already has IP certification, it's lighter, smaller, has a heart rate detector, and I think for most people, it has a better design.";""
"4963";"50";"Galaxy S5 Active";"";"2014-05-30 14:15";"";"fTw? Same dust and water proof rating with the s5?? it should have more advanced rating since it is quoted as the more indepth sibling of s5 underwater";""
"4964";"50";"Galaxy S5 Active";"";"2014-05-30 13:59";"ravendra";"can say it's a main bloing phone";""
"4965";"50";"Galaxy S5 Active";"";"2014-05-30 12:49";"";"Just a normal S5 + OtterBox defender build-in.";""
"4966";"50";"Galaxy S5 Active";"";"2014-05-30 12:29";"";"It has MIL-STD-810G! Can't you C that?? ";""
"4967";"50";"Galaxy S5 Active";"";"2014-05-30 12:19";"TTJ";"samsung has impemented a ban on fm radio listening for its flag ship phone customers";""
"4968";"50";"Galaxy S5 Active";"";"2014-05-26 12:03";"Jake";"Is this also region locked?";""
"4969";"50";"Galaxy S5 Active";"";"2014-05-24 19:06";"dizzy";"i agree i listen to radio all the tie and this will stop me from buying it.";""
"4970";"50";"Galaxy S5 Active";"";"2014-05-21 17:06";"";"It looks cool on the video, but it lacks an FM radio. I just can NOT understand why? I do not want Internet radio sorry, but I am NOT the only one.";""
"4971";"50";"Galaxy S5 Active";"";"2014-05-21 05:48";"Anonymous";"Let's hope it will not have the same problems as S4 Active regarding the heating and the waterproof (which in many cases didn't work)";""
"4972";"50";"Galaxy S5 Active";"";"2014-05-16 10:03";"";"Another SPAM from Samsung. why? the original S5 was already a water resistant. why making another model which just confusing the customer?";""
"4973";"50";"Galaxy S5 Active";"";"2014-05-15 10:53";"";"You will see that when they announce it. I think it will be shock resistant too.";""
"4974";"50";"Galaxy S5 Active";"";"2014-05-15 04:51";"Jani";"Samsung Galaxy S5 Active to be water proof (only)!!.What To hell ,why Samsung???.";""
"4975";"50";"Galaxy S5 Active";"";"2014-05-14 01:10";"";"I dont love the sam. keys, i always loved the sgs4active hard keys, and its back, is another durable i found, so the sgs5active will be mine!!";""
"4976";"50";"Galaxy S5 Active";"";"2014-05-13 19:51";"zach";"It is meant to be thermal resistant, salt water resistant, and just more durable in general.";""
"4977";"50";"Galaxy S5 Active";"";"2014-05-13 19:09";"Alin";"Galaxy active supose to be water proof only. Now s5 and s5 active have the same thing  I do not underestend. What will be the deferences now ??";""
"4978";"50";"Galaxy S5 Active";"";"2014-05-13 17:51";"Anonymous";"The stupid tft screen ";""
"4979";"50";"Galaxy S5 Active";"";"2014-05-13 15:13";"A";"What's the difference between this and S5 . Only name ???????????";""

