"518";"7";"Galaxy A5";"";"2015-01-21 08:25";"";"Please tell me which is better a5/mega 2..thnxx in advnce..";""
"519";"7";"Galaxy A5";"";"2015-01-21 08:14";"";"the price is too high, I Think LG G2 much better";""
"520";"7";"Galaxy A5";"";"2015-01-21 07:08";"";"This phone sucks , why not to add 10k more (150 $) more and buy Galaxy Alpha with exynos 5430 and antutu score 50,000 , Fingerprint sensor and heart rate sensor , 4k video , much much better gpu , Notification Led , actually better camera even through 12 mp , Better Rear look , Speaker position like iphones , From rear look A5 looks like Grand series or S3 type , while Alpha looks very different and sexy It has 20 nm arch. So even through only 1860 mah , my Alpha last long more than my friend's Htc M8";""
"521";"7";"Galaxy A5";"";"2015-01-20 21:08";"Clive Cardoz";"I like everything about this phone apart from battery life and display.  1)Battery life: I have used htc one m8 and coming from I have good experience of battery life. However a5 doesn't stand tall when compared to other phones in that range. With Web browsing I last only 3 to 3.5 hrs which sucks. With music playback it last maximum 5 hrs. With calls it last max 4 hrs again. It sucks to the core. So for the people looking for a phone with good or even best battery backup, this phone is not ideal. I would rate it below as below average.  2) Display: Amoled HD display truly can tempt anyone but the one on this phone comes with an issue which most of the users would agree with. While scrolling on a page or in the image with a black Color in it, anyone can easily note that the black turns purple. It's very very visible. I don't know what samsung has done with the display of this phone. It is a big drawback for an Amoled lover. ";""
"522";"7";"Galaxy A5";"";"2015-01-20 14:59";"good";"battery backup 1 day use net";""
"523";"7";"Galaxy A5";"";"2015-01-20 14:58";"";"To the people crying about non removable battery ..  Why Do U Even want to remove battery??? If Somehow u are A dumb user who can make the phone hang, Just Hold the power button for some seconds and ur mobile will restart !";""
"524";"7";"Galaxy A5";"";"2015-01-20 14:34";"sunny ";"Bro can you pls tell me about the battery back up. I am very eager to buy this phone but want to know about battery back up.";""
"525";"7";"Galaxy A5";"";"2015-01-20 13:46";"good";"camera awesome sound awesome display awesome no lag   good mobile a5";""
"526";"7";"Galaxy A5";"";"2015-01-20 12:51";"";"guys we all say,s that it,s outdated processer but we don,t see it,s latest 64bit processer same like iphone and again it,s no lag and hang io gurntee,if we buy iphone 5s or 6 then why we not buy this beautiful mobile design is almost like iphone 5s and great my opinion it,s batter then s4 and iphone 5s :)";""
"527";"7";"Galaxy A5";"";"2015-01-20 12:24";"Prabir Saha";"i have already buy it, and its awesome!,the cameras are beautiful, has fm radio, skype function is soooo good, there are many applications. this is good in all respect. battery :(";""
"528";"7";"Galaxy A5";"";"2015-01-20 12:24";"manu";"yes its great phone...";""
"529";"7";"Galaxy A5";"";"2015-01-20 10:26";"mujju ";"The phone is awesome I just buy it";""
"530";"7";"Galaxy A5";"";"2015-01-20 09:42";"TeD";"Lenovo Vibe X2 seems good but has no memory card";""
"531";"7";"Galaxy A5";"";"2015-01-20 08:31";"Lucky";"Awsme samsung galaxy A5..";""
"532";"7";"Galaxy A5";"";"2015-01-20 07:37";"";"have a Performance and battery life test?";""
"533";"7";"Galaxy A5";"";"2015-01-19 19:31";"GRS";"i think lenovo vibe x2 is equally goos that too at a lesser price.";""
"534";"7";"Galaxy A5";"";"2015-01-19 18:52";"";"does the camera have HDR mode??";""
"535";"7";"Galaxy A5";"";"2015-01-19 17:06";"Anonymous";"Hi,  How is the battery life ? Is it good and can last for a day ?";""
"536";"7";"Galaxy A5";"";"2015-01-19 14:15";"";"i already buy it,and its fking awesome!,the camera is damn great!.";""
"537";"7";"Galaxy A5";"";"2015-01-19 13:45";"Me";"I've bought A5 today, since it was non-removable Li-ion batery, is it necessary to charge for about 8 hours?";""
"538";"7";"Galaxy A5";"";"2015-01-19 13:33";"JiM";"No usb-Otg and speaker too soft. I prefer to buy the coming Oppo R1C with stereo speakers, Usb Otg and great looks. Seems like a good quality expensive chinese phone. Samsung phones are disappointing now, time to try another brand...";""
"539";"7";"Galaxy A5";"";"2015-01-19 10:28";"";"Samsung Galaxy A5 is awsome design and battery backup 20% remaining ina day camera is just fabulous only missing nottification LED & only use sd card or duel sim at one time my rating this phone 8/10 **** ";""
"540";"7";"Galaxy A5";"";"2015-01-19 09:33";"Shannon";"Hello! i'm planning on buying a samsung a5... bt when i think about the battery life.. i drwback from the thought of buying it, however i still need to buy a phone. what other phone can i go to, when i consider the performance, appearance, and user friendliness? advice me on this plz.";""
"541";"7";"Galaxy A5";"";"2015-01-19 08:54";"Mhi";"Better go on A5..no laggy at all";""
"542";"7";"Galaxy A5";"";"2015-01-19 08:30";"";"This phone isn't gonna be the best android phone out there.But this phone better than Grand Prime or Grand 2..";""
"543";"7";"Galaxy A5";"";"2015-01-19 08:26";"Jezz";"i wanna knw abt its battery backup.. ";""
"544";"7";"Galaxy A5";"";"2015-01-19 05:32";"Anil";"Hi guys how is battery life... because it's only 2300 mah. Pls suggest anyone.....";""
"545";"7";"Galaxy A5";"";"2015-01-19 03:14";"Vishal ";"Full day battery support for normal plus usage. Even occasional gaming supported by battery for full day 14-14-16 hours after that ultra lower mode extends the usage.";""
"546";"7";"Galaxy A5";"";"2015-01-18 20:00";"rohit ";"There slow motion video recording facility available in A5 like S5, S4, Alpha ?";""
"547";"7";"Galaxy A5";"";"2015-01-18 18:04";"A5 User";"i am a A5 User,So far it din disappoint me look like better than Alpha,but alpha platform is much better.how ever A5 does not lag or hang, for its price its a value for money.1 to 1 with iphone5 of i iphone 6.good phone to buy.";""
"548";"7";"Galaxy A5";"";"2015-01-18 17:35";"Jawed Khan";"yes, true I too wanted to purchase this phone but non removable battery design is stopping me, that's sad";""
"549";"7";"Galaxy A5";"";"2015-01-18 10:35";"";"Mine one have.. not sure if it's standard in all coountries..";""
"550";"7";"Galaxy A5";"";"2015-01-18 10:16";"Anonymous";"Is the battery life of A5 good? How long can it last?";""
"551";"7";"Galaxy A5";"";"2015-01-18 09:37";"";"Yes within a month it will be on lolipop. ";""
"552";"7";"Galaxy A5";"";"2015-01-18 09:37";"";"Yes u can say metal but not pure metal. Its look like metal just like apple 4s and 5s like.";""
"553";"7";"Galaxy A5";"";"2015-01-18 09:37";"";"If u want to buy a smartphone within this range 25 arround, so this is a very good phone i am using it. Its display and touch performance is awesome. And also there is no lag or hang. And the main thing about this phone is its metal body and sleakness realy feel good to hand this device";""
"554";"7";"Galaxy A5";"";"2015-01-18 09:36";"";"Dear roni  Samsung smartphones are on google os android. And this os has open end platform. Cause of this the hang problem is depends upon user that how he use this phone. If u want that phone not hang so make ur phone's internal memry arrount 25% free";""
"555";"7";"Galaxy A5";"";"2015-01-18 09:26";"";"Yes its same working like note 3 neo but not more better than note3 neo.";""
"556";"7";"Galaxy A5";"";"2015-01-18 09:15";"kunal";"Yes this is 4g enable phone and also for india.";""
"557";"7";"Galaxy A5";"";"2015-01-18 04:41";"muhamad Nawawi";"great";""

