"7585";"79";"Galaxy Tab 3 Lite 7.0";"";"2015-01-20 06:53";"Tanmay";"awesome tab....doesn't lag... ";""
"7586";"79";"Galaxy Tab 3 Lite 7.0";"";"2015-01-13 19:26";"akis";"Does it support external wired keyboard?? I have a Natec case with a build it keyboard but it cannot seem to work!! There is something wrong with my keyboard or the tab does not really support those kind of devices?";""
"7587";"79";"Galaxy Tab 3 Lite 7.0";"";"2015-01-13 15:37";"Anonymous";"i buy one and its not good i wake up sunday and tried to charge it and it dont hold charge ";""
"7588";"79";"Galaxy Tab 3 Lite 7.0";"";"2015-01-07 10:07";"ME";"i've been using this Tab3 (T111) for about a weeks.This tab support whatsapp,can make call but the bad thing is this tablet don't have front camera. ";""
"7589";"79";"Galaxy Tab 3 Lite 7.0";"";"2015-01-02 17:12";"kix";"Can speedlink myon support this tablet??";""
"7590";"79";"Galaxy Tab 3 Lite 7.0";"";"2014-12-25 23:41";"";"I bought the tab a week ago and i'm completely satisfied with it. I use it for gaming, browsing and watching tv. The display has low PPI but the colours are vivid. Battery life is great about 6 hours video and gaming, 8h for browsing. Shadow fight 2, six guns, battle ship, virtual table tennis- all of them runs smoothly. It has 16500 score on antutu benchmark 5. My phone is Alcatel idol x so I can make the difference- overall- for 90euro price tag is the best tab you can buy";""
"7591";"79";"Galaxy Tab 3 Lite 7.0";"";"2014-12-18 22:23";"koki";"Beest ever";""
"7592";"79";"Galaxy Tab 3 Lite 7.0";"";"2014-12-15 23:34";"lili";"may be ";""
"7593";"79";"Galaxy Tab 3 Lite 7.0";"";"2014-12-15 17:56";"Anonymous";"it says in the specs sim: NO";""
"7594";"79";"Galaxy Tab 3 Lite 7.0";"";"2014-12-07 17:35";"kianetic";"Can we do screen mirroring on this??";""
"7595";"79";"Galaxy Tab 3 Lite 7.0";"";"2014-12-05 06:34";"Rod Speed";"This has a hell of a sensitive wifi, leaves an iphone 5 for dead. ";""
"7596";"79";"Galaxy Tab 3 Lite 7.0";"";"2014-12-04 01:45";"Rod Speed";"This has a hell of a sensitive wifi, leaves an iphone 5 for dead. ";""
"7597";"79";"Galaxy Tab 3 Lite 7.0";"";"2014-11-23 17:56";"rowly";"Does the tab take sim";""
"7598";"79";"Galaxy Tab 3 Lite 7.0";"";"2014-11-22 22:56";"Mrez";"Is this tab uses corning gorilla glass? because I accidentally dropped my coffee cup pretty hard on it, and the screen does not crack even the touch screen still normally works. Big lucky.";""
"7599";"79";"Galaxy Tab 3 Lite 7.0";"";"2014-11-22 16:07";"Cory";"Yes you can";""
"7600";"79";"Galaxy Tab 3 Lite 7.0";"";"2014-11-19 07:41";"";"not possible in any case no hardware upgrade possible in any of the mobile device accept Storage through micro sd";""
"7601";"79";"Galaxy Tab 3 Lite 7.0";"";"2014-11-09 14:34";"r1cm4x";"Hi, will there ever be KitKat Android 4.4 for Samsung Galaxy Tab 3 Lite 7.0 SM-T110, please answer. Or does xPosed framework work?";""
"7602";"79";"Galaxy Tab 3 Lite 7.0";"";"2014-11-08 10:50";"DJ 123";"Hi,can put 64 GB SD card in it. ";""
"7603";"79";"Galaxy Tab 3 Lite 7.0";"";"2014-11-07 19:58";"mm";"Trol trol trol...";""
"7604";"79";"Galaxy Tab 3 Lite 7.0";"";"2014-11-02 19:35";"Jonathan";"You can go to your nearest Samsung Stores. Then go to their service center and say that you want to upgrade your Galaxy Tab 3 Lite from Jellybean 4.2 to Kitkat 4.4. Im not 100% sure that all samsung android phones can be upgrade to kitkat but Im pretty sure that all samsung android phones are upgradeable. :) you can also ttry the system updates on your phone. ";""
"7605";"79";"Galaxy Tab 3 Lite 7.0";"";"2014-11-01 15:01";"bone696";"i want to upgrade my tab 3 lite ram... can i upgrade it?? i dont know about the technologies.. but i heard someone of my friend said it can be upgraded... cant i?? ";""
"7606";"79";"Galaxy Tab 3 Lite 7.0";"";"2014-10-31 02:07";"tab 3 lite";"Hi, try to disable 'power saving' when you charge it. Mine charged for about 3 hours with no problem. Try to install battery doctor app as well. =)";""
"7607";"79";"Galaxy Tab 3 Lite 7.0";"";"2014-10-31 02:04";"tab 3 lite";"OTA update with 136MB in size. Download but installation failed due to an unknown error. Have you experience this too? I'm from PH.";""
"7608";"79";"Galaxy Tab 3 Lite 7.0";"";"2014-10-27 05:31";"Anonymous";"Great tabet ";""
"7609";"79";"Galaxy Tab 3 Lite 7.0";"";"2014-10-22 06:30";"";"why cant this tab take Sim Card?.....its so nice for it not supporting sim..people might have doubts to buy it based on the fact that it does not take SIM CARD. Pls upgrade this tab indeed it must take sim. ";""
"7610";"79";"Galaxy Tab 3 Lite 7.0";"";"2014-10-22 00:16";"pop";"Has tv-out?";""
"7611";"79";"Galaxy Tab 3 Lite 7.0";"";"2014-10-18 05:34";"ChocoCrinkles";"Can you upgrade the android version to Kitkat? Puhleaase....";""
"7612";"79";"Galaxy Tab 3 Lite 7.0";"";"2014-10-15 20:32";"dwindle";"If you mean connecting a usb device, like a flashdrive, no it does not support that. Unfortunately, that's why I bought it. ";""
"7613";"79";"Galaxy Tab 3 Lite 7.0";"";"2014-10-13 19:36";"axew505";"I have the walmart galaxy tab 3 lite. Please make an update to fix these issue: Heating issue get really hot when playing games. Battery charging takes to long to charge. Battery life at least a 12 hours even playing games. Wi-fi takes 5 secs when clicking on .  Browser is slow please update";""
"7614";"79";"Galaxy Tab 3 Lite 7.0";"";"2014-10-13 05:49";"yane";"Can galaxy tab 3 7.0 lite using usb OnTheGo ?";""
"7615";"79";"Galaxy Tab 3 Lite 7.0";"";"2014-10-11 14:46";"Tell-Shop";"Price, duh ;) There is also a 3G version (T111), but it's significantly more expensive. Not everybody needs mobile internet and wants to pay more for it.";""
"7616";"79";"Galaxy Tab 3 Lite 7.0";"";"2014-10-11 14:33";"Tell-Shop";"Price, duh ;) There is also a 3G version (T111), but it's significantly more expensive. Not everybody needs mobile internet and wants to pay more for it.";""
"7617";"79";"Galaxy Tab 3 Lite 7.0";"";"2014-10-07 13:16";"ZEE";"can any1 help on me how to get get mi dstv channels on my tab ";""
"7618";"79";"Galaxy Tab 3 Lite 7.0";"";"2014-10-01 10:44";"";"Got this tab just today and I observe it took 8 hours for a full charge. Is this normal?";""
"7619";"79";"Galaxy Tab 3 Lite 7.0";"";"2014-10-01 09:28";"uches";"Hope I'm not holding the fake because mine uses simple. ";""
"7620";"79";"Galaxy Tab 3 Lite 7.0";"";"2014-10-01 09:26";"uches";"Hope I'm not holding the fake because mine uses simple. ";""
"7621";"79";"Galaxy Tab 3 Lite 7.0";"";"2014-09-25 14:55";"";"Someone can tell me if wired keyboard with micro usb can connected in Samsung 3 7" lite? I have try but don't work?";""
"7622";"79";"Galaxy Tab 3 Lite 7.0";"";"2014-09-24 15:22";"vishal";"I don't like it because it doesn't have SIN & Front CAMERA";""
"7623";"79";"Galaxy Tab 3 Lite 7.0";"";"2014-09-20 15:34";"Matej";"Because it doesn't have front camera? Ever think about that... :/";""
"7624";"79";"Galaxy Tab 3 Lite 7.0";"";"2014-09-19 19:42";"Anonymous";"Got this tab today I love it just wished it had both cams instead of the cam on back. Feels more sturdy then my old g3 tab :)";""
"7625";"79";"Galaxy Tab 3 Lite 7.0";"";"2014-09-18 19:30";"";"when I Skype the other person cannot see me. why is this?";""
"7626";"79";"Galaxy Tab 3 Lite 7.0";"";"2014-09-18 19:19";"gil";"when I Skype the person cannot see me. why is this?";""
"7627";"79";"Galaxy Tab 3 Lite 7.0";"";"2014-09-18 03:07";"shem";"Can I coonnect a printer to my tab 3 lite? And then print it? What connecotrs ill be needing.pls reply tnx  ";""
"7628";"79";"Galaxy Tab 3 Lite 7.0";"";"2014-09-15 04:15";"cixery";"use your broad band then connect it to your tablet";""
"7629";"79";"Galaxy Tab 3 Lite 7.0";"";"2014-09-12 17:47";"plz";"Plz tel me how to use internet with sim device did not hav sim facility know ";""
"7630";"79";"Galaxy Tab 3 Lite 7.0";"";"2014-09-08 11:14";"harvinsamy";"Where can i upgrade this samsung galaxy tab 3 lite ...in masai";""
"7631";"79";"Galaxy Tab 3 Lite 7.0";"";"2014-08-31 18:08";"elly";"how to disable double tap during incoming call. having this problem - cause me headache";""
"7632";"79";"Galaxy Tab 3 Lite 7.0";"";"2014-08-28 04:22";"love";"the tab 3 lite has no flash camera???";""
"7633";"79";"Galaxy Tab 3 Lite 7.0";"";"2014-08-27 12:01";"Anonymous";"Can i put 32 g memory card i tab 3 lite?";""
"7634";"79";"Galaxy Tab 3 Lite 7.0";"";"2014-08-21 01:28";"bryan";"I just downloaded a whatsapp in my tab 3 lite and its working.";""
"7635";"79";"Galaxy Tab 3 Lite 7.0";"";"2014-08-17 17:05";"mehmud";"It's now available in souq.com @ 499 Sr";""
"7636";"79";"Galaxy Tab 3 Lite 7.0";"";"2014-08-16 12:15";"Abdul Wahab";"In KSA when is this update coming ";""
"7637";"79";"Galaxy Tab 3 Lite 7.0";"";"2014-08-10 05:48";"";"My father bought this Tab for my mother and won a Vespa.";""
"7638";"79";"Galaxy Tab 3 Lite 7.0";"";"2014-08-04 20:32";"Lin4a";"This tablet can be upgradeable to Android 4.4.2 (KitKat). my friend recently updated";""
"7639";"79";"Galaxy Tab 3 Lite 7.0";"";"2014-08-03 18:52";"sachet";"this is not good tablet at all in front of Asus.";""
"7640";"79";"Galaxy Tab 3 Lite 7.0";"";"2014-07-31 16:31";"Daya20010@yahoo.com";"Hi .. I bought a new one for my son this tablet is made for children because no sim no front cam and very cheap about 140$ but its very good for children games ";""
"7641";"79";"Galaxy Tab 3 Lite 7.0";"";"2014-07-31 09:46";"";"Great tablet ..... I recommend it strongly";""
"7642";"79";"Galaxy Tab 3 Lite 7.0";"";"2014-07-30 15:26";"adi";"What for? You cannot save from app to ext sd card in kitkat";""
"7643";"79";"Galaxy Tab 3 Lite 7.0";"";"2014-07-14 18:01";"hulk";"hope it will become kitkat";""
"7644";"79";"Galaxy Tab 3 Lite 7.0";"";"2014-07-12 11:47";"bryan";"Not yet,i also hope that there will be kitkat update to my samsung galaxy tab 3 lite sm t110.";""
"7645";"79";"Galaxy Tab 3 Lite 7.0";"";"2014-07-10 10:35";"Anonymous";"is there a kitkat update for this unit?";""
"7646";"79";"Galaxy Tab 3 Lite 7.0";"";"2014-07-08 11:32";"";"I bought Samsung galaxy tab 3 lite.Version SMT 110. It does sim card socket, I used airtel 3G service, still no problem around 1 month, and I playing HD videos also";""
"7647";"79";"Galaxy Tab 3 Lite 7.0";"";"2014-07-08 10:41";"kiran";"Hey.....I bought Samsung galaxy tab 3 lite, Simon card slot there, and I am using air tel sim 3G, Playing HD videos games all.";""
"7648";"79";"Galaxy Tab 3 Lite 7.0";"";"2014-07-02 15:05";"Festus david";"Not good that it lacks a sim card slot.  Samsung missed it this time round.  What is the brain behind this?";""
"7649";"79";"Galaxy Tab 3 Lite 7.0";"";"2014-06-30 16:08";"mik";"not good.  compared to a tablet from other manufacturers, i will hold off waking the samsung v apple debate...  but its just not good at all. laggy , unresponsive, a real plasticky feel , seems to judder.  nowhere near as good as the ipads or other tablets. its cheap for a reason. AVOID.";""
"7650";"79";"Galaxy Tab 3 Lite 7.0";"";"2014-06-30 04:38";"driver";"No Sim card because it's a tablet, not a phone";""
"7651";"79";"Galaxy Tab 3 Lite 7.0";"";"2014-06-28 15:57";"Anonymous";"Its a nice tab however i cant use the sim card for their is no program to unlock since it was purchased outside the country. Can i have one help";""
"7652";"79";"Galaxy Tab 3 Lite 7.0";"";"2014-06-24 08:24";"Anonymous";"Can I skype using tab3 lite?";""
"7653";"79";"Galaxy Tab 3 Lite 7.0";"";"2014-06-18 09:36";"lovelymiz";"Im currently using this Tablet, for me, it is a good product compared to other low value android tablet.  Good : if you are into e-book reading it is nice to have it. movies: easy tranfer of file and can watch movie using VLC research: quited good, I can do print screen in instagram  Bad: For heavy game user. if you are a high quality person who are into good value brand names, well go for it.   If you are contented with simple browsing the net for me it is ok to have samsung tablet T110.  I can sync my email outlook too. no need for me to bring my office laptop.  ";""
"7654";"79";"Galaxy Tab 3 Lite 7.0";"";"2014-06-17 17:13";"ricochet18";"And where can you find samsung devices with such lower price with a high specs? Samsung always doubles or not triple the price compared to other brand with the same specs.";""
"7655";"79";"Galaxy Tab 3 Lite 7.0";"";"2014-06-15 07:40";"";"DO NOT BUY THIS TAB. Its not worth the price. Its too expensive for a low-end tablet. Does not play HD games and find problems on internet speed. Its sluggish as compared to the Tab3 wifi T210. Cant help to have it sold. Better buy nexus, no problem on performance.";""
"7656";"79";"Galaxy Tab 3 Lite 7.0";"";"2014-06-15 06:04";"Anonymous";"why you make a tab 3lite with out front cam useless";""
"7657";"79";"Galaxy Tab 3 Lite 7.0";"";"2014-06-15 05:51";"jeff";"really? it works well, on coc?";""
"7658";"79";"Galaxy Tab 3 Lite 7.0";"";"2014-06-10 04:08";"Batman372";"Bought this tab for my kids It work very good with acceptable speed Its nearly half price the 3g & front cam. Edition If for games/browsing/emails .. I recommend it Well done samsung :)";""
"7659";"79";"Galaxy Tab 3 Lite 7.0";"";"2014-06-08 03:09";"razejordan ";"This tab works good in clash of clans game im playing right know. I already did some strikes works cool.";""
"7660";"79";"Galaxy Tab 3 Lite 7.0";"";"2014-05-26 17:26";"RC";"This tablet is a piece of garbage. Had one and sold it. It's too expensive for these specs and awful performance. My advice: don't buy this crap.";""
"7661";"79";"Galaxy Tab 3 Lite 7.0";"";"2014-05-24 11:11";"J.";"Waste of comment, is waste the only word you know???";""
"7662";"79";"Galaxy Tab 3 Lite 7.0";"";"2014-05-24 11:09";"J.";"Just like my Nexus 7 does support voice call, you just have to know how to manipulate the system. Try for example Viber, all it takes is a cell phone to receive the pin. Otherwise just use hangouts, you don't have to look at the screen 24/7";""
"7663";"79";"Galaxy Tab 3 Lite 7.0";"";"2014-05-23 09:55";"rupak";"hey guys please help me that me tab 3 lite shows wi fi hot spot does not support at the time of running flash transfer.....please help...i am worried about this....thanks ";""
"7664";"79";"Galaxy Tab 3 Lite 7.0";"";"2014-05-23 03:29";"Anonymous";"I also have the samsung galaxy tab lite...compared from the samsung galaxy tab 3 7.0,the display of this device is lower than tab 3 7.0...but the performance makes me feels satisfied because i frequently used it for playing games,working task,browsing and more...not bad...";""
"7665";"79";"Galaxy Tab 3 Lite 7.0";"";"2014-05-20 17:14";"private";"Does this supports ebooks? ";""
"7666";"79";"Galaxy Tab 3 Lite 7.0";"";"2014-05-18 16:10";"Azzou";"i have the tab since 10 days it's so tab, apps and games run smoothly. i can find all what i want thanks samsung. ";""
"7667";"79";"Galaxy Tab 3 Lite 7.0";"";"2014-05-16 14:26";"Anonymous";"no it wont";""
"7668";"79";"Galaxy Tab 3 Lite 7.0";"";"2014-05-15 13:07";"nick";"Guys....does it support otg.??";""
"7669";"79";"Galaxy Tab 3 Lite 7.0";"";"2014-05-08 13:28";"Anonymous";"waste in model no uses in any purpose wastage all model";""
"7670";"79";"Galaxy Tab 3 Lite 7.0";"";"2014-05-08 11:23";"sreedhar";"only for games purpose will help. no voice call, no front camera, not supporting 3G. waste. ";""
"7671";"79";"Galaxy Tab 3 Lite 7.0";"";"2014-05-05 15:30";"3G";"Bought this tab 2days ago.  When playing games for just a short period of time, it produces unusual heat at the back.  I already closed all running application but still produces unusual heat.  This is not normal for a brand new product.  Help!";""
"7672";"79";"Galaxy Tab 3 Lite 7.0";"";"2014-04-27 09:37";"";"run smoothly   samurai siege also smooth on this  the main issue is the display, if u're used to amoled, tft display is such a crap";""
"7673";"79";"Galaxy Tab 3 Lite 7.0";"";"2014-04-26 13:20";"play clash of clans";"Yeah I'm sure don't listen to the first comment. It's Samsung. Sure it is not better than the normal tab or the pro but it will be fine";""
"7674";"79";"Galaxy Tab 3 Lite 7.0";"";"2014-04-21 04:19";"";"Chipset Marvell ? really ? GPu vivante ? Samsung has done it again! i never trust this company when it comes to cheap device, they just trick us like always with its "dual core" processor, this is absolutely crap!! Again, get yourself a nice Nexus 7 as always.";""
"7675";"79";"Galaxy Tab 3 Lite 7.0";"";"2014-04-20 17:29";"meee";"It means you have not fully sign in playstore acc as in google account";""
"7676";"79";"Galaxy Tab 3 Lite 7.0";"";"2014-04-17 13:39";"CoC";"does this tab spec's can run Clash of Clans smoothly?";""
"7677";"79";"Galaxy Tab 3 Lite 7.0";"";"2014-04-15 04:15";"Rim";"That's because it is not a phone...  Read the top "Tablet with no support for GSM voice communication, SMS, and MMS. Also known as Samsung SM-T110"  The Tab 3 7.0 can be used as a phone if you buy the 3g/4g version although voice only via speaker phone";""
"7678";"79";"Galaxy Tab 3 Lite 7.0";"";"2014-04-14 20:06";"Darkrider64";"It got this tablet and stuff and it claims to be called a phone but I see nothing on there about a phone well I mean there is no phone on this so called I must be doing something wrong lol ";""
"7679";"79";"Galaxy Tab 3 Lite 7.0";"";"2014-04-14 20:05";"Darkrider64";"It got this tablet and stuff and it claims to be called a phone but I see nothing on there about a phone well I mean there is no phone on this so called I must be doing something wrong lol ";""
"7680";"79";"Galaxy Tab 3 Lite 7.0";"";"2014-04-06 05:20";"Anonymous";"Bought mine yesterday and im enjoying it so far..";""
"7681";"79";"Galaxy Tab 3 Lite 7.0";"";"2014-04-05 09:27";"Anonymous";"really good device...best for net browsing and playing games";""
"7682";"79";"Galaxy Tab 3 Lite 7.0";"";"2014-03-19 13:45";"Anonymous";"Does the tab 3 lite have a glass screen or plastic?";""
"7683";"79";"Galaxy Tab 3 Lite 7.0";"";"2014-03-09 18:45";"Anonymous";"is this a joke?";""
"7684";"79";"Galaxy Tab 3 Lite 7.0";"";"2014-02-25 08:27";"big R.K";"This is an internal RAM fault which needs to be sent off for repair - it will either be a Main PBA SWAP or a device replacement  hope this helps";""
"7685";"79";"Galaxy Tab 3 Lite 7.0";"";"2014-02-22 20:08";"";"Very bad specs! I'd rather rebuy/have my old Nexus 7 (2012) 16GB instead.  I would not recommend this tablet. Go for 1st-gen Nexus 7 2012/MeMO Pad HD 7 or others.";""
"7686";"79";"Galaxy Tab 3 Lite 7.0";"";"2014-02-22 01:58";"Posthc";"Poor codec .... if you need it for a few web page and stuff like that this make the job ... but i have to be under 170$";""
"7687";"79";"Galaxy Tab 3 Lite 7.0";"";"2014-02-21 19:31";"Anonymous";"Im trying to download on google store and it keeps coming usaying unknown error during application instalation ''110'' Can anybody help";""
"7688";"79";"Galaxy Tab 3 Lite 7.0";"";"2014-02-01 15:53";"ali";"Persian language   ";""
"7689";"79";"Galaxy Tab 3 Lite 7.0";"";"2014-02-01 15:49";"ali";"Persian language   ";""
"7690";"79";"Galaxy Tab 3 Lite 7.0";"";"2014-01-20 20:02";"";"Hey,guys.Just buy an ASUS Memopad 7 hd at 150$ and leave Zamsung(samsung) to "sell".Entry level?NO.Overpriced for its specs.65$ construction+40 money for samsung+50$ "Brand"";""
"7691";"79";"Galaxy Tab 3 Lite 7.0";"";"2014-01-18 19:02";"can't be fool again";"What is this?";""
"7692";"79";"Galaxy Tab 3 Lite 7.0";"";"2014-01-18 14:34";"Anonymous";"too expensive";""
"7693";"79";"Galaxy Tab 3 Lite 7.0";"";"2014-01-17 00:06";"Anonymous";"Tab 3 was already LITE, now this is... GALAXY TAB 3 - ZERO EDITION  Because it has NOTHING.  I guess some of you think about price, don't waste your money.  PEOPLE, do not think cheap is good. This is completely CRAP, you will waste your money if you going to buy this thing!  Before buying this, please watch Normal Tab 3 7" version, you'll see other one was already weakest tablet in the world, think about THIS.  You can't play games (may be some card only), never watch HD films, it will be just some crappy e-book reader.  Go for ACER or even Chinese models, I assure you their moldels hundreds of billions times better than this looser.  Year 2014, Samsung still produces a tablet with technology about 3-4 years ago, Samsung is considering you ignorant.  DO NOT WASTER YOUR MONEY, DO NOT BECOME VICTIM.";""
"7694";"79";"Galaxy Tab 3 Lite 7.0";"";"2014-01-16 01:57";"";"that's a samsung tablet... never gone happen. the hardware value 70-100$ + 75%. so...i think the final price for this will be around 150$";""
"7695";"79";"Galaxy Tab 3 Lite 7.0";"";"2014-01-15 13:12";"Anonymous";"good product if priced below 100$";""

