"3106";"34";"Galaxy S5 mini";"";"2015-01-21 05:09";"Anonymous";"How much is the galaxy S5 mini?";""
"3107";"34";"Galaxy S5 mini";"";"2015-01-19 07:15";"Anonymous";"LTE";""
"3108";"34";"Galaxy S5 mini";"";"2015-01-19 06:16";"lhaine";"I just got my s5 mini for a week now. Can I just say I love it and got what I expected from a phone. The battery seems to be draining for a day so that is okay for me. I already tested the 4G in my country which by the way is Philippines. 4G is working for smart and globe for this unit. I just don't like where I cannot seem to import my favorites in the android browser. However we have the chrome as a substitute. I think I have big apps installed on s5 mini and internal memory is still coping which I love than my old phone. RAM is not dragging and I love to watch movies on this phone. I could rav forever but in short, I happy with it. ";""
"3109";"34";"Galaxy S5 mini";"";"2015-01-18 20:06";"Visol28 ";"Whuch model of Galaxy s5 mini support 4g network?! ";""
"3110";"34";"Galaxy S5 mini";"";"2015-01-17 19:12";"zoki poki";"Does samsung s5 mini work with samsung gear s?";""
"3111";"34";"Galaxy S5 mini";"";"2015-01-17 17:21";"Rob";"Turn off things like wifi, location gps and bluetooth when not using them as they always train power and apps always using the gps. Or root it so can install an app to put other apps to sleep which always use cpu";""
"3112";"34";"Galaxy S5 mini";"";"2015-01-15 13:22";"Anonymous";"yes it has";""
"3113";"34";"Galaxy S5 mini";"";"2015-01-15 13:22";"cj";"it has gorilla glass 3 ";""
"3114";"34";"Galaxy S5 mini";"";"2015-01-15 10:15";"";"galaxy S5 mini has gorila glass 3? I saw on the review at trustedreviews.com the s5 mini has cornering gorila glass 3. Here it doesn`t appear.  So, it does or it doesn`t ?  Thx";""
"3115";"34";"Galaxy S5 mini";"";"2015-01-15 10:00";"George";"Samsung galaxy S5 Mini has or doesn`t have Gorilla Glass 3 ?  In the other reviews it`s mentioned thins thing.  Waiting for an answer :) thx";""
"3116";"34";"Galaxy S5 mini";"";"2015-01-15 09:29";"Anonymous";"Working perfectly ";""
"3117";"34";"Galaxy S5 mini";"";"2015-01-15 01:11";"Anonymous";"S5 mini not a good phone after finger prints are registered in the phone it doesnt unlock,cpu gets to hot quickly,and had to put password in a few times to unlock the phone...";""
"3118";"34";"Galaxy S5 mini";"";"2015-01-14 18:43";"Anonymous";"Working perfectly ";""
"3119";"34";"Galaxy S5 mini";"";"2015-01-11 12:08";"";"yes";""
"3120";"34";"Galaxy S5 mini";"";"2015-01-11 05:00";"Sunil";"Pls confirm tht the s5 mininis compatible for full hd vedio 1980*1080 play or not";""
"3121";"34";"Galaxy S5 mini";"";"2015-01-10 12:41";"Anonymous";"Very good but 4 inç better.";""
"3122";"34";"Galaxy S5 mini";"";"2015-01-10 11:01";"";"s5 mini is so good! but i found a bug! could you help me! my battery life in new days is too short! because mm-qcamera-daemon suddenly work and because of that the cpu work! but the camera doesnt work at that time i should restart my phone any way too stop using battery! my android version is 4.4.2 and what should i do :(((((( pls help tnq";""
"3123";"34";"Galaxy S5 mini";"";"2015-01-10 10:53";"cj";"hi dears!!! i have s5 mini g800h its very very very good divice from anything!! like battery speed gaming and so on! but but but!!! some times the camera doesn't work and stop and when i dont use camera its work with cpu!!! and use my battery ! because of that my battery life is too short ! i had searched the net and i found that android 4.4.2 has a bug! that name is mm-qcamera-daemon! this is why my battery life is short! google has said that with update version 4.4.3 it will be ok but 4.4.3 has came for nexus 5 and google say that samsung devices who have this bug wait for android 5 ! :( could you help me! :((( what should i do?? :( in the net that i have searched , many people had this problem! pelease help me !";""
"3124";"34";"Galaxy S5 mini";"";"2015-01-10 10:52";"cj";"hi dears!!! i have s5 mini g800h its very very very good divice from anything!! like battery speed gaming and so on! but but but!!! some times the camera doesn't work and stop and when i dont use camera its work with cpu!!! and use my battery ! because of that my battery life is too short ! i had searched the net and i found that android 4.4.2 has a bug! that name is mm-qcamera-daemon! this is why my battery life is short! google has said that with update version 4.4.3 it will be ok but 4.4.3 has came for nexus 5 and google say that samsung devices who have this bug wait for android 5 ! :( could you help me! :((( what should i do?? :( in the net that i have searched , many people had this problem! pelease help me !";""
"3125";"34";"Galaxy S5 mini";"";"2015-01-09 16:41";"";"I bought this device in most part to connect it with my tab 8.4 (WiFi direct apps) . I have the gold version ,which is close to some very capable phones in its price range.I am happy with the design and flap-cover..but very unhappy with regular sluggish performance. Almost once a week it freezes ..and it takes couple of minutes to un-freeze. For eg.Samsung Touch-whiz stops responding or some other apps.I have the latest KitKat ..but still disappointing ";""
"3126";"34";"Galaxy S5 mini";"";"2015-01-09 15:42";"Anonymous";"Nice to have s5 mini duos ..easy to use no hustle,satisfied w/ this phone but i don't know if this phone is available in ph, ..:)";""
"3127";"34";"Galaxy S5 mini";"";"2015-01-09 08:25";"jaisal";"its good divice ";""
"3128";"34";"Galaxy S5 mini";"";"2015-01-08 13:38";"manuja3";"Hi.. It cannot be so. I am using the single sim version. The battery life is very good in my phone.. Are u using the dual sim version? ";""
"3129";"34";"Galaxy S5 mini";"";"2015-01-08 04:36";"joy";"Is S5 mini available in the Philippines? Any Filipinos here have tried this phone? ";""
"3130";"34";"Galaxy S5 mini";"";"2015-01-07 13:42";"pb";"amazing phone --- m too happy to have it ... ";""
"3131";"34";"Galaxy S5 mini";"";"2015-01-07 12:33";"Andy";"I have found the battery life to be terrible. From fully charged, sat on my desk doing nothing it lost 10% in 1 hour. It wasn't even much better in "super battery saving" mode or whatever it's called. I thought my iPhone was bad but this is taking the mick!";""
"3132";"34";"Galaxy S5 mini";"";"2015-01-05 17:31";"Antares";"How is it going manuja :)";""
"3133";"34";"Galaxy S5 mini";"";"2015-01-05 08:33";"manuja3";"Hi i have been using the single SIM version(4G) for 2 days. This is what I actually feel about this phone. First thing is that the battery life of this phone is excellent. It is the best battery life that i found from samsung phones i have used so far. The colours are very good on the display. The phone is pretty light. When typing a text message, the vibration alert cannot be activated to the keyboard. Only the key press sound can be activated. The volume of the speaker is loud enough but the back panel (back cover) vibrates when the volume is maximised. If we tilt the phone to some angle in locked screen mode, the off screen sometimes does not look like clear black. When we look at the display directly then it looks clear black. When we operate the phone or when we are viewing pictures or videos the viewing angles are very good. The screen does not fade. The camera is good enough but it is not as good as the display of normal S5. Overall I am quite satisfied with this phone. I would like to recommend this phone to anyone.";""
"3134";"34";"Galaxy S5 mini";"";"2015-01-04 18:47";"manuja3";"Battery life is excellent in this phone..";""
"3135";"34";"Galaxy S5 mini";"";"2015-01-04 09:03";"raju3886";"over pricing with low specification";""
"3136";"34";"Galaxy S5 mini";"";"2015-01-04 08:36";"manuja3";"I bought this phone yesterday. Actually this is a very good product. I am very satisfied. . Vibrant screen, superb battery life, no heating issues. Fast Internet. I would like to recommend this phone for everyone. .. Thanks!";""
"3137";"34";"Galaxy S5 mini";"";"2015-01-04 05:54";"raigeki";"Is sm-g800h a LTE model? just asking coz i saw a post that its a 3g phone but the printed details on its box is hspa+ 42.2mbps that you could actually say its a LTE...";""
"3138";"34";"Galaxy S5 mini";"";"2015-01-03 22:18";"zoran1973";"Is lollipop came out for s5 mini..enybody?";""
"3139";"34";"Galaxy S5 mini";"";"2015-01-03 15:19";"aparna";"SiR May be ur phone is not uprgaded . So please go to customer care they will upgrade ur ph. Same problem came into my phone ..today only it is solved..so I suggest u to go to authorized Samsung customer care..";""
"3140";"34";"Galaxy S5 mini";"";"2015-01-03 10:46";"Anonymous";"blocked sim? ";""
"3141";"34";"Galaxy S5 mini";"";"2015-01-03 00:57";"jay r";"my s5 mini not work...Emergency call only...what is the problem...help me...tnx..";""
"3142";"34";"Galaxy S5 mini";"";"2015-01-02 05:11";"manuja3";"Many thanks. dear.. You have me a refreshing comment.. Nokia 3310 doesnt have ambient light sensor and wire less charing. That's why i didnt go for it. Lol.. :)";""
"3143";"34";"Galaxy S5 mini";"";"2015-01-02 03:47";"Antares";"I don't own a s5 mini but based on it's specs the battery could last more than a day with medium usage. I have this phone Kyocera digno kyl22 which is from Japan that has really good processor it has quadcore 2.2 GHz,2 gigabytes of ram,adreno 330 gpu, and lithium ion 2600 of battery sounds like xperia z2 and lg g2 right but then as expected it couldn't even last a day while playing high end games on it. Simply if you just wanted a phone that could last more than a day with a flagship class that could run all of those applications in the google playstore that this is one of the perfect smarthphones out there. Why not try nokia 3310? The battery of that phone is amazing lol.";""
"3144";"34";"Galaxy S5 mini";"";"2015-01-01 22:32";"sunny 514";"@manuja3 hi thanks for ur suggestion can u tell me about Samsung Galaxy s4 Black Edition..";""
"3145";"34";"Galaxy S5 mini";"";"2015-01-01 22:28";"sunny 514";"thanks guys....";""
"3146";"34";"Galaxy S5 mini";"";"2015-01-01 20:48";"Jappy";"Sorry the S5 mini came out in 2012 already it was then called a Galaxy S3. So I just need a new battery then I've got a S5 Mini!!!! Compare the 2 and youl see what i mean! (looks to me like a copy with new name)";""
"3147";"34";"Galaxy S5 mini";"";"2015-01-01 17:22";"manuja3";"Did you mean that the battery life is so bad in S5 mini?";""
"3148";"34";"Galaxy S5 mini";"";"2015-01-01 16:25";"Antares";"Well in my opinion quad core clocked at 1.5ghz coupled with 1.5gb of ram is enough to run most of the high end games around the playstore. Did you ever wonder why those high end flagships do not last even a single day with heavy,intense or whatsoever usage it's because they use the most powerful processors that would need allot of power and guess what it generates too much heat that you could fry an egg on your phone So be contented with those specs cause as I've said it could run all the apps in the playstore buttery smoothly :).";""
"3149";"34";"Galaxy S5 mini";"";"2015-01-01 04:21";"lhaine";"did anyone tried the LTe part of s5 mini? Did the LTE band of it work in Philippines?";""
"3150";"34";"Galaxy S5 mini";"";"2014-12-30 15:20";"manuja3";"What a funny fellow you are. Then as you say the regular s5 should have come in 2011... Not the s2";""
"3151";"34";"Galaxy S5 mini";"";"2014-12-30 14:25";"Jappy";"Sorry the S5 mini came out in 2012 already it was then called a Galaxy S3. So I just need a new battery then I've got a S5 Mini!!!! ";""
"3152";"34";"Galaxy S5 mini";"";"2014-12-29 09:32";"";"Thanks! Yeah they both seem great phones. The Z1C seems slightly better, just seems more likely to break or 'sudden death'";""
"3153";"34";"Galaxy S5 mini";"";"2014-12-29 06:30";"";"Replied you in the Z1c comments. ";""
"3154";"34";"Galaxy S5 mini";"";"2014-12-29 04:14";"manuja3";"xperia z1 and galaxy s5 mini both are good phones. Both are excellent. Z1 has 20mp camera whereas s5 mini has 8mp camera. Z1 has non-removable battery but s5 mini has a removable battery. Specs wise z1 has much features compared to s5 mini. But S5 mini also a great phone.";""
"3155";"34";"Galaxy S5 mini";"";"2014-12-28 12:48";"hosi";"hi sunny 514 i think s5 better than s4";""
"3156";"34";"Galaxy S5 mini";"";"2014-12-28 12:35";"";"Hi, S5 mini or Sony Xperia Z1 compact? Which is more reliable? I think Z1 compact breaks a lot and has sudden death a lot? Which has better camera? Which has better screen? Which is faster for browsing, facebook, reddit etc. Which will last longer without needing an update? I don't care about games, IR, fingerprint, heart rate etc. So which phone should I buy?! Thanks!";""
"3157";"34";"Galaxy S5 mini";"";"2014-12-28 12:30";"creme_egg";"Hi, S5 mini or Sony Xperia Z1 compact? Which is more reliable? Z1 seems to get sudden death a lot? Which has better camera? Which has better screen? Which is faster for browsing, facebook, reddit, youtube etc. I don't care about games, IR,fingerprint, heart rate etc. Which should I buy?! Thanks! ";""
"3158";"34";"Galaxy S5 mini";"";"2014-12-28 06:21";"manuja3";"In design, S5 mini is much nicer than S4. Performance wise i think both are same. If you are much interested in photography, i think S4 is for you because it has i think 13 Mp main camera.";""
"3159";"34";"Galaxy S5 mini";"";"2014-12-28 06:14";"manuja3";"S4 is an old model but S5 mini is new. Specs wise s4 is better than s5 mini. There are so many fake versions of S4 everywhere. So be careful to buy only original. In s5 mini also there are such models. When buying samsung phones make sure to buy only international versions. There are s5 mini Vietnam versions for very low prices. But i dont know the quality of them. So buy only original.";""
"3160";"34";"Galaxy S5 mini";"";"2014-12-27 14:50";"sunny 514";"Hello  S4 is better or s5 mini? Which i prefer? ";""
"3161";"34";"Galaxy S5 mini";"";"2014-12-27 11:25";"manuja3";"Does it heat too much or a little bit?";""
"3162";"34";"Galaxy S5 mini";"";"2014-12-27 11:23";"manuja3";"Hi.. Are you using dual SIM or single SIM? ";""
"3163";"34";"Galaxy S5 mini";"";"2014-12-27 07:10";"West industries";"Yes, when i fully charge it i play C.O.C and in just 20min the battery power is 80%";""
"3164";"34";"Galaxy S5 mini";"";"2014-12-26 19:41";"Anonymous";"Yes,it generates heat while playing games  ";""
"3165";"34";"Galaxy S5 mini";"";"2014-12-26 17:08";"DrexPE";"It does after 40 or so minutes";""
"3166";"34";"Galaxy S5 mini";"";"2014-12-25 18:33";"manu";"Hi dear friends.. Who are using galaxy s5 mini (4G)? Can u tell me how about the battery life of this phone? Does it generate a lot heat while playing games ?";""
"3167";"34";"Galaxy S5 mini";"";"2014-12-25 05:04";"manu";"hi friends.. May i know whether this phone has been launched internationally or not?  Thanq..";""
"3168";"34";"Galaxy S5 mini";"";"2014-12-25 01:18";"John";"Yes, support!";""
"3169";"34";"Galaxy S5 mini";"";"2014-12-25 01:17";"John";"I have s4 mini, nothing special. Phone has some softver bugs but ok i prefer s5.  S5 is a lot better!!!";""
"3170";"34";"Galaxy S5 mini";"";"2014-12-25 01:11";"John";"Sure not! Proccessor is better then most laptops. It can start any game any video anything without problem!";""
"3171";"34";"Galaxy S5 mini";"";"2014-12-25 00:26";"Anonymous";"S5mini is better. ";""
"3172";"34";"Galaxy S5 mini";"";"2014-12-24 01:21";"hana214";"Is s5 mini slow??I mean people are saying that it has a slow processor..does it pause and does it take a lot to load a game or connect to internet? ";""
"3173";"34";"Galaxy S5 mini";"";"2014-12-23 15:20";"giriraj";"best of the galaxy s4 than s5";""
"3174";"34";"Galaxy S5 mini";"";"2014-12-23 12:54";"jay";"I think s5mini";""
"3175";"34";"Galaxy S5 mini";"";"2014-12-22 23:23";"S5";"Ip67 is water resistart, no water proof, so dont keep it in the water,. Thanks.. ";""
"3176";"34";"Galaxy S5 mini";"";"2014-12-22 13:18";"Anonymous";"can I take pics underwater.";""
"3177";"34";"Galaxy S5 mini";"";"2014-12-21 07:11";"hitz";"it will get the update in 2 weeks ";""
"3178";"34";"Galaxy S5 mini";"";"2014-12-20 19:29";"";"I use this, good mobile phone but same as s4";""
"3179";"34";"Galaxy S5 mini";"";"2014-12-20 19:25";"";"Good Mobile but same as S4 only some changes ";""
"3180";"34";"Galaxy S5 mini";"";"2014-12-19 19:31";"shafny";"I have bought this phone just before 5 Days... All Facilities Awesome... BUT Y I Can't Update it to LOLLYPOP ???";""
"3181";"34";"Galaxy S5 mini";"";"2014-12-18 02:17";"jahedz";"I think it is better on s5 mini than s4.";""
"3182";"34";"Galaxy S5 mini";"";"2014-12-17 18:08";"manu";"Hi. friends..let me know who are using this handset? I like to buy this phone but before that pls tell me ur idea about it... specially the battery life and overall performance. .. Thanks in advance!";""
"3183";"34";"Galaxy S5 mini";"";"2014-12-17 14:38";"tapas";"I have been using s4 mini since dec 13 and I am satisfied with it..However i dnt knw abt s5 mini. ";""
"3184";"34";"Galaxy S5 mini";"";"2014-12-17 08:01";"shayna";"Hi, I am thinking of getting my first Samsung. Which one is better S5 mini or S4? Please help";""
"3185";"34";"Galaxy S5 mini";"";"2014-12-17 06:23";"tiger";"those it support led nodfication";""
"3186";"34";"Galaxy S5 mini";"";"2014-12-16 11:40";"";"I'm not sure but I think s5 mini has gorilla glass 3. It's basically an s4 mini with some water & dust resistance. Something to keep in mind is that higher ppi slows the phone. ";""
"3187";"34";"Galaxy S5 mini";"";"2014-12-15 17:04";"Sgsh";"From 16 gb 4, 5gb are for the system (os) . So 11 gb are free. ";""
"3188";"34";"Galaxy S5 mini";"";"2014-12-15 15:07";"Ali Xheikh";"Awsome phone ";""
"3189";"34";"Galaxy S5 mini";"";"2014-12-15 12:42";"";"samsung please this with a biger battery";""
"3190";"34";"Galaxy S5 mini";"";"2014-12-15 09:39";"";"nice phone";""
"3191";"34";"Galaxy S5 mini";"";"2014-12-15 09:05";"Ubello";"The phone &#128241; is beyond that. high performance and long battery life. ";""
"3192";"34";"Galaxy S5 mini";"";"2014-12-14 11:18";"Anonymous";"can we move apps go d sd card? how much is internal storage? user available? fo appss photoa etc.";""
"3193";"34";"Galaxy S5 mini";"";"2014-12-13 18:40";"student";"Does s5 mini have gorilla glass?please tell me.now I'm using s4 mini(gti 9195).it's really perfect phone.which phone better S4 mini or S5 mini?thnx for ur answer";""
"3194";"34";"Galaxy S5 mini";"";"2014-12-13 16:04";"Google user";"Can anyone help me? if possible dn tell me about the front n back camera clarity n quality of the photos.. last time I make fooled about the another device m not mentioning here d name of the Brand.. I am usee which use most social networking like Snapchat insta n etc. I want just a perfect cam both front n back to catch d moment of d life.. n I heard that Samsung has a good cam.. n here d name is 'S5' so I expect d good cam both front n back.. kbye! if anyone has a possible dn reply me.. if yes dn I will mention my mail address next time.. so d 'S5' mini user can send me d pics which dey clicked in their device! if they can! cz through mail I will receive d photos which has original size so I cn decide! thank you! kbye..";""
"3195";"34";"Galaxy S5 mini";"";"2014-12-13 12:27";"Anonymous";"a bigger battery and IPS it would be perfect";""
"3196";"34";"Galaxy S5 mini";"";"2014-12-13 09:31";"";"Does this s5 mini ve the 3x4 keypad? Plse help.";""
"3197";"34";"Galaxy S5 mini";"";"2014-12-12 15:08";"ayrg";"S4 mini is better than s5 mini ";""
"3198";"34";"Galaxy S5 mini";"";"2014-12-11 22:34";"kiks";"Guys is S5 mini upgradable to android 5 lollipop? Please answer my question thanks.";""
"3199";"34";"Galaxy S5 mini";"";"2014-12-11 22:21";"pat";"I bought s5 mini three weeks ago but ever since I never encounter any problems but I noticed that the battery is not as good as the normal s5. I could rate the phone as quite good.";""
"3200";"34";"Galaxy S5 mini";"";"2014-12-11 16:41";"ranju";"bro dnt wry abt the batry...i use s5 mini its amazing batry life..and iam so happy with the camera and diaplay clarty..samsung ia good bro";""
"3201";"34";"Galaxy S5 mini";"";"2014-12-11 09:32";"Anonymous";"Ya i am also experiencing same problem....phone will switch off automatically with samsung logo in front screen i have to remove the battery and replace again to switch on..";""
"3202";"34";"Galaxy S5 mini";"";"2014-12-10 05:41";"parker";"i is so cool i really amazed and want to buy it  ";""
"3203";"34";"Galaxy S5 mini";"";"2014-12-09 22:00";"Gaza";"My S5 mini just goes black despite being fully charged. This is second phone with same problems!";""
"3204";"34";"Galaxy S5 mini";"";"2014-12-09 13:42";"jimbott";"I've experienced a few wierd software problems. The first one was I used the flashlight app and it did not shut off, I tried the active app killer and it was not showing, I had to remove the battery and restart. Second thing, the home screen moved from the second "bullet" to the first one. So now when I press the "home" button it brings me the first screen which has no apps and no phone, message, contact, internet or app buttons. Third, I pick up my to make a call and its at the black screen with SAMSUNG logo, like when you are powering up. I could not do anything from here, could not even power it down, once again I had to remove the battery and power up. Then there was the time it just started vibrating for no reason, had to remove battery and restart. Anybody else experiencing any weird stuff like this? ";""
"3205";"34";"Galaxy S5 mini";"";"2014-12-09 00:12";"";"How to enable OTG?";""
"3206";"34";"Galaxy S5 mini";"";"2014-12-09 00:09";"riosaki";"Is there anyone here knows how to enable OTG to gs5 mini";""
"3207";"34";"Galaxy S5 mini";"";"2014-12-06 13:00";"corz ";"Yes its bad also while playing music on soundcloud it randomly freezes at the beginning or a sond and skips like a C.D ...";""
"3208";"34";"Galaxy S5 mini";"";"2014-12-06 09:11";"Tech-9";"S4mini has better gl benchmark scores than s5 mini";""
"3209";"34";"Galaxy S5 mini";"";"2014-12-05 13:48";"Shutty";"Guys the network coverage is low on the S5 mini, the antenna is not built strong, I have a note 1, S5 normal and the reception shows full my S5 mini no network coverage in the same area. ";""
"3210";"34";"Galaxy S5 mini";"";"2014-12-04 04:25";"bala";"hi friends, pls any one say s5mini is a worthy phone or not our money. and also say is there any software problem occur in this phone.";""
"3211";"34";"Galaxy S5 mini";"";"2014-12-02 07:21";"chubby ";"I love my Samsung, it is like my new born baby but now it is giving me problems the screen is blank . please help what could be the problem. ";""
"3212";"34";"Galaxy S5 mini";"";"2014-12-01 18:14";"joe finianos";"I got this problem and it is a software bug maybe it will get a software update soon so check for update every day. But it is very anoying. ";""
"3213";"34";"Galaxy S5 mini";"";"2014-12-01 01:10";"Anonymous";"Hi, can I have a general idea about the S5 mini? It's my first smartphone and I am unsure about it. My interests are the storage space, camera quality and its other overall performances.";""
"3214";"34";"Galaxy S5 mini";"";"2014-11-29 04:48";"Anonymous";"Install clean master on your s5 mini. I think my battery life has vastly improved after i started doing frequent clean-ups.";""
"3215";"34";"Galaxy S5 mini";"";"2014-11-27 05:59";"peyman iran";"Hello. Can anyone honestly say that the battery life for Surfing is how? I had s4mini, unfortunately lcd fuel it, and before it was constantly low battery every night, every night without charging 28% was low, I was tired of it as fuel. Please tell me the battery life is good or not?";""
"3216";"34";"Galaxy S5 mini";"";"2014-11-27 05:56";"peyman iran";"Hello. Can anyone honestly say that the battery life for Surfing is how? I had s4mini, unfortunately lcd fuel it, and before it was constantly low battery every night, every night without charging 28% was low, I was tired of it as fuel. Please tell me the battery life is good or not?";""
"3217";"34";"Galaxy S5 mini";"";"2014-11-26 20:51";"Nathan";"Now clearly S5 mini is a good phone to buy. It's great and all and can do what I want it to do. Battery life not so good if you play Clash of clans";""
"3218";"34";"Galaxy S5 mini";"";"2014-11-26 04:05";"Anonymous";"Keep your S4 mini";""
"3219";"34";"Galaxy S5 mini";"";"2014-11-26 02:18";"teamspeakuser";"how is the touchwizz?fuild or laggy?and how is it browsing on this phone?";""
"3220";"34";"Galaxy S5 mini";"";"2014-11-26 00:04";"Imadhk";"Where";""
"3221";"34";"Galaxy S5 mini";"";"2014-11-25 22:23";"MG";"has anyone had problems with headphones im allways out an bout changed phone 3times static an cracklin all time when talkin on phone never had problem with s4mini???";""
"3222";"34";"Galaxy S5 mini";"";"2014-11-24 21:01";"Karolina";"I had that problem on my old Samsung Galaxy (restarting) and it appeared that the sim was misplaced. Try taking it out and putting back again. ";""
"3223";"34";"Galaxy S5 mini";"";"2014-11-24 10:45";"Anonymous";"no it has low ram";""
"3224";"34";"Galaxy S5 mini";"";"2014-11-24 07:22";"";"my s5 mini memory does not work although I formatted several time but it shows that the capacity is full";""
"3225";"34";"Galaxy S5 mini";"";"2014-11-24 07:14";"Najeeb";"my S5 mini internal memory does not work although I did not install any thing in it and I have no documents in it. it shows that my memory has no capacity, I format it but still it has no capacity please help me what to do with it";""
"3226";"34";"Galaxy S5 mini";"";"2014-11-23 02:19";"";"will it get lollipop  ";""
"3227";"34";"Galaxy S5 mini";"";"2014-11-21 22:52";"";"Please help! My phone S5 mini hangs up every 3 days - display is black and I can't do nothing. One more problem - phone by itself restarting very often! I tried factory reset but it doesn't help! The phone is only three months old - have you any suggestions?";""
"3228";"34";"Galaxy S5 mini";"";"2014-11-21 16:18";"ranj84";"It DOES NOT have Gorilla glass. Its not mentioned in the spec and its not in the Gorilla glass website. you can check for yourself";""
"3229";"34";"Galaxy S5 mini";"";"2014-11-21 14:34";"Must";"The battery life is horrible on this phone. Dose not even last more than 15 hours.";""
"3230";"34";"Galaxy S5 mini";"";"2014-11-20 23:38";"";"- Hello, I would like to upgrade to this from iPhone 4, will I feel huge improvement or should I just save some more money for a flagship?  - Is the international version only dual sim and the LTE are only in EU and US?";""
"3231";"34";"Galaxy S5 mini";"";"2014-11-20 04:22";"banks";"does the galaxy s5 mini work in the U.S pls someone let me know asap. ";""
"3232";"34";"Galaxy S5 mini";"";"2014-11-20 02:57";"zed";"Great phone great battery life dude... like this phone very much";""
"3233";"34";"Galaxy S5 mini";"";"2014-11-20 00:20";"phillipdanigga";"hey, have any of you guys have tried to test the phone under water? or take a video under water? its just that im afraid that the thing were you put the charger will stop work. ";""
"3234";"34";"Galaxy S5 mini";"";"2014-11-19 13:16";"&#945;&#945;";"Yes but neither galaxy s4 has radio.... so??";""
"3235";"34";"Galaxy S5 mini";"";"2014-11-19 12:34";"Anonymous";" no USB OTG , no s5 mini to me";""
"3236";"34";"Galaxy S5 mini";"";"2014-11-19 03:07";"";"A smart phone without a radio and voice recorder.No radio...thats cold? Like my radio so.......no S5 mini for me.";""
"3237";"34";"Galaxy S5 mini";"";"2014-11-19 03:01";"ron";"just buy samsung s3 neo gt i9301i :)";""
"3238";"34";"Galaxy S5 mini";"";"2014-11-18 21:17";"Vyfster ";"Beware! Tomorrow I am going to hand in the 3rd S5 Mini for the same problem. Battery does not last 12 hrs. I followed the proper process in preparing all 3 phones. Change for 8 hrs before use. Set on Power Save mode. No luck. I remove the phone from charge at 8 am and the battery is on 15% by 16:00. The phone was barely used during that time! Very frustrating and extremely disappointing. ";""
"3239";"34";"Galaxy S5 mini";"";"2014-11-18 12:15";"Palon30";"Why you care so much about the Antutu Benchmark score?. What is the most important, is the performance of the phone in real world use. Of course you don't want a phone that is lagging or hanging most of the time. It's also depends on what purpose you are going to use the phone. Also, if you're really interested, read some feed backs here to get all the info you need regarding this phone. If you are a heavy gamer, look for flagship phones and not that pathetic 1.5 GB RAM S5 Mini. Because the way how Android OS operates, it consumes a lot of RAM, so look for phones with 3 GB of RAM, and of course, with Faster CPU speeds of around 2.0 and above.";""
"3240";"34";"Galaxy S5 mini";"";"2014-11-17 16:32";"Toon";"A smart phone without a radio and voice recorder.No radio...thats cold";""
"3241";"34";"Galaxy S5 mini";"";"2014-11-16 20:41";"&#945;&#945;";"I didn't get it, so which one do you sugest me to buy??";""
"3242";"34";"Galaxy S5 mini";"";"2014-11-16 19:24";"";"hi, I have galaxy S4mini more than 8 months now & i like it a lot, but i want to change it by S5mini, so ur advices my friends can i switch it or just keep my phone, specially when i checked antutu benchmark results for S5mini, it is only 19308, but my S4mini is 22870, plz helps.";""
"3243";"34";"Galaxy S5 mini";"";"2014-11-16 18:44";"&#945;&#945;";"I didn't get it, so which one do you sugest me to buy??";""
"3244";"34";"Galaxy S5 mini";"";"2014-11-16 09:40";"&#945;&#945;";"Which is the best choise samsung galaxy s4 or s5 mini???";""
"3245";"34";"Galaxy S5 mini";"";"2014-11-16 05:03";"manchale";"Antutu bench mark is showing me the processor as snapdragon 400 quad core and gpu as adeno 305.other bench mark software also showing the same result.specs are not matching with gsm arena.kindly help";""
"3246";"34";"Galaxy S5 mini";"";"2014-11-15 07:59";"Nick";"No it does not, because well since the screen is only a 4.5 inch it just isint big enough to need it. ";""
"3247";"34";"Galaxy S5 mini";"";"2014-11-15 07:58";"Pluto";"It is a very good phone. Although I'm not a Samsung phone I would recommend you to get it but before you do have a look at the Sony Xperia Z3 Compact. I'm getting this for Christmas, its just above the price tag of the S5 mini and it does not disappoint. Its even better than the S5 your brothers getting so why don't you challange him ;)";""
"3248";"34";"Galaxy S5 mini";"";"2014-11-15 07:57";"Nick";"At my Samsung store they are offering me the Samsung galaxy S5 mini unlocked, with a 1 year warranty for $450.00 and the S5 is $599.99 should I buy the S5 mini next month or wait until the price drops some more? BTW my Samsung dealer is giving me a discount, thks. ";""
"3249";"34";"Galaxy S5 mini";"";"2014-11-14 16:38";"kwaadee";"How good is the s5 mini...am in GHANA and planning to buy one... can anybody help me ? kwaadee3@gmail.com";""
"3250";"34";"Galaxy S5 mini";"";"2014-11-14 09:16";"dan";"Samsung is losing millions for an fm radio chip that costs them 10 cents. ell done samsung no radio, no money . u deserve your faith. learn from nokia.";""
"3251";"34";"Galaxy S5 mini";"";"2014-11-14 08:15";"Anonymous";"does it sports multiwindow";""
"3252";"34";"Galaxy S5 mini";"";"2014-11-13 20:35";"nick";"This phone comes with Android 4.4 Kitkat out if the box, like the S5 the S5 mini should (must) get the same 5.0 L in the future, so I would comfortly say yes.";""
"3253";"34";"Galaxy S5 mini";"";"2014-11-13 20:32";"nick";"Ok but why the the S5? ";""
"3254";"34";"Galaxy S5 mini";"";"2014-11-13 13:35";"";"you must buy galaxy s4 or note 3 this is small phone , s4 is very very god for the note 3 not ask iss amazzing. ;) ";""
"3255";"34";"Galaxy S5 mini";"";"2014-11-13 10:14";"Nela";"Is this phone upgradable to 4.4.4 KK or Lollipop?";""
"3256";"34";"Galaxy S5 mini";"";"2014-11-13 10:11";"neIa";"yes it does";""
"3257";"34";"Galaxy S5 mini";"";"2014-11-12 07:23";"nick";"I'm getting a new phone for Christmas, I went to the Samsung store today, and I liked this phone, it's $450.00 my brother is getting the Samsung Galaxy S5, $599.99 so not fair!! Anyway I really need ti know if this phone is a really good one, like can it Handel heavy games, videos, lots of texting, any help would be nice, IM A SAMSUNG FAN DONT TELL ME TO BUY A LG G2 THANKS! ";""
"3258";"34";"Galaxy S5 mini";"";"2014-11-11 17:06";"";"Hy guys how much time s5 mini battery is taking to fully charge from 0% to 100%";""
"3259";"34";"Galaxy S5 mini";"";"2014-11-10 22:09";"";"hi does this phone have the keypad vibration option like the s5 does??";""
"3260";"34";"Galaxy S5 mini";"";"2014-11-10 06:30";"Amjad";"Yes u r write LG G2 is very good set but card slot option is not available other wise i love LG G2. It has mini versions in which card slot option is also available but specs are less than its normal version.";""
"3261";"34";"Galaxy S5 mini";"";"2014-11-10 06:26";"Amjad";"Dear Readers:  It is goog think that Samsung is launching MINI Versions but if we see specs of these Mini sets are same e.g 1.5 gb ram, 8/16 gb internal memory and 8 mp camera except S5 mini is water and dust proof other features are same.  So, Samsung should keep specs same like normal versions except screen size which is not more than 4.5 thats enough.";""
"3262";"34";"Galaxy S5 mini";"";"2014-11-09 14:24";"";"Looks pretty good mobile soon i will buy it after i sell my iphone 4 ";""
"3263";"34";"Galaxy S5 mini";"";"2014-11-08 10:58";"Sunny";"If i use the internet in this phone continue 12 hours.. Then can it handle?? ";""
"3264";"34";"Galaxy S5 mini";"";"2014-11-05 11:11";"Anonymous";"I have the S5 now for a month and i am experiencing so much problems. The phone starts to freeze and does not come on for about 2 hours. What would you sugest ";""
"3265";"34";"Galaxy S5 mini";"";"2014-11-03 22:16";"Ericminos";"You REALLY should go for the G2. Despite some cool sensors the S5 Mini offers nothing more than a card slot, over the G2. Amoled is cool, but remember that S5Mini has an HD 4,5 screen while the G2 has whoping 5,2 Full HD Ips-LCD (colors not oversaturated, much more natural than Amoled). The G2 still Flagship Quality, losing in benchmarks for the S5 9600 for only a hair, while the S5 Mini is a midranger. I have the G2 since february, and plan to stick with until the G4 is out - build quality, features like Camera audio and OS and battery are simply suberb! ";""
"3266";"34";"Galaxy S5 mini";"";"2014-11-03 14:51";"LoHit";"always prefer samsung.. quality matters Just love samsung's SUPER AMOLED ";""
"3267";"34";"Galaxy S5 mini";"";"2014-11-03 13:42";"ahenryc";"I think you should buy Lg G2 instead of samsung s5, because for me the spesification that samsung gives, like heart rate isn't useful. It is more expensive than Lg G2. But, if you really like the spesification of samsung s5, maybe you can think about it. ";""
"3268";"34";"Galaxy S5 mini";"";"2014-11-03 09:52";"";"plz suggest me which one should I buy in between Samsung Galaxy S5 mini and Sony Xperia Z1 compact?";""
"3269";"34";"Galaxy S5 mini";"";"2014-11-02 14:54";"S5 mni";"Can any body tell me please about Ram and battery of this handset.........or Any hanging taking place...???? ";""
"3270";"34";"Galaxy S5 mini";"";"2014-11-01 20:42";"";"Should i buy LG G2 or Samsung galaxy S5 mini? In my country there is around 35-40$ difference between this phones. I really like S5 minis fingerprint feature as well as hearth measuring feature and i like G2s big screen. Which should i get?? Answear fast pls!!";""
"3271";"34";"Galaxy S5 mini";"";"2014-10-31 15:24";"";"It Is Better?";""
"3272";"34";"Galaxy S5 mini";"";"2014-10-31 01:24";"";"You should buy an s5 mini because it has print sensor and heart rate sensor. Also touchwiz is better than Xperia. And design is better than sony. Sony is copying iPhone 4-4S";""
"3273";"34";"Galaxy S5 mini";"";"2014-10-29 18:12";"";"too expensive.samsung makes a big joke and release mini version close to some flagship like one E8. in compare one E8 has very better specs and high performance against s5 mini and it's a big fault that we chose s5 mini and push E8 away.for sure one E8 is very better.";""
"3274";"34";"Galaxy S5 mini";"";"2014-10-28 17:34";"swapnil";"kindly explain";""
"3275";"34";"Galaxy S5 mini";"";"2014-10-28 12:30";"Noor";"I am very much eager to buy s5 mini but it was not released internationally, though there are some stores that sell it here and it's not official release. If i go for s4 or s5 mini that were not released in my country, what problems I might encounter? Please respond anyone.";""
"3276";"34";"Galaxy S5 mini";"";"2014-10-28 11:11";"Prof LEO";"Hi buy a Hisense U980 or Huawei Ascend P6 or P7. this phones are beautiful, fast, and maybe cheaper than the S5 mini";""
"3277";"34";"Galaxy S5 mini";"";"2014-10-28 04:05";"TravelX";"I wish if it was 8 MP Camera and 2 giga RAM ";""
"3278";"34";"Galaxy S5 mini";"";"2014-10-28 04:05";"TravelX";"I wish if it was 8 MP Camera and 2 giga RAM ";""
"3279";"34";"Galaxy S5 mini";"";"2014-10-27 14:05";"";"You will not encounter any problem since Samsung have released it some other places ";""
"3280";"34";"Galaxy S5 mini";"";"2014-10-25 23:40";"Anonymous";"Besides the processor - being quad core - and RAM (which isnt much better) the Samsung S5 mini is virtually the same as Sony SP. Only thing is that the SP is 1/2 the price and last years model with slightly better battery performance. Its starting to look like Sony is leading the way with being the benchmark of phones (esp with the skin apps on android)";""
"3281";"34";"Galaxy S5 mini";"";"2014-10-24 08:01";"Anonymous";"Its a shame that s5 mini doesn't has usb host functionality";""
"3282";"34";"Galaxy S5 mini";"";"2014-10-22 18:17";"Anonymous";"I am very much eager to buy s4 mini but it was not released internationally, though there are some stores that sell it here and it's not official release. If i go for s4 or s5 mini that were not released in my country, what problems I might encounter? Please respond anyone.";""
"3283";"34";"Galaxy S5 mini";"";"2014-10-22 13:30";"ira";"Forget about it go tu Sony Z3 compact. S5 Mini is too expensive.";""
"3284";"34";"Galaxy S5 mini";"";"2014-10-21 19:31";"";"Hey GSMArena can you guys please make a full reveiw of this phone because I want to buy and I'm not sure should I buy it or go for the S4??? Please make it as long as possible.....  Thank You  Mano";""
"3285";"34";"Galaxy S5 mini";"";"2014-10-19 15:41";"Daparagon";"Hey dude. Your description puts you in two choice. iPhone 5s or 5c, or you rather get the sony xperia z3 compact, because samsung wont be focusing on s5 mini and well, when you see it you'd prefer something else";""

