"7471";"78";"Galaxy Tab 3 Lite 7.0 3G";"";"2015-01-14 19:50";"sanjay";"worst type of tab...no FM, No front camera ,no video calling ...";""
"7472";"78";"Galaxy Tab 3 Lite 7.0 3G";"";"2015-01-05 09:56";"avash";"is there any updates for kitkat in this tab!i tried so much but i could'nt find it!give some suggetion regrading it..";""
"7473";"78";"Galaxy Tab 3 Lite 7.0 3G";"";"2014-12-27 11:44";"DJ mix ";"Does it have a front camera please?";""
"7474";"78";"Galaxy Tab 3 Lite 7.0 3G";"";"2014-12-12 21:40";"bari2404";"Tnx buddy, although i did not go exactly to your advise. I still owe you one 4 giving me an idea to go to app store. Hoorah 4 tab 3 lite users";""
"7475";"78";"Galaxy Tab 3 Lite 7.0 3G";"";"2014-12-11 09:10";"Alex";"@bari2404: Google Play has an app called OI File Manager. It's free and easy to use";""
"7476";"78";"Galaxy Tab 3 Lite 7.0 3G";"";"2014-12-10 21:40";"bari2404";"How to transfer songs TO the external sd card FROM bluetooth phone memory? Can anyone please explain me how. Coz it's occupying all my phone memory. Tnx";""
"7477";"78";"Galaxy Tab 3 Lite 7.0 3G";"";"2014-12-07 07:46";"ron";"it's dual sim tab ";""
"7478";"78";"Galaxy Tab 3 Lite 7.0 3G";"";"2014-12-07 07:44";"ron";"it's dual sim tab ?";""
"7479";"78";"Galaxy Tab 3 Lite 7.0 3G";"";"2014-12-02 16:35";"Sayan Bhar";"None of these are not worse. These are very good tablets.";""
"7480";"78";"Galaxy Tab 3 Lite 7.0 3G";"";"2014-11-25 19:52";"";"Your 4.4.2 IS KitKat.. 4.4 versions are kitkat";""
"7481";"78";"Galaxy Tab 3 Lite 7.0 3G";"";"2014-11-19 09:49";"";"Can samsung tab3 7.0 upgrade to kitkat version? Currently my version is 4.4.2, how do i upgrade it? Can help me? I really want kitkat version, reply me asap, thanks!";""
"7482";"78";"Galaxy Tab 3 Lite 7.0 3G";"";"2014-11-16 06:20";"Rohit";"Is Tab 3 Neo upgradable with Kit kat? ";""
"7483";"78";"Galaxy Tab 3 Lite 7.0 3G";"";"2014-11-16 06:18";"Rohit";"Is Tab 3 Neo upgradable with Kit kat? ";""
"7484";"78";"Galaxy Tab 3 Lite 7.0 3G";"";"2014-10-25 14:51";"";"Then you probably not have a SG Tab 3 or a Lite, because there are phones in them.";""
"7485";"78";"Galaxy Tab 3 Lite 7.0 3G";"";"2014-10-25 14:49";"";"How come you downgrade?";""
"7486";"78";"Galaxy Tab 3 Lite 7.0 3G";"";"2014-10-24 07:12";"kailash";"dear sir/madam  how to attach otg leadin tab and mouse and key bord ";""
"7487";"78";"Galaxy Tab 3 Lite 7.0 3G";"";"2014-10-22 23:31";"sid";"how to enter sim card in tab neo 3?? ";""
"7488";"78";"Galaxy Tab 3 Lite 7.0 3G";"";"2014-10-18 08:14";"Anonymous";"bro i am also purchase this tab yesterday it's really good, working smoothly it's a good deal but no front camera ";""
"7489";"78";"Galaxy Tab 3 Lite 7.0 3G";"";"2014-10-13 10:47";"wasim";"how we can save & recieve all data in sd card/? ";""
"7490";"78";"Galaxy Tab 3 Lite 7.0 3G";"";"2014-10-13 10:38";"wasim";"how we can save & recieve all data in sd card/? ";""
"7491";"78";"Galaxy Tab 3 Lite 7.0 3G";"";"2014-10-12 04:54";"zorrozeek";"how does it make calls. There is no phone app on mine.";""
"7492";"78";"Galaxy Tab 3 Lite 7.0 3G";"";"2014-10-10 17:27";"Papu Bhai";"we can make phone calls from that. Its is a good tablet in less price...";""
"7493";"78";"Galaxy Tab 3 Lite 7.0 3G";"";"2014-10-07 10:40";"Armaan Khan";"2 Points R Week  1 2ndry Camera Is Not Available So Cant Use Ur Budy Skype  2 Also Not Available Sensor  Sensor Is So Useful When Ur Forget Missing Time Near By U";""
"7494";"78";"Galaxy Tab 3 Lite 7.0 3G";"";"2014-10-01 04:53";"Anonymous";"Does it make phone calls?";""
"7495";"78";"Galaxy Tab 3 Lite 7.0 3G";"";"2014-09-27 05:50";"bzaratlau";"Is glx tab3 upgradable to kitkat";""
"7496";"78";"Galaxy Tab 3 Lite 7.0 3G";"";"2014-09-23 09:29";"pitambar";"thank q yoyo ";""
"7497";"78";"Galaxy Tab 3 Lite 7.0 3G";"";"2014-09-21 16:36";"gou";"can it support external keyboard........... ";""
"7498";"78";"Galaxy Tab 3 Lite 7.0 3G";"";"2014-09-11 18:00";"Anonymous";"exceptional&#258;";""
"7499";"78";"Galaxy Tab 3 Lite 7.0 3G";"";"2014-09-10 08:50";"Anonymous";"It's great to use Samsung Tab 3 Neo because I'm very much Happy that it's working Good";""
"7500";"78";"Galaxy Tab 3 Lite 7.0 3G";"";"2014-09-10 08:09";"Cycle";"Please visit to Samsung care. ";""
"7501";"78";"Galaxy Tab 3 Lite 7.0 3G";"";"2014-09-03 02:18";"Person";"Didn't you check before you bought it?";""
"7502";"78";"Galaxy Tab 3 Lite 7.0 3G";"";"2014-08-31 18:35";"don";"i bought this tablet today and am much disappointed with its specs.no front camera and low specification and the normal tab 3 that i was using.";""
"7503";"78";"Galaxy Tab 3 Lite 7.0 3G";"";"2014-08-30 16:29";"Anonymous";"am using galaxy tab 3 lite but my front keys do not have backlight will someone assist me please because i can't find the backlight under display settings... ";""
"7504";"78";"Galaxy Tab 3 Lite 7.0 3G";"";"2014-08-26 18:50";"YOYO";"My frn is using and very satified with its performance..... He brought it from Flipkart.com at 9000/-. I am also planning to buy a tab for my wife...Plz suggest me...";""
"7505";"78";"Galaxy Tab 3 Lite 7.0 3G";"";"2014-08-26 18:41";"pitambar";"samsung tab3 neo verry good tablet i was using since one month .its verry good working and no problm bettry its long drive .........i love samsung any product.";""
"7506";"78";"Galaxy Tab 3 Lite 7.0 3G";"";"2014-08-25 07:44";"Anonymous";"nope it should not take 16 hrs ....its too much..... go to service centre...";""
"7507";"78";"Galaxy Tab 3 Lite 7.0 3G";"";"2014-08-23 17:59";"Ishaan";"Is it dual sim or single sim";""
"7508";"78";"Galaxy Tab 3 Lite 7.0 3G";"";"2014-08-21 05:36";"Hanna";"can it make call or just using wifi??";""
"7509";"78";"Galaxy Tab 3 Lite 7.0 3G";"";"2014-08-12 16:54";"Sayan bhar";"It is a single sim and it canntot be upgraded to kikkat";""
"7510";"78";"Galaxy Tab 3 Lite 7.0 3G";"";"2014-08-11 14:50";"kriti";"Best tab ";""
"7511";"78";"Galaxy Tab 3 Lite 7.0 3G";"";"2014-08-11 04:44";"padma";"is it a dual sim card slot or single sim ...??is it upgradable to kitkat?? ";""
"7512";"78";"Galaxy Tab 3 Lite 7.0 3G";"";"2014-08-07 08:39";"Sam";"Can i use the sim? ";""
"7513";"78";"Galaxy Tab 3 Lite 7.0 3G";"";"2014-07-25 07:10";"pandu";"superbbb";""
"7514";"78";"Galaxy Tab 3 Lite 7.0 3G";"";"2014-07-24 16:58";"chandu";"it will run smoothly and softly very best company";""
"7515";"78";"Galaxy Tab 3 Lite 7.0 3G";"";"2014-07-23 19:45";"DrKnow";"Its a great value for money tablet!";""
"7516";"78";"Galaxy Tab 3 Lite 7.0 3G";"";"2014-07-23 17:21";"Anonymous";"yaaaaah.........................................­........................................ u ri8 ........................................ run smthly................";""
"7517";"78";"Galaxy Tab 3 Lite 7.0 3G";"";"2014-07-23 06:40";"Anonymous";"its run very smoothly";""
"7518";"78";"Galaxy Tab 3 Lite 7.0 3G";"";"2014-07-22 13:14";"MJ";"its a aswm and outstanding ................................................­.............. wow nyc .......................... hhhhhhhhhhhhhhhhhhhhhhhhhhhhhhhhhhmmmmmmmmmmmmmm­mmmmmmmm";""
"7519";"78";"Galaxy Tab 3 Lite 7.0 3G";"";"2014-07-10 18:03";"ray";"This device is good for routine purposes but for those game savvy, better buy the more advance sg note 8.0,";""
"7520";"78";"Galaxy Tab 3 Lite 7.0 3G";"";"2014-07-07 04:11";"amy";"I brought the tab3 new yesterday only..but i am very worried for the future use.So can any one tell me that what is the benefits and usage and also want to know the disadvantage";""
"7521";"78";"Galaxy Tab 3 Lite 7.0 3G";"";"2014-07-03 15:40";"akash";"Can't use external keypadak";""
"7522";"78";"Galaxy Tab 3 Lite 7.0 3G";"";"2014-07-03 15:11";"Amr";"press the menu key and the power key at the same time for 1 second";""
"7523";"78";"Galaxy Tab 3 Lite 7.0 3G";"";"2014-07-02 20:59";"Anonymous";"about 4hour totally full charge..";""
"7524";"78";"Galaxy Tab 3 Lite 7.0 3G";"";"2014-06-26 21:23";"Ezyal";"Seem to have problem with SD card.....it cannot read the card..... Annoying... ";""
"7525";"78";"Galaxy Tab 3 Lite 7.0 3G";"";"2014-06-26 21:16";"Ezyal";"Seem to have problem with SD card.....it cannot read the card..... Annoying... ";""
"7526";"78";"Galaxy Tab 3 Lite 7.0 3G";"";"2014-06-23 07:08";"Anonymous";"well,samsung galaxy tab3 lite is the worst";""
"7527";"78";"Galaxy Tab 3 Lite 7.0 3G";"";"2014-06-23 07:07";"martin";"its resolution is not as well as the other products";""
"7528";"78";"Galaxy Tab 3 Lite 7.0 3G";"";"2014-06-19 04:55";"Ricodui";"Which is worst, samsung galaxy tab 2 7.0 or samsung galaxy tab 3 lite 3g ?";""
"7529";"78";"Galaxy Tab 3 Lite 7.0 3G";"";"2014-06-17 08:49";"inbok";"voice less loud";""
"7530";"78";"Galaxy Tab 3 Lite 7.0 3G";"";"2014-05-31 16:33";"shubham ";"Best for Gaming & Browsing";""
"7531";"78";"Galaxy Tab 3 Lite 7.0 3G";"";"2014-05-29 14:21";"Shrikrishna";"Do Games lag in this tab? ";""
"7532";"78";"Galaxy Tab 3 Lite 7.0 3G";"";"2014-05-29 06:10";"k11";"How to take screenshot on tab 3 lite??";""
"7533";"78";"Galaxy Tab 3 Lite 7.0 3G";"";"2014-05-26 07:51";"nikhil";"bestest.......";""
"7534";"78";"Galaxy Tab 3 Lite 7.0 3G";"";"2014-05-24 16:19";"Anonymous";"i am us Samsung Galaxy Tab 3 Lite 7.0 review: The toddler this mobil veri hot and egs usegs and alo pres lovest ";""
"7535";"78";"Galaxy Tab 3 Lite 7.0 3G";"";"2014-05-24 13:36";"Anonymous";"what is 3g ? no front camera.,";""
"7536";"78";"Galaxy Tab 3 Lite 7.0 3G";"";"2014-05-24 11:44";"muddu\";"i m using this tab 3 neo now it is working very good...";""
"7537";"78";"Galaxy Tab 3 Lite 7.0 3G";"";"2014-05-20 05:37";"bunty";"I purchase this tab last week. To charge battery fully it take approx 16 hrs. Pls let me know whether there is some battery problem. How much time your tab take to charge the battery. Pls reply. Thank you.";""
"7538";"78";"Galaxy Tab 3 Lite 7.0 3G";"";"2014-05-19 11:03";"Ab................";"awesome tab.....loving it";""
"7539";"78";"Galaxy Tab 3 Lite 7.0 3G";"";"2014-05-14 15:23";"Anonymous";"Yes";""
"7540";"78";"Galaxy Tab 3 Lite 7.0 3G";"";"2014-05-13 01:18";"";"I want this tab, just for calling and sms. I think is good for calling and receiving calls. I love d screen,good for games too. Is 3g phone so is perfect for calls.lovely ";""
"7541";"78";"Galaxy Tab 3 Lite 7.0 3G";"";"2014-05-12 21:09";"";"I want this tab, just for calling and sms. I think is good for calling and receiving calls. I love d screen,good for games too. Is 3g phone so is perfect for calls.lovely ";""
"7542";"78";"Galaxy Tab 3 Lite 7.0 3G";"";"2014-05-11 09:17";"raj";"It's working good";""
"7543";"78";"Galaxy Tab 3 Lite 7.0 3G";"";"2014-05-07 10:03";"s";"i m using this tab last 2 weeks now it is working very good....... thanks samsung......";""
"7544";"78";"Galaxy Tab 3 Lite 7.0 3G";"";"2014-05-06 06:24";"Ajay";"Can weuse 3g in this tab by inserting sim card. ";""
"7545";"78";"Galaxy Tab 3 Lite 7.0 3G";"";"2014-05-01 07:42";"munnu";"if ur budget is light then go for this lite";""
"7546";"78";"Galaxy Tab 3 Lite 7.0 3G";"";"2014-04-28 11:16";"uday shankar";"I bought this tab on 27.4.2014 from HOT, Nehru place. After using 2 hours this tab is giving problem and lastly hang and music system is not responding";""
"7547";"78";"Galaxy Tab 3 Lite 7.0 3G";"";"2014-04-26 20:24";"";"Hay there, if u had limited budget my advice is go for this tab 3 lite. And budget allows try to tab 3 with front camera.  Plus: Colourful Cheap price Fast browsing connect through sim provider and wifi too Easy to bring just 7'inch  Minus: Without front camera Primary camera of this tab 3 lite really failed. LOL Other than that still an good tablet to have. ";""
"7548";"78";"Galaxy Tab 3 Lite 7.0 3G";"";"2014-04-23 15:08";"Dumidan2009";"I have this tablet and I confirm: is a good tablet but have a problem with OTG function, not implementation of this! I have a confirmation of the missing, by my experience and by the email of the Samsung support. ";""
"7549";"78";"Galaxy Tab 3 Lite 7.0 3G";"";"2014-04-19 09:17";"youssef joe";"this tab is good";""
"7550";"78";"Galaxy Tab 3 Lite 7.0 3G";"";"2014-04-18 15:06";"mashi maro";"yes.this tab can be used to make calls also";""
"7551";"78";"Galaxy Tab 3 Lite 7.0 3G";"";"2014-04-11 14:29";"saby@expressworld.co";"mx player not working in this tab";""
"7552";"78";"Galaxy Tab 3 Lite 7.0 3G";"";"2014-04-09 17:38";"ralf";"same as ipad?this tab can make call...dont give wrong information";""
"7553";"78";"Galaxy Tab 3 Lite 7.0 3G";"";"2014-04-09 03:10";"Rog";"Based on my inquiry at BestBuy and research, the Samsung Galaxy has a fixed SIM card non removable for telephone use if you were to visit another country and use it for phone.";""
"7554";"78";"Galaxy Tab 3 Lite 7.0 3G";"";"2014-04-06 10:08";"master android";"is data only, same as ipad, cant make call";""
"7555";"78";"Galaxy Tab 3 Lite 7.0 3G";"";"2014-04-02 19:47";"raj";"Can insert sim card?there is a sim slot?";""
"7556";"78";"Galaxy Tab 3 Lite 7.0 3G";"";"2014-03-31 08:51";"Samsul AFPM";"Everything good for this moment. No experiencing hang or any difficulty. Just without front camera that limit my usage. Value for money. RM699 is worth it.";""
"7557";"78";"Galaxy Tab 3 Lite 7.0 3G";"";"2014-03-22 19:31";"yanoil";"This is fabulous... its amazing";""
"7558";"78";"Galaxy Tab 3 Lite 7.0 3G";"";"2014-03-21 09:45";"ilham";"is very very good i sure";""
"7559";"78";"Galaxy Tab 3 Lite 7.0 3G";"";"2014-03-19 05:37";"";"Man much better asus fonepad 7 than samsung tab3..";""
"7560";"78";"Galaxy Tab 3 Lite 7.0 3G";"";"2014-03-16 20:10";"iamkuyamad";"It's like an oversized Galaxy Y...";""
"7561";"78";"Galaxy Tab 3 Lite 7.0 3G";"";"2014-03-12 05:58";"Eshant";"This is very good tab and easily fuction";""
"7562";"78";"Galaxy Tab 3 Lite 7.0 3G";"";"2014-03-09 14:00";"";"Dear I buy Samsung tab3 lite 3G wiht asus fonepad7 2 ( me372) Tab3 lite good or asus good ";""
"7563";"78";"Galaxy Tab 3 Lite 7.0 3G";"";"2014-03-04 12:22";"Anonymous";"why ?? ";""
"7564";"78";"Galaxy Tab 3 Lite 7.0 3G";"";"2014-03-03 04:36";"waqi";"It is always hang or not?";""
"7565";"78";"Galaxy Tab 3 Lite 7.0 3G";"";"2014-03-02 12:19";"Esso";"Hi every body i need your advise about this Tab ?? is it good or shall i not buy ??";""
"7566";"78";"Galaxy Tab 3 Lite 7.0 3G";"";"2014-03-01 08:33";"Krisbo";"This is one of the best product of Samsung. Its quite good and portable";""
"7567";"78";"Galaxy Tab 3 Lite 7.0 3G";"";"2014-02-27 12:54";"Anonymous";"Samsunng";""
"7568";"78";"Galaxy Tab 3 Lite 7.0 3G";"";"2014-02-21 18:12";"";"i am looking for specification and not at all interested in camera i want only calling and 3g this will solve with great brand";""
"7569";"78";"Galaxy Tab 3 Lite 7.0 3G";"";"2014-01-28 17:25";"Rasel";"I dont expect such mobile from SAMSUNG.   - No front camera - Low primary camera also - Processor is not good also";""
"7570";"78";"Galaxy Tab 3 Lite 7.0 3G";"";"2014-01-28 06:34";"";"Lol... Rubbish! I've never seen a tablet without front camera. And with that odd chipset I bet the updates are out of the question";""
"7571";"78";"Galaxy Tab 3 Lite 7.0 3G";"";"2014-01-23 10:26";"Zala Girirajsinh ";"While the administrators and moderators of this site will attempt to remove or edit any generally objectionable material as quickly as possible, it is impossible to review every posting. Therefore you acknowledge that all posts made to these forums express the views and opinions of the author and not the administrators, moderators or webmaster (except for posts by these people) and hence will not be held liable.";""
"7572";"78";"Galaxy Tab 3 Lite 7.0 3G";"";"2014-01-20 09:18";"Anonymous";"why Samsung launch this type of tab which has not in built memory and this type of camera... ";""
"7573";"78";"Galaxy Tab 3 Lite 7.0 3G";"";"2014-01-19 07:18";"ali";"very good";""
"7574";"78";"Galaxy Tab 3 Lite 7.0 3G";"";"2014-01-19 07:15";"ali";"very good";""
"7575";"78";"Galaxy Tab 3 Lite 7.0 3G";"";"2014-01-18 16:12";"flower";"i love you";""
"7576";"78";"Galaxy Tab 3 Lite 7.0 3G";"";"2014-01-18 00:04";"me";"good";""
"7577";"78";"Galaxy Tab 3 Lite 7.0 3G";"";"2014-01-17 23:29";"expert";"shame on you samsung .. Huawei media pad 7 youth is much better than this..  ";""
"7578";"78";"Galaxy Tab 3 Lite 7.0 3G";"";"2014-01-17 13:36";"phone_Hunter";"good.. anyone using this phone??? howz it...";""
"7579";"78";"Galaxy Tab 3 Lite 7.0 3G";"";"2014-01-17 10:38";"Brix";"My God Men, that design is very cheap as you can see their is no front cam. then the primary is 2 MP only wtf. and other is like a simple samsung android with no awsooome! spec ";""
"7580";"78";"Galaxy Tab 3 Lite 7.0 3G";"";"2014-01-17 09:57";"";"What a shame from Sami! What a poor tab whit high price! ASUS Fonepad7(about 200$) is million times better than this ultracrap. ";""
"7581";"78";"Galaxy Tab 3 Lite 7.0 3G";"";"2014-01-17 05:07";"";"Very good one, if is USD50";""
"7582";"78";"Galaxy Tab 3 Lite 7.0 3G";"";"2014-01-17 04:18";"";"Very very lag.  This product is similar to other Samsung galasy S2. ";""
"7583";"78";"Galaxy Tab 3 Lite 7.0 3G";"";"2014-01-17 01:05";"Laurence ";"Thank god I have bought the Samsung Galaxy Tab 7.0 Plus with no regrets....hahaha ";""
"7584";"78";"Galaxy Tab 3 Lite 7.0 3G";"";"2014-01-16 17:58";"";"same design, awesoooooome!";""

