"8066";"83";"Galaxy Note Pro 12.2";"";"2015-01-12 16:18";"dst";"Love this device. Q. no manual! Please guide producers...prepare a device specific manual for the Galaxy Note Pro!! Cannot find one anywhere...";""
"8067";"83";"Galaxy Note Pro 12.2";"";"2014-11-28 23:00";"";"hell yeah";""
"8068";"83";"Galaxy Note Pro 12.2";"";"2014-10-02 06:08";"Anonymous";"Superamoled and snapdragon processor would have me sold.";""
"8069";"83";"Galaxy Note Pro 12.2";"";"2014-07-14 16:38";"Anonymous";"Please do it new 12.2 inch tab with Super AMOLED and Snapdragon 805";""
"8070";"83";"Galaxy Note Pro 12.2";"";"2014-05-19 03:42";"";"OS updates are optional, but many people get fixated on it. Google updates Android but Samsung (or any other phone maker) never promised that they will too. These are two different companies with their own plans and timetables. Unless there's a major bug or flaw in the previous OS, an update is just "bragging right". Your phone doesn't stop working when Google releases new Android version. When Samsung does upgrade the OS, it doesn't really change much because not all features of the new Android are carried over. OS-upgrade fever becomes a fixation that makes people forget the fun and productivity of owning a phone because they spend most of their time complaining about not getting the new Android. But there is HOPE... get a Nexus device or flash a custom ROM.";""
"8071";"83";"Galaxy Note Pro 12.2";"";"2014-05-19 03:22";"";"If Note 1/2/3 are phone-tablets ("phablets"), and was successful. Samsung is doing it again on the upper end of the spectrum. The Note Pro 12.2 is a laptop-tablet. Stick a keyboard-case on it for work, then ditch the keyboard after work. Just like in the phablet days, you sacrifice some convenience due to size, but you get a two-in-one product.";""
"8072";"83";"Galaxy Note Pro 12.2";"";"2014-05-04 12:39";"haytham777";"Actually its enormous size of 12.2 is what I love about, that display is just AMAZING !!!";""
"8073";"83";"Galaxy Note Pro 12.2";"";"2014-03-29 21:13";"";"True";""
"8074";"83";"Galaxy Note Pro 12.2";"";"2014-03-09 03:31";"Chandan kazi";"Size is not suitanle for all purpose of man 12.2"inch. It will be more populer if same fetured is supplay in  7" inch cofigeration. It will be more populer because it will be HANDY";""
"8075";"83";"Galaxy Note Pro 12.2";"";"2014-03-04 05:01";"irfan ifse";"@ahmed:-next will be 20inch tablet with only one update and am dam sure tat tablet will also become turtoise after 8months,waste of buying samsung products.";""
"8076";"83";"Galaxy Note Pro 12.2";"";"2014-02-20 01:30";"Anonymous";"Samsung galaxy note pro 12.2 is very weak compared to the Sharp RW-16G1 tablet (15.6 inch -- 4 GB ram - i5-4200U) wowwww";""
"8077";"83";"Galaxy Note Pro 12.2";"";"2014-02-17 21:09";"";"That was a Slap on the Face...  Well said... @Ierdna ";""
"8078";"83";"Galaxy Note Pro 12.2";"";"2014-02-16 13:09";"simonh";"well said...great products poor support..";""
"8079";"83";"Galaxy Note Pro 12.2";"";"2014-02-16 13:08";"simonh";"saw this in store today very big but very nice...oh yeah and very very expensive you could get a 50 inch 3d tv for the price...not good at all...";""
"8080";"83";"Galaxy Note Pro 12.2";"";"2014-02-15 02:27";"";"Hey Samsung, why don't you also give timely OS updates instead of just spitting out new products all the time? Is this your definition of "providing OS updates"? By forcing consumers to buy new products that has the updates? ";""
"8081";"83";"Galaxy Note Pro 12.2";"";"2014-02-13 05:16";"";"Next, is a 17 inch tablet lmao";""
"8082";"83";"Galaxy Note Pro 12.2";"";"2014-02-12 14:44";"tariq";"wowwow wow";""

