"6745";"72";"Galaxy Core LTE";"";"2015-01-18 06:41";"DinPak";"I bought a Samsung Galaxy Core LTE SM-G386W and it looks that it doesn't have GPS Module or GPS Satellite. Is it true or not? ";""
"6746";"72";"Galaxy Core LTE";"";"2015-01-09 14:52";"ovidiu";"I have this smatphone an october; i am very satisfied.";""
"6747";"72";"Galaxy Core LTE";"";"2015-01-05 09:58";"melvi";"sucks..";""
"6748";"72";"Galaxy Core LTE";"";"2015-01-05 09:54";"xMelvi";"I can play NBA2k14 on this phone.. it can also play real racing 3 and other 3D games. love it....";""
"6749";"72";"Galaxy Core LTE";"";"2014-12-30 09:57";"manuja3";"I have used several samsung phones. But i didnt see a horrible phone like this by samsung. Frankly speaking this doesn't value for money. No screen protection glass. Just plastic glass. Though samsung says it is capable of playing HD videos, it cant play HD videos. You can check for yourself. Heats a lot while browsing internet or playing games. Design is old. No super Amoled screen. So colours are not good. You can check these things. The one and only good thing in this phone is the battery life. It is not excellent. But it is good. It can last 1.5 days in normal usage. Dont get me wrong. It is not the best battery life. Overall I am very disappointed with this phone. I had to re-sell it for a very low price. I hardly could cover just half the amount that i paid to purchase this phone. ";""
"6750";"72";"Galaxy Core LTE";"";"2014-12-28 16:47";"Anonymous";"I use the Blakberry Case and I love it...";""
"6751";"72";"Galaxy Core LTE";"";"2014-12-19 06:15";"";"You have to sacrifice FM radio for a bigger ram and internal storage than other versions of core lte. Try installing tuneinradio, it can search all local and worldwide stations for you. It requires internet but you don't need a earphone plugged in to listen to it. ";""
"6752";"72";"Galaxy Core LTE";"";"2014-12-19 05:55";"";"Does anybody know if the SM-G386W uses the same types of batteries like the SM-G386F,SM-G3518,or the Avant SM-G386T ? ";""
"6753";"72";"Galaxy Core LTE";"";"2014-12-19 05:38";"Anonymous";"It doesn't have a FM radio, but other versions of core lte do, like the G386F or G3518,but they have only 8g of internal storage. Try installing tuneinradio, it can search all the local and worldwide stations for you. I have that installed on my G386W and it works really well. It requires internet but doesn't need a earphone plugged in like the onboard FM radio. ";""
"6754";"72";"Galaxy Core LTE";"";"2014-12-17 20:23";"Bronze";"Don't see why not, pretty closely specs to my gs2.. but I cant say for 100% cdertainy";""
"6755";"72";"Galaxy Core LTE";"";"2014-12-13 02:17";"Anonymous";"If you like to go on the phone then I don't reccommend this at all, the microphone sucks. I don't reccommend this phone for anyone at any age. I currently have this phone and I don't like it at all. The camera also sucks. When you're on the phone you have to yell loud and when you're trying to listen to music, at some points it won't work so you'll need to turn it off and turn it back on.";""
"6756";"72";"Galaxy Core LTE";"";"2014-12-12 20:02";"NobodyAlien";"That is not uncommon. Unlimited text is usually just that, TEXT. Attachments and pictures are significantly larger pieces of information to transfer by comparison";""
"6757";"72";"Galaxy Core LTE";"";"2014-12-12 16:47";"frankzeus05";"can i play clash of clans on my Samsung Galaxy Core LTE";""
"6758";"72";"Galaxy Core LTE";"";"2014-12-11 02:41";"caperbrad";"I cannot find the radio on the SM-386-W. If anyone can help that would be appreciated. ";""
"6759";"72";"Galaxy Core LTE";"";"2014-12-11 02:25";"caperbrad";"Is there or where is the radio on a SM-386-W?";""
"6760";"72";"Galaxy Core LTE";"";"2014-12-10 18:20";"jer";"is this phone can play clash of clans? and can this play a 3d games smooth??? ";""
"6761";"72";"Galaxy Core LTE";"";"2014-12-09 17:47";"Anonymous";"I like playing clash of clans and taking photos does this phone work for ke";""
"6762";"72";"Galaxy Core LTE";"";"2014-12-07 10:04";"Anonymous";"Micro SD";""
"6763";"72";"Galaxy Core LTE";"";"2014-12-05 01:13";"Anonymous";"Yes";""
"6764";"72";"Galaxy Core LTE";"";"2014-12-03 16:20";"economy minded user";"Been using this phone for a few days now and I'm pretty impressed. I would never use it for heavy gaming or photo-taking, but if you're like me and would prefer a basic smartphone at a low price that still beats most of the lower end offerings from Huawei, Alcatel and the like, this is a good choice.   ";""
"6765";"72";"Galaxy Core LTE";"";"2014-12-01 14:47";"carbuff";"Does this phone require regular sim card or micro?";""
"6766";"72";"Galaxy Core LTE";"";"2014-11-29 21:52";"";"I got SM-G386W too ,I just ordered the case for my phone but the case is for SM-G386F is there any difference in size between these models??? both are Samsung Galaxy CORE models and difference is a letter F and W at the end of model number";""
"6767";"72";"Galaxy Core LTE";"";"2014-11-29 00:09";"Anonymous";"did u set it for extra battery saving ? that what it sound like ";""
"6768";"72";"Galaxy Core LTE";"";"2014-11-25 04:24";"cute lady";"Is this fone a single sim card slot only?";""
"6769";"72";"Galaxy Core LTE";"";"2014-11-16 03:04";"";"I own the Samsung Galaxy Core SM-G386W. (note the "W" and not "F") Some notable changes:  Internal 16 GB, 1.5 GB RAM (instead of the listed 8Gb/1Gb RAM) CPU Quadcore 1.2Ghz and Android 4.4";""
"6770";"72";"Galaxy Core LTE";"";"2014-11-14 19:01";"Godfather";"Just got this phone a few weeks now No complaints everything works fine. Tv shows,movies etc. Im happy with my purchase.";""
"6771";"72";"Galaxy Core LTE";"";"2014-11-13 03:42";"md";"Disappointing. First one just died in week #2. Replacement still working...HOWEVER, I bought it for my son (14 yrs old) and paired with a plan with limited data, but had unlimited text and pics because that is predominantly what teens do these days. Turns out that, on this phone, you cannot sent text attachments or pics unless you enable data. You cannot send a text with an attachement on Wifi. I've never encountered this limitation on any other phone we've had in our family (and that is quite a few phones). It is not only inconvenient, but it really increases the chances of my son accidentally leaving data enabled and sucking data. This is a deal breaker for me, but we can't exchange the phone since we are now past the 15 day limit...sucks!";""
"6772";"72";"Galaxy Core LTE";"";"2014-11-11 08:06";"Anonymous";"no cases from otterbox or any others .";""
"6773";"72";"Galaxy Core LTE";"";"2014-11-10 22:58";"gorby";"Good phone doesn't, have notification light for text or email.";""
"6774";"72";"Galaxy Core LTE";"";"2014-11-08 20:50";"lovelaughlive";"This phone is amazing especially for the price. You are crazy to think otherwise ";""
"6775";"72";"Galaxy Core LTE";"";"2014-11-02 20:37";"John";"Great phone, no problems whatsoever after a month of use, I can play games for 5-6 hours until the battery discharges completely, and that with 75% brightness. The CPU is a little bit slower than most of nowadays phones' CPUs, but it does not disappoint.";""
"6776";"72";"Galaxy Core LTE";"";"2014-10-28 20:49";"roger";"it is a very good phone and its price is so reasonable.";""
"6777";"72";"Galaxy Core LTE";"";"2014-10-28 18:27";"Anonymous";"Hi guys plz let me know wether this phone is good or not??bz i gonna buy this mobile ";""
"6778";"72";"Galaxy Core LTE";"";"2014-10-21 19:03";"mur";"how to find that a processor?";""
"6779";"72";"Galaxy Core LTE";"";"2014-10-21 05:53";"anu";"yes it takes";""
"6780";"72";"Galaxy Core LTE";"";"2014-10-21 01:48";"foag";"It's 1.2 Ghz quad core probably cortex a53, not dual core.";""
"6781";"72";"Galaxy Core LTE";"";"2014-10-19 18:23";"";"The listing above has a radio but i do not see it in the menu on the phone itself.";""
"6782";"72";"Galaxy Core LTE";"";"2014-10-16 17:07";"Anonymous";"yes";""
"6783";"72";"Galaxy Core LTE";"";"2014-10-15 04:51";"Anonymous";"Does it take pictures front and back ?";""
"6784";"72";"Galaxy Core LTE";"";"2014-10-15 04:43";"Anonymous";"Does it take pictures front and back ?";""
"6785";"72";"Galaxy Core LTE";"";"2014-10-13 09:27";"Siva";"Update KiT KaT ..............";""
"6786";"72";"Galaxy Core LTE";"";"2014-10-11 20:48";"Anonymous";"super camera ";""
"6787";"72";"Galaxy Core LTE";"";"2014-10-06 13:25";"charles";"Update to Kitkat please?";""
"6788";"72";"Galaxy Core LTE";"";"2014-09-29 22:41";"someone";"chipset is Broadcom M320, which is not officially available anymore";""
"6789";"72";"Galaxy Core LTE";"";"2014-09-25 12:53";"DosBear";"I just bought the phone for 288.00 here in Canada and was about the best I could find without having to get into an expensive 2 year contract. So far I am happy with it but I have little experience with such technology so I am not the person to ask. ";""
"6790";"72";"Galaxy Core LTE";"";"2014-09-19 13:08";"rox";"Guyas please help me !  How about this phones' performance and why it doent have system chip ( I mean chipest)";""
"6791";"72";"Galaxy Core LTE";"";"2014-09-15 18:21";"Anonymous";"as per handset Samsung Galaxy Core LTE very nice and very hanve speed geting ...j.d.bishnoi";""
"6792";"72";"Galaxy Core LTE";"";"2014-08-30 08:44";"Ched";"Update to kitkat please? ";""
"6793";"72";"Galaxy Core LTE";"";"2014-08-26 16:23";"Somebody";"Well, it's actually can records for 720p, not saying that it's maximum is just 720p to play. Phone with this spec usually already able to play (not record) a video above 720p such as 1080p. Well, maybe something wrong with the video format, not the phone. ";""
"6794";"72";"Galaxy Core LTE";"";"2014-08-21 06:15";"shaki";"andriod 4.3 or 4.4 ";""
"6795";"72";"Galaxy Core LTE";"";"2014-08-18 10:21";"Anonymous";"Does samsung galaxy core lte have decrypt for an encrypted data???";""
"6796";"72";"Galaxy Core LTE";"";"2014-08-18 10:20";"Anonymous";"How can i remove or change the password from my cp.screen lock...i accidenataly used the security part then click encrypt from there i made my password..since it is irreversible does it mean the password will no longer be removed or changed???or will it harm my device?does this k";""
"6797";"72";"Galaxy Core LTE";"";"2014-08-16 12:31";"pig squill ";"Got dis phone two months ago..  And im really impressed with the 4G connection. . Regarding with the battery heating issue..seems so nice so far,when ur using mobile data it lasts 24 hours.. Well some of the high end phones out there needs to charged twice in a day.. Good for surfing";""
"6798";"72";"Galaxy Core LTE";"";"2014-08-14 12:37";"roshan";"the design of this phone is old. It looks like a cheap device. Feel it for yourself. Even the performance is not that spectacular. It is just normal. I dont know why samsung keep launching this kind of phones. Probably this might be the going-down era of samsung. Camera performs ok in outside but indoors its performance is not good.";""
"6799";"72";"Galaxy Core LTE";"";"2014-08-12 20:15";"Anonymous";"One of the best phoneS SO FAR";""
"6800";"72";"Galaxy Core LTE";"";"2014-08-12 04:47";"thrupti";"Hi, i bought this phone last months considering its specs. But after i bought it i realised that samsung has cheated its customers by launching this kind of products. Samsung says it can play HD videos(720p). BUT IT CANT PLAY HD VIDEOS. If you hope to buy this phone, please check that before buying. I was so desperate after buying this because there is no option in it to play HD Videos. It can only play high quality videos like galaxy core 3G version. Apart from that the design of the phone is also disappointing for me personally. The display is not made of a tough glass like that found on s2. The phone is not spectacular in performance. It is just mediocre. Not worth the price for according my knowledge. Personally i am very angry with samsung for launching models like this. It wasted my hard earned money. ";""
"6801";"72";"Galaxy Core LTE";"";"2014-08-08 03:08";"Anonymous";"Kitkat update? ";""
"6802";"72";"Galaxy Core LTE";"";"2014-08-06 06:25";"pandu";"ha yes its heating  ";""
"6803";"72";"Galaxy Core LTE";"";"2014-07-31 05:12";"paulomark";"Very good for battery life and browsing speed..";""
"6804";"72";"Galaxy Core LTE";"";"2014-07-27 11:08";"umesh b solanki";"veri nice ";""
"6805";"72";"Galaxy Core LTE";"";"2014-07-25 17:08";"saman";"A VERY GOOD PHONE. The camera Photos n videos are simply superb.";""
"6806";"72";"Galaxy Core LTE";"";"2014-07-24 17:11";"manu";"I bought this yesterday. Really disappointing. Video play back is very bad. It can only play HQ videos not HD videos. I repent over the money that I spent for this. I came from galaxy s2 plus. Now I want to go back for it. What a sin I have done to own this phone!!!";""
"6807";"72";"Galaxy Core LTE";"";"2014-07-23 10:05";"manu";"Battery life is excellent. Specially web browsing is amazing..";""
"6808";"72";"Galaxy Core LTE";"";"2014-07-22 19:50";"Zsolt";"Hi. I'd like to know how long is the battery life while internet surfing ? anyone know ? thank you";""
"6809";"72";"Galaxy Core LTE";"";"2014-07-22 12:20";"Anonymous";"single sim";""
"6810";"72";"Galaxy Core LTE";"";"2014-07-21 11:19";"manu";"only single SIM";""
"6811";"72";"Galaxy Core LTE";"";"2014-07-20 07:29";"ravi";"Iy has single sim or dual sim please reply ............ ";""
"6812";"72";"Galaxy Core LTE";"";"2014-07-15 15:12";"dhiraj katara";"NICE";""
"6813";"72";"Galaxy Core LTE";"";"2014-07-05 15:06";"Ronske";"I would like to know why all the reviews are so positive while the voting results are so damn low? Thanks!";""
"6814";"72";"Galaxy Core LTE";"";"2014-07-04 10:29";"swaraj";"hi... Is there a heating problem of this phone while using internet and playing games?";""
"6815";"72";"Galaxy Core LTE";"";"2014-07-03 11:30";"Dee";"I just got this phone like a week ago and it's very awesome. It's LTE capable so yeah that makes a lot of sense. Perfect for gamers and to those people who like fast data connection.";""
"6816";"72";"Galaxy Core LTE";"";"2014-07-02 04:33";"ajeesh sarangi";"dear john j 4g lte is running 2300 mhz in india in this phone 800 1800 2600 mhz frequency r available so these frequency r note available in india only 2300 mhz available airtel and relience geo";""
"6817";"72";"Galaxy Core LTE";"";"2014-06-26 06:30";"maneesha";"Is there a heating issues of this phone? or not?";""
"6818";"72";"Galaxy Core LTE";"";"2014-06-22 04:07";"Anonymous";"this is a cool phone with brand new feature";""
"6819";"72";"Galaxy Core LTE";"";"2014-06-03 14:14";"Einaronr";"In Iceland it is around 430 US dollars.";""
"6820";"72";"Galaxy Core LTE";"";"2014-06-02 11:41";"veeru";"performance........";""
"6821";"72";"Galaxy Core LTE";"";"2014-05-31 11:10";"PALLERLA";"when it is going to be launch......and what whould be the competitive price......";""
"6822";"72";"Galaxy Core LTE";"";"2014-05-22 13:20";"Abhi patel";"When it is coming to India...I mean can I know date of launching..";""
"6823";"72";"Galaxy Core LTE";"";"2014-05-18 17:27";"nitin misal";"Hi my name nitin the samsung verry soft usefule to brand ,,samsung core... my first dream is use my life core handste,.....    thaks..to prodused core handset devalaper";""
"6824";"72";"Galaxy Core LTE";"";"2014-05-15 06:35";"suni";"tell me samsung galaxy core LTE price in india. ";""
"6825";"72";"Galaxy Core LTE";"";"2014-05-09 00:33";"John J";"If this is category 4 LTE, would it operate on the lower categories? It did say if it operates on LTE 800,900 & LTE 1800.   pls enlighten us   thanks ";""
"6826";"72";"Galaxy Core LTE";"";"2014-05-08 08:57";"Prem ";"wowww its fabulous phone i wnt buy it";""
"6827";"72";"Galaxy Core LTE";"";"2014-05-04 07:06";"ramees";"ya ";""
"6828";"72";"Galaxy Core LTE";"";"2014-04-27 18:11";"juancho";"this phone is amazing, lov it";""
"6829";"72";"Galaxy Core LTE";"";"2014-04-24 18:24";"rajan";"it is really good phone i like it thanks to samsung";""
"6830";"72";"Galaxy Core LTE";"";"2014-04-22 15:43";"manu";"I have read on the internet that PLS screens are on par with amoled screens. So not big difference. Great I think.";""
"6831";"72";"Galaxy Core LTE";"";"2014-04-21 23:30";"prams ps";"just i love the options in it,thank u to samsunng ";""
"6832";"72";"Galaxy Core LTE";"";"2014-04-21 04:33";"Charles Ed";"I love this phone. Just bought it yesterday :)";""
"6833";"72";"Galaxy Core LTE";"";"2014-04-20 14:47";"";"galaxy grand neo is far better :(";""
"6834";"72";"Galaxy Core LTE";"";"2014-04-20 06:38";"";"This device has PLS display which is Samsung's equivalent of IPS. Can anyone tell me how it compares to IPS? Guess that it is much better than those TFT screens...";""
"6835";"72";"Galaxy Core LTE";"";"2014-04-19 11:32";"janie";"Does this phone have a front camera?";""
"6836";"72";"Galaxy Core LTE";"";"2014-04-19 09:58";"gorav sharma";"it may 12000 r .";""
"6837";"72";"Galaxy Core LTE";"";"2014-04-19 09:55";"gorav sharma";"it has not gpu . if it has a gpu ,i buy this smartphone";""
"6838";"72";"Galaxy Core LTE";"";"2014-04-16 02:27";"";"how can i know that is original or not?";""
"6839";"72";"Galaxy Core LTE";"";"2014-04-14 06:40";"khot";"when it will be in Qatar Market";""
"6840";"72";"Galaxy Core LTE";"";"2014-04-13 09:36";"Sujata";"How u Know what is orijinal or not";""
"6841";"72";"Galaxy Core LTE";"";"2014-04-11 19:34";"bitox ";"LTE 800 mhz, LTE 1800 mhz, & 2600 mhz are the frequency for LTE on Galaxy Core LTE. ";""
"6842";"72";"Galaxy Core LTE";"";"2014-04-11 05:16";"beaux";"Wat is the frequency of LTE for this phone???";""
"6843";"72";"Galaxy Core LTE";"";"2014-04-07 13:23";"manu";"How about the camera quality of this phone? ";""
"6844";"72";"Galaxy Core LTE";"";"2014-04-02 17:50";"SAMSUNGboy";"wow! affordable LTE phone..!!! i want this phone!!";""
"6845";"72";"Galaxy Core LTE";"";"2014-03-30 10:58";"Roby";"Can we watch full hd videos";""
"6846";"72";"Galaxy Core LTE";"";"2014-03-27 10:10";"";"Its CPU is Dual-core 1.2GHz so its fast no lagging!";""
"6847";"72";"Galaxy Core LTE";"";"2014-03-24 15:53";"Hunny";"Long Term Evolution";""
"6848";"72";"Galaxy Core LTE";"";"2014-03-24 06:37";"Anonymous";"lte is 4 g faster than 3 g";""
"6849";"72";"Galaxy Core LTE";"";"2014-03-23 19:44";"shajahan majestic";"what u mean lte give me answer  ";""
"6850";"72";"Galaxy Core LTE";"";"2014-03-23 19:43";"shajahan majestic";"what u mean lte hive me answer  ";""
"6851";"72";"Galaxy Core LTE";"";"2014-03-15 11:27";"happy ";"waiting.................";""
"6852";"72";"Galaxy Core LTE";"";"2014-03-15 06:23";"ravikant";"nice phon but this feture is very crictile  and looking good butram is not so speed full in 2g ";""
"6853";"72";"Galaxy Core LTE";"";"2014-03-13 15:32";"SAHIL";"wait until launch.";""
"6854";"72";"Galaxy Core LTE";"";"2014-03-10 18:41";"Anonymous";"Waiting....";""
"6855";"72";"Galaxy Core LTE";"";"2014-03-10 16:24";"Balakrishna";"Please please please let me knw, either it wl launch in india or not ? bcz am waiting to get this phone. any 1 tel info about it.";""
"6856";"72";"Galaxy Core LTE";"";"2014-03-10 03:57";"Robb";"Still better than an iPhone";""
"6857";"72";"Galaxy Core LTE";"";"2014-03-04 05:50";"shakir";"nice phone....";""
"6858";"72";"Galaxy Core LTE";"";"2014-03-03 21:52";"spider";"Low spec =low costs, High spec High costs. Core is lower middle class.";""
"6859";"72";"Galaxy Core LTE";"";"2014-03-03 19:42";"shishir ";"totally faul no hd display low camera mega pixel nd low level processor ";""
"6860";"72";"Galaxy Core LTE";"";"2014-02-25 16:14";"tapas ";"While the administrators and moderators of this site will attempt to remove or edit any generally objectionable material as quickly as possible, it is impossible to review every posting. Therefore you acknowledge that all posts made to these forums express the views and opinions of the author and not the administrators, moderators or webmaster (except for posts by these people) and hence will not be held liable";""
"6861";"72";"Galaxy Core LTE";"";"2014-02-25 14:00";"JIMSTER";"oh hell yeah!";""
"6862";"72";"Galaxy Core LTE";"";"2014-02-24 15:34";"";"1 GB Ram ";""
"6863";"72";"Galaxy Core LTE";"";"2014-02-24 12:50";"maras";"nice mobile";""
"6864";"72";"Galaxy Core LTE";"";"2014-02-24 10:39";"Bikash rai.";"Anything different in core lte accept internet. Will lte model lag some features that original galaxy core has?";""
"6865";"72";"Galaxy Core LTE";"";"2014-02-22 12:19";"THK";"Wait for this, or buy Ace 3 LTE? We don't know which processor will Core LTE have, and if it's Cortex A5 like in its predecessor, it won't be fun at all. Ace 3 LTE has 1.2 GHz dual-core Krait.";""
"6866";"72";"Galaxy Core LTE";"";"2014-02-22 12:06";"Rajib";"Samsung Galxy no1";""
"6867";"72";"Galaxy Core LTE";"";"2014-02-22 10:20";"dafu";"spec same with ace 3";""
"6868";"72";"Galaxy Core LTE";"";"2014-02-21 08:21";"";"Samsung phones are great!";""
"6869";"72";"Galaxy Core LTE";"";"2014-02-20 13:31";"guru";"it should be launched in black color also ";""
"6870";"72";"Galaxy Core LTE";"";"2014-02-20 04:10";"Anonymous";"Noticed they changed the back camera on this phone and the Star Trios to a circular design instead of the usual rounded square design. Wonder why that is.";""
"6871";"72";"Galaxy Core LTE";"";"2014-02-19 17:27";"Shanu";"Dule sim plz is not super";""
"6872";"72";"Galaxy Core LTE";"";"2014-02-19 15:32";"";"when it realeases in india";""
"6873";"72";"Galaxy Core LTE";"";"2014-02-19 02:08";"Anonymous";"This one is better.";""
"6874";"72";"Galaxy Core LTE";"";"2014-02-18 17:03";"gunjan";"I like because of LTE & specially for single sim support but it wont come to india. Market are flooded with dual sim in mid and entry segment.";""
"6875";"72";"Galaxy Core LTE";"";"2014-02-18 15:09";"Anonymous";"I am sure it wont be released in india.";""
"6876";"72";"Galaxy Core LTE";"";"2014-02-18 13:36";"Anonymous";"nice one from samsung with mid range specs..is this have back cover made of leather??";""
"6877";"72";"Galaxy Core LTE";"";"2014-02-18 13:31";"Anonymous";"which is its gpu and chipset info??";""
"6878";"72";"Galaxy Core LTE";"";"2014-02-18 13:23";"tutek";"Last week I bought galaxy core plus: Only HD video and 480x800pixels :(";""
"6879";"72";"Galaxy Core LTE";"";"2014-02-18 12:45";"pavan";"nice phone with good specifications. 4g is very intresting";""

