"620";"10";"Galaxy S5 Plus";"";"2015-01-20 17:06";"horgand";"I agree, not having an FM radio is/was a major omission.  I am a total android person but have to make the call between a Z3 which on paper is a better phone, but looks very 'consumery', and seems full of frustrating sony bloatware, and lacks the ease of use of the samsung for a business/power user and the S5 which looks like a great phone but lacks some specs of the Z3 and the fm radio on the z3. silly samsung, no wonder its been a tough year!";""
"621";"10";"Galaxy S5 Plus";"";"2015-01-16 23:54";"Anonymous";"galaxy core prime..";""
"622";"10";"Galaxy S5 Plus";"";"2015-01-15 22:31";"disgusted";"the phone is fantastic when it works. I am on my 3rd and trying to get out of the contract. The phone is cold sensitive, and has some sort of hardware problem that causes the screen to stay black. Nothing is more frustrating than listening to your phone ring, alert you of incoming messages and emails and even vibrate but the screen stays black. would not recommend to anyone.";""
"623";"10";"Galaxy S5 Plus";"";"2015-01-10 16:28";"";"Im trying to buy a samsungs branded smartphone best samsung smatphone my budget is 150 $ Any suggestion?";""
"624";"10";"Galaxy S5 Plus";"";"2015-01-09 19:07";"Anonymous";"How can this phone have the rated performance on this site at 50% when antutu benchmark gives him the score 51000+ which is on the top of the fastest android phones";""
"625";"10";"Galaxy S5 Plus";"";"2015-01-06 12:18";"nehu";"awsome phone";""
"626";"10";"Galaxy S5 Plus";"";"2015-01-04 14:18";"";"WOW! "not the representative of Android". serious indeed? where-in-the-world would you think is the position of Android right now, without the great, BIG push by Samsung through the Galaxy S, & Note series? If you sincerely forget, maybe because of memory loss due to your severe Obstructive Sleep-apnoea, I can certainly give you a great help on that, for I am a licensed-massage-therapist by profession, and may be able to administer sleep-management for your own good... but if you are not?, and just simply trying to act as-if you just forget, let me remind you, that Samsung, is already, and successfully existed way-before Google had been able to discover the Android robot in Japan, and bought it, then created a mobile-operating-system OUT-OF-IT!, and even before Steve Jobs was able to even think of then good iPhone, now iBend 6 Plus device!!!";""
"627";"10";"Galaxy S5 Plus";"";"2015-01-03 08:28";"";"it's not come closer but its overcome ahahhaha ";""
"628";"10";"Galaxy S5 Plus";"";"2015-01-01 11:35";"samsung rules";"and that is positive thing:-)";""
"629";"10";"Galaxy S5 Plus";"";"2014-12-31 22:34";"";"Samsung Galaxy S5 Plus is a nice phone. But Samsung corporation come quickly anew version on their phone . The new Upcomining Samsung galaxy Alpha has come a lots of feature. enjoy your best with samsung galaxy Alpha ";""
"630";"10";"Galaxy S5 Plus";"";"2014-12-29 14:31";"Tony";"Does not come closer to IPhone...at all!";""
"631";"10";"Galaxy S5 Plus";"";"2014-12-29 12:29";"Nitin ";"Which in year launched this mobile in Korea ";""
"632";"10";"Galaxy S5 Plus";"";"2014-12-29 04:17";"Anonymous";"Don't be fool, this isn't new... Its just 1 gb less memory version of S. Korean model of S5 of the past year. Its an old model.";""
"633";"10";"Galaxy S5 Plus";"";"2014-12-28 18:00";"Anonymous";"Radio must be built in";""
"634";"10";"Galaxy S5 Plus";"";"2014-12-28 12:11";"bitu";"why?";""
"635";"10";"Galaxy S5 Plus";"";"2014-12-28 00:14";"Anonymous";"the only reason a phone will accumulate dust is if you will buy one and put it in your basement for storage";""
"636";"10";"Galaxy S5 Plus";"";"2014-12-27 01:26";"mart777";"Won't buy single samsung (or another brand) phone without fm radio built in!";""
"637";"10";"Galaxy S5 Plus";"";"2014-12-15 00:44";"";"you do realize in 20 minutes you can take a ATT Galaxy S5 And make it just like a GPE Phone right? Bloatware has always been easy to remove to get it down to the bare minimum for more speed. well atleast if your educated and do research";""
"638";"10";"Galaxy S5 Plus";"";"2014-12-10 15:51";"gui";"Where i van buy this phone in US???";""
"639";"10";"Galaxy S5 Plus";"";"2014-12-10 06:01";"";"You are right bro , I hate it when people just lie about anything . he absolutely lying or he is retarded. Some one having commonsense can't buy seven phones by knowing that they will lag after sometime.";""
"640";"10";"Galaxy S5 Plus";"";"2014-12-09 17:04";"";"Hmmm";""
"641";"10";"Galaxy S5 Plus";"";"2014-12-09 17:03";"";"Another s5 type.. Boring";""
"642";"10";"Galaxy S5 Plus";"";"2014-12-08 14:57";"qav";"forgot about the GPU... Adreno 420 vs Adreno 330";""
"643";"10";"Galaxy S5 Plus";"";"2014-12-08 14:50";"qav";"Snapdragon 805 vs 801 Krait 450 vs Krait 400 Sony Exmor RS camera vs Samsung Isocell Lte Cat.6 vs Lte Cat.4  that's what came to mind for now. for me it's a smaller Note 4 without the screen and S-Pen...but the Korean model (906F) also have QHD screen and 3Gb RAM.";""
"644";"10";"Galaxy S5 Plus";"";"2014-12-07 22:18";"";"What is the difference between this and the s5, i expected at least a raise in the rams to 3gb instead of 2";""
"645";"10";"Galaxy S5 Plus";"";"2014-12-04 23:29";"afraaa";"totally agree . as owner of nexus devices for three year";""
"646";"10";"Galaxy S5 Plus";"";"2014-12-02 02:06";"Anonymous";"If you want an android phone . buy a Google phone. . Sony. HTC . Samsung . their extra skin and poisonous apps will never be perfect. ";""
"647";"10";"Galaxy S5 Plus";"";"2014-11-28 02:32";"";"Nice ph";""
"648";"10";"Galaxy S5 Plus";"";"2014-11-27 04:08";"haha";"Haha. . .funny guy, what r u trying to say ?? Even Samsung Devices With Snapdragon 810 will laggggg cause of Lagwise . . . So go And Buy a LG G3 or SoNY Z3 . .";""
"649";"10";"Galaxy S5 Plus";"";"2014-11-26 19:00";"Anonymous";"I'd love to buy it!";""
"650";"10";"Galaxy S5 Plus";"";"2014-11-26 18:56";"Anonymous";"It is one of S5+ update not only software wise but also hardware wise. Six months remaining for SG S6 very smart move by Samsung. I'd love to buy it please launched worldwide.";""
"651";"10";"Galaxy S5 Plus";"";"2014-11-26 14:19";"$$RED FOX$$";"so be winning";""
"652";"10";"Galaxy S5 Plus";"";"2014-11-26 11:50";"";"HTC newst phone appearance is an Xperia copycat appearance... ";""
"653";"10";"Galaxy S5 Plus";"";"2014-11-25 11:04";"";"So dissapointing for a galaxy s6...or is it s5+ ? Whatever....";""
"654";"10";"Galaxy S5 Plus";"";"2014-11-25 03:54";"Anonymous";"Looks like Apple will be taking Samsung to court yet again lol ";""
"655";"10";"Galaxy S5 Plus";"";"2014-11-25 01:34";"";"Samsung has seen a dramatic decrease of 5 millions in its galaxy s5 sells comparing to galaxy s4. While mobile phone selling trend is obviously upward, this statistic report shows that the plastic is not a trusted material and Samsung must devise a plan to choose another replacement or at least copy HTC newset phone appearance to not be so ugly.";""
"656";"10";"Galaxy S5 Plus";"";"2014-11-24 12:31";"Mike";"Also to note that my comment was reviewed firstly by a moderator and allowed!";""
"657";"10";"Galaxy S5 Plus";"";"2014-11-24 11:46";"Mike";"I do not believe that you went through 7 Samsung mobiles and complained about lag throughout them, You have to be (Retarded) stupid to spend over £500 on each of these phones. Just be honest you probably had only 1 - 2 of these or even none. You just jumped on the bandwagon to complain. Would you like to elaborate all problems that occurred while using these phones? And before you say I'm a fanboy no I'm not, I would be the same for any phone unless you can give enough reason to say so don't. Just to note I use a HTC One mobile (which I am going to change just not found one I like and I'm open to all) and an Apple iPad.";""
"658";"10";"Galaxy S5 Plus";"";"2014-11-23 09:57";"";"Never  HTC one m8 is super faster and very much more beautiful  Very better design and very better material use in m8  ";""
"659";"10";"Galaxy S5 Plus";"";"2014-11-23 09:21";"Anonymous";"No the "plus" in iphone means a phablet whereas here...";""
"660";"10";"Galaxy S5 Plus";"";"2014-11-22 19:12";"Anonymous";"Just like iphone. S version and plus.";""
"661";"10";"Galaxy S5 Plus";"";"2014-11-21 09:16";"Anonymous";"Snapdragon 805 instead of 801";""
"662";"10";"Galaxy S5 Plus";"";"2014-11-21 07:43";"Anonymous";"The S plus take more money from your pocket, but exactly the same phone.   The marketing team in Samsung said to boss: Sir, we have a new strategy to sell S5. Boss: How? Marketing Team: We rename S to S plus.";""
"663";"10";"Galaxy S5 Plus";"";"2014-11-20 19:33";"J";"No doubt iPhone will give a good experience however Samsung is not the representative of Android, Sony and HTC do very good Android phones that don't lag and slow down like Samsung do.";""
"664";"10";"Galaxy S5 Plus";"";"2014-11-20 16:32";"Xperion";"I wonder how you ended up collecting the whole bunch of S series =) I am an Xperia fan and I also have a set of its recent series =) I probably continue getting a lot of it coz I am not seeing the same problems you had hahaha.";""
"665";"10";"Galaxy S5 Plus";"";"2014-11-20 16:29";"Anonymous";"Whay is the diference betwin s5 and s5 plus , they are exactly alike";""
"666";"10";"Galaxy S5 Plus";"";"2014-11-20 14:48";"";"too expensive...";""
"667";"10";"Galaxy S5 Plus";"";"2014-11-20 13:29";"Anonymous";"I had s1 s2 s3 s4 s5 note 1 and note 2 .. And I found the same prob in all .. Firstly they have the same boring interface .. It gets slow after u use it for some days.. And gets heated :/ .. Automatically restarts . And then this month I finally I got an iphone 6 , for the first time I m using an apple device And I m very very satisfied .. Better apps , better camera , high privacy , good touch responsiveness , never lags , and an overall much better phone :)  And I am never switching back to a Samsung .";""
"668";"10";"Galaxy S5 Plus";"";"2014-11-16 23:13";"palon30";"Who doesn't want a high capacity in their smartphone? Only you it seems. Ultra power saving mode is great, but in real world applications, nobody would like to use that feature everyday or most of the time. Realize also that it is impractical to buy high end device like GS5 and only to put it in Ultra power saving mode all through out the day.  Even the inexpensive One Plus One smartphone got a little more battery capacity than ours. ";""
"669";"10";"Galaxy S5 Plus";"";"2014-11-16 22:05";"Eatingamandarin ";"Have had iPhones. Very dissatisfied with battery life. 100% leaving home. Fully drained by lunchtime; sometimes by 10:30.  Looking at new Samsung 5S options. 10 phones in our small business. ";""
"670";"10";"Galaxy S5 Plus";"";"2014-11-16 10:10";"Na'Vi Denda";"Dude, come to think about it, GS5 do not need 3000 mah battery beaceuse of the phone feature called "Ultra Power Saving Mode" well i mean it can hold the phone life batter up to 3 more days if it reaches about 10% . Well i guess there is some disadvantages about the "Ultra Power Saving Mode" like the apps are limited and what so ever, plus, this phone or the newly samsung galaxy S5 prime/plus has another battery . So, you'll have 2800 mah battery. So i guess upgrading the phone battery is not essensial to my opinion :) plus, there is a charging box free in the samsung galaxy prime that is super usefull xP and correction GSM Arena, Samsung Galaxy S5 Prime/Plus has 3gb of ram . Youre specs is wrong!!!";""
"671";"10";"Galaxy S5 Plus";"";"2014-11-16 09:27";"felicia";"Hi.. how good is it with this phone  ";""
"672";"10";"Galaxy S5 Plus";"";"2014-11-16 00:47";"palon30";"Why are some iphone owners here keeps on mocking the plastic body of smartphones? Look around and read more, not because your iphones are made of aluminum, it justifies it's high price. In fact, it cost no more than 230 US dollars to make an iphone and so your iphones are not made of gold materials. Iphone buyers not only buying the materials but more on the name of the product. There are too many Chinese metal clad smartphones that are so cheap which is many times less than the price of your very admired iphones. So the mocking phrase of "plastic body" no longer applies to a premium grade quality. Do you know why iphones are too expensive? It's because for a very reason that people keeps on buying them. If only the current iphone 6 are not selling well due to the competition from less pricey and big screened androids, they will re-think their pricing and marketting strategies. We can expect there will be plastic body iphone 6. Look at iphone 5C, it's plastic and less pricey with downgraded specs. Other people buys them coz they believe on their reliability and many buys them just because they would like to be thought living in high status. ";""
"673";"10";"Galaxy S5 Plus";"";"2014-11-16 00:09";"palon30";"Flagship phone with pathetic battery life at 2800maH. High specs with high price and very low battery capacity, something that Samsung is not paying attention at. Since the beggining of S1, they are equipping them with very low maH of battery, thus fast battery draining are the issues. Expect the S6 to be of the same thing like what I mentioned. I'm not gonna buy galaxy S series again, and that is for sure.";""
"674";"10";"Galaxy S5 Plus";"";"2014-11-14 19:27";"Anonymous";"Samsung didn't upgrade the screen, so it's safe to assume that the touch controller is the same. You can find touchlag measurement for many devices at lesnumeriques.com (french) or at digitalversus.com (english).";""
"675";"10";"Galaxy S5 Plus";"";"2014-11-12 23:08";"NewDude";"Guys , the price of between S5plus and S5 will have much difference ? or how much ? like 25 , 30 usd ? or more ? please answer if any one knows   waiting for this sexy phone +_+";""
"676";"10";"Galaxy S5 Plus";"";"2014-11-12 12:42";"Anonymous";"Lol. Even though it's made of plastic than metal, still it is more durable. Water and dust resistance is very handy. Look iphone 6 plus. Easy to bend when it put to tight jeans. Breakable too. S5 now got even faster. Air shuffle, smart stay, smart scroll, etc is a cool feautures. Iphone has none. S5 has a mem. Card slot, iphone has none. S5 is more affordable than iphone in SOME country. Like in my country (philippines) iphone 6 plus worth 100,000 pesos. S5 is only 35,000 pesos. See? S5 is more better than iphone pea brain";""
"677";"10";"Galaxy S5 Plus";"";"2014-11-11 18:05";"kanai lal";"after purchasing galaxy s4 i came to know that amoled is a fake word. The screen even do not match with any ordinary mobile from htc. i have lost my 38000 rupees in ruin. damn it. hate amoled. ";""
"678";"10";"Galaxy S5 Plus";"";"2014-11-10 17:14";"";"Funny.. You look like you know everything. Tell me what iphone copied? If iphone wasn't announce. Will there be a smartphone?";""
"679";"10";"Galaxy S5 Plus";"";"2014-11-10 17:07";"Wermach";"Iphone came first in 2007. Without it. There wouldn't be an android whose interface also copied from ios. Difference only between them is the dual menu screen from android. Samsung first copied on iphones design and interface. Don't comment if you don't know everthing.";""
"680";"10";"Galaxy S5 Plus";"";"2014-11-10 12:19";"Moolie";"Iphone is all about Looks, Samsung is all about Performance  personally i would rather have something that performs better.  Iphone copy everyone else but just uses fancy words to sell their products so it sound different. Plus its funny how iPhone have suddenly came out with a bigger phone they talk so much about making their phones better but they have been the same for years.";""
"681";"10";"Galaxy S5 Plus";"";"2014-11-09 17:29";"Anonymous";"Samsung is nothing but expensive smartphone and it gives a very small size under 10,000 and features are given in around 20 to 25,000";""
"682";"10";"Galaxy S5 Plus";"";"2014-11-09 13:05";"wwetharindu";"I phones are crap. Samsung is the king of the mobile world. deal with it! ";""
"683";"10";"Galaxy S5 Plus";"";"2014-11-08 23:21";"blueseaman";"Hey iphone is weak in battery plus locked in software not like samsung";""
"684";"10";"Galaxy S5 Plus";"";"2014-11-07 16:12";"Anonymous";"Of coursee iphone 6 is wayy faster than this plastic phone";""
"685";"10";"Galaxy S5 Plus";"";"2014-11-06 02:52";"mz";"gpu is also better adreno 330 vs adreno 430";""
"686";"10";"Galaxy S5 Plus";"";"2014-11-05 08:04";"Ken";"Why Samsung is feeling not well ....just that 801 vs 805 diff n the rest re actually the same!!!! in biz pt of view : nothing much better to do in personal pt of view: the next giant is going down!! ";""
"687";"10";"Galaxy S5 Plus";"";"2014-11-04 07:26";"";"htc one m8";""
"688";"10";"Galaxy S5 Plus";"";"2014-11-03 23:15";"girlie";"Hi guys.. did samsung galaxy s5 plus has a tracker? Can i track the msgs and call thru other phone? ";""
"689";"10";"Galaxy S5 Plus";"";"2014-11-03 19:07";"Musawir email: musa";"Samsung galaxy s5 plus was very intresting and very nice phone good battery backup good video and camera reselition and good processer   ";""
"690";"10";"Galaxy S5 Plus";"";"2014-11-03 14:11";"REAL";"Galaxy S5 Plus is better than iphone 6 for me: camera, battery, procesor, ram, density, ekran,";""
"691";"10";"Galaxy S5 Plus";"";"2014-11-02 13:36";"b.m.b.k";"Hey guys am having a doubt!! Which is better to buy iPhone 6 or Samsung galaxy s5 plus?? But so many of them say that iPhone 6 faster than Samsung galaxy s5 plus... Plz frds help which is better to buy?? Help me frds...";""
"692";"10";"Galaxy S5 Plus";"";"2014-11-01 14:58";"F01";"Has anyone anywhere in Europe managed to buy the European version of this phone SIM-Free yet?  ";""
"693";"10";"Galaxy S5 Plus";"";"2014-11-01 03:45";"Anonymous";"I like this phone but price not friendly :D";""
"694";"10";"Galaxy S5 Plus";"";"2014-10-31 12:42";"sudeera";"this is very wondaful phone";""
"695";"10";"Galaxy S5 Plus";"";"2014-10-30 10:42";"ano";"Go for GS5 Prime";""
"696";"10";"Galaxy S5 Plus";"";"2014-10-30 09:47";"shomain";"hi could some1 pls help, I need to know how to delete a contact from bbm on s5. txs";""
"697";"10";"Galaxy S5 Plus";"";"2014-10-29 18:15";"F01";"I think that a QHD screen is a negative not a positive. You can't tell the difference even with larger screens like the Note 3 vs the Note 4.  All QHD does is use up more RAM, slow the phone down and eat up battery life.  The Snapdragon 805 SoC has superior CPU, GPU and memory bandwidth compared to the 800 and 801 SoCs but look at the benchmarks of the Note 4 and South Korean LTE-A Galaxy S5 vs the regular Galaxy S5.  Look at comparisons of the Galaxy Note 3 vs the Note 4 when playing games. In the comparisons I've seen the Note 3 usually beats the Note 4 when it comes to rendering or at worst matches it (make sure both are using Snapdragon SoCs).";""
"698";"10";"Galaxy S5 Plus";"";"2014-10-29 17:24";"";"why this phone make me sad";""
"699";"10";"Galaxy S5 Plus";"";"2014-10-29 13:43";"";"Very disappointing, the change only S805.I think it would be perfect if it's fitted with 3gb ram,qhd screen and extended battery life";""
"700";"10";"Galaxy S5 Plus";"";"2014-10-29 00:56";"samsung rules";"Their profits fall because of overspending in marketing ";""
"701";"10";"Galaxy S5 Plus";"";"2014-10-28 21:45";"mico (n_n)";"hey! huys i hope samsung galaxy will upgrade to samsung universe as well hehehe";""
"702";"10";"Galaxy S5 Plus";"";"2014-10-27 15:14";"Anonymous";"Service Temporarily Unavailable ";""
"703";"10";"Galaxy S5 Plus";"";"2014-10-27 11:14";"F01";"I mentioned that one. What I didn't mention was that some of these phones come in both an Exynos and a Qualcomm version and I didn't mention the Active or Sport versions either.";""
"704";"10";"Galaxy S5 Plus";"";"2014-10-27 11:13";"whaterver";"When launching minus (-) version ? These mobile companies are very busy in making people fOOl.";""
"705";"10";"Galaxy S5 Plus";"";"2014-10-27 11:02";"Anonymous";"Yes. The spectrum of light used to control your TV you know. Or most other things for that matter.";""
"706";"10";"Galaxy S5 Plus";"";"2014-10-26 20:58";"Anonymous";"Plus";""
"707";"10";"Galaxy S5 Plus";"";"2014-10-25 18:55";"A.M.H";"Well its win win isn't it. If you were looking for an S5 now in the market. it will become cheaper now as this version is released and I think the battery life of this version will be better then normal S5.";""
"708";"10";"Galaxy S5 Plus";"";"2014-10-25 15:06";"tarek";"what about Galaxy S4 LTE-A :)";""
"709";"10";"Galaxy S5 Plus";"";"2014-10-25 00:22";"";"I m waiting when reles s5plus";""
"710";"10";"Galaxy S5 Plus";"";"2014-10-24 21:48";"";"thanks for the points you've mentioned, as you said there is also a version of S5 LTE-A G901F , so what's the point of making this ???!!! I don't know why all manufactures are doing same thing again and again and again... maybe they are sick lol  samsung: s5 then s5 lte-a and then equal twin s5 plus  sony: z2 then z3 just the same hardware and of course i didn't mention other of z series like z2 pro  HTC: htc m8 then m8 eye worse than m8 original it has no nfc!!!";""
"711";"10";"Galaxy S5 Plus";"";"2014-10-24 16:19";"Mijan";"Its a very vary nice phone";""
"712";"10";"Galaxy S5 Plus";"";"2014-10-24 12:57";"Chideraa";"Samsung phone makers don't know what they are doing.why repeating the same phone more and more.Samsung has no flagship phone ABC";""
"713";"10";"Galaxy S5 Plus";"";"2014-10-24 11:22";"adikinzor";"better processor and gpu isnt it obvious?";""
"714";"10";"Galaxy S5 Plus";"";"2014-10-23 21:23";"Anonymous";"It has Snapdragon 805";""
"715";"10";"Galaxy S5 Plus";"";"2014-10-23 17:46";"F01";"Wrong! This phone was released to provide an LTE Advanced device. Many operators in Europe are are now opening up their LTE-A networks for commercial use and this and the Galaxy Not 4 are the only phones in Europe that support LTE-A as far as I know.  This phone was also released in Singapore in August when they opened up an LTE-A network there.  However Samsung don't really have a clue about product releases or stock control. They should have released only one version of the S5 with this CPU / GPU once it became available in H2. Instead they released the standard phone with the 801 CPU, 2GB RAM and standard LTE, the Korean version with the 805 CPU, 3GB RAM, QHD screen and LTE-A and then this version with the 805 CPU, 2GB RAM, standard screen and LTE-A.  If they had to mange an external supply chain for most of the parts they would probably realise pretty quickly that they were doing it wrong.  No wonder they sell more phones but have falling profits.";""
"716";"10";"Galaxy S5 Plus";"";"2014-10-23 17:32";"Akthar";"what is the specification of this new version of galaxy s5 ?";""
"717";"10";"Galaxy S5 Plus";"";"2014-10-23 17:10";"Anonymous";"Released in order to salvage the embarrassment of the performance test it suffered against iphone 6. It is faster now";""
"718";"10";"Galaxy S5 Plus";"";"2014-10-23 13:50";"F01";"Does anyone have a release date for the unbranded version of this phone?  I know that it is available from a few carriers at the moment.";""
"719";"10";"Galaxy S5 Plus";"";"2014-10-23 01:43";"Anonymous";"You don't know Note class of samsung, QHD screen with aged, ancient SD805 processor. Not good enough for such hi-end device.  Note series are allways most powerfull samsung flagship phones, except Note 4... Already outperformed, can't fight anymore... So, its weak... Yeah WTF, but for samsung.  I don't know what the hell is going on with Samsung but I think they are dealing with some kind smugness syndrome, they thinking they are the best and what they doing is best too, however they just dreaming...  Nokia had same problem and see what happened?  They made most powerfull S5 for mainland and now they putting out crippled version for the rest of the world while asking about 600 euros...  Very soon you'll have cheaper SD805 devices on the market. So, again its not worth to buy it.";""
"720";"10";"Galaxy S5 Plus";"";"2014-10-22 21:34";"";"what does the name "plus" stand for?? its the same as S5";""
"721";"10";"Galaxy S5 Plus";"";"2014-10-22 16:32";"Khurram ";"It would be a good idea if it equipped with 3gb ram, 32 gb internal memory, 805 snapdragon & android lollipop. I would like to buy it at the very first day of its launch,but now i am happy with my current s5 sm-g900fd. ";""
"722";"10";"Galaxy S5 Plus";"";"2014-10-22 15:26";"";"Plus isn't adding anything new. I was expecting huge changes that will make great impacts on the S5 but non. Disappointed in Samsung Galaxy S5 plus";""
"723";"10";"Galaxy S5 Plus";"";"2014-10-22 15:03";"Sohrab";"Infrared???!";""
"724";"10";"Galaxy S5 Plus";"";"2014-10-22 13:43";"bling";"bru da s5 in not anwesome phone thats why they made an s5 plus";""
"725";"10";"Galaxy S5 Plus";"";"2014-10-22 12:57";"";"weak note4? wtf dude?";""
"726";"10";"Galaxy S5 Plus";"";"2014-10-22 12:54";"wuzup";"Hey...take it easy... Samsung will listen to you and they will put all of your criteria.... in a hundred combination of phones!";""
"727";"10";"Galaxy S5 Plus";"";"2014-10-22 11:43";"";"This phone is utter waste. By the time you bought it, S6 will be out in a month. ";""
"728";"10";"Galaxy S5 Plus";"";"2014-10-22 11:21";"kany";"Wtf smsung just boght a s5";""
"729";"10";"Galaxy S5 Plus";"";"2014-10-22 10:24";"";"it is interesting to see how adreno 420 performs with 1080p resolution..";""
"730";"10";"Galaxy S5 Plus";"";"2014-10-22 09:32";"Anonymous";"It is something plus but still worser than korean version, samsung considers world idiot who dont know what is what exactly.  Not worth to buy it. Samsung is falling down, Extreme expensive galaxy alpha, weak note 4 and this thing.  However sammy is smart, they will lower the price of current s5 and raise plus version, so everyone happy.  is that so?";""
"731";"10";"Galaxy S5 Plus";"";"2014-10-22 08:23";"Emerald";"Introducing new phones with little or no difference from the previously released one. It's a shame Sammy. ";""
"732";"10";"Galaxy S5 Plus";"";"2014-10-22 08:19";"";"Whats the point of introducing new S5 plus when they have outed note 4.Dont get it what they actually want?? Giving products with lil bit of changes and giving crap names like plus,neo,prime doesn't make any sense. ";""
"733";"10";"Galaxy S5 Plus";"";"2014-10-22 07:48";"Anonymous";"Samsung has used the word 'Plus' before - 'Samsung Galaxy S Plus'";""
"734";"10";"Galaxy S5 Plus";"";"2014-10-22 07:33";"";"Don't worry... probably next month, week or minute Samsung will release another Galaxy with that hardware.";""
"735";"10";"Galaxy S5 Plus";"";"2014-10-22 07:28";"";"This would be amazing and probably an instant buy for a note 2 user like myself. ";""
"736";"10";"Galaxy S5 Plus";"";"2014-10-22 06:49";"";"This could have been a great choice had they bumped up the ram to 3 GB, the internal memory to 32 GB and the battery to 3000mah. Well maybe I the next galaxy s phone. ";""
"737";"10";"Galaxy S5 Plus";"";"2014-10-22 06:41";"";"Basically an s5 with the newer chipset, which makes not much difference with benchmarks.";""
"738";"10";"Galaxy S5 Plus";"";"2014-10-22 06:37";"Anonymous";"You are right. It is the only reason I didn't buy S5. 3 GB ram is required. I really want to buy Z3 compact but again 2gb ram only.";""
"739";"10";"Galaxy S5 Plus";"";"2014-10-22 05:51";"Anonymous";"What's the difference? Really...?";""
"740";"10";"Galaxy S5 Plus";"";"2014-10-22 02:40";"alishr99";"now.... hope samsung release the new model of galaxy note too.... Samsung Galaxy Note 3 Snapdragon 805.... ";""
"741";"10";"Galaxy S5 Plus";"";"2014-10-21 23:58";"Abdulski";"This phone is awesome i'm going to buy it once released.";""
"742";"10";"Galaxy S5 Plus";"";"2014-10-21 23:30";"";"no android upgradeto lollipop";""
"743";"10";"Galaxy S5 Plus";"";"2014-10-21 23:19";"Anonymous";"Samsung should equip the s5 with 3gb ram instead of 805 SD  suppose to do that with regular s5";""
"744";"10";"Galaxy S5 Plus";"";"2014-10-21 21:58";"samo";"Apple gonna sue Samsung using Plus.";""
"745";"10";"Galaxy S5 Plus";"";"2014-10-21 21:32";"";"Nothing .. make this new samsung device better than lg g3 or z3 .. really samsung should think twice ";""
"746";"10";"Galaxy S5 Plus";"";"2014-10-21 21:01";"Anonymous";"i dont get,whats the difference..same as sgs5.. samsung just produce racks of plastic,n then distribute in waste eye balls.";""
"747";"10";"Galaxy S5 Plus";"";"2014-10-21 20:40";"";"samsung Makesmartphone every month... now is a new phone 5s plus... w.t.f.  i'm very satisfied with my Sony Xperia Z3. :)";""
"748";"10";"Galaxy S5 Plus";"";"2014-10-21 20:26";"Anonymous";"Compare to this Sony z3 is better";""
"749";"10";"Galaxy S5 Plus";"";"2014-10-21 20:21";"costi";"And where is the difference? ";""
"750";"10";"Galaxy S5 Plus";"";"2014-10-21 20:01";"Yummy and I ";"Guys cool down its a spec beast with 1080p to deliver more horse power under the hood. ";""
"751";"10";"Galaxy S5 Plus";"";"2014-10-21 19:44";"Anonymous";"The plastic is stainless.";""
"752";"10";"Galaxy S5 Plus";"";"2014-10-21 17:51";"samo";"Apple gonna sue Samsung using Plus.";""
"753";"10";"Galaxy S5 Plus";"";"2014-10-21 17:19";"";"What is new in it??? how long i will stay with this company only depends on Samsung. They should know what we expect !!! In this type of High end phone we need:- 1. Dual Sim 2. Sharp Camera 3. Radi 4. Long life Battery 5. stainless back and side. ";""
"754";"10";"Galaxy S5 Plus";"";"2014-10-21 17:03";"kinny";"if hav been "radio" all in one phone";""
"755";"10";"Galaxy S5 Plus";"";"2014-10-21 16:14";"if RS";"Rather than releasing truck of phone unloading why not Samsung wait for while & release a perfect phone   Just for minor changes they'll add specification rename it with plus neo    ";""
"756";"10";"Galaxy S5 Plus";"";"2014-10-21 15:49";"npk";"No Radio? i dont want this phone";""
"757";"10";"Galaxy S5 Plus";"";"2014-10-21 15:16";"posthc";"No LTE for north america ? no 700mhrz 1700 ? ";""
"758";"10";"Galaxy S5 Plus";"";"2014-10-21 15:11";"Anonymous";"s5 lte-a = s5 plus -_- well thats better then duplicated phone :D better to duplicate same model then 2 different model with same spec (Z2 - Z3 :D)";""
"759";"10";"Galaxy S5 Plus";"";"2014-10-21 15:10";"";"the best!!!";""
"760";"10";"Galaxy S5 Plus";"";"2014-10-21 15:06";"rondroid";"This is a Sony Z3 and My LG G3 killer. Wow!";""

