"580";"9";"Galaxy A3";"";"2015-01-19 13:39";"myname";"Its pretty good actually...nice battery life..no lag at all..no overheating..but a bit expensive..";""
"581";"9";"Galaxy A3";"";"2015-01-19 06:46";"Anonymous";"NICE";""
"582";"9";"Galaxy A3";"";"2015-01-18 08:55";"Ikkeh";"This phone already arrived with a5 on indonesia ........ But the weird thing is : Everything same with Grand prime but different screen and battery and body it cost 3.500.000 IDR around 290$ while a5 5.000.000 IDR or 416$   Well i hope this one doesn't have App not responding like GP and save more battery with smaller screen";""
"583";"9";"Galaxy A3";"";"2015-01-17 09:25";"vish";"Samsung a3, a5, grand prime, core prime all 4 are 1.2 ghz Snapdragon 410 chip mobile phones. But the pricing is vast different. Core prime 10000, 4.5 inch, 1 gb, 5mp, 8gb Grand Prime 15000, 5 inch, 1gb, 8mp, 8gb A3 23000 5 inch, metal body, 1gb, A5 25000. 5.5 inch meta body 2 gb And  Lenovo a6000 Same processor, 1gb, 8mp. 8gb @ 6999 Samsung has nothing new to offer but just loot on customers";""
"584";"9";"Galaxy A3";"";"2015-01-15 12:19";"Pantat";"Why A3 Duos cannot put in memory card?";""
"585";"9";"Galaxy A3";"";"2015-01-15 08:11";"apollo";"very high price";""
"586";"9";"Galaxy A3";"";"2015-01-13 14:04";"bolang";"too high, better lg g3 beat";""
"587";"9";"Galaxy A3";"";"2015-01-13 09:17";"ROCKRZZ";"battery attagable";""
"588";"9";"Galaxy A3";"";"2015-01-13 01:18";"";"very high price to this low specs ";""
"589";"9";"Galaxy A3";"";"2015-01-12 17:07";"Anonymous";"Very high price";""
"590";"9";"Galaxy A3";"";"2015-01-12 16:57";"Andy";"Does this phone A3 has USB OTG to connect a memory stick ?";""
"591";"9";"Galaxy A3";"";"2015-01-12 07:58";"marieken";"I don´t understand why Samsung is using "Non-removable Li-Ion 2300 mAh battery". The most people don´t like iPhone because of their non-removable battery, so when the battery shoulnd´t work any longer the need to repair the phone. It cost´s a lot more than buying battery and putting it in by yourself. Maybe a reason to not buy this phone? Let´s see how many people are going to buy this phone for this price... I mean it´s just a phone not an robot which does Everything? ^^";""
"592";"9";"Galaxy A3";"";"2015-01-11 19:56";"Stan";"I honestly think that it is a little overpriced, and I lost some interest after reading "non-removeable battery".";""
"593";"9";"Galaxy A3";"";"2015-01-10 11:38";"Sunny'07";"Oh my. Overpriced. This why Samsung make a loss in profit. ";""
"594";"9";"Galaxy A3";"";"2015-01-09 23:37";"sony xperia z";"250 e for this ? better to buy e5 sam price , same spec .. but bigerr and better screen  ";""
"595";"9";"Galaxy A3";"";"2015-01-09 22:27";"jo";"i think the price very high.hope samsung can adjust.";""
"596";"9";"Galaxy A3";"";"2015-01-09 22:25";"jo";"i think the price very high.hope samsung can adjust.";""
"597";"9";"Galaxy A3";"";"2015-01-09 17:42";"";"Personally yes i feel A3 and A5 prices are little high but there seems to be several factors people are overlooking. 1st - These are launch prices. When in the history of the world have launch prices reflected reality? Basicly these prices are indicators about the very maximum the given phones could ever retail for (+/- 5%).  Heres a small example of A3/A5 prices in countries it's already available (converted from local currency to Euros [exept Netherlands] for your reading convenience):  Taiwan: A3: 231 | A5: 307 Russia: A3: 251 | A5: 354 Netherlands: A3: 310 | A5: 410 USA: A3: 271 | A5: 337 India: A3: 271 | A5: 304   So as you can see the prices are nowhere near launch prices in most contries.  2nd aspect is build materials and size. These phones are meant to be super-slim and super-light while still packing adequate hardware. Im mean looks at the A3: 110g - you can almost forget it's there. Yes you wont be able to play the latest games at max settings or take superclear photos but that's not what these phones are for anyway.";""
"598";"9";"Galaxy A3";"";"2015-01-09 12:28";"Ksloo";"Hi, i need some advice before invest at this device ..Any 'hang' problem like most other samsung model ?? Better than prime or grand 2 ? Thanks ! ";""
"599";"9";"Galaxy A3";"";"2015-01-09 08:57";"sunil";"what about dual sim??????? mostly require.";""
"600";"9";"Galaxy A3";"";"2015-01-09 07:54";"";"m using it... m loving it......  excellent set........... battery easily passes 2 days with continuous net-on esp & random other usage....";""
"601";"9";"Galaxy A3";"";"2015-01-08 18:44";"Shashank";"Battery backup is very low...1900";""
"602";"9";"Galaxy A3";"";"2015-01-08 10:39";"";"A5 and A3 which good?";""
"603";"9";"Galaxy A3";"";"2015-01-08 08:32";"SANTHA";"good model compare apple 4s and htc 816g";""
"604";"9";"Galaxy A3";"";"2015-01-08 08:29";"SANTHAKUMAR";"this is not a failure model this price range worth model samsung first time launch full mettal body and nice desing";""
"605";"9";"Galaxy A3";"";"2015-01-07 06:05";"ab.com";"worthless grand 2 better than a3 ";""
"606";"9";"Galaxy A3";"";"2015-01-07 04:17";"Rana";"Its overpriced man......  It should be 14-16 k";""
"607";"9";"Galaxy A3";"";"2015-01-06 22:06";"Sammy Fan... ";"Great size, light and good photo quality. ";""
"608";"9";"Galaxy A3";"";"2015-01-06 18:24";"";"20thousand for this??? Oh my god.. samsung thinks indians are fools to buy their products .. Definite failure";""
"609";"9";"Galaxy A3";"";"2015-01-06 17:14";"IreMinMon";"If they made just a tiny bit more effort on the small things they could have really made a good phone. Like a 720p display, front facing stereo speakers and a detachable 2300mAh battery.";""
"610";"9";"Galaxy A3";"";"2015-01-04 15:15";"Pozz You";"Everything I really like it but the located sound I really don't like when it near the camera. It must be at the bellow like note 4. &#128542; ";""
"611";"9";"Galaxy A3";"";"2015-01-03 16:36";"";"When Samsung A3 come in Bangladesh?";""
"612";"9";"Galaxy A3";"";"2015-01-03 15:54";"Helal";"Have gorrila glass in sumsung A3 Mobile?";""
"613";"9";"Galaxy A3";"";"2015-01-03 05:59";"ltp";"grand prime :)";""
"614";"9";"Galaxy A3";"";"2015-01-01 19:33";"smj";"Any heating problems and what about previously reported connection issues in A3, A5 devices..";""
"615";"9";"Galaxy A3";"";"2015-01-01 10:50";"";"A3 or Grand Prime ??  Quick replies plz....";""
"616";"9";"Galaxy A3";"";"2014-12-31 04:58";"";"Asus zenfone 6 has 6 inch 720p display, 13 MP camera with Pixel Master technology, Intel processor and under $300 price tag. There are a lot of other Chinese smartphones that have better specs and even lower prices than the Asus. Samsung is stupid for selling this phone (and other phones) that expensive when they are having a lot of competition from a lot of good Chinese manufacturers that have cost a lot of profit loss for them lately.";""
"617";"9";"Galaxy A3";"";"2014-12-25 03:27";"rakesh";"if you want a sd slot then go with the other phone budy there are two options to have";""
"618";"9";"Galaxy A3";"";"2014-12-24 18:48";"Anonymous";"It's chances of getting gorilla glass is almost nothing , cause samsung doesn't equip low end phones with it for profits. ";""
"619";"9";"Galaxy A3";"";"2014-12-24 06:10";"khalil";"Is it having 1.5 GB of RAM because most websites other than gsmarena have mentioned 1 GB ";""

