"1742";"23";"Gear S";"";"2015-01-18 10:41";"Anonymous";"see LG watch phone  it is better than gear s also gear s expensive";""
"1743";"23";"Gear S";"";"2015-01-17 19:24";"zoki poki";"Does work with Samsung galaxy S5 mini?";""
"1744";"23";"Gear S";"";"2015-01-17 04:48";"Star Sailor";"why contact at my gear s always syncing contacts? i use my gear as standalone. not pair with other smartphone. any advice....";""
"1745";"23";"Gear S";"";"2015-01-13 19:19";"Anonymous";"I own a samsung galaxi 5 and a tablet samsung note with sim bis card. I am thinking to use the tablet only as wi fi and insert the sim bis into the gear S . Does the gear S work with WIFI properly ? and can you reply to whatsapp messages ?";""
"1746";"23";"Gear S";"";"2015-01-13 14:05";"ads";"Great watch/phone. Its comfortable to wear, lightweight, great volume and clarity, full of features and very handy to have, definitely worth every penny";""
"1747";"23";"Gear S";"";"2015-01-12 23:04";"";"Love it. I have had mine for 1 month now and enjoying the features of a wearable! I get over 2 days battery life but that is probably because I don't have a SIM card in it and only link it to my phone. Definitely worth considering if you are in the market.";""
"1748";"23";"Gear S";"";"2015-01-12 09:43";"Daniel";"Who writes these stats or reviews. I have the Samsung Gear S and I have to charge it daily. Where do you get the 96 hours of standby time from? Is that with the watch in the off mode?";""
"1749";"23";"Gear S";"";"2015-01-09 05:02";"yoyoyogi";"its just fab .samsung has created a small mobilephone.its so easy to carry and lightweight found it very handy nd useful";""
"1750";"23";"Gear S";"";"2015-01-08 22:16";"Anonymous";"The best smart watch in the market in early January 2015, bar none. Nothing comes even close to it. Having read / watched on YT enthusiastic professional reviews and seeing/touching/playing with it at Best Buy I cannot be more excited about the future of this category and what the Koreans are doing right now! The manufacturer is pushing the envelope and is bringing us an exciting technological experience. Gear S will allow me to leave my next expensive phone in a car or at home and have Gear S with me all the time. It is a thing of beauty. Apple will have a big problem if they do not match if for what it is - a standalone device (a smart phone in its own right). Samsung should not lock this device though to the selected Samsung phones only, but make it available to any one, an iPhone, any Android and yes, the new crop of BlackBerry Passport/Classic ones as well. The UI is very good, the gesture based interaction - excellent. There is so much to love about this smart-watch-phone...  What I did not like: the lack of camera - yes, I want one. An unnecessary step back from their previous offerings. Also, give me the best snapper, while we are at it - at least a 3MP one or even more if you can There is a place there up front above the screen. Even if I do not use one often, except for Skype or Viber I want the full Dick Tracey experience :-). Also a 4 GB sealed-in memory is not enough. Give me the external slot for at lest 16 GB microSD card (as I have read a competitor already has, so it is possible) or go all the way up to the current limit of 128 GB, if you can. Why not? Pull out all the stops. Give me a better processor - the baddest one you can shoehorn in there. Be different and bold and you will sell tens of millions of copies establishing yourself as an undisputed technological leader in the smart watch arena. Also FB, Viber, Skype are must have apps for me. I hope developers will join the Tizen bandwagon, as Samsung is opening to us the totally new experience and possibilities. I would love to snap this one, as all my cons are not a deal breaker, but I think Samsung can do better, and I do not want to give them a pass yet, so that they stay focused on giving us the best the money can buy. Keep trowing at the wall and I shall stick with your next improved version.";""
"1751";"23";"Gear S";"";"2015-01-08 17:13";"Maximillian";"Without straPParts - Samsung Gear S - just a device for freaks and sportsmans";""
"1752";"23";"Gear S";"";"2015-01-08 12:01";"pinky";"How to remove the charging dock from the gear..anyone please tell me pls ";""
"1753";"23";"Gear S";"";"2015-01-07 15:01";"Samsung Engineer";"yes it will";""
"1754";"23";"Gear S";"";"2015-01-06 21:40";"masood";"please tell me it can connect to the samsung bluthoth hedphones as well ??";""
"1755";"23";"Gear S";"";"2015-01-06 05:27";"Star Sailor";"yes. can pair with S3";""
"1756";"23";"Gear S";"";"2015-01-05 15:59";"moni";"please tell me it can connect to the samsung S3 mobile phones as well ??";""
"1757";"23";"Gear S";"";"2015-01-05 05:27";"Star Sailor";"why contact at my gear s always syncing contacts? i use my gear as standalone. not pair with other smartphone. any advice";""
"1758";"23";"Gear S";"";"2015-01-05 02:37";"TJ Reymar";"It was said hat it can be paired only to a Samsung Smartphone, so it can be paired up to a smartphone lower than 4.3 OS? or it must be 4.3 higher.  Thank you for your response :D";""
"1759";"23";"Gear S";"";"2015-01-03 00:20";"I'm ross ";"I have the new s gear watch I also have data plan with my watch tmobile but utube. Freezes won't work but Internet everything else works perfectly any solutions? ";""
"1760";"23";"Gear S";"";"2015-01-02 15:14";"Anonymous";"yes. in the Bluetooth setting s in the watch, you pair it to a headset just like you would pair with any other phone. set the headset to discoverable and scan with the watch. my headset is paired with and connected to my s5 and my gear s all the time. ";""
"1761";"23";"Gear S";"";"2014-12-31 09:10";"Faruk";"Can a Bluetooth Headset and a Note4 simultaneously be connected to Gear S and used to receive calls from Gear S either diverted from Note 4 or received on Gear S own network?";""
"1762";"23";"Gear S";"";"2014-12-30 16:51";"Anonymous";"Of Course, it can work without connecting to a phone. I am using my gear thus alone";""
"1763";"23";"Gear S";"";"2014-12-29 10:22";"";"I have it for a month now....I love the watch... No complain....Very responsive and fast...Speaker in close area brilliant. The screen is unmatched...I am a moderate user and the battery is good for me between 2.5 to 3 days easily (I use mostly for notification, checking the news, and answering some SMS). There is a 3rd party application that allow you to answer WhatsApp messages.";""
"1764";"23";"Gear S";"";"2014-12-28 19:51";"question";"Can it work without connecting to a phone? Please answer. Thank you";""
"1765";"23";"Gear S";"";"2014-12-27 09:13";"dlucio75";"Pros :  Curved screen Good quality sound for talking and listening to music Size of screen Doesn't lag Changeable sturdy bands Don't need sim card to talk as long you have  Phone near you ( connects with Bluetooth) no need to add number and pay an extra $10 for att  Apps are good Easy to install Can send text messages Can respond through emails  Physical home button Nice picture quality for a watch on web Love the "sleep" records the movement while I sleep Love "heart rate" Can.inport own pics for wallpaper Can import music from phone On screen keyboard Love the dialer ( just like phone)  Cons: Battery life is terrible.last less.than a day for me Navigation doesn't work with driving a vehicle ( maybe safety issues?)  can't convert album covers to gear s from phone and phone has it MILK app can only hear through phone and not through gear s can't respond though Facebook , only can view notifications Can only have 5 screens  Over all,I love it! I know it just came out last month.minor issues for me.oh I didn't need a camera .im sure quality will.be.low .already have high quality on my galaxy s5 active  Great job samsung !!!! :-)";""
"1766";"23";"Gear S";"";"2014-12-24 19:52";"wwwqq";"best watchface for runners is Xen Zu Watch hertrate monitor distance calories amazing";""
"1767";"23";"Gear S";"";"2014-12-24 03:51";"Taki";"actually i consider the absence of camera is major dis advantage, ";""
"1768";"23";"Gear S";"";"2014-12-22 06:56";"Pelayar Bintang";"my 1st experience use galaxy gear s it very2 cool. ";""
"1769";"23";"Gear S";"";"2014-12-22 01:36";"jaspa";"I love it, best part its a phone so when i go out everyone ask me about it, i feel like a Samsung sales rep when i pitch all the great features. ";""
"1770";"23";"Gear S";"";"2014-12-21 18:50";"mr. bubbles ";"wifi? ";""
"1771";"23";"Gear S";"";"2014-12-19 23:15";"";"Yes it can.. But not all the features do .. Watch you tube for more details.. Regards";""
"1772";"23";"Gear S";"";"2014-12-19 01:14";"";"Can it work with out the phone";""
"1773";"23";"Gear S";"";"2014-12-18 16:00";"atef";"Gps is hard to locate the watch. You need to pair it with certain phone. It cannot pair to note 10.1 2014 edition. You cannot hear from the microphone in low noisy condition. You cannot edit the phone contact list. You cannot reply to email from gear. To receive email or not still the gear need to be connected with the paired telephone..... not totally independent. ";""
"1774";"23";"Gear S";"";"2014-12-16 11:16";"soomjmn";"now video player app avilable and pdf viewer on this watch && root works too";""
"1775";"23";"Gear S";"";"2014-12-14 21:51";"Anthony ";"The best, i owned it already. 16k. Gear s amazing and fantastic ";""
"1776";"23";"Gear S";"";"2014-12-14 03:07";"Gear S- Galaxy Note3";"Just to update you. With the Gear S you can make and receive calls and messages alone or sync with your phone. You get a separate # for calls and messaging.  ";""
"1777";"23";"Gear S";"";"2014-12-12 15:53";"selmore";"I puchased this a little skeptical about all of it. It seemed like a good idea at first but then as I got into it the only way I can use it while driving was the call feature. I'm a guy so my fingers are too big for the screen, but if you're in a meeting and you need to shoot off a quick text but you don't want to pull out (at least for me) a huge phone(galaxy note 4). OOverall this is an excellent phone supporter";""
"1778";"23";"Gear S";"";"2014-12-11 19:16";"shantanu";"comfortable or no";""
"1779";"23";"Gear S";"";"2014-12-11 04:49";"";"Not worth the money. Screen is hard to activate because touch screen is not very responsive. I have to tie a rubber band around charger to hold to watch will charging. Also get a constant sim card error. Forget calling samsung after holding for one and a half hours I gave up. Who wants a product from a company that does not want to address issues?";""
"1780";"23";"Gear S";"";"2014-12-09 08:58";"Anonymous";"and you canot have your own contacts";""
"1781";"23";"Gear S";"";"2014-12-09 08:57";"Anonymous";"it dose not ";""
"1782";"23";"Gear S";"";"2014-12-07 01:25";"";"Now Sony has made its watch with ability of answering call and messaging independently from phone. Gear's users always must bring their phones to be able to call or message";""
"1783";"23";"Gear S";"";"2014-12-05 13:20";"Lan";"What phone support gear s.tell what model.tq";""
"1784";"23";"Gear S";"";"2014-12-04 17:05";"ewwio";"for best battery life enable powersaving mode in settings";""
"1785";"23";"Gear S";"";"2014-12-04 07:12";"";"If you use it with Bluetooth, it last a lot longer.";""
"1786";"23";"Gear S";"";"2014-12-04 07:11";"";"If you're within Bluetooth range, it works like the Gear & Gear 2, utilizing your phone's Cellular connection to make phone calls, but if you leave your phone in the car or at home, when you make a phone call, yes the caller ID to the other person ends up on your new number... Not sure if that can be changed or not.";""
"1787";"23";"Gear S";"";"2014-12-04 07:01";"nikks";"Pls help.. im so interested on buying one of this gear s but does anybody knows if it scratch proof pls reply ty!";""
"1788";"23";"Gear S";"";"2014-12-03 16:30";"Anonymous";"bought it a week ago with note 4 its awesome the only problem is battery doesnt last long but it has a little battery backup its great";""
"1789";"23";"Gear S";"";"2014-12-02 18:46";"Not an iSheep";"I got the Gear S to test. First thing I found out is that it will NOT work with my SM-P905 tablet (international model) so will probably go back to my Gear 2. For testing I went ahead and got the cheapest 'phone' that would work which turned out to be the S3 mini. I love the Gar S but also love my tablet 'phone' & it wins.  If Samsung reads this, FIX IT to work with tablet phones and not just the Note 4 which really in;t a usable tablet.";""
"1790";"23";"Gear S";"";"2014-12-01 23:11";"Anonymous";"This is a standalone smart watch. It depends which network you purchase it on. You can purchase it outright and get it on its own phone and data plan. I have worked for 2 of the major cellular phone companies and worked directly for Samsung. I was involved with the Samsung Gear S during its development. The issues that people are talking about concerning whether the smart watch is standalone or not is more about the marketing of the carrier. Samsung suggests which Samsung phones and recommended devices it can be paired with as an accessory and it can offer more functionality. If you choose to pair it with one of these phones you don't have to pay the stand alone charge for the separate data plan. Reality check, Keep in mind the carriers are out to make money so that is how they are positioning and marketing it. If you buy one outright it is already set up to function on any of the main cellular carriers and they have already set up data plans for them. If they promoted them to work as standalones they would loose a major opportunity. ";""
"1791";"23";"Gear S";"";"2014-12-01 17:21";"Tavo";"Where can I find this on Guatemala? Please do not delete my question.";""
"1792";"23";"Gear S";"";"2014-12-01 14:55";"gomesswe";"New smart watch on maket: Weloop Tommy. 21 days on single charge amazing. Simple watch with nofications monochromatic display . best battery life on market ";""
"1793";"23";"Gear S";"";"2014-12-01 07:11";"Mike";"There needs to be custom ringtones and Notifications sounds. The one and only complaint I have. I have a few days left before I need to return it and this is a big issue for me. I will more than likely return it just because of this. ";""
"1794";"23";"Gear S";"";"2014-12-01 05:53";"Anonymous";"too*";""
"1795";"23";"Gear S";"";"2014-11-26 04:18";"";"I charged the Gear S 2 nights ago so I am almost on day 2, about 37 hours now with moderate use, notifications for Messages and phone forwarding on. Have used the mobile radio on and off but not for extended times. Played with it on and off and am still at 22%. Also have the wake up motion enabled. Id say the battery life is about that of a smart phone. Wish it was a week but its not. Really like the Gear S, dont really need it as I have a smart phone but it a cool tech watch.";""
"1796";"23";"Gear S";"";"2014-11-25 16:51";"wuiioo";"for better battery life diable display wake up gesture , gps go to 2g not 3g enable auto on/off gsm when paired with phone via bt  but most inportant disable motion diplay wake up gesture";""
"1797";"23";"Gear S";"";"2014-11-25 16:13";"dukhhgh";"This watch is to smart for some people...";""
"1798";"23";"Gear S";"";"2014-11-25 05:40";"atef";"1. It is not pairing with Note 10.1 2014 edition even it is written in Samsung and many web sites that the Galaxy Gear is currently compatible with devices running 4.3 or higher.  2.I cannot send and receive any Emails and other notification as standalone devices. The gear has to be connected with a compatible device via Bluetooth to use this function.  3.I cannot delete any application which installed on the gear without reset the device to the factory setting.  4.I cannot save or delete or edit the phone contact list. 5.The speaker is very low. 6.The GPS is not function properly ";""
"1799";"23";"Gear S";"";"2014-11-25 04:48";"ugagrad";"I too have had battery problems. Battery died in less than 1.5 hours when I used the Nike plus run application. I exchanged the watch and got a similar result. ";""
"1800";"23";"Gear S";"";"2014-11-24 20:18";"";"Someone said "I hv bought this gear s, within 1 week use i hv a few minor scratches... so sad... no gorilla glass or saphire glass protection... poor UI, not very responsive n lack of sensitivity and also occasional stutter lag... high price, very nice design but very poor hardware..."  I too have had it for a week, the battery life is about like any other phone, 1 to 1.5 days depending on how its used. It will last at least a full day if using bluetooth for the most part like me. If using its sim Radio then probably a lot less. As far as the toughness, its like a dress watch, you dont get rough with it, you try to take care of it. As for stutter etc, I havent noticed any issues. The screen scratches, I put a bad azz screen cover on it just like I did with my phone so not too worried. Its a nice piece of hardware. ";""
"1801";"23";"Gear S";"";"2014-11-24 04:58";"areUkiddingme";"you obviously do not own a gear s, because you dont even know what you are talking about, i would suggests first purchase the device,use it, then make your comment, otherwise,you are just a jackass with nothing to do, play with your thing instead of the keyboard who knows what would come out of it????";""
"1802";"23";"Gear S";"";"2014-11-24 02:41";"";"I have had my Gear S for a couple of days now and love the thing. My only complaints are the lack of voice to text when messaging and the battery life. The swipe does work well when using the keyboard but cmon it has s voice.  If you leave it in network always on mode or make lots of calls/text the battery is chewed in no time ~3-4hrs";""
"1803";"23";"Gear S";"";"2014-11-23 23:41";"Shak";"It will be seperate numbers. Two sims, means two numbers. Thought your Phone will be the primary number if linked togather. ";""
"1804";"23";"Gear S";"";"2014-11-23 17:19";"Nikki";"That would be different";""
"1805";"23";"Gear S";"";"2014-11-22 05:49";"";"Kindly need your reply in my question, must the both numbers in smart watch and mobile device will be same or different ? and if the answer is different, if i receive a call to the smart watch, can i by forward the call to mobile device, if i did not connect the smart watch to the device , thanks";""
"1806";"23";"Gear S";"";"2014-11-21 11:33";"Anonymous";"Please share more using experience  Battery life  GPS Sports apps ";""
"1807";"23";"Gear S";"";"2014-11-21 04:30";"Anonymous";"Absolutely and get music without it(Milk)";""
"1808";"23";"Gear S";"";"2014-11-20 18:41";"Than";"Hello. Could you please share with me any experience regarding battery. Really I like it, but I am not sure with battery when using phone function. Thanks";""
"1809";"23";"Gear S";"";"2014-11-20 15:11";"battery ";"my battery died out in 3 h wtf.. any one else have this problem?i was using it like a monbile whit the sim  ";""
"1810";"23";"Gear S";"";"2014-11-20 13:41";"Anonymous";"You can download app named notifications for gear then u can reply to whatsapp ";""
"1811";"23";"Gear S";"";"2014-11-19 18:26";"janiky asante";"you cannot reply to whatsapp i wish that was possible you can only view it on the watch and it has an option to dismiss notification or to view on the actual phone but no way to reply to whatsapp notifications on the geaR.... I HAVE BEEN USING THE WATCH extensively for a week and 1 day now ";""
"1812";"23";"Gear S";"";"2014-11-19 18:25";"janiky asante";"It is not quite clear that it has gorilla glass but i am not too sure.... it is however DUST resistant and WATER resistant.....dont get confused for water proof...... water resistant means it can be dropped in still water for no more then 30 minutes and the water has to be less then 3 meters deep.... but if u put the water in running fast water or under running water in the sing or take it below 3 meters it will mess up the watch....";""
"1813";"23";"Gear S";"";"2014-11-19 18:22";"janiky asante";"without being connected to the phone by BLUETOOTH it will switch to NETWORK connection REMOTELY.... but you have to turn on call fowarding from the phone and device before you leave it behind or it will not receive incomming calls from the phone...it will be a STANDALONE device... the watch ahs a simcard and has its OWN NUMBER...so if u dont connect remotely and or by bluetooth to the watch it will use its own number and that means it has its own data and talk plan";""
"1814";"23";"Gear S";"";"2014-11-18 23:06";"";"The watch does operate standalone it has both hspa+ and wifi to connect to data/phone services. It also pairs up with any Samsung phone operating on android 4.3 and later. Which means I can be in California my Note can be in Texas and I receive all my messages notifications phone calls just as if the phone was in my hand. The watch can be connected to wireless bluetooth headset for those that feel silly talking to a watch. It has a web browser so it can do all mobile sites (facebook,twitter,amazon, google) the only thing I think its missing is youtube and video player. other than that this is a perfect smart watch, The screen is amazing and it has a fully functional swipe enabled keyboard with great auto correction.";""
"1815";"23";"Gear S";"";"2014-11-18 19:47";"Anonymous";"Will the Samsung Gear S make and receive calls without being pair to a smartphone? Please answer this question.";""
"1816";"23";"Gear S";"";"2014-11-18 07:26";"";"I hv bought this gear s, within 1 week use i hv a few minor scratches... so sad... no gorilla glass or saphire glass protection... poor UI, not very responsive n lack of sensitivity and also occasional stutter lag... high price, very nice design but very poor hardware...";""
"1817";"23";"Gear S";"";"2014-11-17 10:16";"Super Ali";"Hi..plz let me know if this watch is cased with Gorilla glass, also is it water resistant?, Got this watch last nite but not very pleased with it, watch based technology has a long way to go..";""
"1818";"23";"Gear S";"";"2014-11-16 11:25";"";"Which are the right apps do you suggest to download? Thanks! ";""
"1819";"23";"Gear S";"";"2014-11-16 11:18";"fabiuzz";"Really ?!?";""
"1820";"23";"Gear S";"";"2014-11-16 06:41";"stinging bee";"does this device allow wats app reply or it just pops up notification can wer just type wats app reply init ";""
"1821";"23";"Gear S";"";"2014-11-15 21:03";"lkklladsd";"with opera mini browser works facebook and twitter on this watch ";""
"1822";"23";"Gear S";"";"2014-11-15 20:41";"sjjdhss";"manual to activate watach without phone : press on liltle watch 25-30 time on new scren press and hold about 5 seconds redy watch can now wark without phone on its own sim card.";""
"1823";"23";"Gear S";"";"2014-11-15 09:51";"watch man";"you entered the watch world...  but no info about strap length? how we would know would this fit for small, medium, Large or XXL size wrists? so wouldn't be good to provide info regarding this issue.";""
"1824";"23";"Gear S";"";"2014-11-14 12:07";"si%&q@";"@gear s rooted !!!";""
"1825";"23";"Gear S";"";"2014-11-14 06:57";"Jess";"I actually work for T-Mobile and it is a stand alone device. ";""
"1826";"23";"Gear S";"";"2014-11-13 22:58";"Aztro";"I picked this up from verizon today. It is $5 per month. I carry 2 phones one personal and one work. I was able to take note (Work) as main number and put personal number in watch. When away from note example leave in truck while in store and it receives a call After 3 rings it forwards to watch. Watch is stand alone with personal number. I now can carry one phone :)";""
"1827";"23";"Gear S";"";"2014-11-13 18:11";"Ju Rod";"Yes it works on android phones but not on note 10.1";""
"1828";"23";"Gear S";"";"2014-11-13 17:18";"techguy";"Not true.. Just turn off the Bluetooth connection to your phone. You can use it as a stand alone device. That is why they give you a phone number when you activate it. Under settings go to the call menu and switch turn off Bluetooth then it should start working. I tried this as soon as I activated my gear s. It made the call without pairing to my s4. I also noticed that as long as you have a samsung device to do the initial setup, you can actually turn off the call forwarding that phone and set up call forwarding on any other phone to go to your gear s. I have a s4 with work phone but my personal is a LG G3.";""
"1829";"23";"Gear S";"";"2014-11-13 16:32";"happygolucky";"Well I just purchased mine on a see rate plan with tmobil. It's 15 bucks a month unlimited everything. So as far as them saying it's not a stand alone device, I'm not sure as mine is set up as such.";""
"1830";"23";"Gear S";"";"2014-11-13 10:41";"aaasddd";"clecer move gear s i truly firs tizen smartfon and 300mha battery and this posibilites thats good sighn";""
"1831";"23";"Gear S";"";"2014-11-13 04:09";"shj111111";"Facer for android watches it seem that i cant download this app for tizen watch/ any similar app for facer";""
"1832";"23";"Gear S";"";"2014-11-13 00:50";"Mota";"Do PDF and Word files work or can be read on samsung gear s?";""
"1833";"23";"Gear S";"";"2014-11-12 23:24";"";"I completely agree. I have the Note 4 and just picked up the Gear S and the two work perfect together. There is so much packed into the G. Obviously is doesn't do everything and people are going to have their complaints but to be able to basically leave my phone at home when I run out for a bit or even if I forget it and the G stands in perfectly for that amount of time. Calls, Texts, Emails, Notifications, News, and if you set it up right and download the right apps you can do pretty much everything from the watch. The Note 4 is also a great device. Being so big however the G is a nice change of pace. Finally people talk about the looks. Its a space age looking 2 inch beautiful screen that I get looks all the time and people are amazed. Very happy with my purchases";""
"1834";"23";"Gear S";"";"2014-11-12 22:09";"";"I have the Samsung Gear S since last week and I am thoroughly impressed. It does everything as advertised and does them well. Amazing piece of electronics. Screen is crystal clear, layout easily learned and very useful. Size was concerning at first but it's very comfortable. My wife who generally is not technical even commented favorably. After using now for a week and seeing all this smart watch can do, I would defiantly recommend to anyone considering a smart watch, especially if you want a backup when you forget your phone. I am using in conjunction with the Note 4, also totally impressive";""
"1835";"23";"Gear S";"";"2014-11-12 18:56";"Billy UK";"Loving my Gear S - its light, comfortable wear and the screen looks stunning. It uses bluetooth to connect to your samsung phone, will then use Wifi as an alternative connection - when neither of these are available, it will auto switch to 3G. Calls are clear to hear, texting is simple (even with the minuscule keypad). Photo gallery is easy to upload, MP3s are easily transferred via the Gear App etc. It doesn't seem to like FB notifications, but works ok with whatsapp, snapchat, gmail etc";""
"1836";"23";"Gear S";"";"2014-11-12 18:53";"wdeaws";"Very nice device example for deaf people.";""
"1837";"23";"Gear S";"";"2014-11-12 14:32";"Android Man";"yes it has its own sim card slot. so you dont need a smartphone to be connected to make calls or texts.";""
"1838";"23";"Gear S";"";"2014-11-12 10:13";"Anonymous";"400 Euro?  wow!  this ugly thing is more expensive than Samsung Galaxy Note 3 Neo (320 Euro).  better get yourself Samsung Galaxy Note 3 Neo, it is more capable and has more funtions than this smartwatch ";""
"1839";"23";"Gear S";"";"2014-11-12 07:53";"Ayush";"can we use it without connecting a device.,.,";""
"1840";"23";"Gear S";"";"2014-11-12 03:48";"";"Does this device able to sync sms and call history if paired with mobile phone like on the Gear 2 ? ";""
"1841";"23";"Gear S";"";"2014-11-11 04:38";"SAF";"Note 4 owner in Malaysia could claim 20% to buy Gear S, right?  Yeah, it will be great if they could give discount on gear circle too..  I believed Telco in Malaysia will sell gear S soon..";""
"1842";"23";"Gear S";"";"2014-11-10 12:01";"molly";"Just bought mine yesterday. Found : 1.Battery consumption could be very high under heavy usage (receiving call only)and it's last for 8 hours only.   2. Many notification from social networking applications (fb, twitter, etc) are unable to work. Whatsapp and email attachment can't be expand and review.   But this samsung gear S work perfect on receiving and making call or viewing sms (/mms as well?)when it's standalone under multisim.  Samsung should offer 50% discount to buyer with gear circle if purchase gear S.   In Malaysia, no even one telco willingly to sell gear s or offer gear circle when purchase a note 4 (at the time of writing). What a pity scenario.... ";""
"1843";"23";"Gear S";"";"2014-11-09 18:08";"Anonymous";"Hoping for an AT&T "Black Friday" smokin' deal on a Samsung Galaxy S4 Active and Gear S combo in the US! - $200 FOR BOTH ON 2YR CONTRACT WOULD BE SWEET -";""
"1844";"23";"Gear S";"";"2014-11-08 22:48";"smarter";"thats crap my battery lasts several days but why be whiny. How many days does your phone battery last? Some people are just made to whine and complain.";""
"1845";"23";"Gear S";"";"2014-11-08 22:45";"Anonymous";"People are just never happy. I love mine. No its not a stand alone but I can leave my phone at home and this watch still works like a phone. I can Google on it and everything. ";""
"1846";"23";"Gear S";"";"2014-11-08 18:29";"Neil";"I heard that to get around the initial pairing on set up you can use a '25 press' hack. Does any one know if this would work and if so would the apps also work as expected without any pairing?";""
"1847";"23";"Gear S";"";"2014-11-08 12:59";"suommoo";"Ok after buy battery need 7 days to optimize capacity.";""
"1848";"23";"Gear S";"";"2014-11-07 23:46";"Anonymous";"Went to an AT&T store here in America today and looked at the Gear S. Beautiful and surprisingly small on my wrist, not large at all. I'm 6'2" and 220lbs, but have smallish wrists for my size. It actually looked small on my arm and very stylish. Hope they get the "stand alone" ability worked out ASAP. Contrary to what AT&T online chat told me, the AT&T store said I can get this for $199 with a 2 years contract and $30 a month for Unlimited Talk & Text, with 300MB data (cheapest plan) as my actual cell phone (no pairing or adddition phone on the plan?). Not sure who is right at this point??? Waiting for the big 3 carriers to get the act together and activate a few of these before jumping in. Fingers crossed!";""
"1849";"23";"Gear S";"";"2014-11-07 23:26";"pdm";"please what sort of smartwatch is this, that's it support sim card ";""
"1850";"23";"Gear S";"";"2014-11-07 15:59";"Anonymous";"It's not a stand alone smartphone after all! What a let down in the US... Smasung has a great device that is screaming to be a stand alone phone. Why all the rediculous additional pairing requirements? So sad I can't buy and use the Gear S as my only cell phone. So, so sad... :-((";""
"1851";"23";"Gear S";"";"2014-11-07 15:06";"Anonymous";"I just chatted with AT&T in the US online to see if you can use their $150 discount for switching carriers and porting your number over with this device. They told me this device is NOT CONSIDERED A PHONE, but an "accessary." That means you can not take advantage of their carrier switch offer. In addition, they will NOT let you use this as you only phone. They claim you MUST have a compatible smart phone too. What a bunch of BS! Can this be purchased in factory unlocked form somewhere? Can you just put your SIM in an unlocked Gear S and start talking? Or do you have to link it to a compatible smart phone to activate it?";""
"1852";"23";"Gear S";"";"2014-11-06 16:38";"";"For those who mad comments about "dumping their phone" and using this as their primary device. If you need a camera. I clearly state "IF". Your out of luck with this device.";""
"1853";"23";"Gear S";"";"2014-11-05 21:43";"wanna";"With what smartphones will it work?";""
"1854";"23";"Gear S";"";"2014-11-05 09:30";"";"I'll wait for Android Wear version. Sorry Tizen.";""
"1855";"23";"Gear S";"";"2014-11-03 12:34";"Anonymous";"wow";""
"1856";"23";"Gear S";"";"2014-11-01 14:47";"";"gust bout white one, love the style.";""
"1857";"23";"Gear S";"";"2014-10-31 17:21";"Gul khan";"Hahahaha bc";""
"1858";"23";"Gear S";"";"2014-10-30 18:23";"";"Love it, it can't replace a phone tho.";""
"1859";"23";"Gear S";"";"2014-10-30 18:02";"justaboi";"i want it";""
"1860";"23";"Gear S";"";"2014-10-30 17:09";"joytest";"I have had mine since 15 Oct 2014.  I have posted a review on XDA here   Google+ here, with 44 pics https://plus.google.com/u/0/+JoyTestwick/posts/H­ojMwRq1jMS";""
"1861";"23";"Gear S";"";"2014-10-30 12:46";"alix";"its just amazing ";""
"1862";"23";"Gear S";"";"2014-10-29 09:24";"Ani";"Good";""
"1863";"23";"Gear S";"";"2014-10-27 12:12";"";"Thank You";""
"1864";"23";"Gear S";"";"2014-10-26 20:37";"someone";"User manual. Google for SM-R750_UM_EU_Tizen_Eng_Rev.1.0_140926.pdf  Samsung Norway has it for download here:     ";""
"1865";"23";"Gear S";"";"2014-10-26 13:57";"Neil";"@someone. Thanks for that. What is 'Kies' and OTA? I love the idea of this watch but like many others do not intend to run a Samsung phone with it. If set up can be done without them then that is great news. If you search 'Tizen samsung s gear unpacked' into YouTube then you can hear what is said straight from the top. Makes an interesting view.";""
"1866";"23";"Gear S";"";"2014-10-26 13:21";"Mr gear";"I like it very much, problem is Battery can't last one day,especially with the SIM Card.";""
"1867";"23";"Gear S";"";"2014-10-26 12:51";"";"Hi, where did you get a user manual from? Can you please send me a link. Thanks";""
"1868";"23";"Gear S";"";"2014-10-26 12:46";"";"Can anyone tell me if this watch can run solo with a normal sim that I remove from my mobile phone, or does it have to be linked with a number that is on a host phone?";""
"1869";"23";"Gear S";"";"2014-10-26 11:11";"Mr. H";"Where did you get the user manual?";""
"1870";"23";"Gear S";"";"2014-10-26 00:39";"GARUROMON";"It a great device";""
"1871";"23";"Gear S";"";"2014-10-25 11:10";"pk";"It's perfect item with sm-p905. ";""
"1872";"23";"Gear S";"";"2014-10-25 01:33";"Jeffpb3";"I can't wait to get this watch! I'm hoping they don't force me to have a cell phone. I have little need for a cell phone or voice service and the added cost would make it too expensive. I currently just carry a $10mo TracFone for my voice needs and work off of an $26mo iPAD. I need a good low cost data plan with little voice costs.  Wish they'd give a release ate for the USA! ";""
"1873";"23";"Gear S";"";"2014-10-24 18:15";"someone";"@neil. Today I found the user manual for this watch. Yes, there is mentions of pairing. The wording is *can* , and not *requiered*. Firmware seems to be upgradable with Samsung Kies or OTA. I'm canceling my pre- order untill it's clear on how this actualy work and what devices are supported. I'm not going with a Samsung phone for a Samsung watch.";""
"1874";"23";"Gear S";"";"2014-10-24 05:05";"";"This device it the perfect companion for using a tablet as a cell phone. I currently use the Note 10.1 2014 (SM-P605) as my only cell phone. Yes this is an actual cell phone. It is the non US variant. It is so great using one device for everything. I use to carry around a cell phone and a tablet. I'm now of the opinion that any phone is too big as I don't what to put any of them in my pocket. So excited to pair this with my tablet. ";""
"1875";"23";"Gear S";"";"2014-10-23 13:38";"Neil";"Samsung have reported a delay to some retailers in the supply for the 24th Oct. This *may* only be for unlocked watches but may affect other retailers.";""
"1876";"23";"Gear S";"";"2014-10-23 13:37";"Neil";"Apparently the set up is the same as the gear 2. It needs to be paired with a Samsung device with Android 4.3 or later. I'm trying to get Samsung to tell me if this can be anyone's Samsung devices but their last customer support person said that the device had to be registered to the same owner. My order on hold at the moment.";""
"1877";"23";"Gear S";"";"2014-10-23 10:10";"Someone";"@Neil  Are you 100% shure of this? That one must pair the Gear S to a Samsung phone. Anyone found a user guide for this? Have mine on pre- order, but will cancel if it's not a standalone Device.";""
"1878";"23";"Gear S";"";"2014-10-22 18:36";"";"in italy no date, no price, no idea, no retailers. absurde situation. so my next smartwatch sony version 3. ";""
"1879";"23";"Gear S";"";"2014-10-21 23:39";"Neil";"You will need one of the 'latest' Samsung phones to set up the watch. If you don't have one the the watch will be useless. Not sure if the S5 qualifies.";""
"1880";"23";"Gear S";"";"2014-10-21 23:36";"Neil";"Not a stand lone device. You will need one of the latest Samsung phones registered to yourself to set up and download apps to the watch, so Samsung say. If you don't have one of the latest phones then no point in buying the watch. ";""
"1881";"23";"Gear S";"";"2014-10-20 01:52";"Anonymous";"Satisfied thank you. Although I consider both options viable. British and or American... However batter instead of better and more like that is too much for my taste. Besides, its not up to me to judge between the British or English version as I'm not native to either. Yet I'm holding up quite well amongst many others who are in fact native to English (again not differentiating between different versions). Yet again, one cannot be sure how long it took you to put your amazing masterpiece of reply together. I believe that could get you PHD.";""

