"20570";"213";"GX F310L";"";"2015-01-10 00:44";"";"the simplest solution is to add (plus sign) (country code) and (area code) in all your numbers   Land line Ex: +92 21 580******  Mobile Ex: +92 21 300 2111***  Apps are available in play store that can help I used "Country Code Fixer" but you have to work manually for few contacts.";""
"20571";"213";"GX F310L";"";"2015-01-03 03:35";"Waniya Sarah ";"I bought the LG GX F310L in Pakistan, second hand for a very cheap price. This phone is similar to Samsung's Note III and can multitask windows just like the windows phone. Although with time, the camera is has lost sharpness but it's ever so slightly noticeable. The glass is very hard to break because the phones 5.5inch screen is so big. But, there are places in my phone where it's lost sensitivity. Very easy to fix however because this phone is so rare it's very hard to find places that have the glass to repair and phone cases and covers.  The phone should work in any country. I live in Australia. But as i said, it's hard to find repairs.  Overall it's an amazing phone. Perfect for movies, wifi hotspot, camera, editing, reading, gaming because of the 32gb, buttons are in perfect positions but the audio isn't amazaing, but decent and i love how it has an antenna. Bringing back the 90's.";""
"20572";"213";"GX F310L";"";"2014-12-27 07:32";"COCOLY6194 ";"How to move apps to sd card on lg gx?";""
"20573";"213";"GX F310L";"";"2014-12-25 15:40";"nicx";"you noob.. what call to korea or call to local hug are you talking about? root you phone flash a custom rom or edit your build prop so that the annoying call to korea or call to local pop up will not show up again...";""
"20574";"213";"GX F310L";"";"2014-11-09 00:29";"mike";"try mobogenie";""
"20575";"213";"GX F310L";"";"2014-11-03 05:37";"THLYLY";"Help please! Any link from where I can download LG PC Suite for LG Gx F310L?? I can't find it anywhere, even at LG's official page";""
"20576";"213";"GX F310L";"";"2014-10-27 06:44";"Muhammad";"Once you have enabled SIM with LTE it automatically connect with the LTE and 4g";""
"20577";"213";"GX F310L";"";"2014-10-15 11:48";"";"My rooted lg gx can delete system apps. And scored on antutu 26.8k ";""
"20578";"213";"GX F310L";"";"2014-10-14 14:11";"";"My first test scored only 18k but when i test it again after a week 23.5k antutu :) quite good ";""
"20579";"213";"GX F310L";"";"2014-10-05 14:59";"BillyZh";"Help please! Any link from where I can download LG PC Suite for LG Gx F310L?? I can't find it anywhere, even at LG's official page. Thanks in advance!";""
"20580";"213";"GX F310L";"";"2014-10-05 10:04";"";"When im playing games while charging the battery goes down instead. Is it normal on my lg gx?";""
"20581";"213";"GX F310L";"";"2014-10-05 09:15";"";"Why does my lg gx battery drain fast? ";""
"20582";"213";"GX F310L";"";"2014-10-02 10:03";"Arslan";"my friend dont be too harsh anyone can understand that it is 10mm NOT 10cm. This is a fourm NOT a Math class. ";""
"20583";"213";"GX F310L";"";"2014-10-01 07:54";"ALI";"Yeahh... more then any one. it is latest.";""
"20584";"213";"GX F310L";"";"2014-10-01 07:06";"lucky";"camera is also hd 13mp but result is dnt clear so anybody camera problem solve email muhammadmasood27@gmail.com";""
"20585";"213";"GX F310L";"";"2014-09-04 12:21";"rp";"not groilla glass.but no scratch ";""
"20586";"213";"GX F310L";"";"2014-09-02 14:27";"";"For the korean market only... Thats what i think.";""
"20587";"213";"GX F310L";"";"2014-09-01 13:22";"seefu";"Its a pretty good phone but the bad thing is that its only for korea. You can use in other countries but with limitations such as 1. All korean u+ softwares will remain there. 2. You can't change its rom other than korean coz you'll not be able to find one... 3. Call to korea, call to local bug can't be fixed. LG has locked the update coutry/region info so the phone always thinks you're roaming out of korea. 4. Yet no plans of lg to dish out an international model.  So if you're ok with these limitations then its a very good phone with wonderful specs.";""
"20588";"213";"GX F310L";"";"2014-08-31 07:40";"tamtye";"Can Someone Help About Its Battery I Bought It Yesterday And It Is Draining Quickly. It Gave 1% For 1 8 ball pool match ";""
"20589";"213";"GX F310L";"";"2014-08-10 16:34";"Jah";"This phone is really the best. My boyfriend use iPhone 4s and i found out after i bought this LG Gx f310L this phone is really WOW ^^. Good screen 5.5inch and then its not logging whenever i download applications, videos and music continuously. And the camera? WOW :) i really love this phone. ";""
"20590";"213";"GX F310L";"";"2014-08-08 06:30";"WWETHARINDU";"Is this phone has gorilla glass? help!";""
"20591";"213";"GX F310L";"";"2014-06-17 19:39";"Anonymous";"How about the internet? Are you having problems? Can you use LTE without problem?";""
"20592";"213";"GX F310L";"";"2014-06-17 19:15";"Anonymous";"Hi, can the LTE feature of this device usable in philippines? I have Gx, but i don't know how to activate the LTE of this phone. :(&#128034;&#128034; &#128034;&#128034;&#128034;";""
"20593";"213";"GX F310L";"";"2014-05-18 23:16";"";"Don't know, but if no warrenty or garentee (Contracts and stuff) you can root it. just search "LG GX F310L root x.x" android version";""
"20594";"213";"GX F310L";"";"2014-04-20 13:19";"moomal";"I am using this phone, extremely good phone, just lack in camera little bit, but not as much.";""
"20595";"213";"GX F310L";"";"2014-03-27 12:10";"";"Can the apps be move to sd card and when is it arriving in malaysia.";""
"20596";"213";"GX F310L";"";"2014-03-11 07:58";"KHAKSAR";"In term of specs, looks nice, but hand-on experience will further justify it. The main feature is battery, more than 3100 mah, will give you good backup in this ideal screen size. Most importantly having features like GPRS and Edge Class 12 will also fulfill the internet quality in a better way in that countries where 3G, 3.5G or 4G Spectrum and LTE are not available like Pakistan, Philippines etc. ";""
"20597";"213";"GX F310L";"";"2014-02-12 15:38";"syed junaid";"good phone but much price";""
"20598";"213";"GX F310L";"";"2014-02-05 00:50";"noname";"thickness 10cm??? do you know about metric scale? or dont post yr comment here.";""
"20599";"213";"GX F310L";"";"2014-01-29 22:51";"Anonymous";"Almisot nit is the same so flash away";""
"20600";"213";"GX F310L";"";"2014-01-29 02:14";"SJ";"Ha ha ha...that was a good one.";""
"20601";"213";"GX F310L";"";"2014-01-25 07:09";"Ramu";"Can i use this mobile in nepal ?";""
"20602";"213";"GX F310L";"";"2014-01-23 21:13";"Anonymous";"wow, then what's left for G2 Pro and G3 :D  I'm waiting G3 on fire, I hope it will have Snapdragon 805 version ";""
"20603";"213";"GX F310L";"";"2014-01-23 19:53";"Yawa";"Don't think about updates if you buy from LG. I regret buying one.";""
"20604";"213";"GX F310L";"";"2014-01-20 12:52";"Anonymous";"I think he don't know any thing about this phone. ";""
"20605";"213";"GX F310L";"";"2014-01-17 14:40";"Anonymous";"Is this slated for an international launch or is it just for the Korea market?";""
"20606";"213";"GX F310L";"";"2014-01-14 17:35";"Anonymous";"And do you know about people can make mistakes while writing...? Smartass...";""
"20607";"213";"GX F310L";"";"2014-01-14 16:22";"";"Thickness 10 CM.... Do you know difference between CM and MM???";""
"20608";"213";"GX F310L";"";"2014-01-14 00:22";"Anonymous";"Very nice phone but thickness? almost 10 cm, there are many chinese phones thinner than this one.  Interesting, it is may be designed for in home use only :)";""
"20609";"213";"GX F310L";"";"2014-01-12 22:41";"";"y u say like that ";""

