"6202";"66";"I8200 Galaxy S III mini VE";"";"2015-01-16 21:05";"xxxx";"can someone tell me how can I show battary percentage on Galaxy S3 mini 4.2.2";""
"6203";"66";"I8200 Galaxy S III mini VE";"";"2015-01-11 10:12";"Anonymous";"Device has no LED!  Battery is weak. :(";""
"6204";"66";"I8200 Galaxy S III mini VE";"";"2014-12-31 19:50";"Anonymous";"I'm play asphalt in thise phone and it very good";""
"6205";"66";"I8200 Galaxy S III mini VE";"";"2014-12-31 19:48";"Anonymous";"I'm play asphalt in thise phone";""
"6206";"66";"I8200 Galaxy S III mini VE";"";"2014-12-23 10:43";"Dudu";"I bought my I8200 phone about 2 months ago, the battery gets very hot when am charging it or when I use the phone for more than 5 minutes non-stop. what could be wrong with it?  ";""
"6207";"66";"I8200 Galaxy S III mini VE";"";"2014-12-18 00:47";"";"is this enough processing and ram speed to use all apps such as social media, viber, what's app.....etc?  second question: streaming videos available ?   thanks ";""
"6208";"66";"I8200 Galaxy S III mini VE";"";"2014-12-09 11:24";"Debs";"I have had this mobile for about a month now and I am very pleased with it. It is my first smartphone and very easy to use.I initially thought it was the normal S3 mini until I spotted the model number. I have used a Sony for years and this is much easier to use. The only downside for me is the battery life is not brilliant. I have to charge every night but I think most smartphones have to be charged daily anyway. The picture clarity is very good for a 5MP camera. Video is good also. Does anyone know if Samsung are going to upgrade this OS version to Kitkat?";""
"6209";"66";"I8200 Galaxy S III mini VE";"";"2014-12-01 14:26";"Prince of Dubai";"You can buy another phone, that should solve the problem. ";""
"6210";"66";"I8200 Galaxy S III mini VE";"";"2014-11-30 19:01";"";"Is this phone support OTG??";""
"6211";"66";"I8200 Galaxy S III mini VE";"";"2014-11-23 19:38";"";"Serious battery problem. It runs out fast. U cant even play games. What can i do";""
"6212";"66";"I8200 Galaxy S III mini VE";"";"2014-11-19 08:46";"SEPIDEH";"does this cellphone support otg usb?";""
"6213";"66";"I8200 Galaxy S III mini VE";"";"2014-11-18 13:47";"zee";"in model no G-18200 S 3 MINI sometimes mobile shows full signals but we are not able to make/receive any calls after restarting the device we receive notifications about misses calls and messages";""
"6214";"66";"I8200 Galaxy S III mini VE";"";"2014-11-14 10:11";"mini";"Battery is the biggest issue,works for 6-24 hours according to usage and takes 3.5 hours to recharge.They boosted the processor but not the battery,frustrating.What else?Runs smoothly and takes nice pictures by day.Pleasant rounded design,solid materials if handled with care.Bright display although pixelated,good viewing angles.Decent sound.Worth the money but for heavy users try something else at least a class above.";""
"6215";"66";"I8200 Galaxy S III mini VE";"";"2014-11-06 20:22";"Anonymous";"have gt da 4ne bt nw its nt working only wrks wen on charger..battery really nt gud.......only gud wen u hve used 4 only abt a year.....# really sad...";""
"6216";"66";"I8200 Galaxy S III mini VE";"";"2014-10-28 17:08";"khorttra k";"de gpu is vivante gc1000 graphics engine dual dual core ..de phone is pretty good xcept battery life but i would highly recomend it.. ";""
"6217";"66";"I8200 Galaxy S III mini VE";"";"2014-10-28 13:58";"suriname";"The battery of this phone needs bot 3 hours to charge. :( and when i play a game on it , it often freezes so i have to restart it 2 or 3 times a day. Sound is good, camera works okay. It has front and back cam so yes you can skype with it. Furthermore i have no complains.. yet. :) ";""
"6218";"66";"I8200 Galaxy S III mini VE";"";"2014-10-27 13:47";"";"Batery backup is very poor..To improve this what I have to do ?";""
"6219";"66";"I8200 Galaxy S III mini VE";"";"2014-10-27 13:39";"raju.kk";"Batery backup is very poor..otherwise its ok..what I have to do for this.. ";""
"6220";"66";"I8200 Galaxy S III mini VE";"";"2014-10-27 13:28";"reck";"what is chipset and GPU of this phone?? compare to old s3? it is same?";""
"6221";"66";"I8200 Galaxy S III mini VE";"";"2014-10-25 15:30";"Joker";"Is there a brown color for this kind of Samsung I8200 ?";""
"6222";"66";"I8200 Galaxy S III mini VE";"";"2014-10-17 19:31";"";"in "Battery" or "Display" ";""
"6223";"66";"I8200 Galaxy S III mini VE";"";"2014-10-11 08:07";"Strak";"the 8gb memory is not really effective to store music and photos but the ram is good.what do i do to use that 8gb to store music and photos";""
"6224";"66";"I8200 Galaxy S III mini VE";"";"2014-10-07 18:50";"Lina";"I would like to help those who have the device Is it possible to change the language of the Hebrew language ?";""
"6225";"66";"I8200 Galaxy S III mini VE";"";"2014-10-06 21:36";"Ahmed";"thanks ";""
"6226";"66";"I8200 Galaxy S III mini VE";"";"2014-10-06 21:35";"Ahmed";"can any one please make a video on s3 mini ve playing asphalt 8 on high sittings :-)";""
"6227";"66";"I8200 Galaxy S III mini VE";"";"2014-10-05 10:15";"George ";"hi everyone,the phone looks ok but the battery is lame...if you use wi-fi or data it drains in 1-3 hours ?!?!?! wtf...dispay and sound are ok, don't recomand !";""
"6228";"66";"I8200 Galaxy S III mini VE";"";"2014-10-05 00:09";"Vinicius";"O GPU dele eh Marvell PXA986!!/The GPU him and the Marvell PXA986 !!";""
"6229";"66";"I8200 Galaxy S III mini VE";"";"2014-10-02 12:45";"Ahmed";"i want to know what is the graphics card on it and if it is better or xperia v";""
"6230";"66";"I8200 Galaxy S III mini VE";"";"2014-09-28 10:03";"Fritz";"Have it as secondary phone. It is not good but also not bad. Feals cheap with lots of thin plastic on back. Battery life is average. Screen resolution is low but Samsung did good job making it look bright and clear. Sound is good.  Should have been on Android 4.4 KitKat and should be updated by Samsung asap. It lacks features (USB support) that will come to life on KitKat.   An average phone on 4.2 JB but could be a bit better on 4.4 KK  But then again: for this price; what do you expect? (149 Euro)";""
"6231";"66";"I8200 Galaxy S III mini VE";"";"2014-09-27 18:13";"jaffer";"Today i bought for BD57 in Bahrainvery good price and also good done.. ";""
"6232";"66";"I8200 Galaxy S III mini VE";"";"2014-09-13 16:25";"nithin";"in qatar 679 riyal. ";""
"6233";"66";"I8200 Galaxy S III mini VE";"";"2014-09-03 20:29";"Adrian";"About 180$ in Romania.";""
"6234";"66";"I8200 Galaxy S III mini VE";"";"2014-09-03 11:30";"beautiful";"does it have the led indicator to show me everytime there is a massage or miss call or even when my battery is low. and if it does have it can you pls assist me with settinf it up.";""
"6235";"66";"I8200 Galaxy S III mini VE";"";"2014-09-02 11:35";"Maroo isna";"how mch galaxy s3 mini costs ? plz reply md soon.";""
"6236";"66";"I8200 Galaxy S III mini VE";"";"2014-09-02 04:07";"beso";"nearly no difference between this and s duos 2 just about 120mb ram and 4gb memory ";""
"6237";"66";"I8200 Galaxy S III mini VE";"";"2014-08-31 17:39";"anonymous";"How do i get the battery percentage on cant find it in settings please help";""
"6238";"66";"I8200 Galaxy S III mini VE";"";"2014-08-30 12:45";"coolly";"everything is good, but d battery is not enough. samsung need to improve!";""
"6239";"66";"I8200 Galaxy S III mini VE";"";"2014-08-28 16:25";"OM1";"Press the the power and the home button at the same time ";""
"6240";"66";"I8200 Galaxy S III mini VE";"";"2014-08-27 07:20";"supgirly";"Go to settings, and then accesibilitity you should know what to select from there :)";""
"6241";"66";"I8200 Galaxy S III mini VE";"";"2014-08-25 07:29";"Nijan";"how to get screen shot ?";""
"6242";"66";"I8200 Galaxy S III mini VE";"";"2014-08-23 11:57";"";" s2 plus doesn't have led indicator but one can use smart alert (phone vibrates if pickep up and there are missed events) or noled app that light a square on the screen. Being samoled display only the square is consuming energy.";""
"6243";"66";"I8200 Galaxy S III mini VE";"";"2014-08-21 19:38";"Steff";"Good phone.I got it 3 months ago.Works perfectly never hinders, powerful speaker and sound on headphones.Works perfectly never hinders, powerful speaker and sound on headphones.Android 4.2.2 and 1GB ram enough that the phone works nicely. I was playing demanding games all launched without crash.My recommendations for that phone.";""
"6244";"66";"I8200 Galaxy S III mini VE";"";"2014-08-20 19:28";"";"Does s2 plus have led indicator?";""
"6245";"66";"I8200 Galaxy S III mini VE";"";"2014-08-19 17:51";"";" I had original s3 mini and it was giving me headache with its pentile matrix display. I've returned and bought s2 plus and I didn't regret at all. Sound on s2 plus is not so bad as you think";""
"6246";"66";"I8200 Galaxy S III mini VE";"";"2014-08-19 00:31";"Anonymous";"Hi I believe that too .s2 plus is better than this. But i am very worried for the s2 plus sound it's below average..I will need a boost program?";""
"6247";"66";"I8200 Galaxy S III mini VE";"";"2014-08-18 08:44";"Anonymous";" There is no financiar gain for samsung if they have had released android 4.2.2 for original s3 mini. They prefer instead to release a similar or identical phone (see i9505 vs i9515) with the new android version. This will bring money to samsung";""
"6248";"66";"I8200 Galaxy S III mini VE";"";"2014-08-18 08:23";"justexpect";" Moreover, original s3 mini was launched with android 4.1.2. Can you guess which is its current android version? Yes, it's still android 4.1.2. Don't expect for a android version update on s3 mini ve. ";""
"6249";"66";"I8200 Galaxy S III mini VE";"";"2014-08-18 08:00";"justexpect";"s2 plus has better battery and display. It has android 4.2.2 since a long time ago. s3 mini has better sound. I'll go for s2 plus.";""
"6250";"66";"I8200 Galaxy S III mini VE";"";"2014-08-10 22:17";"Anonymous";"@GSMarena please make a review about this phone.";""
"6251";"66";"I8200 Galaxy S III mini VE";"";"2014-08-10 07:29";"stefany";"I want to buy new phone,but I' m confused - my choice is between this unit and samsung galaxy s 2 plus,pls help me.I heared that s2 plus will not receive any update even 4.2.2 JB,but this mini 8200 came in my country with exactly 4.2.2 android.which one is better? Thanks in advance!";""
"6252";"66";"I8200 Galaxy S III mini VE";"";"2014-08-06 01:03";"Anonymous";"Thank you very much! I am thinking of s2 plus and this but i don't know which one is the best .. s2 plus has very low ring and speaker. Does this phone is the same as s3 mini ? (for the loudspeaker ,ring , music audio) and the same battery standby hours? ";""
"6253";"66";"I8200 Galaxy S III mini VE";"";"2014-08-05 23:15";"Anonymous";"music audio quality is great. call quality is decent but the speaker is not loud enough. The phone battery can last about two days on low usage. A day on moderate usage.";""
"6254";"66";"I8200 Galaxy S III mini VE";"";"2014-08-03 20:17";"Anonymous";"How is the audio and the speaker of this phone? and how about the battery? how long can it stay standby if you use it only for 1-3 calls(small duration around 5 minutes) thank you";""
"6255";"66";"I8200 Galaxy S III mini VE";"";"2014-07-30 20:04";"sagar ";"good ";""
"6256";"66";"I8200 Galaxy S III mini VE";"";"2014-07-30 12:39";"Anonymous";"This version is way faster than the I8190 it's as fast as the galaxy nexus according to antutu graphics performance is decent too but don't expect to run demanding games smoothly";""
"6257";"66";"I8200 Galaxy S III mini VE";"";"2014-07-30 11:37";"althu srb";"samsang or sony is better????";""
"6258";"66";"I8200 Galaxy S III mini VE";"";"2014-07-28 18:53";"";"It's Samsung what do you expect :/, Samsung will never make a Phone like a Motorola Moto g (you described the Moto g didn't you? xD )";""
"6259";"66";"I8200 Galaxy S III mini VE";"";"2014-07-25 05:07";"";"plz guyz,,anyone tell me wat about the gpu of dis phone and the gaming performance,,battery back up ??? is it better than s3 mini i8190";""
"6260";"66";"I8200 Galaxy S III mini VE";"";"2014-07-24 19:36";"";"anyone tell me plz,,what about the gpu of dis phone for gaming,,the battery back up??";""
"6261";"66";"I8200 Galaxy S III mini VE";"";"2014-07-22 12:55";"Narcis";"because the processor is more powerful";""
"6262";"66";"I8200 Galaxy S III mini VE";"";"2014-07-20 16:47";"Anonymous";"The gpu is a vivante gc1000.";""
"6263";"66";"I8200 Galaxy S III mini VE";"";"2014-07-19 08:51";"RO";"gpu please ? ";""
"6264";"66";"I8200 Galaxy S III mini VE";"";"2014-07-17 17:36";"";"hmm its the same as s3 mini. why they say there 320hours?";""
"6265";"66";"I8200 Galaxy S III mini VE";"";"2014-07-16 06:41";"Anonymous";"stand by is a little over a day";""
"6266";"66";"I8200 Galaxy S III mini VE";"";"2014-07-13 17:45";"anonym";"hi how long does it stays stand by? the i8200 model thank you";""
"6267";"66";"I8200 Galaxy S III mini VE";"";"2014-07-12 07:12";"Anonymous";"It is faster than the old s3 mini. Uses the pxa986 chipset with an a9 cortex cpu plus a gc1000 gpu. I believe it's exactly the same hardware samsung used for the galaxy tab 3 7.0. ";""
"6268";"66";"I8200 Galaxy S III mini VE";"";"2014-07-06 06:01";"";"is this phone suport otg ";""
"6269";"66";"I8200 Galaxy S III mini VE";"";"2014-07-06 05:58";"";"which phone is better , this or i8910? please i need help ";""
"6270";"66";"I8200 Galaxy S III mini VE";"";"2014-06-30 09:08";"RO";"cipset ? gpu? help!!!";""
"6271";"66";"I8200 Galaxy S III mini VE";"";"2014-06-30 01:35";"Anonymous";" GPU : vivante gc1000 core";""
"6272";"66";"I8200 Galaxy S III mini VE";"";"2014-06-29 07:11";"stylo";"Sometimes we hear HTC fans bashing other companies with illogical claims.Just compare specifications of this device and desire310,then find out the truth!!!!";""
"6273";"66";"I8200 Galaxy S III mini VE";"";"2014-06-28 15:50";"";"it is very laggy and battery backup is awful. the body quality is disappointing and I'd rather buy desire 310.";""
"6274";"66";"I8200 Galaxy S III mini VE";"";"2014-06-25 18:54";"andres";"this is the best phone that I ever had. I bought it for my GF but I didnt gave to her :D :D";""
"6275";"66";"I8200 Galaxy S III mini VE";"";"2014-06-23 19:00";"lamis pp";"network not perfct....";""
"6276";"66";"I8200 Galaxy S III mini VE";"";"2014-06-21 23:44";"Pato";"I flashed the rom of VE on the original and it works ";""
"6277";"66";"I8200 Galaxy S III mini VE";"";"2014-06-11 12:50";"";"Yes I am user1. just changed my name xperia L is better because all samsung phones are laggy I saw xperia L reviews and I can see that's much better than this..got more software abilities and great camera & bigger size  the only thing good in s3 mini VE in screen is SUPER AMOLED but it's nothing with lag go for xperia L";""
"6278";"66";"I8200 Galaxy S III mini VE";"";"2014-06-08 08:29";"LiOn..";"Just awesome...";""
"6279";"66";"I8200 Galaxy S III mini VE";"";"2014-06-01 13:29";"Anonymous";"It is not officially available but fortunately, I have brand new Samsung GT-i8200N. It is a good budget phone USD190.00";""
"6280";"66";"I8200 Galaxy S III mini VE";"";"2014-05-31 21:39";"mamasitha";"i want this phone haha";""
"6281";"66";"I8200 Galaxy S III mini VE";"";"2014-05-31 18:10";"As";"wow what a nice mobile...ossume ";""
"6282";"66";"I8200 Galaxy S III mini VE";"";"2014-05-31 14:11";"Anon";"where does this sell? not seen it about, how much???";""
"6283";"66";"I8200 Galaxy S III mini VE";"";"2014-05-23 17:46";"MannyWarren";"And you get that where at this price point?";""
"6284";"66";"I8200 Galaxy S III mini VE";"";"2014-05-22 01:29";"";"at first i thought "what a stupid device, they should at least put an amoled plus, a beefier battery and a 8mp camera" but in greece it costs 145 with taxes, the same as the regular s3 mini and i think that's excellent value";""
"6285";"66";"I8200 Galaxy S III mini VE";"";"2014-05-16 17:06";"";"According to the CPUZ app this device has a  - vivante GC1000 GPU  I'm going to make a review of this GPU this week & I'll post it here";""
"6286";"66";"I8200 Galaxy S III mini VE";"";"2014-05-16 16:57";"Me";"According to the CPUZ app this device has a  - vivante GC1000 GPU  I'm going to make a review of this GPU this week & I'll post it here";""
"6287";"66";"I8200 Galaxy S III mini VE";"";"2014-05-11 14:18";"mido";"i want to that too, did you know anything ?";""
"6288";"66";"I8200 Galaxy S III mini VE";"";"2014-04-23 05:35";"Anonymous";"Samsung need to do ne samsung galaxy s3 mini but with snapdragon 400 and quad core same like moto g";""
"6289";"66";"I8200 Galaxy S III mini VE";"";"2014-04-10 17:58";"thala ";" very hanging this model s3 is better ";""
"6290";"66";"I8200 Galaxy S III mini VE";"";"2014-04-08 17:41";"";"this or xperia L ??? ";""
"6291";"66";"I8200 Galaxy S III mini VE";"";"2014-04-03 15:32";"";"I've used S3 mini before but not this Value Edition. The only downside for me is prossesor clock speed. It's only 1 GHZ, but this one is a bit higher 1.2 GHZ. It's like Oppo R821T Find Muse. I tried it and perform better than my s3 mini but because of half ram, sometimes the phone hang while gaming (everything stops, then continue but smoothly. Not ruining your game or had constant low frame rate). So i curious to see how this Value Edition perform. Anyone??";""
"6292";"66";"I8200 Galaxy S III mini VE";"";"2014-04-01 12:09";"Anonymous";"800mhz single core r not smartphone, those r Rubbish !";""
"6293";"66";"I8200 Galaxy S III mini VE";"";"2014-03-29 10:15";"Anonymous";"Nice Mobile... ";""
"6294";"66";"I8200 Galaxy S III mini VE";"";"2014-03-26 03:39";"Harshh";"gret phone i like 4.0 inch display phone ...";""
"6295";"66";"I8200 Galaxy S III mini VE";"";"2014-03-24 13:47";"Anonymous";"camer should be 8 mp";""
"6296";"66";"I8200 Galaxy S III mini VE";"";"2014-03-23 23:57";"Anonymous";"this is a mid end smart phone. A low end would have a 800 mhz single core processor";""
"6297";"66";"I8200 Galaxy S III mini VE";"";"2014-03-20 11:26";"Anonymous";"why don't do it new samsung galaxy s3 mini, how contain quad-core chip Snapdragon 400 and for first time contain IGZO sceen display, please for many fans sammsung do it this smartphone!!";""
"6298";"66";"I8200 Galaxy S III mini VE";"";"2014-03-18 16:46";"Manifesto";"This is low budget smartphone -_-";""
"6299";"66";"I8200 Galaxy S III mini VE";"";"2014-03-18 01:42";"stressfree";"why is this phone not able to bar just one number?";""
"6300";"66";"I8200 Galaxy S III mini VE";"";"2014-03-16 21:56";"own";"whats WRONG with you SAMSUNG ?????  ";""
"6301";"66";"I8200 Galaxy S III mini VE";"";"2014-03-16 19:26";"bablu";"Nice phone but battery back up problem";""
"6302";"66";"I8200 Galaxy S III mini VE";"";"2014-03-16 03:58";"balqis";"I like it";""
"6303";"66";"I8200 Galaxy S III mini VE";"";"2014-03-11 22:30";"";"I have one like that but much beter. I pay 250$ in Canada.(Made in Korea only for North America)Is Samsung Galaxy S3 Mini model SM-G730W8 with dual core 1.2 Ghz processor , Adreno 305 , Battery 2000 mah and LTE with 100 Mps KAT3. Is a super phone and is no diference then Galaxy S3 model T999 . Is small and fast(no lag) I recomend to buy one if you have a chance ...";""
"6304";"66";"I8200 Galaxy S III mini VE";"";"2014-03-11 22:23";"cocae30";"I have one like that but much beter. I pay 250$ in Canada.(Made in Korea only for North America)Is Samsung Galaxy S3 Mini model SM-G730W8 with 1.2 Ghz processor , Adreno 305 , Battery 2000 mah and LTE with 100 Mps KAT3. Is a super phone and is no diference then Galaxy S3 model T999 . Is small and fast(no lag) I recomend to buy one if you have a chance ...";""
"6305";"66";"I8200 Galaxy S III mini VE";"";"2014-03-11 17:29";"Anonymous";"downgraded version technically... shame Samsung. .. ";""
"6306";"66";"I8200 Galaxy S III mini VE";"";"2014-03-11 11:14";"Anonymous";"i8190N 1 Ghz Dual Core JB 4.1.2 Vs i8200 1.2Ghz Dual Core JB 4.2.2";""
"6307";"66";"I8200 Galaxy S III mini VE";"";"2014-03-11 09:44";"Anonymous";"It's a realy good one as a low cost smartphone..";""
"6308";"66";"I8200 Galaxy S III mini VE";"";"2014-03-11 09:34";"Rajid";"So, what's the different with the old S3 mini i8190?";""
"6309";"66";"I8200 Galaxy S III mini VE";"";"2014-03-11 03:15";"";"yea. mine's the first version.. no 4.2, no 4.3, no KitKat. planning to buy HTC";""
"6310";"66";"I8200 Galaxy S III mini VE";"";"2014-03-10 23:27";"Anonymous";"looks like a Samsung Galaxy Express!! ";""
"6311";"66";"I8200 Galaxy S III mini VE";"";"2014-03-10 20:22";"";"No Gorilla Glass, No Kitkat.  Wtf.  Cheers!!";""
"6312";"66";"I8200 Galaxy S III mini VE";"";"2014-03-10 19:33";"nandhuz";"Smart features but battery  iam waiting ";""
"6313";"66";"I8200 Galaxy S III mini VE";"";"2014-03-10 15:42";"";"Not a competitor to Moto G ";""
"6314";"66";"I8200 Galaxy S III mini VE";"";"2014-03-10 13:12";"giratina2009";"Old Galaxy s2 better";""
"6315";"66";"I8200 Galaxy S III mini VE";"";"2014-03-10 12:09";"WCM";"Oh...MG nice feature i m waiting this...WCM";""

