"22794";"230";"iPad mini WiFi  Cellular";"";"2015-01-15 14:10";"Mosi oa tunya";"Use sync ios to add the application and open through itools to add documents amd library imported from a working iphone's whatsapp raw data";""
"22795";"230";"iPad mini WiFi  Cellular";"";"2015-01-15 14:07";"Mosi oa tunya";"Use sync ios to add the application and open through itools to add documents amd library imported from a working iphone's whatsapp raw data";""
"22796";"230";"iPad mini WiFi  Cellular";"";"2015-01-10 10:36";"JvonH";"Download it and install it by itools";""
"22797";"230";"iPad mini WiFi  Cellular";"";"2015-01-03 06:29";"Anonymous";"HI Gys  How to Install WhatsApp (without jailbreak)";""
"22798";"230";"iPad mini WiFi  Cellular";"";"2014-12-27 22:03";"khan";"Can i call to any phone with i pad mini 3 ";""
"22799";"230";"iPad mini WiFi  Cellular";"";"2014-12-27 15:25";"Bash";"Can i call to any phone with i pad air 2?";""
"22800";"230";"iPad mini WiFi  Cellular";"";"2014-12-22 08:26";"Anonymous";"through Google";""
"22801";"230";"iPad mini WiFi  Cellular";"";"2014-12-18 22:44";"Anonymous";"very old iPad1";""
"22802";"230";"iPad mini WiFi  Cellular";"";"2014-12-17 09:18";"nandu";"I want voise call iPad mine ";""
"22803";"230";"iPad mini WiFi  Cellular";"";"2014-12-16 13:22";"Joe";"please guys how do I download whatsapp on my ipad mini";""
"22804";"230";"iPad mini WiFi  Cellular";"";"2014-11-25 10:40";"Anonymous";"is there calling facility in iPad mini";""
"22805";"230";"iPad mini WiFi  Cellular";"";"2014-11-24 13:38";"raghuman";"Ipad mini wifi+cellur can make call possible..pls tell the way of makING call ";""
"22806";"230";"iPad mini WiFi  Cellular";"";"2014-11-16 16:00";"Kdkdjsis";"Yes you can recieve text on iPad Mini running iOS 8 and up";""
"22807";"230";"iPad mini WiFi  Cellular";"";"2014-11-15 08:25";"abbey";"is there call and text on ipad mini?";""
"22808";"230";"iPad mini WiFi  Cellular";"";"2014-11-12 11:18";"Banji";"can I call with iPad mini ";""
"22809";"230";"iPad mini WiFi  Cellular";"";"2014-11-06 02:27";"josh";"Guys! can I ask if How to know if ipad is already jailbroken. coz I have a plan to buy a 2nd hand.  Thank's";""
"22810";"230";"iPad mini WiFi  Cellular";"";"2014-11-06 01:32";"Samin";"Yes.. It is 100% better";""
"22811";"230";"iPad mini WiFi  Cellular";"";"2014-11-03 16:31";"Danish";"you have to download apps hotspot from apps store to use it ";""
"22812";"230";"iPad mini WiFi  Cellular";"";"2014-11-03 10:35";"ali";"G8 very friendly i stronly recommemded for my friends";""
"22813";"230";"iPad mini WiFi  Cellular";"";"2014-11-02 08:31";"merce";"ipad mini is better than asus fonepad 8 or not? please fastest reply me.";""
"22814";"230";"iPad mini WiFi  Cellular";"";"2014-11-02 08:24";"merce";"ipad mini can hotsport or not ? please fastest reply me, because i want to buy or does not buy......";""
"22815";"230";"iPad mini WiFi  Cellular";"";"2014-11-02 08:18";"merce";"ipad mini good or not ?";""
"22816";"230";"iPad mini WiFi  Cellular";"";"2014-11-01 19:51";"xander";"the contact on ipad mini is for face time";""
"22817";"230";"iPad mini WiFi  Cellular";"";"2014-10-29 09:38";"Anonymous";"i thnk dis izz awwwwwsme i m using it since last two years ,this was my first tab or ipad and i havent feel disappointed yet i wil highly recommend you to by dis";""
"22818";"230";"iPad mini WiFi  Cellular";"";"2014-10-27 20:13";"CS";"Hi.. Do we have the option of using iPad as personal hotspot ??";""
"22819";"230";"iPad mini WiFi  Cellular";"";"2014-10-26 10:07";"swa";"can we use whatts app on Apple iPad mini Wi-Fi. ";""
"22820";"230";"iPad mini WiFi  Cellular";"";"2014-10-22 20:53";"jacob";"Yes you can use watsapp application";""
"22821";"230";"iPad mini WiFi  Cellular";"";"2014-10-18 14:46";"Anonymous";"can we use whatts app on Apple iPad mini Wi-Fi + Cellular plse let me know if not then other thing can be used on it  pls reply";""
"22822";"230";"iPad mini WiFi  Cellular";"";"2014-10-17 02:23";"Wendybea";"I was very disappointed that my iPad mini crashed after 16 months. Since the warranty is only good for 12 months, I had to buy a new one. The guys at the Apple store were very helpful but they couldn't fix it. They gave me $100 off a new one, but I would have hoped that it would last longer than 16 months. ";""
"22823";"230";"iPad mini WiFi  Cellular";"";"2014-10-11 02:15";"Anonymous";"I Bought Ipad Mini With Retina Display Wi-Fi Only .3 Days Back . .This Is My First Apple Device. .The Battery Can Last 1 & Half Day .Its Small That It Can Fit In One Hand .If You Need An Tablet,Just Buy Ipad Mini With RetinaDisplay ..You'll Never Get Disappointed . .";""
"22824";"230";"iPad mini WiFi  Cellular";"";"2014-10-06 15:43";"Anonymous";"Totally agree..duped me";""
"22825";"230";"iPad mini WiFi  Cellular";"";"2014-10-05 00:07";"Sarwar";"I want to buy one I PAD mini Wi-Fi with cellular. I stay at Bangladesh where we have local sim like Grameen Phone etc. Can I use any local SIM in that I PAD?";""
"22826";"230";"iPad mini WiFi  Cellular";"";"2014-10-03 08:30";"Rajan Ojha";"This I pad mini is unable to open whatsapp browser.";""
"22827";"230";"iPad mini WiFi  Cellular";"";"2014-09-30 10:31";"Waqar. ";"Can we use Whatsapp on I pad mini??";""
"22828";"230";"iPad mini WiFi  Cellular";"";"2014-09-26 08:38";"";"It's lowest price is &#8377; 29,990";""
"22829";"230";"iPad mini WiFi  Cellular";"";"2014-09-26 08:29";"Shashank ";"Its lowest price is &#8377; 29,990";""
"22830";"230";"iPad mini WiFi  Cellular";"";"2014-09-18 18:24";"Rahul";"What is the lowest prise";""
"22831";"230";"iPad mini WiFi  Cellular";"";"2014-09-13 19:24";"Anonymous";"i don t now tell me please  ";""
"22832";"230";"iPad mini WiFi  Cellular";"";"2014-09-13 07:12";"pradeep siingh";"is there voice calling in this ipad.?? i like this but price is very high, compaire to other ipad.";""
"22833";"230";"iPad mini WiFi  Cellular";"";"2014-09-11 07:03";"Deepu";"Nope you can't use Whats app";""
"22834";"230";"iPad mini WiFi  Cellular";"";"2014-09-08 10:26";"charlie";"can we use whatsapp in ipad mini wifi + cellular please tell im gonna buy this so plzplz reply as fast as you can thank you";""
"22835";"230";"iPad mini WiFi  Cellular";"";"2014-09-04 18:06";"Anonymous";"make a call use only skype?not like an ordinary cellular?";""
"22836";"230";"iPad mini WiFi  Cellular";"";"2014-09-03 16:56";"Pavan";"I want to change my apple iPad mini wi-fi with Apple iPad mini wi-fi + cellular how it is possible";""
"22837";"230";"iPad mini WiFi  Cellular";"";"2014-08-30 09:53";"striker";"You can't make call but can use skype and face time and things like this :D ^^";""
"22838";"230";"iPad mini WiFi  Cellular";"";"2014-08-25 15:44";"Finos";"I'm using this tablet since last year. I bought it for R4500 but that was last year early. what I can tell is that the I pad is very stable. overall i'm happy with this brand. im not an apple fan, they bought me at work, but nw I love its reliability";""
"22839";"230";"iPad mini WiFi  Cellular";"";"2014-08-25 14:21";"kelly pasy";"can u use it to make call?";""
"22840";"230";"iPad mini WiFi  Cellular";"";"2014-08-22 09:06";"yunus";" i want to buy this.......where can i get....even the price.";""
"22841";"230";"iPad mini WiFi  Cellular";"";"2014-08-21 19:22";"shaa";"Where did you buy it from? If you buy it from UAE it doesn't support FaceTime. FaceTime depends upon country base. Some countries are restricted FaceTime ";""
"22842";"230";"iPad mini WiFi  Cellular";"";"2014-08-21 01:01";"Tony";"IPad mini is amazing although the front camera is better than the back camera but everything else is great... I totally suggest the iPad mini. It's easy to hold, with perfect size. Fast and easy browsing. Best iPad yet.";""
"22843";"230";"iPad mini WiFi  Cellular";"";"2014-08-14 12:31";"Shocked Customer";"I am not sure what the primary aim of Apple is in calling an iPad mini cellular, it a rather misleading or alternatively downright deceptive to suggest indirectly that this product doubles up as a mobile phone. I wonder how many members of the public have been caught up by it.";""
"22844";"230";"iPad mini WiFi  Cellular";"";"2014-08-14 11:56";"sav";"Apple ipad mini Wi-Fi cellular dosn't sopport whats up";""
"22845";"230";"iPad mini WiFi  Cellular";"";"2014-08-07 06:27";"Pravin";"Hi, i have upgraded the IOS to 7.1.2 but still i cant able to install watsapp in my ipad. Please suggest me a solution for this. Thanks";""
"22846";"230";"iPad mini WiFi  Cellular";"";"2014-08-05 06:58";"shiva";"Does ipad mini supports watsup. it has no sim facilty";""
"22847";"230";"iPad mini WiFi  Cellular";"";"2014-08-05 06:58";"shiva";"Does ipad mini supports watsup. it has no sim facilty";""
"22848";"230";"iPad mini WiFi  Cellular";"";"2014-07-31 09:50";"Manoj";"There is no option for watsapp in Apple store ";""
"22849";"230";"iPad mini WiFi  Cellular";"";"2014-07-29 10:43";"kamal";"i purchased mini retina it doesn't have facetime, how can i install";""
"22850";"230";"iPad mini WiFi  Cellular";"";"2014-07-28 22:41";"savavo";"you can installed whatapps ....";""
"22851";"230";"iPad mini WiFi  Cellular";"";"2014-07-25 08:35";"vinay187";"is there otg cable support for iPad mini?";""
"22852";"230";"iPad mini WiFi  Cellular";"";"2014-07-23 06:39";"Sam ...India";"At Present I have I pad big retina display....is I pad mini with retina display is same as big one ?";""
"22853";"230";"iPad mini WiFi  Cellular";"";"2014-07-22 08:00";"ice";"how many mah does ipad have???";""
"22854";"230";"iPad mini WiFi  Cellular";"";"2014-07-21 23:34";"Informaticadvice";"Just if you've got an app like viber or skipe, but the iPad hasn't the app named by "phone" that iPhone has.";""
"22855";"230";"iPad mini WiFi  Cellular";"";"2014-07-15 14:02";"GreenTea";"did this ipad mini got personal hotspot???";""
"22856";"230";"iPad mini WiFi  Cellular";"";"2014-07-15 09:57";"Anonymous";"of course";""
"22857";"230";"iPad mini WiFi  Cellular";"";"2014-07-02 21:38";"Emma";"what is the use of contact on iPad mini WiFi since you can't use it for phone call";""
"22858";"230";"iPad mini WiFi  Cellular";"";"2014-06-30 20:23";"";"what about samsung tab or i pad mini is the best.? ";""
"22859";"230";"iPad mini WiFi  Cellular";"";"2014-06-29 10:44";"Shawn ";"Yes you can use it as the Internet Type of Sim ";""
"22860";"230";"iPad mini WiFi  Cellular";"";"2014-06-19 21:46";"";"Cellular marketing for ipad mini is one of the biggest sales lies to date. By an android to get this function. Apple should apologize to advertise that the ipad mini cellular+wifi is a phone as well. Paid for this function as part of ipad mini but must use wifi to make call on with apps";""
"22861";"230";"iPad mini WiFi  Cellular";"";"2014-06-19 21:42";"Andre";"Cellular marketing for ipad mini is one of the biggest sales lies to date. By an android to get this function. Apple should apologize to advertise that the ipad mini cellular+wifi is a phone as well. Paid for this function as part of ipad mini but must use wifi to make call on with apps";""
"22862";"230";"iPad mini WiFi  Cellular";"";"2014-06-09 13:32";"Moin";"No, just with Skype or like that!";""
"22863";"230";"iPad mini WiFi  Cellular";"";"2014-06-03 05:23";"htain minn zaw";"Can i use ipad min wi-fi+cellular as WCDMA ?";""
"22864";"230";"iPad mini WiFi  Cellular";"";"2014-06-01 22:39";"Manoj";"no, The SIM card is for Data only.";""
"22865";"230";"iPad mini WiFi  Cellular";"";"2014-05-29 09:24";"Anonymous";"Hi ,I just want to know that Apple iPad Mini Wi-Fi + Cellular can makes calls. if it makes calls where do you go to access.";""
"22866";"230";"iPad mini WiFi  Cellular";"";"2014-05-26 04:51";"";"I am happy with my ipad mini. I don't have any complain. I have used the old bigger ipad but using this smaller one is much more convenient.   Surely this one is one of the best ipad option of apple. ";""
"22867";"230";"iPad mini WiFi  Cellular";"";"2014-05-20 10:21";"call me jack";"hye there..i have a ipad mini..and i try to added whatsap using ifunbox..u should try it.. ";""
"22868";"230";"iPad mini WiFi  Cellular";"";"2014-05-18 16:15";"jhun";"ipad mini does not have call funtion ,";""
"22869";"230";"iPad mini WiFi  Cellular";"";"2014-05-18 16:07";"Anonymous";"ipad mini does not have call funtion for your info ,";""
"22870";"230";"iPad mini WiFi  Cellular";"";"2014-05-12 01:42";"Kumar";"Alrt is N/A type so no calling use wts up ";""
"22871";"230";"iPad mini WiFi  Cellular";"";"2014-05-01 13:06";"Kumar";"Download from apple store n enjoy wts up";""
"22872";"230";"iPad mini WiFi  Cellular";"";"2014-04-28 18:06";"";"I cant find the phone setting on my ipad mini, even if i'll go on my contacts i cant call them . Anyone can help me find where is the phone call button.";""
"22873";"230";"iPad mini WiFi  Cellular";"";"2014-04-28 17:59";"Mei";"Can we call using ipad mini?coz i can't see the phone settings..even if you go to contacts i can't call the person that was save on my contacts...how is that?";""
"22874";"230";"iPad mini WiFi  Cellular";"";"2014-04-28 14:52";"Anonymous";"Can we make voice calls on iPad mini 2 ?  ";""
"22875";"230";"iPad mini WiFi  Cellular";"";"2014-04-24 21:15";"Bert";"Try to another charger it happen to me also but i use another charger and i discover my usb wire is not working... Hope it will help... :)";""
"22876";"230";"iPad mini WiFi  Cellular";"";"2014-04-23 10:20";"Bellinda";"My Mini IPad won't turn on, I've charged it over night, press both Home and sleep/wake button but still giving me either blurr sort of white screen or black screen. I had it since last year December.   what do I need to do?";""
"22877";"230";"iPad mini WiFi  Cellular";"";"2014-04-18 05:39";"Anonymous";"no whatsapp";""
"22878";"230";"iPad mini WiFi  Cellular";"";"2014-04-16 05:42";"Av";"Does it support Viber, BBM, whatsapp?";""
"22879";"230";"iPad mini WiFi  Cellular";"";"2014-04-14 19:34";"";"appstore";""
"22880";"230";"iPad mini WiFi  Cellular";"";"2014-04-13 13:33";"dummy";"GO to playstore & download budy";""
"22881";"230";"iPad mini WiFi  Cellular";"";"2014-04-11 18:51";"Anonymous";"Excellent";""
"22882";"230";"iPad mini WiFi  Cellular";"";"2014-04-08 19:12";"Anonymous";"Need watsapp";""
"22883";"230";"iPad mini WiFi  Cellular";"";"2014-04-08 08:57";"Salvi Mame";"It is a very grear T divisise and it is very speedy im loving it   ";""
"22884";"230";"iPad mini WiFi  Cellular";"";"2014-03-30 09:03";"Gholam Ali";"yes i think can make call by ipad sim - so must go to cydia/source & add this (  ) search & install phoneit then you able to call other cellphone but i do this i think my ipad have some problem than i cant call other cellphone ";""
"22885";"230";"iPad mini WiFi  Cellular";"";"2014-03-29 05:00";"";"After upgrade Whatsapp Can be installed... plz reply";""
"22886";"230";"iPad mini WiFi  Cellular";"";"2014-03-28 13:05";"Iskandarzmzr";"I have whatsapp on my ipad &#128522;";""
"22887";"230";"iPad mini WiFi  Cellular";"";"2014-03-21 08:06";"tap";"wonderful tablet";""
"22888";"230";"iPad mini WiFi  Cellular";"";"2014-03-18 05:46";"Nexus7";"lol, no Whatsapp? ";""
"22889";"230";"iPad mini WiFi  Cellular";"";"2014-03-16 10:42";"Anonymous";"Ipad 4 mini is an ammazing device, but why is it that one can't install whatsapp application on it,cos this application is one of the best social interacting forum that is frequently used by all.and what is apple doing to correct this for it's users.......Thanx";""
"22890";"230";"iPad mini WiFi  Cellular";"";"2014-03-14 16:53";"aamsi";"can you run a magic jack application on ipad mini +cellular";""
"22891";"230";"iPad mini WiFi  Cellular";"";"2014-03-13 08:42";"Owais";"After jailbrek can we able to download whatsapp ";""
"22892";"230";"iPad mini WiFi  Cellular";"";"2014-03-11 19:42";"am";"ipad mini has not support whatsapp..u must jailbreak hahaha";""
"22893";"230";"iPad mini WiFi  Cellular";"";"2014-03-03 15:30";"";"You can not make cellular calls. You can make only VOIP calls";""
"22894";"230";"iPad mini WiFi  Cellular";"";"2014-02-27 03:22";"";"Can we make calls on ipad mini2";""
"22895";"230";"iPad mini WiFi  Cellular";"";"2014-02-24 15:27";"";"Can i make call with iPad mini 2";""
"22896";"230";"iPad mini WiFi  Cellular";"";"2014-02-24 15:26";"";"Can i make call with iPad mini 2";""
"22897";"230";"iPad mini WiFi  Cellular";"";"2014-02-23 18:45";"Bhongnob";"Nano sim is only for Data, use for browsing internet..";""
"22898";"230";"iPad mini WiFi  Cellular";"";"2014-02-22 03:56";"Caddy ";"Yes of course they do.";""
"22899";"230";"iPad mini WiFi  Cellular";"";"2014-02-20 06:04";"Kulas21";"Do they have HAY DAY game in ipad mini in appstore";""
"22900";"230";"iPad mini WiFi  Cellular";"";"2014-02-20 06:01";"loveApplw";"I suggest ipad must have do a calling.. its will batter than samsung if ipad can making call... and ihope Apple will make it...";""
"22901";"230";"iPad mini WiFi  Cellular";"";"2014-02-08 21:03";"";"No phone calls will be ever available on any generation of ipads or ipods, but however, you can make facetime cals between all apple devices";""
"22902";"230";"iPad mini WiFi  Cellular";"";"2014-02-08 20:59";"";"Yes! It runs as smooth as IOS6 did!!!! (I don't own one, but i tested it in the store)";""
"22903";"230";"iPad mini WiFi  Cellular";"";"2014-02-06 13:59";"wallaaaa";"what do i need to do so i can be able to reciever calls on my ipad . thank you";""
"22904";"230";"iPad mini WiFi  Cellular";"";"2014-02-03 15:25";"hank";"does ios7 run smothly on ipad mini WIFI + Cellular";""
"22905";"230";"iPad mini WiFi  Cellular";"";"2014-02-01 18:05";"Half razy22";"First, put your category into iphone,and install your watzup in your ipad mini..thats it..";""
"22906";"230";"iPad mini WiFi  Cellular";"";"2014-02-01 13:43";"krishna";"it,s a awsome ipad. ";""
"22907";"230";"iPad mini WiFi  Cellular";"";"2014-02-01 02:59";"Dj domeng";"I want to buy this ipad mini wifi + cellular but wanna know is the you tube play fast and clear,how about the internet is also fast because only 512mb ram,suggest me pls.buy it next week.       ";""
"22908";"230";"iPad mini WiFi  Cellular";"";"2014-01-30 15:11";"Aswath";"Hi  Iam Just buy Apple Ipad Mini wifi Cellular 32GB I want to Install Whatssapp for my Ipad  Please tell me how to Install it.  ";""
"22909";"230";"iPad mini WiFi  Cellular";"";"2014-01-19 20:08";"";"iPad Mini 2 provide a call feature?";""
"22910";"230";"iPad mini WiFi  Cellular";"";"2014-01-19 19:57";"shiva730";"iPad Mini 2 provide a call feature?";""
"22911";"230";"iPad mini WiFi  Cellular";"";"2014-01-19 15:24";"murari";"A good gadget for internet user having all qualities of good tablet. it does not possess phone quality. ";""
"22912";"230";"iPad mini WiFi  Cellular";"";"2014-01-13 13:54";"";"This cannot work as a phone and thats why they have a different division as 'iPhone'. But you can insert a sim and use it for internet.";""
"22913";"230";"iPad mini WiFi  Cellular";"";"2014-01-13 13:53";"";"Yes.";""
"22914";"230";"iPad mini WiFi  Cellular";"";"2014-01-13 13:52";"";"You can insert a sim. It's a nano-sim instead of the regular sim. You can reach your nearest network operator and request for one.";""
"22915";"230";"iPad mini WiFi  Cellular";"";"2014-01-07 19:15";"hary";"In ipad mini sim can't insert into it ";""
"22916";"230";"iPad mini WiFi  Cellular";"";"2014-01-04 16:28";"Saud";"Does it have an in-built microphone? Can I talk on Skype, like I can do on Ipad 3? ";""
"22917";"230";"iPad mini WiFi  Cellular";"";"2014-01-02 23:52";"qwa";"iPad mini +wifi + cellular has lightning/charge port only. No onboard USB-standard port. get a lightning to USB adapter. ";""
"22918";"230";"iPad mini WiFi  Cellular";"";"2014-01-02 22:09";"Alex";"Is this can work as phone? or the 2G/3G/4G lite for data only ? , please advise";""
"22919";"230";"iPad mini WiFi  Cellular";"";"2013-12-31 04:25";"";"Its kinda fast even for a older generation tablet..It still performs great";""
"22920";"230";"iPad mini WiFi  Cellular";"";"2013-12-29 14:39";"Anonymous";"rkljgfflkflfvmlgmltk";""
"22921";"230";"iPad mini WiFi  Cellular";"";"2013-12-29 12:12";"Steve";"You can't use iPad mini as a phone. If you need phone buy iPhone.";""
"22922";"230";"iPad mini WiFi  Cellular";"";"2013-12-29 00:57";"luke field";"Is the I pad mini slow ??? ";""
"22923";"230";"iPad mini WiFi  Cellular";"";"2013-12-27 06:27";"";"I bougth Ipad mini 64GB + 4G cellular to my daughter but unfortunately she could not used as a cellular phone, she cannot call and i could could not contact her. Even the green telephone logo(apps)is not there. Is there anyone can help me to resolve this issue..";""
"22924";"230";"iPad mini WiFi  Cellular";"";"2013-12-25 07:21";"Jo";"Is Apple Ipad mini wifi + Cellular is mobile phone as well as it can be use to use internet connection uisng the mobile data";""
"22925";"230";"iPad mini WiFi  Cellular";"";"2013-12-24 22:12";"Yaman Rongta";"No Ipad Mini or any other ipad's won't support the whats app or we chat kind of apps !!";""
"22926";"230";"iPad mini WiFi  Cellular";"";"2013-12-20 15:19";"Anonymous";"is apple ipad mini have whatsapp ??";""
"22927";"230";"iPad mini WiFi  Cellular";"";"2013-12-19 20:34";"Lara";"Why u r asking for credit card details for down loading from iCloud ?";""
"22928";"230";"iPad mini WiFi  Cellular";"";"2013-12-16 06:54";"";"can i send msgs to apple ipad mini Wi-Fi + Cellular using the imessages app using normal call? are all apps available free in ipad?? can i know is it userfriendly? i get some problems in using Ipad Cellular? ";""
"22929";"230";"iPad mini WiFi  Cellular";"";"2013-12-16 01:26";"Femaleofthespecies";"@Steve yes you can make calls on iPad mini with cellular either through FaceTime, Skype or we in the UK have an app called VIBER. I have used Skype and Viber to make calls and no problem ";""
"22930";"230";"iPad mini WiFi  Cellular";"";"2013-12-13 16:03";"Vicky";"Looking Good.....";""
"22931";"230";"iPad mini WiFi  Cellular";"";"2013-12-12 02:10";"kareem";"can me send call from my sim card to any cell phone from this i pad please ?";""
"22932";"230";"iPad mini WiFi  Cellular";"";"2013-12-05 08:00";"zankir..";"Can I connect tiz one with my Android phone over WiFi hotspot..is tiz possible";""
"22933";"230";"iPad mini WiFi  Cellular";"";"2013-12-03 18:06";"icould";"yes i can ";""
"22934";"230";"iPad mini WiFi  Cellular";"";"2013-11-28 06:53";"sam";"Can i use ms office in pad  ";""
"22935";"230";"iPad mini WiFi  Cellular";"";"2013-11-26 07:49";"cesar";"please give us the process how to jailbreak the ipad mini ";""
"22936";"230";"iPad mini WiFi  Cellular";"";"2013-11-26 07:14";"Anonymous";"Can i use my ipad mini in sending regular messges and calls to a any carrier if i jailbreak it?";""
"22937";"230";"iPad mini WiFi  Cellular";"";"2013-11-24 07:17";"srikanthmasterphones";"can i send msgs to apple phones using the imessages app using normal internet? are all apps available free in ipad?? can i know is it userfriendly? i get some problems in using Iphone 4s? ";""
"22938";"230";"iPad mini WiFi  Cellular";"";"2013-11-23 10:35";"Asad";"Hw will I call or msg to other mobiles?";""
"22939";"230";"iPad mini WiFi  Cellular";"";"2013-11-23 10:23";"Asad";"Hw will I send SMS to other mobiles using iPad mini?";""
"22940";"230";"iPad mini WiFi  Cellular";"";"2013-11-18 08:28";"Nords";"No, it will not work as the cell phone.The advantage of having the Cellular is that you can use the mobile service internet connection. and then using the Skype and viber and other calling Apps you can make calls.";""
"22941";"230";"iPad mini WiFi  Cellular";"";"2013-11-17 13:06";"nazeeer";"does IPAD Mini WIFI+Cellular work as a telephone handset ? ";""
"22942";"230";"iPad mini WiFi  Cellular";"";"2013-11-08 14:10";"belal";"just search with name in the appstore.... that's it. ";""
"22943";"230";"iPad mini WiFi  Cellular";"";"2013-11-04 13:58";"ayuni";"Hye. I bought apple ipad series A1455, i want to know..about nano sim.. Anybody xplain to me..";""
"22944";"230";"iPad mini WiFi  Cellular";"";"2013-11-04 09:16";"Anonymous";"Sure why not You need to buy VGA cable.";""
"22945";"230";"iPad mini WiFi  Cellular";"";"2013-11-04 06:10";"Anonymous";"yes u can call only by jailbreaking u r device.................... 1.jailbreak 2.download siri  ";""
"22946";"230";"iPad mini WiFi  Cellular";"";"2013-11-03 15:40";"Shyam";"Phablet";""
"22947";"230";"iPad mini WiFi  Cellular";"";"2013-11-02 09:53";"kutti";"can we call in this ipad ";""
"22948";"230";"iPad mini WiFi  Cellular";"";"2013-11-02 04:38";"Feh";"I have a iPad mini with wifi and cellular ,but I am having a problem with sim internet ,I can't access through net without wifi even after paying for internet package of 2g ,plz help me with this problem,";""
"22949";"230";"iPad mini WiFi  Cellular";"";"2013-11-01 10:23";"Dan";"Yes you can, facetime audio :)";""
"22950";"230";"iPad mini WiFi  Cellular";"";"2013-10-30 13:35";"Anonymous";"Can I connect it to a projector?";""
"22951";"230";"iPad mini WiFi  Cellular";"";"2013-10-30 10:11";"pravin";"Hi, For this we can use only 3g sim card?? 2g data wont be acceptable??  Thanks ";""
"22952";"230";"iPad mini WiFi  Cellular";"";"2013-10-28 05:22";"arun";"can i make voice call in iupad mini with cellular";""
"22953";"230";"iPad mini WiFi  Cellular";"";"2013-10-19 07:00";"Anonymous";"No we can not calling with ipad mini";""
"22954";"230";"iPad mini WiFi  Cellular";"";"2013-10-16 09:32";"abishak";"9 hours ";""
"22955";"230";"iPad mini WiFi  Cellular";"";"2013-10-16 09:28";"Unknown man";"If you use Sim you will get 8 hours backup browsing web etc. and if Wifi 10 hours. And in standby 15 or 16 hours.";""
"22956";"230";"iPad mini WiFi  Cellular";"";"2013-10-15 10:20";"Syed Obaid";"ofcourse ! that is what the major pro feature of this device !";""
"22957";"230";"iPad mini WiFi  Cellular";"";"2013-10-14 18:46";"kelly";"Hey guys.. if I buy ipad mini wifi + cellular can I make call and receive a call when I'm using with a simcard? ";""
"22958";"230";"iPad mini WiFi  Cellular";"";"2013-10-14 17:30";"Pravin";"Hi I am from India i bought new Ipad mini and can anyone of u tel me how is battery backup hw much time its supporting i feel charge getting reduce soon. Thanks";""
"22959";"230";"iPad mini WiFi  Cellular";"";"2013-10-14 03:15";"";"3 - 4 hours";""
"22960";"230";"iPad mini WiFi  Cellular";"";"2013-10-14 03:14";"";"Anyone know how to install whatsapp.. Cannot find it inte app store";""
"22961";"230";"iPad mini WiFi  Cellular";"";"2013-10-14 03:11";"Holaho";"Hi, anyone know how to install whatsapp in tis ipad mini.. I cannot find it in the app store.. Someone?";""
"22962";"230";"iPad mini WiFi  Cellular";"";"2013-10-13 12:40";"nannes";"can it connect to any android mobile through wifi hotspot theathering....";""
"22963";"230";"iPad mini WiFi  Cellular";"";"2013-10-12 15:49";"KulKat";"Its Takes About 3-4 Hours, But If You Use The 12W Adapter (Give From The iPad 4th Gen) It Will Only Take You About 2 Hours (I Have An iPad 4 and Mini";""
"22964";"230";"iPad mini WiFi  Cellular";"";"2013-10-10 07:33";"John";"Please anyone has idea how long ipad mini to recharge its battery";""
"22965";"230";"iPad mini WiFi  Cellular";"";"2013-10-09 14:24";"";"Yes, it does, that was my same concern before buying it, but its very good tablet and slim in the same time, go for it wifi only and use your phone as the WIFI hotspot for data streaming :)";""
"22966";"230";"iPad mini WiFi  Cellular";"";"2013-10-09 13:31";"paachu";"wow ts amazing tab... no words to tell about the device.. really nice job for apple...";""
"22967";"230";"iPad mini WiFi  Cellular";"";"2013-10-05 12:04";"Ozzy84";"Does it support wifi hotspot";""
"22968";"230";"iPad mini WiFi  Cellular";"";"2013-10-04 08:34";"shailesh";"yes you can do it";""
"22969";"230";"iPad mini WiFi  Cellular";"";"2013-10-03 15:17";"Anonymous";"Apple iPad mini Wi-Fi + Cellular can have a 3g sim card for roaming outside wifi connection";""
"22970";"230";"iPad mini WiFi  Cellular";"";"2013-10-02 16:01";"lucky";"Can i voice calling in i pad mini";""
"22971";"230";"iPad mini WiFi  Cellular";"";"2013-10-02 12:17";"";"Awesome. Its apple. Spec doesn't matter. Performance is quit good. Screen perhaps is the downside. Feels no so sharp if already used to Retina ipad or Some 1080p phones.";""
"22972";"230";"iPad mini WiFi  Cellular";"";"2013-09-29 11:12";"sony";"what the differece between ipadmini+wifi & ipad mini wifi+cellular?";""
"22973";"230";"iPad mini WiFi  Cellular";"";"2013-09-28 08:37";"anonymous";"hey how is the game perfrmance it has only 512 MB RAM";""

