"23334";"234";"iPad 3 WiFi  Cellular";"";"2015-01-20 11:58";"Anuja";"does it have voice calls?";""
"23335";"234";"iPad 3 WiFi  Cellular";"";"2014-12-29 21:15";"ovisidd";"AndyD... u mean u say u were Ble to receive SIM. Cals on ur iPad..??... If yes... So should I upgrade my iPad 3 to os 8...???...";""
"23336";"234";"iPad 3 WiFi  Cellular";"";"2014-12-29 21:13";"ovisidd";"U mean to say u were able to receive regular SIM calls on ur I pad??... Of yes.. so should I upgrade to ops 8..??... On my iPad 3";""
"23337";"234";"iPad 3 WiFi  Cellular";"";"2014-11-25 20:27";"Mark";"Very fast with the newest update, not bad for two years!";""
"23338";"234";"iPad 3 WiFi  Cellular";"";"2014-10-24 12:58";"";"When OS8 came out, the feature of receiving calls on an iPad was meant to be only on version 4 or above. but it actually worked on version 3 and even version 2. i did a lot of testing and it was stable. I contacted Apple and spoke to a manager and he was surprise that it work as he tested with me. I said if they brought out an update and this feature was taking away from version 3 or 2 it would be wrong. So OS 8.1 came out yesterday and what have they done, removed the feature. I rang them and they said that you can't revert back to OS 8, but when the release the Beta version they gave you the option to revert back, so why can they do the same now? Simple answer is they want you to spend more money by buying a new version, this isn't right with something like this, and I've made that clear to Apple.";""
"23339";"234";"iPad 3 WiFi  Cellular";"";"2014-10-02 16:53";"Ss";"No call using ipad. It has no gsm modem";""
"23340";"234";"iPad 3 WiFi  Cellular";"";"2014-09-25 11:01";"Ipad 3 phil";"I dont know why cant they have that transparency effect with this device where as the parallax they can. WHY APPLE??";""
"23341";"234";"iPad 3 WiFi  Cellular";"";"2014-09-23 04:46";"predator";"how is the ios 8 update for ipad can any one help me with what are the lags we get after ios 8 update??";""
"23342";"234";"iPad 3 WiFi  Cellular";"";"2014-09-02 23:56";"Anonymous";"That's my 1st time using ipad(aple), soo I don't how to make calls and receive calls using my sim. Soo guys which option I have to use soo that I can know to dial numbers?   Here is my email hemiltonnkosi@gmai.com";""
"23343";"234";"iPad 3 WiFi  Cellular";"";"2014-08-08 16:42";"";"wont work with dongle";""
"23344";"234";"iPad 3 WiFi  Cellular";"";"2014-08-08 16:41";"";"yes, it is there, google it.";""
"23345";"234";"iPad 3 WiFi  Cellular";"";"2014-08-08 16:30";"Anonymous";"it is there, google it.  insert needle into the hole.  @smgs";""
"23346";"234";"iPad 3 WiFi  Cellular";"";"2014-08-04 15:02";"next level++";"my ipad 3g wifi + cellullar have on it no sim.i looked round there is no place to fix my sim.can any one help me where to insert the sim";""
"23347";"234";"iPad 3 WiFi  Cellular";"";"2014-07-16 17:02";"Saamy";"From iPad 3 we can make Video call   Please refer below https://www.apple.com/ios/facetime/   *FaceTime video calling requires a FaceTime-enabled device for the caller and recipient and a Wi-Fi connection. FaceTime over a cellular network requires iPhone 4s, iPhone 5, or iPad (3rd generation) with cellular data capability. Availability over a cellular network depends on carrier policies; data charges may apply. Some features may not be available for all countries or all areas. Click here to see complete list.";""
"23348";"234";"iPad 3 WiFi  Cellular";"";"2014-07-12 10:26";"Rock";"Celllar means you can access internet from the SIM network. ipad do not have calling features. But it is one of the best device you will have";""
"23349";"234";"iPad 3 WiFi  Cellular";"";"2014-07-10 23:58";"sgdooq";"No Flash support in the web browser. How far this disadvantage affects the experience with this device?";""
"23350";"234";"iPad 3 WiFi  Cellular";"";"2014-06-30 05:48";"alem";"the problem for ipad 3 is takes 8 to 12 hours for charging!!!!but excellent ipad especially for downloading movies...";""
"23351";"234";"iPad 3 WiFi  Cellular";"";"2014-06-12 00:08";"merry|";"Is the apple iPad 3 not just showing the amazing pictures that you can take or have on line for you to impress the other people surround you and that colors are incredible and I wonder when it will be 3D";""
"23352";"234";"iPad 3 WiFi  Cellular";"";"2014-05-08 16:58";"tino";"I want to buy apple I pad 3 wifi + cellular but I m afraid that it wont work with my cdma dongle. Can any one tell me that I can connect cdma 2000 1x evdo internet dongle to apple ipad 3 wifi + cellular?  my email is l.n.alu@hotmail.com";""
"23353";"234";"iPad 3 WiFi  Cellular";"";"2014-05-05 08:59";"Anonymous";"Cellular means 2G&3G connectivity through the simcard by service provider.";""
"23354";"234";"iPad 3 WiFi  Cellular";"";"2014-04-29 20:52";"Anonymous";"Cellular means that you have to insert a sim card whereas wifi means you have to pick a wifi signal to make data calls eg skype";""
"23355";"234";"iPad 3 WiFi  Cellular";"";"2014-04-28 11:50";"Anonymous";"LTE 700 MHz Class 17 / 2100 - for AT&T  What is the meaning of AT&T Can anyone help me on this  Thanks in advance";""
"23356";"234";"iPad 3 WiFi  Cellular";"";"2014-04-24 13:12";"narsing";"in apple ipad 3 wifi + cellular , i dont understand cellular means calling facility or insert sim in this ipad. what is the use of cellular... please answer me";""
"23357";"234";"iPad 3 WiFi  Cellular";"";"2014-04-14 15:22";"";"no other phone maker can beat ths brand all hands up to apple excellent software. They can try to compete bt truly they have no match ey always falter along their ideas.";""
"23358";"234";"iPad 3 WiFi  Cellular";"";"2014-03-15 23:03";"Ahab";"First of all, i dont understand why people think that they are OBLIGATED or forced to buy the newest Apples tablet. If you buy iPad G and the very next month Apple releases iPad H, it does not mean that your G is outdated. It is still the same tablet you had last month. Second, why people think that new tablet of some brand is supose to be revolution? Few pixels more, little better cpu or 50grams lighter/5mm does not mean that YOU have to change the device. Its called progres, and it goes step at the time. :)  Now to topic. I was in dilema about should i go for Xperia Z or iPad. Friend of mine has Z and i really like it. As a metter of fact, her Z made me consider tablets and their real usefulnes. Waterproof, very light and impact resistant tablet is very grateful solution. On top of that, design feels really premium. Downside is Android. I really dislike that OS. It seems to be huge resource drainer, and it seems bad by my personal preferences.   Ipad, in other hand, has fairly familiar iOS that i really respect by its smoothness and reliability. I do hate iTunes tho. Other great pros is amazing Retina (hat down to Apple), and great battery life (tho Z has great battery too). Camera aint important to me, nor ultrafast performance since i do not use tablet for gaming. In daily tasks, i really feel no difference between iPads dualcore and Zs quad, 1 and 2 gigs of RAM. Stereo also not important to me. 64gigs internal memory is HUGE pros.   My final conclusion: both tablets seems great to me ( i dislike Samsung 10.1 btw), and there is no "better or worse". IT comes down to personal preferences. For me, it was ipad and i have zero regrets. :)";""
"23359";"234";"iPad 3 WiFi  Cellular";"";"2014-03-02 12:21";"VArDH";"I bought it Apple Ipad 3 64gb + Wifi + cellular .............";""
"23360";"234";"iPad 3 WiFi  Cellular";"";"2014-02-18 19:55";"Anonymous";"Good";""
"23361";"234";"iPad 3 WiFi  Cellular";"";"2014-02-18 19:49";"Anonymous";"Good";""
"23362";"234";"iPad 3 WiFi  Cellular";"";"2014-01-17 16:47";"Om patill";"S";""
"23363";"234";"iPad 3 WiFi  Cellular";"";"2014-01-07 17:11";"hashim";"ya you can make video calls. ";""
"23364";"234";"iPad 3 WiFi  Cellular";"";"2013-12-23 15:30";"Moon";"Definitely you can make skype call using your 3G or wifi, for gsm call there might be some apps on App Store that would allow you to make call and text.";""
"23365";"234";"iPad 3 WiFi  Cellular";"";"2013-12-21 20:05";"ragsh";"hai, i like to buy i pad mini with rtinal disply with cellular. i want to know that it is possible to make skype call from i pad mini to another tab or pc.. i am waiting for your kindly reply>  thankyou";""
"23366";"234";"iPad 3 WiFi  Cellular";"";"2013-12-21 05:01";"syahmi";"Can't call and message...";""
"23367";"234";"iPad 3 WiFi  Cellular";"";"2013-12-04 07:02";"Anonymous";"you can't call,its not GSM";""
"23368";"234";"iPad 3 WiFi  Cellular";"";"2013-11-27 18:12";"Frankie";"With iOS 7.0.4 my iPad restart itself while I'm talking to my Mom on Viber twice now. Hope iOS 8 comes soon";""
"23369";"234";"iPad 3 WiFi  Cellular";"";"2013-10-16 19:54";"Lincoln kabugo";"I want to use my apple iPad 3G wi-fi+cellular. To make it call or as acell phone to reach my baddies and friends Please kindly reply me on  i_kabugo@yahoo.com Remember r this iPad show the network and other data facility but then this?";""
"23370";"234";"iPad 3 WiFi  Cellular";"";"2013-09-29 01:52";"hon07";"i'm planning to buy an ipad mini wifi cellular or ipad 3 wifi cellular but after reading all the opinions i doubted i thought putting a sim in the slot i can use the ipad everywhere especially places that don't have a 3G yet. just register it on mobile internet promos.. ...and it means, it's no use?...";""
"23371";"234";"iPad 3 WiFi  Cellular";"";"2013-09-25 16:54";"2d3";"click reset all settings hope this works on your ipad to remove all lags, it worked on my ipad mini and assitive touch will totally lag on the whole ios 7 os so disable it. :)";""
"23372";"234";"iPad 3 WiFi  Cellular";"";"2013-09-25 16:52";" 2d3";"click reset all settings removed lags my ipad mini wifi on ios 7 hope this works!";""
"23373";"234";"iPad 3 WiFi  Cellular";"";"2013-09-24 23:37";"Junior Olarzu ";"Please my iPad 3 wifi plus cellular new generation , it can not run 4g since I bought it, vpcan anyone help me solve the problem please?";""
"23374";"234";"iPad 3 WiFi  Cellular";"";"2013-09-23 08:44";"Mini";"I upgraded my iPad 3 wifi-cellular to iOS 7 since 4 days. Lags so much. Lags in screen change, lags very badly in scrolling. Really disappointing and not acceptable from apple.  Anybody with similar issues plz share";""
"23375";"234";"iPad 3 WiFi  Cellular";"";"2013-09-22 05:14";"Kwaku";"please the problem is with the charger. Please buy an original ipad charger. That should solve that problem";""
"23376";"234";"iPad 3 WiFi  Cellular";"";"2013-09-22 00:45";"Boypick up";"You cant really charge it tru a computer thats happen to me too. Maybe try to jailbreak your device. Maybe it will help cause when u jailbreak you can have the features like you can connect two or three bluetoot devices at the same time. Keyboard, headset. And you can also connet usb flashdisk, ,mouse via usb connector after you jailbreak the device. So maybe its a solution.";""
"23377";"234";"iPad 3 WiFi  Cellular";"";"2013-09-22 00:40";"Boypickup";"I really prefer the note and tablet from samsung when it comes to the productivity, multitasking dept. but apples ipad has better screen and has a better battery life. Ipad 11,560mah battery compare to note 10 or tablet that has 7k to 8k mah. Productivity and multitasking is really an advantage but if you do those multitasking ull definitely need a bigger battery life to use it all day.i dont want to plug my decvice to an outlet allday. Thats the advantage of ipad. More browsing hours more playtime. Even though ipad didnt have all the multitasking but on the other side it lets u use the gadget a day or two. For more productivity for ipad. I suggest jailbreak your device so that u can use all of the hiiden features of the device same with the android rooting process.and for those who are complaining that they cnt make a call. Did apple said that this is a phone?this is a tablet. Thats why they sell diff device that can make a call wc is the iphone.ryt?and also you can make a call using apps. Therefore i really like samsung note or tab more but i choose ipad because of the battery life.overall both note and ipad are good devices";""
"23378";"234";"iPad 3 WiFi  Cellular";"";"2013-09-17 14:19";"Anonymous";"I have an ipad3 4g model.with ios6.1.3 when i connect the charger it appears notcharging in screen ...//any solution for it ????????";""
"23379";"234";"iPad 3 WiFi  Cellular";"";"2013-09-17 08:02";"";"i have both ipad 3 wifi+cellular and samsung tab 10.1. based on experience if you want to have sms, read and write document, using functionality as pc, easy file manipulation go for samsung tab, its wifi and cellular function would not let you down, except that it is sometimes laggy, the screen quality not so much. but if u just need that extra responsiveness and screen quality, go for the ipad3, but the problem is, u cnt use word processing, sometimes flash videos won't work, you cnt use sms to a normal cellphone... this is really frustrating when you want to register for unli call or txt, or unli internet, promise u cant, ucant even call to a regular land line using cellular function. no there is no cellular function. u may have cellular data though but it must be postpaid. prepaid it wont do you any good. regret that i bought an ipad, coz i only use it over wifi, without wifi its totally shit... used only for games... i prefer to use my samsung... ";""
"23380";"234";"iPad 3 WiFi  Cellular";"";"2013-09-16 20:15";"";"hello guys,, please i wanna ask a question";""
"23381";"234";"iPad 3 WiFi  Cellular";"";"2013-09-11 23:57";"Haris";"This product was Good but Price expensive.";""
"23382";"234";"iPad 3 WiFi  Cellular";"";"2013-09-11 14:31";"Anonymous";"The only problem i encountered with this ipad 3 is its weight and home button. Weight is pretty much a small issue, but the home button, arrgggg it's frustrating when it does not work at some times. But overall, ipad is great tablet, simple and easy to use. I suggest you learn more of icloud and itune syncing cause if you're new, it is a pain in the ass, but as soon as you'll get used to it, you'll loce it";""
"23383";"234";"iPad 3 WiFi  Cellular";"";"2013-09-06 20:50";"chadi";"of course not! its IOS";""
"23384";"234";"iPad 3 WiFi  Cellular";"";"2013-09-01 05:22";"casper";"i love my ipad3......noting bad to say about it!!!";""
"23385";"234";"iPad 3 WiFi  Cellular";"";"2013-08-27 20:44";"dboy";" ipad3 WiFi and cellular is android ?";""
"23386";"234";"iPad 3 WiFi  Cellular";"";"2013-08-25 16:47";"jagadeesh";"I'm planning to buy Apple iPad 3 wifi+cellular 4g.. can any one pls tell me the disadvantages of this iPad??? please suggest me friends";""
"23387";"234";"iPad 3 WiFi  Cellular";"";"2013-08-17 19:54";"mohsen";"newipad can support glonass";""
"23388";"234";"iPad 3 WiFi  Cellular";"";"2013-08-16 13:37";"kemzi";"you cant use whatsapp on ipad ";""
"23389";"234";"iPad 3 WiFi  Cellular";"";"2013-08-09 14:18";"DjAM99";"U can't download whatsapp for ipad! But u can if u have a jailbroken device! If u have a jailbroken device go to my YouTube channel and see how to install whatsapp! YouTube channel link :  U can also see how to jailbreak ur device! Thx....";""
"23390";"234";"iPad 3 WiFi  Cellular";"";"2013-08-04 11:06";"Basil";"How do I download Whatsapp(for free)?! :o Please help! Thank You.";""
"23391";"234";"iPad 3 WiFi  Cellular";"";"2013-07-28 12:54";"aesop sil";"i feel sad because i can not make call to my friends  ";""
"23392";"234";"iPad 3 WiFi  Cellular";"";"2013-07-12 11:25";"Anonymous";"Why u can't make a call,it 's supposed to have cellular";""
"23393";"234";"iPad 3 WiFi  Cellular";"";"2013-07-06 21:02";"keme";"pls were can i get apps and games to download so as to install them with itune pls help me .";""

