"21954";"225";"iPad Air";"";"2015-01-18 15:38";"mayank";"can we connect normal pendrives to ipad air without jailbreaking? is a powered adaptor necessary for this? i wnt to buy it but i am having confusion regarding this.so please answer soon.";""
"21955";"225";"iPad Air";"";"2015-01-17 17:59";"";"IPad air win best tablet award of 2014.";""
"21956";"225";"iPad Air";"";"2015-01-16 14:23";"";"No, but you can use skype";""
"21957";"225";"iPad Air";"";"2015-01-07 20:22";"inzi";"can ipad air be used as phone? ";""
"21958";"225";"iPad Air";"";"2015-01-07 11:43";"JKS";"Air 2 without any doubt";""
"21959";"225";"iPad Air";"";"2015-01-07 00:21";"";"friends can you can you suggest me which ipad should i buy,ipad air or ipad air 2 and why? some experts were telling that ipad air 2 is very thin and external speaker sound is also not good ..... please help me ";""
"21960";"225";"iPad Air";"";"2015-01-07 00:11";"";"i am confused which ipad shoud i buy ipad air or ipad air 2? ";""
"21961";"225";"iPad Air";"";"2015-01-07 00:02";"abhi";"i am confused which ipad i should buy ipad air or ipad air2";""
"21962";"225";"iPad Air";"";"2015-01-05 05:34";"";"Go for ipad mini 2 or 3";""
"21963";"225";"iPad Air";"";"2015-01-01 16:43";"Anonymous";"Mini 3 ofcourse u get a touch id gold colour option compatible device";""
"21964";"225";"iPad Air";"";"2014-12-24 17:17";"Bobby";"I would suggest the iPad air. I have both and the air is far better that the mini.  Bobby  903.262.8491 ";""
"21965";"225";"iPad Air";"";"2014-12-24 04:48";"Anonymous";"awsome ipad air  ";""
"21966";"225";"iPad Air";"";"2014-12-20 10:29";"Anonymous";"I would like to ask ..which is better ipad air or ipad mini 3?..which is better in display and battery?";""
"21967";"225";"iPad Air";"";"2014-12-17 15:30";"Kinik";"Microsoft office works on ipad";""
"21968";"225";"iPad Air";"";"2014-12-13 00:08";"Yes";"Yes";""
"21969";"225";"iPad Air";"";"2014-12-08 18:51";"Anonymous";"do microsoft office programs work for ipad air ?";""
"21970";"225";"iPad Air";"";"2014-12-01 16:49";"Jorge-0-";"Is skype go well with thus tablet??? Ibwork a lot with skype. Thank u all";""
"21971";"225";"iPad Air";"";"2014-11-25 07:54";"";"How is the battery backup?";""
"21972";"225";"iPad Air";"";"2014-11-25 07:53";"";"Finally a helpful review ;) ";""
"21973";"225";"iPad Air";"";"2014-11-22 21:29";"";"S3";""
"21974";"225";"iPad Air";"";"2014-11-22 15:00";"";"Yes ,whatsapp is free.apple AppStore is best and far better than google play. ";""
"21975";"225";"iPad Air";"";"2014-11-18 04:56";"spacebar";"should i use this or the galaxy s3 ?";""
"21976";"225";"iPad Air";"";"2014-11-18 04:49";"Nikie92";"I stopped taking your reply seriously the moment you said 1GB equals 1000MB. It is 1024MB.  To answer your dilemma, an application of 50 MB size may additionally download content from servers (like games) to their dedicated storage (isolated storage for each app). This may increase the file size further. To make it simple.  If you have a note taking app, the blank app is of 50MB, say Add 10000 notes, they would need some space right? that would increase the file size  Thanks!";""
"21977";"225";"iPad Air";"";"2014-11-17 17:19";"";"Please read!!!!!!!!HI Guys I experienced on IPAD Air, apple sell the device as 32GB Is not, most devices sold in the market non of them accurate allways around 2GB short that is fair enough, But with apple Device if you download (3 apps size 50MB each of them in total 150MB, for example if the storage was 28GB, it down to 27GB, if you download few more apps the space storage go down to 26gb or less , for example total apps were downloaded around 500MB, why the hell the device storage go down by 2GB or more?I am sure Not many of you do theses caculation about storsge space, But we all pay lot of money for the device with that storage space. So Guys Apple cheating on the storage devices is not right, all you can do some calculation.1GB is 1000MB &10000 KB. If the Ipad air 32GB you will only Get around 12GB, so the 32GB or 64GB or 128GB, show in the device is fake by apple. I am pretty sure all the Iphones have same fake storage spaces without people realise. I have proof! Guys you are need wake up, I am trying to apple for that. I need your help guys, I am going to open Group page on facebook against apple due to selling devices with non accurate spaces! I will post the group name here soon!";""
"21978";"225";"iPad Air";"";"2014-11-17 17:01";"";"Guys I need I experienced IPAD Air, apple sell it as 32GB Is not 32GB, most devices sold in in market non of accurate that is fair enough, But with apple Device if you download (3 apps size each of them around 50MB it make in total 150MB, for example if the storage was 28GB, it down to 27GB, if you download few more apps , the space storage go down to 26gb or less , for example total apps been downloaded around 500MB, why the hell the device storage go down around 2GB or more? So Guys Apple cheating on the storage devices is not right. If the Ipad air 32GB you will only Get around 12GB, so the 32GB or 64GB or 128GB, show in the device is fake by apple. I am pretty sure all the Iphones have same fake storage spaces without people realise. I have proof! Guys you are need wake up, I am trying to apple for that. I need your help guys, I am going to open Group page on facebook against apple due to selling devices with non accurate spaces! I will post the group name here soon!";""
"21979";"225";"iPad Air";"";"2014-11-17 11:04";"girly";"Can I use WhatsApp application on any ipad devices and is it free on app store";""
"21980";"225";"iPad Air";"";"2014-11-14 09:11";"Gerald";"Where can i buy a simcard for my ipad air in the philippines? i bought my unit in the US";""
"21981";"225";"iPad Air";"";"2014-11-12 01:14";"Sugar";"Ipads does not have phone functionality. Even viber won't function well with this tablet. Hope this answers your question. Why not buy an iphone instead? ";""
"21982";"225";"iPad Air";"";"2014-11-08 18:48";"Anonymous";"Really? Sim I'm iPad air?confused someone please clear......";""
"21983";"225";"iPad Air";"";"2014-11-08 16:43";"Appu ";"yah very nice to use... love it ";""
"21984";"225";"iPad Air";"";"2014-11-08 05:34";"Vk";"Can I attach pendrive to ipad air";""
"21985";"225";"iPad Air";"";"2014-11-05 16:30";"";"After up gradation to8.1 version,multitask gestures not working frequently.we have to reset each time. Is there any solution to rectify the problem.pl inform";""
"21986";"225";"iPad Air";"";"2014-11-05 16:27";"";"After up gradation to8.1 version,multitask gestures not working frequently.we have to reset each time. Is there any solution to rectify the problem.pl inform";""
"21987";"225";"iPad Air";"";"2014-11-05 15:03";"NIK 88 ";"No way that you can use any I pad for phone call. If you want Tablet that can use for calling go to Samsung";""
"21988";"225";"iPad Air";"";"2014-11-04 17:09";"Anonymous";"is it possible to use the ipad air for voice calls?";""
"21989";"225";"iPad Air";"";"2014-10-29 01:21";"seban";"Can I use netsetter on ipad";""
"21990";"225";"iPad Air";"";"2014-10-27 15:22";"";"Whenever apple release a product people will queue up to buy yet is most expensive compare to others, but I tell u don't be jealous is all about good work flawless tech, when u use apple and android the result will speak for itself I have iPhone5 since a year now I am still happy with it because they keep updating the ios add new features if android update you will keep hearing errors after the update ios app are smoothly optimised, apple products don't get spoil easily, don't hang rather it take u back to the home screen u don't need to remove the battery. Or too much heat like some android out there.I will but ipad air2 buy month end.";""
"21991";"225";"iPad Air";"";"2014-10-21 01:09";"";"Same here, we made a bad mistake and bough an Android tablet for my daughter in 2013, very bad idea, she didnt use it and neither did anyone else. We simply never found out what to do with it. Now she had an iPad Air for half a year and she has barely put it down since she got it. She almost never touch her laptop anymore - its almost as covered in dust as the Galaxy tablet was, she dont care about her smartphone anymore as well and her Xbox 360 isnt exactly getting worn out either, unless she has friends over to play Kinect dance games, even though she have the latest and greatest games for girls.   The iPad Air is really THE device, divide the price by the monthly average hours of active use and its easily the cheapest device money can buy. Was actually gonna buy her a new bigger Android smartphone but realized its pointless if it isnt an iPhone, she has Android now and her previous phones were Android as well and she doesnt need or want another Android phone, Android simply isnt catchy or cool to use for modern kids. ";""
"21992";"225";"iPad Air";"";"2014-10-19 09:21";"kironjoel";"I was never a Apple fan until I bought the iPad Air last year. The way this thing handles everything is absolutely amazing. From sharpness of the screen to switching between apps this device is the best. The apps are custom made for iPad and not the same apps as on an iPhone. I use a wifi only model. The battery lasts easily above 12 hours of use and up to a week or two of standby if not used much. After using this device I can clearly see the difference between the quality of apps between Android and iOS and I can definitely say iOS apps are 10/10.  After using this device I am seriously thinking of leaving Android and going with the iPhone 6. Btw I use a Nexus 4 as my phone.";""
"21993";"225";"iPad Air";"";"2014-10-19 06:19";"Anonymous";"voice calling feature are available in ipad air or not???? plz reply i want to buy if this feature is available. ";""
"21994";"225";"iPad Air";"";"2014-10-17 05:25";"Brandondoley";"Honestly I am a iPad Air user and let me tell it's a awesome the way it works is so much better I was an am a android fan and user but as soon as I got my iPad air I was pleased by buying it cause it's worth the money wow it's so sweet it's works fast very helpful and slim ";""
"21995";"225";"iPad Air";"";"2014-10-16 02:29";"Anonymous";"I'm Not an Apple fanboy but u should've backed up your files on icloud/pc ...don't blame apple for your mistake...i've been using the IPad air since December...And never been happier....";""
"21996";"225";"iPad Air";"";"2014-10-15 08:12";"Sanoor";"don't change the pc/laptop,if u use in one system use the same system evrytme,if u chnge the systm it will erase all the datas.";""
"21997";"225";"iPad Air";"";"2014-10-10 09:21";"";"I am using iPad air about 10 months. I am in love with it. this is Awsome device I have ever Used. if you wanna buy it dont wait just do it you can enjoy more then any other tablet in the world.";""
"21998";"225";"iPad Air";"";"2014-10-09 15:04";"Mzahir";"It's an awesome tablet. Beautiful display and it runs effortlessly. Have it for 2 months now. Makes awesome pictures and video. I'm lovin it :)";""
"21999";"225";"iPad Air";"";"2014-10-09 14:32";"Ajmal Ali";"Wonderful experience with I pad Air. can't forget this device. i did everything what i want..Awesome device..I love My Apple..";""
"22000";"225";"iPad Air";"";"2014-10-08 13:39";"Rusty";"Been to Apple store today after 8.2 version update. Needed a passcode after update. Only way Apple Store could make I pad work was by erasing everything. NOT HAPPY. Lost every thing. Will not be buying any more Apple products and will spread the word..";""
"22001";"225";"iPad Air";"";"2014-10-05 13:39";"anto";"Will not support";""
"22002";"225";"iPad Air";"";"2014-10-05 08:20";"";"Every time I connect my iPad to desktop all data gone, how can i stop this, i badly need to copy few picture in my iPad, please help.";""
"22003";"225";"iPad Air";"";"2014-10-02 15:36";"es";"can someone call, sms, wassup and recieve using this gadget? ";""
"22004";"225";"iPad Air";"";"2014-10-01 13:34";"";"Yes you can";""
"22005";"225";"iPad Air";"";"2014-09-25 12:49";"Anonymous";"haha that's the funniest question ever.";""
"22006";"225";"iPad Air";"";"2014-09-23 18:43";"Nonna";"Can't I download books directly from any site by using ipad air ??";""
"22007";"225";"iPad Air";"";"2014-09-22 11:42";"kushal";"no you can't make voice calls on ipad or ipad mini gsm version are only to receive data from sim card ";""
"22008";"225";"iPad Air";"";"2014-09-20 23:07";"";"how do i make voice calls?????";""
"22009";"225";"iPad Air";"";"2014-09-17 16:23";"JB";"How do I make voice calls from my iPad Air?";""
"22010";"225";"iPad Air";"";"2014-09-16 22:18";"andy";"its good";""
"22011";"225";"iPad Air";"";"2014-09-15 21:34";"Slatkar";"I have it since the first air-day. This is something amazing. Best thing ever made. ";""
"22012";"225";"iPad Air";"";"2014-09-15 11:48";"Zayd";"I am using I-pad air since 2 months now I feel more comfortable in terms of browsing. ";""
"22013";"225";"iPad Air";"";"2014-09-14 16:51";"";"Common Apple,release the iPad Air 2,using iPad 2 for 3 years is enough i think";""
"22014";"225";"iPad Air";"";"2014-09-13 05:38";"Ash";"It's the best ipad I have used";""
"22015";"225";"iPad Air";"";"2014-09-12 18:51";"Ipad air user";"I've been using ipad air since january this year, a shift from ipad 3. The experience with ipad air is really exceptional, the interface is very fluid and touch feature is clearly responsive. There is a lot of apps available in appstore both utility and games platform. It is really dependent in itunes when you intend to manage all your apple devices. It may seem a walled garden at the onset but it is very useful in the long run,- it makes it easier to configure your iphone or ipad in an instant and you can even use it as drag and drop facility to copy a video in an instant similar to window explorer. It takes a "getting used to" process and mindset but it works for me. Hope this helps. ";""
"22016";"225";"iPad Air";"";"2014-09-12 17:13";"Nokono";"I have 7 months using iPad Air it is the best. it makes all samsung looks ugly. iPad air nothing beats it";""
"22017";"225";"iPad Air";"";"2014-09-08 22:00";"";"Apple air is too good working ..... ";""
"22018";"225";"iPad Air";"";"2014-09-08 17:40";"Sat";"No Java.........";""
"22019";"225";"iPad Air";"";"2014-09-08 15:44";"";"i would argue. tab s has bette specs and resolution and the same battery time its better in any way imaginable. but ipad air is a good pad no doubt bout it ";""
"22020";"225";"iPad Air";"";"2014-09-08 15:43";"";"comparing android and apple is like comparing night and day... learn ur stuff and come back";""
"22021";"225";"iPad Air";"";"2014-09-08 05:05";"Ravi";"You can't really compare iOS ram requirements to android ram requirements";""
"22022";"225";"iPad Air";"";"2014-09-04 02:36";"Joanafaye";"This is the best tablet! 8600 mah is amazing. I charge it every 2 days. Worth the price";""
"22023";"225";"iPad Air";"";"2014-09-03 10:46";"Anonymous";"1gb of ram, seriously, that's the same as low mid-range droids";""
"22024";"225";"iPad Air";"";"2014-09-03 10:24";"Rambutan";"As a student who's a heavy user of laptops for making word documents, ppts, excel files, etc. I challenged myself to use the iPad Air 64Gb WiFi + Cellular Data variant as a substitute. It has been almost a year and I find it very efficient, functional, and has extended my potential and creativity in making such documents. Also, the battery life is quite impressive.";""
"22025";"225";"iPad Air";"";"2014-09-03 04:53";"Anonymous";"This is the best pad/tab ever to date.. Its smoothness and fluidity beyond than any tab. I do said this because I have experienced a tab previously. Try it then you'll know.";""
"22026";"225";"iPad Air";"";"2014-09-02 17:13";"jb";"i can't make calls or text directly to any phones&#128542;&#128542; why o why?";""
"22027";"225";"iPad Air";"";"2014-09-02 08:04";"777";"I think the only thing that impresses me with Apple is just how they are able to sell their gadgets in such large numbers at such high prices. Been using Air for a month now & the inconveniences, limitations and capability of it shocked me i.e in comparison to high end Windows and Android tablets. Top Sony & Samsung tablets are in another league_easy PnP compatibility with computers and other devices, no need to cumbersomely sync everything with Itunes, not be limited to an Apple world etc. How Apple sells this gadgets the way they do is just puzzling!";""
"22028";"225";"iPad Air";"";"2014-09-01 17:38";"";"N-1 I am so happy.. Works wonderful .";""
"22029";"225";"iPad Air";"";"2014-09-01 13:55";"KRG";"In specification there is written 2G sim type but why calling from sim card is not possible?";""
"22030";"225";"iPad Air";"";"2014-09-01 13:42";"lara ";"i think apple should produce more chipest product , for all those people belongs to middle class familly , and if it will do this then it will become one of the most demanding company around the world ......";""
"22031";"225";"iPad Air";"";"2014-09-01 04:06";"Anonymous";"Best ipad I`ve used, it`s very fast and never fails";""
"22032";"225";"iPad Air";"";"2014-09-01 02:27";"";"Its just a wow...";""
"22033";"225";"iPad Air";"";"2014-08-31 20:57";"Leo";"You can not make phone calls using any ipad yet you can call others using the internet ( via wifi or cellular data ) through facetime, viber, Skype ( even to mobile no. directly ) etc";""
"22034";"225";"iPad Air";"";"2014-08-31 12:57";"Steven Bay";"I hope new ipad has led flash, 8mp back camera, 5mp front camera, and it's called iPad Pro.";""
"22035";"225";"iPad Air";"";"2014-08-29 22:19";"Richo ";"You can't make calls or receive calls from Apple iPad Air.";""
"22036";"225";"iPad Air";"";"2014-08-29 08:15";"Aji";"pls can i use ipad Air to make call ? pls i need answer from anyone , can i use any ipad to make calls? can i call on anyone of ipad ? pls i need answer";""
"22037";"225";"iPad Air";"";"2014-08-25 20:25";"Ga3at78";"Just jailbreake your air and will work fine";""
"22038";"225";"iPad Air";"";"2014-08-25 18:36";"Vignesh";"I love my iPad Air Its not about the features, it's about the work it does dat to soo fluidly I have other tablets aswell but iPad Air is the best when it comes to audio the screen size browsing gaming..n so on n the dude hu said der is no whatsapp for ipad ..u can install if u want to.. Google it u ll see.The main purpose of a phone is to make a call so technologically if someone innovated a new advanced phone with a jet pack on it n it does fly well it won't be called a phone unless it can MAKE A PROPER CALL likewise ipad does the work of a tablet pretty well as it's supposed to .. ";""
"22039";"225";"iPad Air";"";"2014-08-25 17:02";"Titty";"Awesome pad I have ever used... ";""
"22040";"225";"iPad Air";"";"2014-08-25 11:27";"";"only fanboy says like that....hahaha";""
"22041";"225";"iPad Air";"";"2014-08-23 19:34";"Alberto";"It's unwise to mingle with people like you who makes foolish comments to ruin the innocent. IPad Air has won couple of accolades for the best tablets. This happened early this year. where do you reside maybe there's no news coverage in your vicinity. No tablet stands in the presence of IPad Air period. I recommend this iPad air to everyone.";""
"22042";"225";"iPad Air";"";"2014-08-21 10:24";"LV";"Whatsapp is unfortunately not compatible with Ipad Air&#128532;";""
"22043";"225";"iPad Air";"";"2014-08-21 05:15";"";"oh yeah..I see 100 people bring their iPad air with broken screen...";""
"22044";"225";"iPad Air";"";"2014-08-21 05:14";"";"Apple is lame.....don't know how to make tablet and smartphone...";""
"22045";"225";"iPad Air";"";"2014-08-19 20:51";"";"How is Apple ipad Air battery condition... Mine is too worse";""
"22046";"225";"iPad Air";"";"2014-08-16 21:00";"Dan kasha";"I leave in West Africa, Nigeria, is there any app that I can use to make domestic calls in my region";""
"22047";"225";"iPad Air";"";"2014-08-13 12:02";"";"Im getting one this year, apples ipad are solid like rock im using still the first gen. and is working like a charm";""
"22048";"225";"iPad Air";"";"2014-08-11 22:37";"Dan kasa";"In using that app will I be able to make phone call using airtime";""
"22049";"225";"iPad Air";"";"2014-08-11 14:32";"i dont know bro";"i dont know....no...yes... ";""
"22050";"225";"iPad Air";"";"2014-08-09 07:33";"akash";"is whats app and are available on this apple ipad air ?? ";""
"22051";"225";"iPad Air";"";"2014-08-09 05:34";"Anonymous";"Yes. Agreed that internet connection is not required for GPS.  I feel it is removed because of the following reasons: 1. Nearly all map apps require constant internet connection for it to work. Only a few map support offline map navigation.. These apps will be broken when wifi is interrupted.. leading to customer unhappiness. 2. Finding your location with GPS alone takes alot of time.. secs to mins to pinpoint your location. Without cellular towers / wifi who collect the information beforehand (A-GPS) its slow on lockon.. and would affect app responsiveness.  So i feel Apple remove it completely. Its like them to do such things.";""
"22052";"225";"iPad Air";"";"2014-08-08 14:58";"Anonymous";"You seriously thought a device that isn't connected to anything could get GPS information? Haha.   - Yes. you only need data plan to download the map information. but if you already have the map data (like garmin devices) you can get GPS data without any internet connection.";""
"22053";"225";"iPad Air";"";"2014-07-31 17:16";"Anonymous";"apple i pad air rocks the world in 2014";""
"22054";"225";"iPad Air";"";"2014-07-31 16:50";"GUI";"Why the 3G is not working ...";""
"22055";"225";"iPad Air";"";"2014-07-25 22:42";"Carlos-Robdelusional";"And BTW, of course it doesn't have GPS. Its WiFi only   You seriously thought a device that isn't connected to anything could get GPS information? Haha.   Tether your WiFi only iPad to your phone. Drive somewhere. Open Maps on the iPad and tell me if it can't find you.   You're really a troll. ";""
"22056";"225";"iPad Air";"";"2014-07-25 22:33";"Carlos-Robdelusional";"12" is way too big for a tablet.   Holding the Note Pro tablet for a while is very uncomfortable. Just after a few minutes.   I don't think Apple will have a 12" tablet at all. It will be a 12" Macbook Air. ";""
"22057";"225";"iPad Air";"";"2014-07-25 22:31";"Carlos-Robdelusional";"Not necessarily.   16:9 is wide and allows for better multi window mmultitasking. In the 12" pro line you can have up to 4 windows split screen at the same time.";""
"22058";"225";"iPad Air";"";"2014-07-25 22:13";"Carlos-Robdelusional";"9.7" is perfect for people who want that size. Some want 7". Some 8". Some 10.*" whatever. It is a personal choice.   And yes. The 10.5" Tab S is imperfect. It lags like crazy, it overheats and the plastic back warps. ";""
"22059";"225";"iPad Air";"";"2014-07-25 22:11";"Carlos-Robdelusional";"Well the iPad supports SD Cards, but only to copy pictures and videos to your iPad, not vice versa.";""
"22060";"225";"iPad Air";"";"2014-07-25 02:53";"4:3 best for tablet";"Nothing against Samsung 10.5  I just do not like anything in 16:9 or 16:10 formfactor in a tablet. Good for video and nothing more.  4:3 on tablet is better.";""
"22061";"225";"iPad Air";"";"2014-07-24 16:41";"Jeet";"Yeah....ipad air is awesome i have this 1 month before its 128 gb its great i like it so much....nothing to compare";""
"22062";"225";"iPad Air";"";"2014-07-24 15:50";"iphone die Hard fan";"I have used iPad 2 & 4 but now using iPad air which without doubt has played a pivot role of familiarizing myself to 9.7 which is perfect if you come from iPad background like me. I overheard that Apple is gonna release 12 inches which I'm not interested to, the same as 5.5 iphone. Keep it small says, the founder of Apple";""
"22063";"225";"iPad Air";"";"2014-07-24 01:16";"Neutral";"Sorry but Apple is extremely on your mind if you think 9.7 is "PERFECT", Samsung has recently released 10.5 is that imperfect ? Oh yeah because you are apple's die hard fan we can expect that";""
"22064";"225";"iPad Air";"";"2014-07-17 20:48";"jaydeb";"it is better then the other feature of mob so is the best...thank you";""
"22065";"225";"iPad Air";"";"2014-07-16 07:21";"FONE MAX";"even with 1 gb of ram on the te air it play games,handle tasks and works quickly.love the air and also its rear camera couse it takes good photos";""
"22066";"225";"iPad Air";"";"2014-07-15 22:38";"iphone die hard fan";"You're out of your mind 9,7 inches is perfect. is samsung paying you for this?";""
"22067";"225";"iPad Air";"";"2014-07-14 17:06";"Anonymous";"New Ipad need to be 12 inch !";""
"22068";"225";"iPad Air";"";"2014-07-12 06:30";"Anonymous";"Hmmm .. you seems to be a person who do not do much reading.  If you inform yourself good enough, Both from Apple Website and GSMARENA. You should know the wifi version do not have GPS.  And if you bother to search the App store, read reviews, apps, you should know there are apps that support DLNA.   And IMO, the sd slot card does not support iOS sandbox app architecture.  And i do not know your anger towards Mavericks and iTunes..  Solution very easy: Just sell your iPad, iDevice, Bootcamp Windoze for all your Macs.. and buy WP phones or Android.. and welcome yourself to another set of problems.";""
"22069";"225";"iPad Air";"";"2014-07-11 05:54";"";"I bought an iPad Air for my wife as a Christmas gift. Having owned numerous Apple products over the years - including an iPhone and first gen iPad which had every option available - the choice seemed good at the time.  But it wasn't. Further, it really didn't take more than a month to feel the sting of a bad purchase.  Why?  Well, the choice when buying one of these 'premium' pads basically comes down to how much you can live with paying vs. what your perception of what you'll get.  Here's what we discovered with a 32 gb wifi version that cost roughly 600.  First - and I must say incredibly - it doesn't have gps :(((. Even the cheapest, bare bones Android offerings have that. To be honest our first gen iPad had it and it never occurred to us that Apple would rip people off this way. ((Think about it. You're paying for a premium product that you can use the map function for once you step out the door. That's just thievery ... it sure as h.ll isn't 'high end'.))  Second - and this again is a major disappointment - it doesn't support DLNA. Sure, I hear people thinking aloud about the unfairness off this comment as surely you can use additional Apple gear ... Air play, Time capsule, etc, but really, should you have to cough up more after plunking down hundreds to get on board? DLNA equipped devices - many Android offerings, both cheap and expensive - merely require a wifi connected secondary device. Since you already need one to 'connect' to the net the cost has been born and you needn't spend another cent.  Next is the absolutely horrible iOS 7. Like I wrote (much) earlier I am a lifelong Apple user. I think I have had at least one of just about anything they've ever produced - including my MBP 15 and G5 desktop as well as an older G4 that has travelled around the world with me a few times .... these are really good products - but I've got to say that iOS 7 is a disaster. Apple has also shot itself in the foot with Mavericks, but I've still got faith. They did after all fire a few lead people on these projects ... one should keep hope, but again the whole interface of iOS 7 is clunky, sloppy, 'non' intuitive and frankly anti Apple.  Then you've got the age old problem of iTunes. Who could really love this sloppy octopus?  Add to that I already knew that there wasn't an external memory slot (honestly Apple, where is the difficulty in that?).  No, on the whole (and I could say more) this iPad Air quickly became a regret. There's far more to these things than technical specs and biased comparisons of RAM types, speeds and processor capabilities. Sometimes it comes down to what your device actually has on offer and what you've paid for it.  In that reguard and considering the real lack of innovation - something I've always thought highly of in the Apple techno sphere - an iPad (including the mini) is money poorly spent :(((. If the consideration stopped merely at fluidity of the user experience, or the stability of the device then yes, up to a point Apple still delivers a reasonable product.  But better?  Sadly, no.";""
"22070";"225";"iPad Air";"";"2014-07-10 13:40";"RV";"The ram used in ipad/iphone is used in computer/laptop ";""
"22071";"225";"iPad Air";"";"2014-07-10 04:15";"Anonymous";"RAM is where the instructions for the CPU are stored temporary.  Because retrieve instruction from storage is slow like snail.  DDR3 is a means or method of storing it on the RAM u find it on PCs/Macs.. Phones use LPDDR3 instead.. slower but more energy efficient.   A7 chips contains 1GB LPDDR3 64bit long with L1 ~ L3 cache. Cache is very important compared to RAM.. as its very very fast compared to RAM.. S800 only have 32bit 2~3GB LDDR3 RAM.  In a A7 chip CPU.  CPU -> check L1 cache (64KB) -> check L2 cache (1MB) -> check L3 cache (4MB) before checking the RAM. (L1 fastest.. L2 slower.. L3 slowest.. RAM even slower.. Storage is snail speed)  To compare.. S800 chip. It has 32KB L1 cache, and 2MB L2 cache.. Much much less then A7 chip. But it make it up by processing faster and having more cores.. at 2.3Ghz cycle.. compared to much slower A7 chip at 1.3Ghz. Having more cores however is subjective.. if the process is capable in supporting parallel processing.   A speed of a CPU is determined how fast it can process the information..  Apple resolve this by having large cache, so to avoid using the slower RAM / Storage. Qualcomm resolve this by having more cores, faster clock speed, and bigger RAM.  In terms of energy consumption.. A7 performs very well.. thus the battery life of iPad is good. ";""
"22072";"225";"iPad Air";"";"2014-07-09 23:05";"Anonymous";"How can I import things from computer with windows to iPad?";""
"22073";"225";"iPad Air";"";"2014-07-09 15:06";"Cape Town";"IPad Air is the best it has won many awards as the best iPad. Google it you'll see it. Guys, what does 1GB RAM DDR3 mean?";""

