"23817";"240";"iPhone 4";"";"2015-01-19 21:01";"lorenzo";"Change your simcard into another 4ne & search network and take it back into i fone it will work";""
"23818";"240";"iPhone 4";"";"2015-01-19 20:31";"";"if phone is locked how do you get it unlocked? do have too send it to factory ";""
"23819";"240";"iPhone 4";"";"2015-01-18 17:23";"tahir";"lock";""
"23820";"240";"iPhone 4";"";"2015-01-17 18:01";"";"IPhone 4 win best smartphone award of 2011.still best using iPhone 4 in 2015 without doubt.";""
"23821";"240";"iPhone 4";"";"2015-01-15 06:28";"real";"to unlock my iphone4";""
"23822";"240";"iPhone 4";"";"2015-01-14 10:34";"Tip";"Microphone not working during call.. please help";""
"23823";"240";"iPhone 4";"";"2015-01-12 11:36";"arun";"how can i download songs using itunes it doesnt open itunes ";""
"23824";"240";"iPhone 4";"";"2015-01-12 04:58";"Walter";"i got the same problem here. your phone was locked, mine was locked to rogers and when i use fido sim card it shows up the same words";""
"23825";"240";"iPhone 4";"";"2015-01-10 09:22";"";"i restore my mobile now i did not start my phone its showin that my sim is not valid please help to start my phone my email is- mrbillal.says@gmail.com";""
"23826";"240";"iPhone 4";"";"2015-01-08 16:13";"dante t";"go to customise service or your operator which you buy the iphone to unlock it to sim free otherwise you can't.";""
"23827";"240";"iPhone 4";"";"2015-01-08 16:12";"Anonymous";"go to costumers service and open it, otherwise you can't.";""
"23828";"240";"iPhone 4";"";"2015-01-07 08:15";"Anonymous";"how to open my iphone4 password not remember me... ";""
"23829";"240";"iPhone 4";"";"2015-01-04 14:38";"dipu";"how to activate iPhone 4 when the apple id block";""
"23830";"240";"iPhone 4";"";"2015-01-03 20:48";"sam";"how to unlock the sim networking on my iphone 4 ";""
"23831";"240";"iPhone 4";"";"2015-01-03 09:23";"sellappa";"hello,best phone yaar.dont worry..i used last 2 years.. never problem...superb phone.. i like this phone... ";""
"23832";"240";"iPhone 4";"";"2015-01-03 09:12";"rk";"Plz tell me how can i download videos from youtube on my iphone 4  Plz plz plz";""
"23833";"240";"iPhone 4";"";"2015-01-03 08:43";"DK";"i have iphone 4, how can i download music";""
"23834";"240";"iPhone 4";"";"2015-01-02 16:03";"Omda";"My iphone 4 was excellent then it started to reboot plus hard boot at opening..i tried many solutions but nothong changed sometimes the vibrator keeps working byitself...PlsHEElp";""
"23835";"240";"iPhone 4";"";"2014-12-30 14:43";"";"Download xender app from AppStore for file sharing.";""
"23836";"240";"iPhone 4";"";"2014-12-30 11:35";"maanzoni";"of course ! I use whatsapp,FB and viber with it ";""
"23837";"240";"iPhone 4";"";"2014-12-26 18:00";"037";"can I use whats app nd fb on it";""
"23838";"240";"iPhone 4";"";"2014-12-26 14:11";"samsung";"this phone sucks,i have it and you need to update the software because if not it will slow down,dont buy it,but if you want iPhone so much buy iPhone 5 or the newiest 6";""
"23839";"240";"iPhone 4";"";"2014-12-26 08:49";"farrukh";"i m so setisified from this phone love u apple";""
"23840";"240";"iPhone 4";"";"2014-12-23 06:19";"Anonymous";"it is good and better reply";""
"23841";"240";"iPhone 4";"";"2014-12-19 22:12";"Anonymous";"No expandable memory, only memory is the 8/16/32/64gb ";""
"23842";"240";"iPhone 4";"";"2014-12-19 16:48";"gelo";"no because it receive by iphone to iphone use only.. ";""
"23843";"240";"iPhone 4";"";"2014-12-19 12:45";"i love iphone";"i cant send files by bluetooth to other phone likse samsung or htc or.........";""
"23844";"240";"iPhone 4";"";"2014-12-18 15:58";"Ar As";"Hmm, no there is no FM radio on iphone 4 peace of crap phone, I have it...";""
"23845";"240";"iPhone 4";"";"2014-12-18 15:51";"Ar As";"Hmm, no there is no FM radio on iphone 4 peace of crap phone, I have it...";""
"23846";"240";"iPhone 4";"";"2014-12-18 08:10";"Hisyam";"to download the apps and game, does it require wifi connection or can use the data connection?";""
"23847";"240";"iPhone 4";"";"2014-12-17 14:25";"Three-Dimensions";"This is false. The apple iPhone 4 does have a radio function.";""
"23848";"240";"iPhone 4";"";"2014-12-17 08:50";"";"Yes you can";""
"23849";"240";"iPhone 4";"";"2014-12-14 19:27";"";"It has 8mp camera and full hd video. it,s good but 512mb ram is small because rom is 16/32/64gb. I like working in internet 2 cores are good.";""
"23850";"240";"iPhone 4";"";"2014-12-14 19:17";"Anonymous";"apple iphone 4s is real gaming smartphone. i like it but 512mb ram is very little ";""
"23851";"240";"iPhone 4";"";"2014-12-14 08:42";"cikku";"This is no comment , posting a complaint regarding iPhone 4,suddenly, my phone is dead from today morning ,pl give me reoly";""
"23852";"240";"iPhone 4";"";"2014-12-14 08:21";"vinoth";"nice phone... evergreen super model from apple.. love it..";""
"23853";"240";"iPhone 4";"";"2014-12-13 15:32";"Anonymous";"plz conform me if i can install whatsapp and FB apps to iphone 4";""
"23854";"240";"iPhone 4";"";"2014-12-12 08:58";"Arjun basan";"hey friends can i move to ios 7 to ios 6 ??? i have an iphone 4.... thanx in advance....";""
"23855";"240";"iPhone 4";"";"2014-12-08 16:45";"Anonymous";"i guess its not that bad";""
"23856";"240";"iPhone 4";"";"2014-12-07 02:14";"Toe gyi";"I can't hear clearly,too.how do u do that";""
"23857";"240";"iPhone 4";"";"2014-12-06 23:02";"Anonymous";"it sucks ok trow it away";""
"23858";"240";"iPhone 4";"";"2014-12-06 21:38";"Marian";"The best! ";""
"23859";"240";"iPhone 4";"";"2014-12-06 15:08";"";"Death grip issue .Buy 4s or 5s like me.";""
"23860";"240";"iPhone 4";"";"2014-12-05 18:23";"gogo";"iphones sucks they are so complicated everything itunes i got bored";""
"23861";"240";"iPhone 4";"";"2014-12-05 14:01";"Ones";"Urgent: my iPhone 4keeps rebooting from time to time..even I've formatted it the problem remains.. What should I do please help";""
"23862";"240";"iPhone 4";"";"2014-12-04 17:12";"Saa";"Yes u can download whatsapp application.";""
"23863";"240";"iPhone 4";"";"2014-12-03 18:00";"Anonymous";"Yes. It has front camera.";""
"23864";"240";"iPhone 4";"";"2014-12-03 17:57";"Anonymous";"lol lol";""
"23865";"240";"iPhone 4";"";"2014-12-03 12:57";"Anonymous";"if their have a camera on the front of the phone??";""
"23866";"240";"iPhone 4";"";"2014-12-02 12:35";"Asif";"My phone suddenly lost the sim signals and searching for sim all the time no calls possible. What happened and what should I do. remaining all is OK.";""
"23867";"240";"iPhone 4";"";"2014-12-02 11:20";"Anonymous";"It accept bluetooth head set or not?";""
"23868";"240";"iPhone 4";"";"2014-12-01 17:59";"beth";"couldn't hardly hear anyones voice with speaker on high volume. I sucked on the speaker and now it works! that's amazing! ";""
"23869";"240";"iPhone 4";"";"2014-11-29 18:44";"Anonymous";"no";""
"23870";"240";"iPhone 4";"";"2014-11-29 18:08";"";"No, the phone is too outdated to have iOS 8, sorry.";""
"23871";"240";"iPhone 4";"";"2014-11-28 16:15";"Arjun basan";"hey friends i had bought iphone 4 yesterday from my frnd and i had 7.1.2. i have to ask that can i update my phone to ios8 ?? thanx in advance...";""
"23872";"240";"iPhone 4";"";"2014-11-28 12:25";"Ogirl";"of course it has but first you should download it :)";""
"23873";"240";"iPhone 4";"";"2014-11-28 08:58";"X-MUNA-CARE";"does this phone have whatsup..?";""
"23874";"240";"iPhone 4";"";"2014-11-27 13:59";"aarun";"why you telling like that what is  ";""
"23875";"240";"iPhone 4";"";"2014-11-27 07:51";"nmharleyrider";"That's helpful NOT!!!";""
"23876";"240";"iPhone 4";"";"2014-11-26 17:11";"no name";"cool phone awesom  ";""
"23877";"240";"iPhone 4";"";"2014-11-22 17:08";"No name";"I've one and I think that it's the best I've bought it since 4 year and its still works ";""
"23878";"240";"iPhone 4";"";"2014-11-22 09:42";"Anonymous";"Hee hee hee";""
"23879";"240";"iPhone 4";"";"2014-11-22 01:39";"";"i want to make use of my iphone please";""
"23880";"240";"iPhone 4";"";"2014-11-19 13:46";"mostafa";"is iphone better than android and in which area  &#1607;&#1604; &#1575;&#1604;&#1575;&#1610;&­;#1601;&#1608;&#1606; &#1575;&#1601;&#1590;&#1604; &#1605;&#1606; &#1575;&#1604;&#1575;&#1606;&­;#1583;&#1585;&#1608;&#1610;&#15­83; &#1601;&#1609; &#1575;&#1609; &#1582;&#1575;&#1589;&#1610;&­;#1577; ";""
"23881";"240";"iPhone 4";"";"2014-11-17 08:17";"marlza";"My sis giving me her iphone 4 - can u download bbm n whatsapp on this phone? And does it have a space for extra memory?";""
"23882";"240";"iPhone 4";"";"2014-11-15 07:49";"avi";"Push on/off switch along with single keypad (lower) for few swconds";""
"23883";"240";"iPhone 4";"";"2014-11-14 11:40";"Chris";"Hope you have charged the mobile atleast for 15 to 20 minutes, it takes sometime to Turn ON and is not like other smart phones. Once you get used to it you will feel the real difference from the rest.";""
"23884";"240";"iPhone 4";"";"2014-11-14 07:18";"nhrobin";"Have use the phone going on 4 years and have been very pleased!! Had a bit of a learning curve but, with persistence have achieved good usage from this very quality phone. I am ready to upgrade to another in the coming year. Use of an Otter Box has been helpful for protecting my phone from the occasional drop also. Really enjoyed it!!!";""
"23885";"240";"iPhone 4";"";"2014-11-13 07:41";"ayin";"my iphone 4 cannot turn on! please help me .. pleasee!!  buying yesterday";""
"23886";"240";"iPhone 4";"";"2014-11-12 02:31";"Anonymous";"No remedy for that, I already visited to Apple service Center, they suggest it happens normally";""
"23887";"240";"iPhone 4";"";"2014-11-12 02:23";"Anonymous";"It is the most ghatia (valueless) phone ever I used, the phone got hang 3 to 4 times daily, whenever I approach to Apple service Center , they suggest me , it normally happens , no remedy for that. Some times I think I will through it in garbage or latrine. ";""
"23888";"240";"iPhone 4";"";"2014-11-11 18:09";"Hassan Ahmad";"Indeed bro!!";""
"23889";"240";"iPhone 4";"";"2014-11-09 14:23";"";"Complicated phone ";""
"23890";"240";"iPhone 4";"";"2014-11-09 10:09";"Anonymous";"its a great phone . awsome camera quality and outlook.";""
"23891";"240";"iPhone 4";"";"2014-11-08 19:51";"skiopos";"best phone ever still looks and works great from 2010-and going to 2015";""
"23892";"240";"iPhone 4";"";"2014-11-08 04:04";"arsh";"excellent iphone 4";""
"23893";"240";"iPhone 4";"";"2014-11-06 17:43";"gopu";"its really awesome,better than android phones";""
"23894";"240";"iPhone 4";"";"2014-11-06 14:00";"Anonymous";"nope over wi-fi only";""
"23895";"240";"iPhone 4";"";"2014-11-06 11:11";"Anonymous";"Does it support videocalling over 3g!";""
"23896";"240";"iPhone 4";"";"2014-11-04 09:29";"bhuva";"Is it worth to buy iphone4 now.. ";""
"23897";"240";"iPhone 4";"";"2014-11-04 03:58";"Rleen";"$80";""
"23898";"240";"iPhone 4";"";"2014-11-03 18:18";"";"120 - 130 euros";""
"23899";"240";"iPhone 4";"";"2014-11-03 15:55";"";"My brother has one and I have had a go and I love it its really fast and with being able to have hands on experience with the iPhone";""
"23900";"240";"iPhone 4";"";"2014-11-02 14:09";"zhongquan";"can i know what the perfect price to sell an iphone 4 that ald use for 4 year but all in good condition";""
"23901";"240";"iPhone 4";"";"2014-11-02 08:43";"Anonymous";"Is it safe to downgrade ios 7.1.2 to 6.1.3 ";""
"23902";"240";"iPhone 4";"";"2014-11-01 04:25";"honest ";"i have been using this phone for the past two years ..... in this last two years of ownership i never felt a lag nor like like an underdog for owning an old iphone ... even the current flagship holders move aside for this beautifull piece of mechanism ... as for as my next upgrade its defenitely an iphone ";""
"23903";"240";"iPhone 4";"";"2014-10-31 10:16";"SAM";"Wow its a great phone.clearity of camera is awesome ,,,,,";""
"23904";"240";"iPhone 4";"";"2014-10-31 10:15";"SAM";"its a great phone.. ";""
"23905";"240";"iPhone 4";"";"2014-10-29 20:51";"nofuture";"It shouldn't be able to go to IOS 8, it's like teaching your grandpa how to use instagram filters ;)";""
"23906";"240";"iPhone 4";"";"2014-10-28 16:18";"";"its awesome phone rlly i have it mine with iOS 7.1.2 and it works flawlessly even for a single core proccesor.. and ofc it works much better that other android phones, even with quad-core processor. :)";""
"23907";"240";"iPhone 4";"";"2014-10-28 11:30";"zaighuam";"i have iphone 4 its came from uk its lock in uk hicksion how to unlock this phone plz tell me";""
"23908";"240";"iPhone 4";"";"2014-10-27 16:45";"manham";"the camera mega pixel should be much more increased but the perfomence of the phone is best  just like a one gb ram only problem is we CANNOT UPGRADE TO IOS 8";""
"23909";"240";"iPhone 4";"";"2014-10-27 00:35";"Cecep";"Does iphone 4 support for LTE?";""
"23910";"240";"iPhone 4";"";"2014-10-25 17:33";"";"Make a AppStore account,you can download Skype from there.";""
"23911";"240";"iPhone 4";"";"2014-10-25 10:36";"Anonymous";"awsome performance and is = to iphone 5/6 ";""
"23912";"240";"iPhone 4";"";"2014-10-25 10:28";"kamrul";"i can't use internet in my iphone 4. please inform me how i can use internet 3g.";""
"23913";"240";"iPhone 4";"";"2014-10-24 14:18";"venson dsouza";"I am not happy with iphone 4 it is the worst ";""
"23914";"240";"iPhone 4";"";"2014-10-24 09:07";"RAFEEK";"i could not hear either music or videos through built-in speaker. if the earphone connected, then only i hear the music. why....?";""
"23915";"240";"iPhone 4";"";"2014-10-24 03:47";"diwakar";"when call is came in my iphone rapidly 3 4 times the lock doesnt work means the lock doesnt open..............??????? plz give me idea ";""
"23916";"240";"iPhone 4";"";"2014-10-23 18:40";"jual";"How can i download skype ?";""
"23917";"240";"iPhone 4";"";"2014-10-22 05:41";"moynul";" I could not down any thing. How can ?";""
"23918";"240";"iPhone 4";"";"2014-10-20 11:08";"iphne ";"Safari is the default browser in i phone. you can start browsing by opening safari. go to settings, cellurar data and switch it on,if u have 3G then select 3 G also. u can download opera also once u access net.";""
"23919";"240";"iPhone 4";"";"2014-10-18 19:18";"ebusco";"i want to browse on my iphone 4, but i dont know how to start up my browsing facilities ";""
"23920";"240";"iPhone 4";"";"2014-10-16 23:34";"Nick";"Stuck with the same confusion, but BB is too expensive for any apps when compared to I phone. I have a BB Pearl since 3 yrs, the data plans, message balance, everything are to be activated separately for BB, For BB you have to activate only BB plans to run your phone completely, I phone gives you freedom with all such things.  I ";""
"23921";"240";"iPhone 4";"";"2014-10-16 15:26";"ZAKARIA";"hi all friend i wanna by phone who is the besr iphone 4 / Blackberry Z10 pls help me";""
"23922";"240";"iPhone 4";"";"2014-10-16 13:21";"";"i have iphone 4,, how to connect my external Bluetooth to iPhone..? it is ok to connect even if the external Bluetooth not related brand to iphone? any idea.. please share...thank";""
"23923";"240";"iPhone 4";"";"2014-10-15 19:51";"Mac";"My Iphone 4 is stuck in recovery mode after attempts to recover the phone it says error 3193 can anyone help me with any suggestions please?.";""
"23924";"240";"iPhone 4";"";"2014-10-12 19:33";"YoloSwagCashMoney";"No";""
"23925";"240";"iPhone 4";"";"2014-10-11 18:39";"";"Apple may give the update of iOS 8 for iPhone 4 but I think i8 couldn't have the capacity to run ios 8.";""
"23926";"240";"iPhone 4";"";"2014-10-11 00:41";"jpb";"No'p : The IPhone 4 can't be upgraded past IOS 7.1.2. ";""
"23927";"240";"iPhone 4";"";"2014-10-10 07:46";"Anonymous";"Does Iphone.4 support IOS 8.???";""
"23928";"240";"iPhone 4";"";"2014-10-09 18:30";"Mac";"Hello Everyone, Iphone 4 has been working good until 2 days ago the internet connection works on the chat applications can anyone help resolve this? I can't reset my phone either because its goes " your internet is offline check and try again" I really need help please anybody?";""
"23929";"240";"iPhone 4";"";"2014-10-09 13:18";"Prajee";"Hi   Can anybody can help me..my iphone 4 getting switch off auto,atically and change the time to older.i changed battery also having same issue..... ";""
"23930";"240";"iPhone 4";"";"2014-10-08 14:20";"Gyanendra kumar";"It is a great phone. A little costly still having all the feature for normal use. The camera is awesome and music quality is quite decent.";""
"23931";"240";"iPhone 4";"";"2014-10-08 07:01";"Surabhi";"It's such a worst phone i ever came across.";""
"23932";"240";"iPhone 4";"";"2014-10-06 09:30";"xz458";"The specs of the Blackberry are way better because it was only released last year compared to the iPhone which was released in 2010. The much larger amount of RAM and the faster processor would make it run a lot smoother as well. However, the iPhone would be able to get a lot more apps than the blackberry because it's app store is used by so many more people, so if you have some favourite apps, chances are that you wouldn't be able to get them. I'd personally go with the iPhone because apps are such an important part of your use of the phone, but if you're not going to mind the much smaller variety of apps, go with the blackberry.";""
"23933";"240";"iPhone 4";"";"2014-10-06 05:45";"Logan";"yes trade him";""
"23934";"240";"iPhone 4";"";"2014-10-05 10:02";"tonix";"one of my frnd ask me to exchange his blackberry z10 with my i phone 4 16 gb ,,is it a nice deal ? am oki with iphone but bb gt 2 gb ram insted of 512 mb !!plz help ,,tanks !!";""
"23935";"240";"iPhone 4";"";"2014-10-05 09:59";"tonic";"keep hold pressing home button and powerbutton !!u r phone will restart !!";""
"23936";"240";"iPhone 4";"";"2014-10-05 08:57";"batta";"is iPhone 4 good for gaming ";""
"23937";"240";"iPhone 4";"";"2014-10-04 18:30";"Dee";"I need to extend my rings as I never get to it in time! Anyone help?";""
"23938";"240";"iPhone 4";"";"2014-10-03 15:15";"Z.S";"Apple i-phone 4 is the best. Truly satisfied with its performance and stability. Could have been better with MicroSD Card option and 1GB and above RAM !! But still its really good at its performance.";""
"23939";"240";"iPhone 4";"";"2014-10-03 07:19";"noIdea";"why does the front camera won't work on ios 7.2.1";""
"23940";"240";"iPhone 4";"";"2014-10-02 18:01";"noke";"iPhone 4 is not supported on iOS 8!";""
"23941";"240";"iPhone 4";"";"2014-10-02 15:12";"florecita rockera";"you cannot update to ios 8 because they want you to buy the latest version. ";""
"23942";"240";"iPhone 4";"";"2014-10-02 09:00";"Anonymous";"same here.. my phone dosnt upgrade ios 8.. ";""
"23943";"240";"iPhone 4";"";"2014-10-02 06:21";"sapik";"Business Marketing";""
"23944";"240";"iPhone 4";"";"2014-10-01 15:28";"karen";"why can't upgrade ios8?";""
"23945";"240";"iPhone 4";"";"2014-10-01 04:08";"vishal rathore";"Apple iPhone 4 best ";""
"23946";"240";"iPhone 4";"";"2014-10-01 00:02";"";"try to restore by iTunes after taking full backup and transferring purchases so that u won't download them again ,hope it helps ";""
"23947";"240";"iPhone 4";"";"2014-09-30 23:59";"";"YOU CANT,its too old to get iOS 8 ";""
"23948";"240";"iPhone 4";"";"2014-09-30 22:40";"Anonymous";"You actually can update it to IOS 8.02 if you plug it into a computer and go into itunes you can update it through there.";""
"23949";"240";"iPhone 4";"";"2014-09-28 12:41";"Anonymous";"you cant upgrade it to ios8. Ios 8 is avalible for 4s, 5, 5c, 5s... ";""
"23950";"240";"iPhone 4";"";"2014-09-27 14:47";"koko";"Hi there, sorry can you help with the iphone centre address location? thanks in advance";""
"23951";"240";"iPhone 4";"";"2014-09-25 15:29";"PS";"I am facing problem with my iPhone4. It gets locked very often. Somebody told me to use the voice control mode. Once i tried and succeeded. But it happened again. I went to Apple service center. They told that it was a feature that when the start button gets touched thrice it gets locked and has to be opened by voice control. They did something and told that when it happens again i should use voice control and go to settings and deactivate the voice control mode. But since it was a feature then in my opinion the feature should be used. I tried this again and voice control remained activated and again it got locked again despite best efforts i could open it and even the menu window does not appear.I also noticed that as soon as i used voice control it dialed some outgoing number and showed 'outward call'. this was strange that a call god made even without my intending to call somebody. Please somebody advise what should be done as troubleshoot in such cases. I purchased this phone only in june 14 and it is giving trouble for more than a month now.";""
"23952";"240";"iPhone 4";"";"2014-09-24 20:44";"";"i have lost my iphone apple id how can i make it work :/";""
"23953";"240";"iPhone 4";"";"2014-09-24 20:41";"naty gong";"i have lost my iphone apple id how can i make it work :/";""
"23954";"240";"iPhone 4";"";"2014-09-24 12:15";"rohitraj chundawat";"apple iphone is a best i phone of the world";""
"23955";"240";"iPhone 4";"";"2014-09-24 08:47";"";"apple 've not support iphone4 upgrare to ios8, so u can't update it to ios8. ";""
"23956";"240";"iPhone 4";"";"2014-09-23 03:35";"";"friends plz help me i shall be very thankful. i bought used iphone 4 for my daughter for gaming purpose. its ringer volume is aloud & clear,when she talks on call others also can hear her aloud & clear. but volume for songs is extremely low,its voice memo also does not work,but if speakers are faulty then how come sound is loud on speaker on mode during call? plz tell where is problem coz its about month old and i cant give it back.";""
"23957";"240";"iPhone 4";"";"2014-09-21 07:39";"Anonymous";"iPhone 4 cannot be upgraded to ios 8 ! Ios 8 starts from 4s only ! It cannot be done through iTunes also ! I've checked it !";""
"23958";"240";"iPhone 4";"";"2014-09-20 20:30";"Anonymous";"can i still downgrademy iphone from ios7 to ios6???";""
"23959";"240";"iPhone 4";"";"2014-09-20 08:05";"J0clares";"no!dont ask apple to update it to ios 8 bcoz iphone 4 is very laggy on ios7 . ";""
"23960";"240";"iPhone 4";"";"2014-09-20 02:13";"Sherwin";"Yes im using also ios 7.1.2 i want to know to how to upgrade it to ios 8 on my iphone 4 pls help us";""
"23961";"240";"iPhone 4";"";"2014-09-19 10:35";"vijay7778";"I had received replay from gsmarena that, iOS.8 is only available for iPhone 4s+ and iPad 2+.  So i ask u apple will plan or give option to update ios 8 update on iphone 4 in future, if yes so what time ?";""
"23962";"240";"iPhone 4";"";"2014-09-17 22:53";"Anonymous";"NO!";""
"23963";"240";"iPhone 4";"";"2014-09-17 21:36";"Bob";"NO";""
"23964";"240";"iPhone 4";"";"2014-09-17 19:47";"The T is G";"No; iOS.8 is only available for iPhone 4s+ and iPad 2+. ";""
"23965";"240";"iPhone 4";"";"2014-09-17 17:46";"Ameer";"No you can't notmabailable for iPhone only available to iPhone 4s 5 5s 6 6+ And iPad 2 3 minis and 4";""
"23966";"240";"iPhone 4";"";"2014-09-17 12:53";"vijay7778";"I oprate now iphone 4 with ios 7.1.2 ! Can upgrade into ios 8 ????  plz answer meee.";""
"23967";"240";"iPhone 4";"";"2014-09-16 04:13";"Anonymous";"how to insert the sim card ";""
"23968";"240";"iPhone 4";"";"2014-09-14 12:19";"Anonymous";"cust facing network issue every where so told to cust visir NR VF store to replace sim card   cust facing network issue only in one particular area indoor area issue only low weak signals so kinldy check & resolve this issue   cust facing network issue but during probing call droped by cust   call droped by cust during opening   cust facing network issue but not was network issue that was Hs issue so told to cust change HS then check ur Network srvcs  cust facing network issue but not was network issue so told to cust slct automatic network on UR HS then check ";""
"23969";"240";"iPhone 4";"";"2014-09-12 23:55";"Anonymous";"Go to settings Then to cellular Then to cellular data, switch it on";""
"23970";"240";"iPhone 4";"";"2014-09-12 11:41";"omer";"did this contain voice changer softwere ";""
"23971";"240";"iPhone 4";"";"2014-09-12 00:22";"halaiwalu";"how do we acess the internet on the iPhone 4";""
"23972";"240";"iPhone 4";"";"2014-09-11 15:33";"Anonymous";"hi you can check the settings in your device the auto lpower off botton nor the sleep wake botton or the timer in the settings for auto shut down. then if you don't know on how to do that. just follow this instructions.settings,general,reset,reset all settings. note? your device will be back for the normal settings as brandnew., but don't worry nothing was deleted kon your device when you do this instructions.for mor info. text.9263820607";""
"23973";"240";"iPhone 4";"";"2014-09-11 15:27";"Anonymous";"no it can't be. because the specification of the device itself is not suitable to os that you want.";""
"23974";"240";"iPhone 4";"";"2014-09-11 11:48";"";"If the problem in the sound balance: 1-Go to settings>General>accessibility,then scroll down till the hearing section and under the Mono audio on/off settings you will find the balance between left and right. BUT... if you mean that you can't hear the sound from the 2nd speaker then it's a normal thing because the iPhone 4 has a mono speaker so the sound comes from 1 speaker and in the other speaker there is no sound. Mine has the same thing";""
"23975";"240";"iPhone 4";"";"2014-09-10 18:21";"";"dear friends plz why anyone not help me.plz record a video in open air in park or ground not covering top mic (small hole near headphone jack) speak softly keeping phone 2 feet fron mouth,now play video and plz tell if audio can be heard aloud or its low?";""
"23976";"240";"iPhone 4";"";"2014-09-10 16:21";"miki";"desire is better alot";""
"23977";"240";"iPhone 4";"";"2014-09-10 12:28";"VASANTH";"guys do u know the apple can upgraded the iphone 4os.... because the upgraded is 7.1.2 bt in iphone 4 the upgraded is 7.1.1.that my question guys........";""
"23978";"240";"iPhone 4";"";"2014-09-10 11:29";"miki";"ur sim card reader had stopped working ...try to go to the service center";""
"23979";"240";"iPhone 4";"";"2014-09-10 11:24";"miki";"same problem here";""
"23980";"240";"iPhone 4";"";"2014-09-10 05:13";"Angelina";"I am using iPhone 4 from last three years but suddenly it gets off and didn't get on by any means ,please suggest me what to do..??";""
"23981";"240";"iPhone 4";"";"2014-09-09 08:09";"Rajiv";"it used to happen because if you have temporary file more than the limit it will happen.. i have the same experience and visited to the service center.. you have switch on again with using of power on and center menu button simultaneously ";""
"23982";"240";"iPhone 4";"";"2014-09-08 07:19";"";"friends i shall be very thankful to you if you help me.plz record a video in noisy environment a video in closed room by keeping iphone 2 feet away and speak softly,plz dont cover top mic located near headphone jack (small hole) while recording. and plz tell if audio volume can be heard aloud or its low audio like whispering sound that cant be heard? plz reply im waiting";""
"23983";"240";"iPhone 4";"";"2014-09-05 19:39";"Vladimir";"Your battery's dead";""
"23984";"240";"iPhone 4";"";"2014-09-05 11:09";"MURALI";"I have got the phone 20 days back. Why I dont know suddenly it switch off automatically. What to do? why it is so ?? Two times it happened. I dont know whether any settings to be changed in the phone. Pls do reply if anyone know to my mailid ......kjvariar@gmail.com";""
"23985";"240";"iPhone 4";"";"2014-09-03 10:16";"danish";"hi friends... am using iphone 4. is der any application to lock the apps. My iphone is without jail break. i need an app which should work without jailbreak.";""
"23986";"240";"iPhone 4";"";"2014-09-03 07:52";"zerg";"That depends on what future relationship you expecct from your wife. You should of course buy the iPhone 5 to your wife. My wife shouldn't go for anything less than an i5 If I got one.";""
"23987";"240";"iPhone 4";"";"2014-09-02 18:44";"";"friends plz tell what to do,i have two options,either i can sell my iphone 4s add some money & can buy iphone 5 or i can buy iphone 4 for my wife with money in hand?plz help im too confused?";""
"23988";"240";"iPhone 4";"";"2014-09-02 08:19";"mouli";"it s ok , only thing is that u cannot install additional memory in that";""
"23989";"240";"iPhone 4";"";"2014-09-02 05:59";"Anonymous";"it's in the recovery mode. try to watch Youtube videos for that specific issue :)";""
"23990";"240";"iPhone 4";"";"2014-09-01 21:07";"mohamed r";"Hi can anyone tell me iphone 8gb it is good.im going to buy";""
"23991";"240";"iPhone 4";"";"2014-09-01 11:14";"kobby";"get the required sim to activate it ";""
"23992";"240";"iPhone 4";"";"2014-08-31 18:19";"";"this iphone has major problem,its sound recorded in video recording is too much low that barely can be heard,its top mic for video recording is very weak.";""
"23993";"240";"iPhone 4";"";"2014-08-31 11:47";"naveen";"If your wifi not worked so first you call to apple customer care. They will tell properly and after you never face this problem again.";""
"23994";"240";"iPhone 4";"";"2014-08-28 17:11";"";"Hi friends My iPhone4 7.0.4 not activated wifi.give me sollution.";""
"23995";"240";"iPhone 4";"";"2014-08-28 17:09";"Anonymous";"How do I install the sim card";""
"23996";"240";"iPhone 4";"";"2014-08-28 07:06";"Rawone";"Makesure your new simcard is listed in your country first... Then it will be work...... Lets get it on";""

