"23234";"233";"iPhone 5";"";"2015-01-16 16:20";"igeek";"you upgrade your old iphone with latest ios then your new os will over use processor,battery and so on. either your phone will die soon or you are frustrated to use it any more. Only option is to buy new phone to fill apple pocket. Its business strtegy to keep its product selling. I feel One ver above your original ver is good but beyond that its not good match for hardware";""
"23235";"233";"iPhone 5";"";"2015-01-15 17:23";"Anonymous";"Fr iphone 5c which is the best ios 7 or 8..I Am a first time user so someone help me na plz...";""
"23236";"233";"iPhone 5";"";"2015-01-14 05:59";"ilovesamsung";"Samsung is better";""
"23237";"233";"iPhone 5";"";"2015-01-13 19:15";"iphone_user";"It's almost perfect ..but the battery life is too short..so i can used it in to a short time ...what can i do to stop the rapidly negatively charge ? please help  ";""
"23238";"233";"iPhone 5";"";"2015-01-13 14:36";"iphone 4s";"Hi, just to tell you, there is no way to downgrade your iOs. I also have problems with my iphone 4s, baterry is same, but performance is very very worst. I contact apple and they told me, that is it, no way to do that";""
"23239";"233";"iPhone 5";"";"2015-01-13 04:35";"Damion";"You have to reset to factory settings. ";""
"23240";"233";"iPhone 5";"";"2015-01-12 08:42";"naveen";"I'm using iPhone 5..32 GB ...phone running with iOS 8.1.2... But battery life is worts... How can I downgrade to iOS 7?? Please helps...or what should I do ? ";""
"23241";"233";"iPhone 5";"";"2015-01-12 07:48";"prophetn";"Excellent phone.very solid and built to last. camera quality is good and sound quality as well.only problem is battery life.kinda makes you wonder why apple fitted a 1440mAh battery on a device that supports 4G";""
"23242";"233";"iPhone 5";"";"2015-01-11 21:39";"YOYO";"original cable and charger are obligatory for a better battery life :/ 100% recommended";""
"23243";"233";"iPhone 5";"";"2015-01-11 08:44";"Starlord";"Can you downgrade from iOS 8 to iOS 7, coz my battery is committing suicide everyday. I assumed its the iOS running because all the sudden my battery goes out after 3-4hours after a full charge. plz help.  ijmaasdorp19@gmail.com";""
"23244";"233";"iPhone 5";"";"2015-01-11 03:26";"juls";"how i can use the best battery for iphone 5,i am a first user,  thanks";""
"23245";"233";"iPhone 5";"";"2015-01-08 20:35";"";"the only thing that is not working good for me is the battery. I need to recharge him at least 2 times a day. Except that is the best iPhone i've ever had. Going for 2 years!!";""
"23246";"233";"iPhone 5";"";"2015-01-08 13:10";"vj";"use version 8.1.2 That good for use....i allready use that version  ";""
"23247";"233";"iPhone 5";"";"2015-01-06 21:05";"eddie";"my iphone 5 is disabled how can i activate it please i need your help urgently";""
"23248";"233";"iPhone 5";"";"2015-01-05 23:13";"meehh";"the camera flash didnt work..what should i do..?pls help..";""
"23249";"233";"iPhone 5";"";"2015-01-05 17:00";"Manj";"Can i use an expresso cdma sim card in this iphone 5, in ghana, tanx. ";""
"23250";"233";"iPhone 5";"";"2015-01-02 10:46";"Anonymous";"Yes ";""
"23251";"233";"iPhone 5";"";"2015-01-02 10:06";"vkk";"i need iphone 5s can any one telme";""
"23252";"233";"iPhone 5";"";"2015-01-01 06:21";"";"Which better ios 7.1.2 or 8.1.2 to use? ";""
"23253";"233";"iPhone 5";"";"2014-12-31 09:05";"Devdanromulo";"IPhone 5s for being more future proof";""
"23254";"233";"iPhone 5";"";"2014-12-30 21:37";"kephty";"as a new iphone user, I was enjoying it until the screen started fading with nasty coloration...for a relatively new but now out of warranty...now thinking of disposing/trashing it while I look a premium Android phone....Disappointed!";""
"23255";"233";"iPhone 5";"";"2014-12-30 11:45";"Samander";"Tell me which is better ios 7 OR ios 8 for i phone 5.";""
"23256";"233";"iPhone 5";"";"2014-12-30 05:18";"Tyrone";"if you're subscribed to a postpaid plan better use opera mini than the stock browser because it's sure as hell compress data surfing. Anyhow, ios 8.1.2 is working A LOT SMOOTHER than any ios8 release.";""
"23257";"233";"iPhone 5";"";"2014-12-29 19:39";"notaiphoneuser";"I'm so tired of my android phone, so slow and laggy, soon i will buy ip5";""
"23258";"233";"iPhone 5";"";"2014-12-29 17:48";"";"5 OR 5S?";""
"23259";"233";"iPhone 5";"";"2014-12-29 10:51";"Anu";"Using my iPhone 5 along time & in last week i have jailbroken the device. its workibg awesome now. i have changed the font type, & career logo & everything. now i just feels like i have a new phone. great phone ever. iPhone rox";""
"23260";"233";"iPhone 5";"";"2014-12-28 16:02";"mr.peabody";"bro try to put your phone to DFU mode. that mean hold the home button and the lock button together and then take the hand away from the hold button while holding the lock button until the sceen becomes black. then again turn it on. it will work";""
"23261";"233";"iPhone 5";"";"2014-12-28 10:08";"Ahsan";"Hold power and home button simultaneosly , it will restart the mobile .";""
"23262";"233";"iPhone 5";"";"2014-12-28 04:12";"Westy";"Look into jailbreaking, and then get iFile to get to your root. But there is also tons of other cool things you can do.";""
"23263";"233";"iPhone 5";"";"2014-12-27 12:37";"sp";"how to root my iphone 5 ? is it possible ?";""
"23264";"233";"iPhone 5";"";"2014-12-27 08:56";"Poo";"Thats understable, you upgraded your os from 6 to 8, your phone will have an adjustments when it comes to perfomance, icons, process Etc. Give your phone a couple of days and i assure you thAt you will its performance. Ive been using ios 8 for 3 months now and i can say it way more better than 6 and 7.";""
"23265";"233";"iPhone 5";"";"2014-12-27 07:50";"gangu";"I cannot turn on wifi hotspot on my iphone; getting error msg contact ur servc provider. Anyone help me?";""
"23266";"233";"iPhone 5";"";"2014-12-26 16:23";"john";"Excuse me i want to ask about the battery is life on iOS 8.1.2   Can anyone tell me how long is the phone can stand when Browsing, video play, chatting is it able to stand for a day?";""
"23267";"233";"iPhone 5";"";"2014-12-25 20:43";"";"Whatsapp is superb in iphone 5 .";""
"23268";"233";"iPhone 5";"";"2014-12-25 14:18";"Anonymous";"Tell Me About Whatsapp On Iphone 5";""
"23269";"233";"iPhone 5";"";"2014-12-25 14:15";"Anonymous";"Tell Me About Whatsapp On Iphone 5";""
"23270";"233";"iPhone 5";"";"2014-12-24 04:20";"";"Iphone 5 better ios 7";""
"23271";"233";"iPhone 5";"";"2014-12-24 01:57";"SK";"I recently updated to 8 from 6, because I had to go to AS center. 6 runs much better, and 8 seems somewhat slower. I can't tell for 7, but my guess is that it would be faster than 8...";""
"23272";"233";"iPhone 5";"";"2014-12-22 22:17";"Anonymous";"I got iphone 5 yesterday... I want to ask is the ios 8 runs 100% good or not ??";""
"23273";"233";"iPhone 5";"";"2014-12-22 20:18";"Rasty";"Its nicest mobile forever ..... ";""
"23274";"233";"iPhone 5";"";"2014-12-20 13:47";"Royal";"How much is the cost diffrence between the iphone 5 and 5s ?";""
"23275";"233";"iPhone 5";"";"2014-12-20 12:59";"Anonymous";"I cannot switch on my I phone 5. Can anyone help me ?";""
"23276";"233";"iPhone 5";"";"2014-12-19 15:23";"Azim";"Restore ur OS once.";""
"23277";"233";"iPhone 5";"";"2014-12-17 10:16";"";"If your did jaibreak and save shh yes ! if you didn't NO";""
"23278";"233";"iPhone 5";"";"2014-12-16 12:17";"teo";" cant find the auto rotate for photos, pls help. thanks";""
"23279";"233";"iPhone 5";"";"2014-12-16 06:57";"THETECH";"can i downgrade to ios 7 ?   pls ";""
"23280";"233";"iPhone 5";"";"2014-12-16 00:14";"Anonymous";"Go with the iphone 5";""
"23281";"233";"iPhone 5";"";"2014-12-15 23:50";"Ussy";"Hello, my iPhone 5 hangs occasionally and I won't be able to do anything until d battery drains and phone shuts down. is there any way to address this. do I really av to wait till battery drains  ";""
"23282";"233";"iPhone 5";"";"2014-12-15 19:55";"Anonymous";"Guys.. Advice me which one to buy iphone 5 or 5s .. The 5s is more expensive and i dont think there is a huge difference except for the touch ID .. So which should i buy ??";""
"23283";"233";"iPhone 5";"";"2014-12-15 07:51";"Eka";"Like an hour &#128076;";""
"23284";"233";"iPhone 5";"";"2014-12-15 06:30";"";"Apple iphone is one of the worst phone I have ever come across..And the worst part of the phone is there hardware..I have bought a cable within an year because it is so sophisticated that stopped working..so i had to buy a new one..but again in 5 months the cable has stop working which is 1500INR..Now i have started gettin a feeling as in i am paying an EMI..every 6 months..although have paid 1500 already..I am pissed..badly..";""
"23285";"233";"iPhone 5";"";"2014-12-14 06:12";"THETECH";"1hour and 15 mins ";""
"23286";"233";"iPhone 5";"";"2014-12-14 00:45";"Anonymous";"Guys is ip5 smooth on ios 8?";""
"23287";"233";"iPhone 5";"";"2014-12-13 10:53";"";"whats the problem in an iPhone 5 and the good thing in an iPhone 5? i plan to buy this phone.";""
"23288";"233";"iPhone 5";"";"2014-12-12 11:11";"Anonymous";"depends with a macbook pro i take 1hr30 min";""
"23289";"233";"iPhone 5";"";"2014-12-09 15:40";"";"Hy guys how much time iphone 5 battery is taking to fully charge from 0 to 100%";""
"23290";"233";"iPhone 5";"";"2014-12-09 08:01";"Anonymous";"Yes bro..its true";""
"23291";"233";"iPhone 5";"";"2014-12-09 00:51";"sire";"I'm planning to get a used sprint contract iPhone 5. Ma friend in the states owned it n while visiting me here in Africa wanted to sell it to me. I made him call his sprint store to know if it can b unlock to pick any pay as u go sim. The response we got is it can b decoded but after decoding the signal will not b stable and may go off and on. I want to know if that premise is true or not. Need a response asap before I take any decision";""
"23292";"233";"iPhone 5";"";"2014-12-08 18:23";"KK";"I am using iphone 5 but when i receive sms, the names of the senders do not appear unless i prefix the contact's number with the country code. Unfortunately i can not do that for the over 2,000 contacts i have. How do i solve this situation?";""
"23293";"233";"iPhone 5";"";"2014-12-07 15:47";"";"Apple AppStore is far better than google play. AppStore has more applications than googleplay and all applications are well optimised. ";""
"23294";"233";"iPhone 5";"";"2014-12-07 01:57";"Anonymous";"am thinking of getting an i phone5 but i wanna if i can have the google play store one it";""
"23295";"233";"iPhone 5";"";"2014-12-05 21:23";"crabbyJack ";"the difference between the iPhone 5 and iPhone 5 is the iPhone 5s has a a7 chip processer that is 64 bit tecnology and iphone 5s has a fingerprint scanner. Bassical the iphone 5s is newer, faster, and has more features";""
"23296";"233";"iPhone 5";"";"2014-12-04 11:41";"Eric";"I just bought a pre owned iPhone 5 four days ago, I am experiencing problem regarding it's wi if connection to hotspot on my iPad mini 2, whenever I coonect it to the my iPad mini hotspot and then auto lock it because the screen was on for a long time, it also loses its connection with the hotspot, then when I unlock my iPad mini and go to settings of personal hotspot even when I didn't turned off the hotspot button which means the hotspot is continuously turned on even if it is locked, just clicked the personal hotspot button, then my iPhone 5 will be connected again to hotspot, but easily loses its connection if I am not usng the net, like browsing or chatting. I don't if the problem is the iPad mini2 or my iphone5";""
"23297";"233";"iPhone 5";"";"2014-12-04 00:31";"Afif";"My iphone 5 suddenly keep searching for signal, and couldn't found it... even when I plug out the sim card, change the sim card, it's keep searching... and it is took forever... and then I give it back to the store... I've only use it for 2 months... and the phone was new";""
"23298";"233";"iPhone 5";"";"2014-12-03 09:44";"zee";"waht is the difference between iphone 5g and iphone 5s??? can any doby plzzz tell me? in which is more best? ";""
"23299";"233";"iPhone 5";"";"2014-12-03 06:51";"Anonymous";"yes";""
"23300";"233";"iPhone 5";"";"2014-12-02 13:07";"";"Iphone 5 is good ,Iphone is more consistent and polished than any android handset.";""
"23301";"233";"iPhone 5";"";"2014-12-02 09:19";"vishnu";"i have ip5 its awesome phone";""
"23302";"233";"iPhone 5";"";"2014-12-01 09:17";"Anonymous";"U should compare i5s with z2    iPhone is best";""
"23303";"233";"iPhone 5";"";"2014-12-01 04:41";"Anonymous";"for me I chose iphone 5, Sony is over and bad software support! ";""
"23304";"233";"iPhone 5";"";"2014-12-01 03:53";"ISN";"iPhone 5 is better. It's the best brand.";""
"23305";"233";"iPhone 5";"";"2014-11-30 20:08";"";"z2 is better in everything ";""
"23306";"233";"iPhone 5";"";"2014-11-29 20:19";"Johny mexca ";"Please anyone tell me which phone to buy? Xperia Z2/iphone5? Which is best please..";""
"23307";"233";"iPhone 5";"";"2014-11-28 15:08";"Winter";"better than android";""
"23308";"233";"iPhone 5";"";"2014-11-28 06:03";"the mechanic";"very good phone";""
"23309";"233";"iPhone 5";"";"2014-11-25 18:29";"safee";"tanks for comment ";""
"23310";"233";"iPhone 5";"";"2014-11-25 10:28";"Anonymous";"I ve been using iphone 5 since 1 year I ve compared it with my bro Xperia z1   i5. Camera is better in low light Front camera ve more features and better Flash of sony is bad.    Speed With ios7 is faster With ios8 same speed(opening subay surfer)  OS is smooth in both phones  iPhone colours are brighter   iPhone is lighter. But small screen   Charging speed is good in iPhone (1:30)  Z1 charging speed slow If we use phone while charging battery decreases  Battery backup is nearly same Z1 battery backup is better";""
"23311";"233";"iPhone 5";"";"2014-11-25 06:18";"ajay";"is good phone";""
"23312";"233";"iPhone 5";"";"2014-11-24 12:46";"iphone man";"i have iphone 5 color black the color it`s easyly chip off at the side`s and the battery easyly drained... but it`s still is good use just put it in a case buy otter box so you`ll keep it`s premium design.... fast and smooth... love it.... ";""
"23313";"233";"iPhone 5";"";"2014-11-24 01:48";"";"The black paint on the metal are easy to get chip/dent. U gonna need a case.";""
"23314";"233";"iPhone 5";"";"2014-11-23 16:49";"Anonymous";"Incorrect information ";""
"23315";"233";"iPhone 5";"";"2014-11-22 15:09";"Ibrahim";"I going to buy iphone 5, just let me know is there any drawbacks in iphone 5 black in its body? Plz reply me.";""
"23316";"233";"iPhone 5";"";"2014-11-22 09:22";"";"hey guys who are actually iPhone users please advise if both below points are correct??  Quote 1. If you are Email users for your Official use.. you CANNOT send any attachments in your mail. To do So you have to download DropBox and 1 more application. For a All that the New app does is send a link of the Dropbox where your Files resides. For Simple task of attachments.. Apple wants to restrict what you CAN do and CANNOT Do. 2. CALL LOG - The SO CALLED highend SMART phone CANNOT store call logs more than 100 call logs. If you call a Contact for 10 times in day.. and if you are heavy phone user.. you log details will be lost in a DAY or 2. SUCH A PRIMITIVE STORAGE CAPACITY..WHATS THE USE OF THE 16/32/64 GB STORAGE. Unquote";""
"23317";"233";"iPhone 5";"";"2014-11-21 21:09";"";"For media file sharing ,there is xender app in AppStore . AppStore has lots of applications for content downloading (browsers,video audio download ers).";""
"23318";"233";"iPhone 5";"";"2014-11-21 18:43";"Iphone";"Dont buy i a i5 unless you want pdp failure";""
"23319";"233";"iPhone 5";"";"2014-11-20 15:02";"keya";"Please let me know which phone have you used before.. I am not trying to mock but then i may reply to some of your probs. i switched from android to iphone. except for data sharing and data download in mobiles, i personally feel iphone is a delight to use";""
"23320";"233";"iPhone 5";"";"2014-11-20 12:54";"Vibes";"Apple iPhone are One of the DUMBEST Smart phones at such a High price.  The iphones are one of the dumbest phones to be bought.... PLEASE Dont go for it unless you Fancy having an iPhone. 1. If you are Email users for your Official use.. you CANNOT send any attachments in your mail. To do So you have to download DropBox and 1 more application. For a All that the New app does is send a link of the Dropbox where your Files resides. For Simple task of attachments.. Apple wants to restrict what you CAN do and CANNOT Do. 2. CALL LOG - The SO CALLED highend SMART phone CANNOT store call logs more than 100 call logs. If you call a Contact for 10 times in day.. and if you are heavy phone user.. you log details will be lost in a DAY or 2. SUCH A PRIMITIVE STORAGE CAPACITY..WHATS THE USE OF THE 16/32/64 GB STORAGE. 3. IOS 8.1 - PATHETIC AND UNSTABLE is the only way to describe the new OS. highly unstable and unexpected behavior. Even after the call is recieved the phone still keeps ringing. The Application may just restart or go back to home screen.  IF YOU ARE PLANNING TO BUY AN IPHONE... DECIDE WISELY BEFORE DECIDING ON IPHONE";""
"23321";"233";"iPhone 5";"";"2014-11-19 23:53";"KL";"thz u";""
"23322";"233";"iPhone 5";"";"2014-11-19 20:04";"qwerty";"if we take photos in.iphone c an v delete it";""
"23323";"233";"iPhone 5";"";"2014-11-19 17:09";"seghqi`";"find the best video of iphone 5 with full specification also after subscribing get chance to win i phone 5s GOLD 128GB CLICK ON THE LINK   ";""
"23324";"233";"iPhone 5";"";"2014-11-18 12:06";"Delirious ";"I think yes but if you update your iPhone to IOS 8 it will require 4.6GB of free space. ";""
"23325";"233";"iPhone 5";"";"2014-11-18 12:01";"Delirious ";"The system update takes up 1GB but you need to have 4.6GB of free space on your iPhone. ";""
"23326";"233";"iPhone 5";"";"2014-11-18 08:57";"Anonymous";"Fast charging (1:30) Battery backup poor. But not worst";""
"23327";"233";"iPhone 5";"";"2014-11-18 08:54";"Anonymous";"Subway surfer. Works smooth  Even. Asphault8 injustice. Superb";""
"23328";"233";"iPhone 5";"";"2014-11-18 08:53";"Anonymous";"12.5 GB. Space is available in i5 16gb";""
"23329";"233";"iPhone 5";"";"2014-11-18 06:38";"Jaggu";"Is there any option to divert call to voicemail,please let me know how its";""
"23330";"233";"iPhone 5";"";"2014-11-18 05:12";"durs";"I haven't get one yet.";""
"23331";"233";"iPhone 5";"";"2014-11-16 05:40";"p";"this phone is heat phone answer me....";""
"23332";"233";"iPhone 5";"";"2014-11-15 23:03";"Anonymous";"New iphones are released too often. Although I LOVE apple and their products, I would get an Android because they last longer.";""
"23333";"233";"iPhone 5";"";"2014-11-15 09:24";"friendly hostile";"Hi safe, yes its heating when using internet..";""

