"22254";"227";"iPhone 5s";"";"2015-01-21 08:54";"kim ";"5s battery life heavy usage 8 hours aprox. while z3 compact heavy usage 24 hours,,big diffrence,,if u really concerned about battery life go for z3 compact,just an advice its ur decission men,, ";""
"22255";"227";"iPhone 5s";"";"2015-01-21 08:36";"prajwal";"see dude iphon enevers hangs as compares to android phones iphone is the best... ";""
"22256";"227";"iPhone 5s";"";"2015-01-21 05:50";"";"Definitely you shuold go for iPhone 6.. Its much refined then 5s.. Nice display, powerful processor,and much refined touch id..   ";""
"22257";"227";"iPhone 5s";"";"2015-01-20 10:07";"kannan";"which one is the bestphone iphone 5s or htc 820";""
"22258";"227";"iPhone 5s";"";"2015-01-20 07:37";"nj";"i am confused between xperia z3 compact and iphone 5s. i am looking for a better battery life.Does 5s supports a better battery life or should i opt for xperia z3c.i am concerned only about battery life.";""
"22259";"227";"iPhone 5s";"";"2015-01-19 15:08";"Aishwarya";"Is iphone5s worth buying? CZ m getting many reviews on it & certainly m confsd.. plz help!!!";""
"22260";"227";"iPhone 5s";"";"2015-01-19 14:16";"";"hy bro can u giv me a info weather the sound system givs sound from both speakers or oli one speaker from the right side ";""
"22261";"227";"iPhone 5s";"";"2015-01-19 11:34";"Ekta";"5s phone volume is low even in speaker. Settings fine still no loud sound. Could somebody help me how to maximum the volume?";""
"22262";"227";"iPhone 5s";"";"2015-01-18 21:09";"Amit";"I5s is really best phone Best cam, performing, design Njoying it I am using all video audio without any pay. Improve ur status symbol.... Lol";""
"22263";"227";"iPhone 5s";"";"2015-01-18 18:12";"notandiphoneuser";"Hello! Im planing to buy an used iPhone but i cant choose between 5 and 5s, should i buy iphone 5 in that case saving more money or go with 5s?";""
"22264";"227";"iPhone 5s";"";"2015-01-18 16:13";"sistel";"thank's for information";""
"22265";"227";"iPhone 5s";"";"2015-01-18 15:41";"sj";"I m having an iphone and android and android is way better ";""
"22266";"227";"iPhone 5s";"";"2015-01-18 15:37";"sj";"I m having an iphone and android and android is way better ";""
"22267";"227";"iPhone 5s";"";"2015-01-17 23:05";"Ermal Fejzi";"Which is better , Galaxy S5 Gold G900H octa-core or iPhone 5s gold 16gb neverlock,the Galaxy s5 is about 20euros cheaper(phones are used)?Give me your opinion :D thanks";""
"22268";"227";"iPhone 5s";"";"2015-01-17 21:27";"ali";"Thanx alot";""
"22269";"227";"iPhone 5s";"";"2015-01-17 18:31";"Hira";"iphone has serious limitations as far as telephone use is concerned. U will repent once u shift from android samsung to iphone. These r as followed- 1. No blinking light for missed calls, sms. The provision of led flashing is archaic. 2. No provision for sms delivery notification 3. Everything has to be paid 4.Can not record calls. There r few more. ";""
"22270";"227";"iPhone 5s";"";"2015-01-17 18:18";"ash sonu";"Guyz i am now changing my old iPhone 4 to iPhone 5s.Is this a gud move or not";""
"22271";"227";"iPhone 5s";"";"2015-01-17 18:09";"";"Best smartphone I realm liked it";""
"22272";"227";"iPhone 5s";"";"2015-01-16 19:55";"Nouman";"iphone 5s is beter. Then iphone 6.";""
"22273";"227";"iPhone 5s";"";"2015-01-16 18:57";"Anonymous";"hi friends i want to unlock iphone 5s.how will it cost";""
"22274";"227";"iPhone 5s";"";"2015-01-16 18:40";"jb";"hi buddy if u love big screen phones go to 6. if u love the look go for 5s";""
"22275";"227";"iPhone 5s";"";"2015-01-16 03:28";"ali";"Hy friends please guide me that what phone I should buy? Iphone 6 or iphone 5s? I am totally confused because I love both. Plz guide me.";""
"22276";"227";"iPhone 5s";"";"2015-01-15 14:44";"SAm";"i have been using this for more than 1 year n it nvr hanged or anything like that...its truely a great phone...very fast and smooth n very premium n ul feel like nvr replacing it except for the size otherwise its a perfect phone but its perfect for me...";""
"22277";"227";"iPhone 5s";"";"2015-01-15 14:06";"Anonymous";"My iPhone 5s started getting a blue cloudy texture on the screen. Was under warranty. Apple replaced it with one in a white box - Refurbished. Apple sucks as I had to ship my phone to the original place of purchase since thy do not hane international warranty for such expensive phone. Cheaters screw up the phone performance with the OS upgrade, thats how thay force you to buy their latest models. ";""
"22278";"227";"iPhone 5s";"";"2015-01-15 07:49";"";"Hola 5s users   Which is the best free video player with srt support worth looking to.I can't find that meet my expectation just want a decent player thats support subtitle that's it..";""
"22279";"227";"iPhone 5s";"";"2015-01-14 21:37";"";"true story I feel the same.";""
"22280";"227";"iPhone 5s";"";"2015-01-14 17:22";"petimolnaaaar";"Best phone ever - imo 5s has better design than iPhone 6 and thats what matters for me";""
"22281";"227";"iPhone 5s";"";"2015-01-14 15:40";"";"Then, get work and buy it. I know it easy to say, but its a reality";""
"22282";"227";"iPhone 5s";"";"2015-01-14 11:33";"";"u dnt knw";""
"22283";"227";"iPhone 5s";"";"2015-01-14 07:52";"danny";"64gb here in the philippines? where? I've searched almost every apple store here in manila but only the 16 & 32gb iphone 5s are presented to me. they say that the 64gb is no longer available...i'm confused";""
"22284";"227";"iPhone 5s";"";"2015-01-14 02:57";"Sam ";"i realiy love u yr ...........................";""
"22285";"227";"iPhone 5s";"";"2015-01-13 18:46";"jaydeep";"hii guysss.. i am going buy apple for first time. i need help. i want to know that it is one single phone that suppott gsm & cdma or it comes in two different varients.i need cdma phone.(iphone 5s). ";""
"22286";"227";"iPhone 5s";"";"2015-01-13 14:20";"Marko";"@Danny, yes there is a 64 GB version. MEMORY Internal 16/32/64 GB, 1 GB RAM DDR3";""
"22287";"227";"iPhone 5s";"";"2015-01-13 14:17";"sanju";"superb and no any complains in this phone. ";""
"22288";"227";"iPhone 5s";"";"2015-01-13 08:56";"danny";"Is there 64gb iphone 5s? i was about to buy one but only 16 & 32gb are available. i want the 64gb cause once i buy, i rarely upgrade or buy new one. is there 64gb iphone 5s? anyway im here in the philippines. my question is; is there a 64gb iphone 5s in the philippines? please help..Thanks";""
"22289";"227";"iPhone 5s";"";"2015-01-13 07:08";"Mahyar";"Excellent";""
"22290";"227";"iPhone 5s";"";"2015-01-12 20:19";"";"It was really awesome phone. i like it Touch ID ";""
"22291";"227";"iPhone 5s";"";"2015-01-12 16:45";"atiq alam";"dose iphone 5s 4G+ LTE advance supported ??  can anyone suggest me please ??";""
"22292";"227";"iPhone 5s";"";"2015-01-11 23:41";"Shame";"U dont know";""
"22293";"227";"iPhone 5s";"";"2015-01-11 17:26";"Gab";"Try to hard reset it.Press the home and the lock button at once and wait for about 20-30 seconds :) It will come on.I had the same problem.";""
"22294";"227";"iPhone 5s";"";"2015-01-11 09:46";"brooka";"z3/ z3 compact nocks this into fits much better phone by miles ";""
"22295";"227";"iPhone 5s";"";"2015-01-11 05:40";"Jords";"How can I experience iPhone? I don't have money for that. I'm only using Nokia 1100 T_T It sucks! ";""
"22296";"227";"iPhone 5s";"";"2015-01-11 05:33";"";"There are a lot of problems about the screens cracking on the Xperia Z series phones. Google it and you'll find a lot of people complaining about it.";""
"22297";"227";"iPhone 5s";"";"2015-01-10 12:28";"Anonymous";"My iphone has a problem. I press the home button and I'm still in school.";""
"22298";"227";"iPhone 5s";"";"2015-01-09 14:48";"Sydney Mhango";"Hi! My iphone 5s has stopped working after updating it and it only worked for a few days and started misbehaving. now my computer cannot detect it and its like its not charging. how do I solve this problem. I bought it sometime in August. ";""
"22299";"227";"iPhone 5s";"";"2015-01-09 12:48";"sinthu";"my iphone 5s call, sms are same time stack, what can i do for this ";""
"22300";"227";"iPhone 5s";"";"2015-01-09 12:16";"MILTON";"I love iphone5s because it is batter than z2. ";""
"22301";"227";"iPhone 5s";"";"2015-01-09 12:08";"Araz";"Just restore you'r phone and it will be fine These things often happen but it can be fixed with a restore";""
"22302";"227";"iPhone 5s";"";"2015-01-09 11:37";"";"Go for htc desire eye";""
"22303";"227";"iPhone 5s";"";"2015-01-08 13:01";"";"if u r iPhone lover so u can buy iPhone otherwise there is no competition between iPhone and xperia Z2. Z2 is better than iPhone screen size RAM Processor everything is good. go for Z2";""
"22304";"227";"iPhone 5s";"";"2015-01-08 08:43";"kumar";"phone is nice but campare alpha this model not worth still iphone5s priceing 44500 after 6 month model will be stop or 8gb version coming this one compare alpha 4g phone good ";""
"22305";"227";"iPhone 5s";"";"2015-01-08 05:04";"vraj";"xperiaz2 ";""
"22306";"227";"iPhone 5s";"";"2015-01-08 00:04";"maher";"i need to buy anew mobile ? i get i phone 5s or htc one m8 or there is a better mobile than those";""
"22307";"227";"iPhone 5s";"";"2015-01-07 21:37";"";"I want to buy a new mobile so which is better iphone 5s or sony xperia z2 and why ? Thanks for help :)";""
"22308";"227";"iPhone 5s";"";"2015-01-07 04:10";"";"I experienced some heating issue while surfing net and rapid battery depleting but all these were resolved after doing Reset all setting and now it's normal ...I suggest you do Reset all setting and if this does not meet your expectation then you should restore it via iTunes ,,be sure to have a backup copy first.. I hoped this helps ..";""
"22309";"227";"iPhone 5s";"";"2015-01-06 23:28";"";"but did you experience all of this immediate head when you use some minor apps? reset and restore back ups?";""
"22310";"227";"iPhone 5s";"";"2015-01-06 16:39";"";"You should do Reset all setting and see if it work fine ..mine work fine after doing that ..";""
"22311";"227";"iPhone 5s";"";"2015-01-06 12:48";"";"after updating 8.1.2 my phone is immediately heat just on texting and when see photos, also my battery drain faster did you experience immediate heat when you open some application like texting and photo after updating 8.1.2? and its better to wait the next update? please reply i need your experience about this matter :(";""
"22312";"227";"iPhone 5s";"";"2015-01-06 11:47";"lalu";"it's an awesome phone & i just luv it & once i used an iphone now i cant live without my iphone or let's say an apple...";""
"22313";"227";"iPhone 5s";"";"2015-01-06 11:17";"Tony";"Great phone. Absolutely fast in WiFi and Network. Reliable. ";""
"22314";"227";"iPhone 5s";"";"2015-01-06 02:47";"user";"Iphone is not good as samsung in specs but wat differenciate iphone is its os(awesome) but still wana pay for everything(fuck) ";""
"22315";"227";"iPhone 5s";"";"2015-01-05 18:07";"Murali";"It is network problem";""
"22316";"227";"iPhone 5s";"";"2015-01-05 13:32";"MJ";"which is better smartphone iphone 5s or sony xperia z3 compact and why?";""
"22317";"227";"iPhone 5s";"";"2015-01-05 12:57";"Anonymous";"Hello all, please I need advice. I have 5c, but I want to upgrade. Should I go for 5s or 6 at once? Thanks. ";""
"22318";"227";"iPhone 5s";"";"2015-01-05 11:35";"Atul";"5S";""
"22319";"227";"iPhone 5s";"";"2015-01-05 09:43";"shiva";"since how many days u r using?";""
"22320";"227";"iPhone 5s";"";"2015-01-05 01:36";"pinay";"Which is more better? iPhone 5s or the Samsung S5? ";""
"22321";"227";"iPhone 5s";"";"2015-01-04 20:58";"vijay";"shall i update OS 8.1 in my 5s?";""
"22322";"227";"iPhone 5s";"";"2015-01-04 14:58";"TCDR";"Anyone got a double click sounds from home button like its loose? Only had my phone since November since it was exchanged due to the same issue. Is IPhone home buttons just cheap crap in general?";""
"22323";"227";"iPhone 5s";"";"2015-01-04 02:49";"Roy ";"hey everyone . plz help me out guys .. my iphone battery usage time is 3:30 hours is it normal ?? while using 2g ";""
"22324";"227";"iPhone 5s";"";"2015-01-03 10:14";"";"Sensor size and quality is more important than megapixels ,iphone 6 has bigger and better sensor than 5s and 5s camera is lot better than 4s camera.";""
"22325";"227";"iPhone 5s";"";"2015-01-02 17:05";"amalold";"hey guys,my iphone 5s takes photos in blue colour when the flash is set on at none mode.my 5s is running ios 7.anyone please help me to resolve the problem ";""
"22326";"227";"iPhone 5s";"";"2015-01-02 16:56";"";"Wow really? Still only 8mp rear camera since iPhone 4s? Until now the iPhone 6 also only has 8mp rear camera.... They should at least put 10mp in this....";""
"22327";"227";"iPhone 5s";"";"2015-01-02 12:26";"";"The only way to get answer for your confusion is by trying 4S once again, borrow one from a friend, keep your 5S aside and use 4S. If you are satisfied then buy a new 4S if not then you still have your 5S. Becoz whatever everybody say here doesn't matters or make you love your 5S, so better try yourself.";""
"22328";"227";"iPhone 5s";"";"2015-01-02 10:04";"";"Note 3. iPhone 5s has laughable battery life and a tiny little screen.";""
"22329";"227";"iPhone 5s";"";"2015-01-01 09:59";"Anonymous";"its like filemate, download mate....";""
"22330";"227";"iPhone 5s";"";"2015-01-01 07:25";"";"try video d/l pro ... the icon is orange colour with arrow pointing down.. its still free i guest ";""
"22331";"227";"iPhone 5s";"";"2014-12-31 13:36";"";"Hola iPhone 5s users   Just want to know what is the best apps for downloading YouTube videos having option to download it at 480p,720p 1080p etc..for Android there's an app called Tubemate. So if anyone knows it please do share it.";""
"22332";"227";"iPhone 5s";"";"2014-12-31 05:23";"Phone_Explorer";"its front cam is a mess";""
"22333";"227";"iPhone 5s";"";"2014-12-30 19:53";"";"Yup download app from app store which is Easy Download :)";""
"22334";"227";"iPhone 5s";"";"2014-12-30 15:56";"Jerry Dxb ";"Still I didn't get any solution for my problem.In my opinion it's not worthy to upgrade to IPhone 6.better to wait for the next iPhone which is coming in next November ";""
"22335";"227";"iPhone 5s";"";"2014-12-29 21:02";"Anonymous";"Its far better than any samsung or android phone. Go for 5s. It is best";""
"22336";"227";"iPhone 5s";"";"2014-12-29 18:11";"Mel";"You don't even need to use True Caller on iphone. It has blocking incorporated into the phone..";""
"22337";"227";"iPhone 5s";"";"2014-12-29 16:04";"abra";"I am facing the same issue with calls . Any solution for that ? Btw , i am having the Iphone 5s now. Is it worthless to upgrade to Iphone 6 ?  Thank you .";""
"22338";"227";"iPhone 5s";"";"2014-12-29 16:03";"";"Wait... S3 more powerful than 5s??? LOL, back to school kids, if all you can see is number of cores then you are so lost that its too pathetic to even try to imagine, all you get is an epic facepalm and a big OH NOOOO. 5s chipset is superior in every way. ";""
"22339";"227";"iPhone 5s";"";"2014-12-29 08:58";"Jerry Dxb";"Hi friends,I am using iPhone 5s since 1 year.I Am very much satisfied with this phone except call problem.Some times when somebody call me ,my phone tells its switched off,after 30 mnts I get a message that I have a missed call from someone.But my phone is always on/ringing mode with enough battery.Some times it happens 3 to 4 times a day and I miss some important calls.This is annoying me.I am using Etisalat connection in dubai.I didn't activate any call forwarding settings.One of friends who' is using 5s also complains same problem.How can I solve this problem,If any knows Please help me";""
"22340";"227";"iPhone 5s";"";"2014-12-29 08:02";"";"Should I upgrade to 8.1.2? Any cons?";""
"22341";"227";"iPhone 5s";"";"2014-12-28 19:14";"saleem";"realy its looking nice and maximum options there....... ";""
"22342";"227";"iPhone 5s";"";"2014-12-28 09:00";"ADITHYA";"Yeah, your right ip4 is a great opponent to s3.even the s3 is more advanced than ip4 and in ip4 some heavy games are working perfectly without lag(asphalt8,Bia,ck2).I know it is not possible in android?";""
"22343";"227";"iPhone 5s";"";"2014-12-28 08:34";"";"S3 is just toy in front of iphone5s ,even old iphone 4 is far better than s3. That lagdriod (s3) won't get kitkat or lollipop because of poor ram management of Touchwiz and android.";""
"22344";"227";"iPhone 5s";"";"2014-12-28 01:26";"Mehmood ";"It's not a problem I'm using almost one year n updated IOS 8. No problem. Always better than Samsung. ";""
"22345";"227";"iPhone 5s";"";"2014-12-27 20:11";"besbeqa20";"Iphone 5s is crap compare to Samsung s3 or higher specs. it has less powerful cpu, slower Ram and cant add m2 card to have more memory and after the update wich is ios 8..... it sucks completely, lots of problems come up with it. the camera don't function properly, have calls drops and cut off, the music player volume acts funny going up and down at any time, cant use Bluetooth for data transfers, wifi connection drops from time to time on ios  8";""
"22346";"227";"iPhone 5s";"";"2014-12-27 17:44";"chacha choudhary";"it was so awsome..but some time i was facing lot's of problem with this phone.";""
"22347";"227";"iPhone 5s";"";"2014-12-27 12:10";"aswinblix";"yes ,,,,go to settings and select music option and in that you can find EQ";""
"22348";"227";"iPhone 5s";"";"2014-12-27 03:07";"Ariv";"Anyone knows how to transfer audio files via whatsapp on 5s";""
"22349";"227";"iPhone 5s";"";"2014-12-26 15:21";"fayas";"after updating my iphone to ios 8.1.2 the battery drains very quickly";""
"22350";"227";"iPhone 5s";"";"2014-12-26 11:09";"Sahiru";"Is iphone 5s has costomizable equalizer? ";""
"22351";"227";"iPhone 5s";"";"2014-12-25 19:36";"";"it looks good !!! I want one like now!!";""
"22352";"227";"iPhone 5s";"";"2014-12-25 19:35";"Anonymous";"it looks good I wANT ONE!!! NOW ";""
"22353";"227";"iPhone 5s";"";"2014-12-25 09:59";"Clyde";"You need to check if the app is up to date. Don't panic. Sometimes, apps are not compatible with the phone's environment. ";""
"22354";"227";"iPhone 5s";"";"2014-12-25 09:57";"Clyde";"Sort of advise. Even if you will jailbreak the iPhone 5s, it won't unlock the iPhone for you to use it in all networks. All you have to do is ask the seller of the phone and find out if its lock in a certain network. If it is, you have to instruct the seller to contact the carrier where the phone is locked to get an unlock code. ";""
"22355";"227";"iPhone 5s";"";"2014-12-25 07:33";"madu";"it is better than note 4 yes or no ";""
"22356";"227";"iPhone 5s";"";"2014-12-25 07:14";"";"My brother will be getting an iphone 5s from chicago and its carrier locked don't know which one whether its t mobile or verizon,not having any idea in india,Will it will work properly in indian sim or do he needs to jailbreak it please guys help us!!!";""
"22357";"227";"iPhone 5s";"";"2014-12-24 22:16";"Anonymous";"The phone is buttery smooth but after ios 8 battery is a problem.";""
"22358";"227";"iPhone 5s";"";"2014-12-24 21:39";"Kikz_1229";"Using this phone for 3days now upgraded it to ios 8 and the battery life is still good. ";""
"22359";"227";"iPhone 5s";"";"2014-12-24 14:23";"";"Using the Iphone 5S for 6 months now and I have to say it works great. Battery life is good and can go easy a whole day on 4G doing mail and internet. Phone is not used for gaming I use a pc for this a phone is for calling; E-Mails, Internet and some apps. Iphone is great for businnes use and have few handy apps. All togheter a fantastic phone great battery life en fantastic technology from Apple and this coming from somebody always using Android. ";""
"22360";"227";"iPhone 5s";"";"2014-12-24 14:03";"Rob Salim";"I am planning to buy an Iphone 5s by the end of the week but I have some doubts to be clarified:  * Battery life in iphone 5s ? * If I upgrade to IOS 8, will it consume battery alot ?  Please help ";""
"22361";"227";"iPhone 5s";"";"2014-12-24 13:52";"Prashant";"can we connect audio bluetooth for purpose of listning music/songs??????????/ ";""
"22362";"227";"iPhone 5s";"";"2014-12-24 13:26";"Ari";"My friend is facing an issue with the true caller app not properly functioning in his 5s, anyone please tell me get this right..";""
"22363";"227";"iPhone 5s";"";"2014-12-24 04:07";"munghpan";"i have the same propblem too";""
"22364";"227";"iPhone 5s";"";"2014-12-23 11:33";"Rajan";"Battery drains very quickly even after restoring after updating to ios 8.1.2";""
"22365";"227";"iPhone 5s";"";"2014-12-23 03:02";"peachy";"I just love my iphone 5s. I can do a lot in this phone with no lag issue. Promise :) and my battery last all day with mobile data ON. Which i never experience with all my android Flagship phones before. If you're not in to iphone 5s. I guess you should not be here in the first place :) ";""
"22366";"227";"iPhone 5s";"";"2014-12-22 18:50";"Anonymous";"This is amazing phone as all Iphones are. I have no need to switch to Iphone 6.";""
"22367";"227";"iPhone 5s";"";"2014-12-22 12:13";"";"Mines came with iOS 7.0.1 when I bought it recently, and I'm happy as I've heard iOS 8.0-8.1.2 drains battery life... So no upgrading to iOS 8 for me.";""
"22368";"227";"iPhone 5s";"";"2014-12-22 10:33";"";"You can't go back to ios 7.1.1. cause they had stopped giving cerificates or whatever they call it used to even you can't downgrade to ios 8.0.2 now.Bad for you as this is the most ridiculous step taken by apple to force you in their enviornment.Previously was iphone user but these retrictions made me switch back again to android. ";""
"22369";"227";"iPhone 5s";"";"2014-12-22 08:13";"Clyde";"I have recently updated to iOS 8.1.2. But it's a regret to me since my iPhone looks an android phone almost! I will switch back to iOS 7.1.1 or whatever they call it. I prefer the iOS 7 that the iOS 8. iOS 8 is laggy and sometimes the touchwhiz has become unresponsive! Its rubbish! ";""
"22370";"227";"iPhone 5s";"";"2014-12-22 08:09";"sanjay";"Don't buy an iPhone! They are overpriced tat! The battery life is horrendous   ";""
"22371";"227";"iPhone 5s";"";"2014-12-22 06:57";"";""Apple has no lag issue",but what about the other basic things which your iphone "CAN"T" do which are mentioned on the post on which you replied,ifan got it! ";""
"22372";"227";"iPhone 5s";"";"2014-12-22 06:30";"";"At first I was going mad seeing how fast the battery was depleting after updating to iOS 8.1.2 and then surf the web and found several ways to solve it I did a simple soft reset and hard reset and it didn't work for me so move on to next step reset all setting and voila it's working fine and lag free now,to my experience I think battery has improved by a marginal but all may not fine it has improved for heavy users I think..I wish they add an option to switch to 2G/3G and LTE in the next update cause I don't have that option in my iPhone using IND Airtel Network..";""
"22373";"227";"iPhone 5s";"";"2014-12-22 05:04";"Clyde";"Ihave done that as well and even the lags were removed. ";""
"22374";"227";"iPhone 5s";"";"2014-12-21 18:43";"";"You should do reset all setting fast battery draining problem will probably be solve after that..";""
"22375";"227";"iPhone 5s";"";"2014-12-21 18:24";"Anonymous";"Don't buy an iPhone! They are overpriced tat! The battery life is horrendous ";""
"22376";"227";"iPhone 5s";"";"2014-12-21 11:49";"";"plz guys tell me that which cell phone better for me iphone 5s or note 3???am very confused....am current user of galaxy s2...helpp me plz";""
"22377";"227";"iPhone 5s";"";"2014-12-21 11:44";"";"My story with this device is very very long and I conclude the following: this is a very bad device, price wise, performance wise, features wise. It's just its look that is fine, yet any average android device with far less price will be much better and this is based on personal experience with iphone 5S, Samsung Tab S and Huawei Ascend Y511 devices. I am struggling with this device since I bought it one year ago. I just keep it till now due to the money that I spent on it and when I bought it for this price and brand name, I expected quality and ease, yet it ended up I was totally wrong. I don't recommend for anyone to go through this endless hassle.";""
"22378";"227";"iPhone 5s";"";"2014-12-21 05:51";"";"Download idownloader from AppStore it has inbuilt browser and media player . Or use any other audio video download apps from AppStore .";""
"22379";"227";"iPhone 5s";"";"2014-12-21 03:51";"Saianil";"No i think u shoud keep ur iphone 5s with u...its better than iphone 4s.. ";""
"22380";"227";"iPhone 5s";"";"2014-12-20 18:27";"gopi";"battery drains so quickly after updating to ios 8.1.2";""
"22381";"227";"iPhone 5s";"";"2014-12-20 16:54";"MN";"Hey I want to ask that if i buy an apple iphone 5s online how should i know that product is genuine or not? I mean how to recognise that iphone is original?";""
"22382";"227";"iPhone 5s";"";"2014-12-20 14:47";"Inba";"hi i heard after the update 8.1.2 we can change the cellular data by selecting 2g mode or 3g lite mode is it true,Am using airtel network. any one help me to solve this issue i have updated but still old setting are there ";""
"22383";"227";"iPhone 5s";"";"2014-12-20 14:11";"Clyde";"Hello Folks!  I have been using this phone for 12 days already and this is totally a fantastic phone! I love its smoothness and lag-free performance. In terms of the camera features like photoshoot and video recording, it is wonderful and perfect! Its camera is perfect and clear. I was an andoid user before and specifically using a Samsung Galaxy handset. I also like galaxy handset to be fair. What I do not like about those are the pre-installed apps from Google. For example, you already Music App. But there is also google play music--and for me it is not anymore necessary. How I wished there could only be one app at a time for each files for android phones! Apart from that, if your are opening multiple apps, it lags and has become unresponsive eventually and needs to be restarted. Would I ask for more? Well, let's see for the future apple products! ";""
"22384";"227";"iPhone 5s";"";"2014-12-20 06:30";"";"apple has no lag issue";""
"22385";"227";"iPhone 5s";"";"2014-12-20 06:24";"";"I got a hang problem after i upgraded my 5s to OS 8.. ";""
"22386";"227";"iPhone 5s";"";"2014-12-20 00:13";"nvn";"I want to know about the software for downloading songs and videos in iPhone 5s, without using iTunes? Pls tell the name of software and how it works?";""
"22387";"227";"iPhone 5s";"";"2014-12-19 04:43";"Anonymous";"This is a view from an android user before. It is expensive yes, if you dont want to see a alot of people ownibg the same phone as yours. In the long term view apple is really good, i appreciate how fast it is. There are. Lot of things i love about it. Maybe you should try android too so you can compare the difference :)";""
"22388";"227";"iPhone 5s";"";"2014-12-18 19:31";"Anonymous";"I bought 5s before the iphone 6 was releases (just because I just want to see what this Apple IOS hype is all about and I needed a high end phone).  After using it, I am not sure if the price I paid is worth (this is my personal opinion)  I do not see what additional benefit it gives the user (average tech user) over other mid range smartphones.   Other issue I had is the the phone will show "No Sim" now and then. I took it to the AT&T service center and they fixed the issue. I do not have any other issue with the phone, but still I am not finding a reason for all the hype for Apple and IOS";""
"22389";"227";"iPhone 5s";"";"2014-12-18 18:58";"Anonymous";"For file sharing ,there is xender app in AppStore . ";""
"22390";"227";"iPhone 5s";"";"2014-12-18 18:55";"Arifin";"I am using iphone 5s. It is really nice one. I think dimension of this phone is better than iphone 4s. But generate heat during long term use, it is a little bit problem. ";""
"22391";"227";"iPhone 5s";"";"2014-12-18 17:01";"";"friends plz help,i was using iphone 4s before i bought iphone 5s, though 5s is nice phone,but now i ve realized that its tall and looks bad in hand,plz tell should i sell my 5s and buy used iphone 4s? plz reply im very confused,waiting for ur reply";""
"22392";"227";"iPhone 5s";"";"2014-12-18 13:24";"Anonymous";"I might diaagree with that. Nowadays, youbdont need bluetooth to send pics. Since there are a lot of messaging apps where we share photos. We can install games and apps even paid without connecting to itunes. Movies, we have imovie to watch a lot of movies. We have apps to download songs we want even without connecting to itunes fyi. And lastly, hacking is illegal in any way. We dont hack games. I used android 3 years. And i can say i mastered every inch of it. But i will never go back to your open-to-all android. :)";""
"22393";"227";"iPhone 5s";"";"2014-12-18 10:14";"";"i agree with you but for 6 days it was super smooth and also i got it checked from 2 reliable sources for never opened and liquid contact.  on internet i have found that there are many faced the blue screen issue for 5s. some have mentioned that it is because 5s is 64 bit and many apps are 32 bit leads to non compatibility and this happens.  but worse thing i my cell went to restore mode permanently. overtime i try to restore it the blue screen appears after a while stopping the installation.  if somebody has info about it please help";""
"22394";"227";"iPhone 5s";"";"2014-12-18 09:51";"jaan";"well dont ever buy i phone its so worst to handle and very diffcult to understand  1) no file manager to access file ..in andriod all you can access 2) no bluetooth to transfer photo or file..in android you have bluetooth to transfer file to any person  3) u can send only iphone to iphone apple device only if both have bluetooth 4) no way to transfer big file or send movie .. in andriod there are lots of application where u can send movie of movie to other wise in fraction of secound 5) very limited can not put any high end cracks games since no access to file manager 6) also u can not download any application with out itune .. means you need itune to put any software and that too chargable including whatsapp which is free in andriod  in short it white elephant .. normal person can not operate ...1) its too costly 2) u need system with itune to put songs and games 3) all games you have to purchase from istore .. rarly few games are free which is totally useless 4) no more free software   choice is your   ";""
"22395";"227";"iPhone 5s";"";"2014-12-18 09:23";"Clyde";"Next time, my only advise is never ever buy a refurbished handset as there is no guarantee that it is still working. Beware on online gadget stores as well. Some are claiming that phones are still working fine and you could run a test in it before purchase. However, at the end, it wil only put you unto death. ";""
"22396";"227";"iPhone 5s";"";"2014-12-18 06:41";"";"i bought a used iphone 5s 10 days back. for first 6 days it was working perfect on 8.1.2 and super smooth. no prob at all in any connection or working. 4 days back on monday evening while i was using it suddenly blue screen came and restart loop came. after some time and hard resets it became ok but then again blue screen appears.  i tried resetting the IOS on iTunes in DFU mode but every time iOS starts to install on iPhone again blue screen comes and force stop the iOS update. i am completely stucked in recovery mode only my 5s not working at all.   any help plz????";""
"22397";"227";"iPhone 5s";"";"2014-12-18 03:24";"Sohaib";"Its the best best best phone I have ever used! Its really really good! No hanging problem, no OS problems, no battery problems, no size problems! Excellent touch screen and its really easy to use and handle. If some wants to buy a S4 or S3 I would recommend him/her to buy this one rather. I wish it had a Bluetooth connectable to other phones.";""
"22398";"227";"iPhone 5s";"";"2014-12-18 00:37";"Hafiz";"Its Apple Device Difficult N Complicated To Use Like Iphone 5S...I Want To Buy Iphone 5S but My Cousin Say Iphone Is Difficult To Use...Its That True???Because This Is My First Time Want To Use Apple Product...";""
"22399";"227";"iPhone 5s";"";"2014-12-17 15:04";"peachy";"You should update to 8.1.1 Superb performnce. Stability. Buttery smooth :) i couldn't ask for more. ";""
"22400";"227";"iPhone 5s";"";"2014-12-17 10:18";"Noor Khan";"iPhone 5s is the better in battery life";""
"22401";"227";"iPhone 5s";"";"2014-12-16 21:49";"";"After having this phone from may 20 2014 since iOS 8.0.2 the device is starting to have problems with the Wi-Fi and now the TouchID sensor is not working well and i'm bored with iOS, i'm going back to Android the previous device (Sony Xperia S) was a better device for me. This is the first and last Apple product that i have ever bought ";""
"22402";"227";"iPhone 5s";"";"2014-12-16 14:01";"Nikola";"Hi mate,  May i ask who told you that.  The answer is that if you normally use it it will not change its colour at all.  If you do not put it in some kind of aid of course.  Cheers!   ";""
"22403";"227";"iPhone 5s";"";"2014-12-15 12:27";"user56";"I chose this phone over note 4 and iphone 6 because note 4 and iphone 6 was not easily available. I came from galaxy s4 so had problem in starting with small screen now i feel nothing can be better than this. Space grey color is so unique and feels amazing. My freinds got note 4 and iphone 6 i used both samsung I dont even like now spending so much and still at some point phone stuck. And iphone 6 is superb but I prefer looks of 5s so im so happy with my decision, will never switch back to android. Ios is simple and I tried all heavy games with 5s it runs buttery smooth. I was afraid i'l miss downloading songs videos directly to my phone but there are apps to download and you can view them in that app its well managed according to me. Camera amazed me its 8 Mp but results are more than I expected. I'm gonna stay with my 5s.";""
"22404";"227";"iPhone 5s";"";"2014-12-15 02:39";"peachy";"Thanks for sharing. Ive decided to purchase note 4 last month. Good thing i choose 5s over note 4. Maybe im so used of android. And its lag issues. Have a good day ahead";""
"22405";"227";"iPhone 5s";"";"2014-12-14 18:56";"MJ";"I want to ask that Does iphone 5s gold colour fades out?  I mean iphone 5s gold discolour after 1 year ?";""
"22406";"227";"iPhone 5s";"";"2014-12-14 07:36";"Hermeseos";"I own both the galaxy note 4 and iphone 5s.eventough 5s has got 1GB ram.its still faster compared to my note 4s octa core 64 bit with 3GB ram.  Yes my note is the version with NO LTE but 64 bit octa core.but its slower than my iphone 5s.  My only complain about 5s is its over sensitive touchscreen.thats all.";""
"22407";"227";"iPhone 5s";"";"2014-12-14 07:31";"PP";"Iphone 5s is the best.";""
"22408";"227";"iPhone 5s";"";"2014-12-14 00:26";"Jesus";"A couples Hours";""
"22409";"227";"iPhone 5s";"";"2014-12-13 17:15";"Clyde";"Recently purchased an iPhone 5s and it lasts the whole day to me. ";""
"22410";"227";"iPhone 5s";"";"2014-12-13 11:02";"Sony";"Dear All, Can anyone please advise me which iphone have good battery life/talk time.I am using 4S now and wish to go for an Iphone 5S.. Please help.";""
"22411";"227";"iPhone 5s";"";"2014-12-13 07:57";"";"Absolutely iPhone has a tough built I've read in some popular tech reviewing blog..accidental mild drop can't break the screen it's tough, yeah after last incident there is a little scratch around the edge of top left backside it's not that visible unless if you're in direct sunlight seeing the back side.. Anyway it's working fine now I'm on iOS 8.1 haven't face any lag or any issues except last incident dropped cause BSOD. Will update someday later. Have a great time ahead.";""
"22412";"227";"iPhone 5s";"";"2014-12-13 05:14";"peachy";"Yes. Dont panic. Iphone has a tough built i know. I am using 8.1.1 now.y first update ever coming from 7.1. No problem at all. I dont have any plan of updrading to 8.1.2. Since ive read that you should update to 1.2 if you are having problems with 1.1. Since i dont experience any issues. I think im gonna stick with 8.1.1 :)";""
"22413";"227";"iPhone 5s";"";"2014-12-13 05:09";"peachy";"2 hrs i think. And not using it while charging";""
"22414";"227";"iPhone 5s";"";"2014-12-13 04:28";"Apple lovers";"It is best phone in the world still now";""
"22415";"227";"iPhone 5s";"";"2014-12-13 04:01";"";"Yeah damn scary whole day that experience was in my mind saying what if? screen crack I kept asking myself. Anyway since after that incident haven't face any issues yet yeah it might be because of drop as I've read in some forum saying blue screen of dead is usually caused by drop and some apps which are supposed to be run by 32 bit processor as they are 32 bit application but iPhone 5s is having a 64 bit processor trying to run a 32 bit programs. Now I knew it was because of that dropped or Instaflash Pro photo editing app which I've used it and after that blue screen of dead appears. Hopefully it shouldn't be happening again and next time I've to be careful from my niece,they don't know the value of iPhone and how much its hurt when the screen crack. Anyway which iOS version you're using? Have you update to iOS 8.1.2?";""
"22416";"227";"iPhone 5s";"";"2014-12-12 19:53";"";"Hy guys how much time iphone 5s battery is taking to fully charge from 0 to 100%";""
"22417";"227";"iPhone 5s";"";"2014-12-12 17:20";"Clyde";"I won't also. I will stay as anapple user! I cannot blame other people if they love apple phones. ";""
"22418";"227";"iPhone 5s";"";"2014-12-12 16:39";"peachy";"Same here! Been an android user for 3 years. And i will never go back. I love my iphone 5s gold. Cute. Elegant and powerful. ";""
"22419";"227";"iPhone 5s";"";"2014-12-12 16:08";"huzi";"Yaa you can share through xender its an app you can download in android and iphone";""
"22420";"227";"iPhone 5s";"";"2014-12-12 15:01";"Clyde";"I got my iPhone 5s on Tusday 09-12-2014 and it is really fantastic!! Its totally WOW! In comparison to my previous andrid phone, it is flawless and fast. It is only a simple, but elegant phone and I realised that the handset has fitted my neccessity--and that is simplicity with excellence! I love being a new apple user now. ";""
"22421";"227";"iPhone 5s";"";"2014-12-12 03:45";"peachy";"That was a scary experience. Dont let your phone drop again. Even any other phone tends to have a problem if it falls so hard so better be careful. And one more thing, it is okay that if you are charging your phone keep it on airplane mode or if you are waiting for calls and texts just dont use it while charging. So the phone will charge fast. Back to oyur concern, idk know about the blue screen but hopefully it wont appear again :)";""
"22422";"227";"iPhone 5s";"";"2014-12-12 02:42";"simeon";"yes ! the sound quality is much better than of 4s. if its due to speaker and bsattery life problem, you should buy iphone5s";""
"22423";"227";"iPhone 5s";"";"2014-12-11 16:31";"";"Hello friends Just sharing my day with you.  Been using iPhone 5s for quite long time never had an issues before but today's morning was almost a nightmare. I kept my iPhone on a table while charging it. My niece was playing around there suddenly hit the lighting cable and then I heard some noise..what was that noise? I said..came to room saw my phone was lying on a floor Apple logo upward, the screen was kissing a concrete floor..damn this would be the worst day for me I thought..i stood there for a moment damn afraid to pick up the phone what if just to see the shattered screen.but I was lucky SOB the screen was fine and there was a little scratch around the edges. Now the problem here is while editing pictures using Instaflash Pro in the evening time the phone freeze and there was nothing I could do and suddenly a blue screen appear and turn it off itself I waited for ten minutes and turn it on and voila it is working fine now. But i questioned myself was that blue screen because of the dropped. It may get shocked very hard during that dropped. Anyway I just hope everything inside is ok I'm on iOS 8.1 btw.";""
"22424";"227";"iPhone 5s";"";"2014-12-11 15:31";"peachy";"It's 8.1.1 :)";""
"22425";"227";"iPhone 5s";"";"2014-12-11 14:49";"Anonymous";"can i know wat was ur update? 8 or 8.1 or 8.1.1?";""
"22426";"227";"iPhone 5s";"";"2014-12-11 13:52";"sahiru";"if any one used iphone 4s please tell me does the 5s audio quality better than iphone 4s.because i want buy iphone 5s.i sold iphone 4s because of battery life.";""
"22427";"227";"iPhone 5s";"";"2014-12-11 12:10";"peachy";"I updated my phone a couple of weeks ago, though im afraid since i heard a lot of bugs in ios8. But im wrong. No problem at all. No lag. No hang. Very smooth and fast. Battery life still the same. Awesome. And love the new features added on it. I update it via OTA. ";""
"22428";"227";"iPhone 5s";"";"2014-12-11 10:30";"mcdowells";"this phone is realy awesome .............";""
"22429";"227";"iPhone 5s";"";"2014-12-11 07:10";"Ajid";"yaa your rite!";""
"22430";"227";"iPhone 5s";"";"2014-12-11 02:03";"Anonymous";"Hi guyz. so long i was content with iOS 7.1 for ma 5S. didn't go to iOS 8 or above upgrades. anyone got the upgrades plz let me know whether its gud or still bugs r thr? thank you";""
"22431";"227";"iPhone 5s";"";"2014-12-10 18:09";"Anonymous";"Hii evryone... I just receivd my iphone 5s One word to say its Ausm phone N im so happy to use Bczz iphone 6 is big so i took iphone 5s n light weight  N just luv it  It fits to hand  Iphone is iphone only its a brand yaa plese dont compare with android ...";""
"22432";"227";"iPhone 5s";"";"2014-12-10 16:19";"yash";"is sharing available between i phone and any phones ?????? ";""
"22433";"227";"iPhone 5s";"";"2014-12-10 12:03";"jaya";"want to buy apple 5s but confused abt featues 6 and 5s model wchone is theee best";""

