"24601";"245";"iPhone 3G";"";"2015-01-20 14:44";"";"Just a guess but I think you'd go to computer to update the ios to the next New software update,when you do it should be all good,plz how it goes bcoz I'll be using iphone 3g s I'd like to read user reviews...";""
"24602";"245";"iPhone 3G";"";"2015-01-20 14:39";"";"I just got iphone3gs,waiting on simcard from at&t,and knowing the phone is out dated, anyone still using it?? Can you talk surf web text messages, play games,how's the volume can the fonts be changed to different styles???Thanks";""
"24603";"245";"iPhone 3G";"";"2015-01-20 03:11";"Mei";"Hello....i have this phone... But i cant fix it when i create my apple id.....evrytime i created theres a message appear in the screen that need to update my ios...but i dnt know how to update it coz i dnt know whats the ios of this phone...can u help me to fix it? Thank u";""
"24604";"245";"iPhone 3G";"";"2015-01-19 16:42";"safa";"Hi, My iphone3 is blocked and shows connect ti iTunes when sliding says emergency only, how can i fix it";""
"24605";"245";"iPhone 3G";"";"2015-01-19 14:21";"RSS";"I would suggest to go to atleast 4. because now no support available and most of the available softwares will not work on this. ";""
"24606";"245";"iPhone 3G";"";"2015-01-17 11:02";"shaikh";"i buy iphone 3g yr..... plz give me ";""
"24607";"245";"iPhone 3G";"";"2015-01-09 04:37";"pye";"i am planning to buy a used phone like this, iPhone 3gs. any advice guys?";""
"24608";"245";"iPhone 3G";"";"2014-12-25 20:21";"Anonymous";"After my Motorola Razr broke back in 2011 & my HTC Wildfire had become too intolerable & stubborn (2014), I decided to use this iPhone 3G that my family had that was just sitting around in the corner.  Considering how outdated this phone is, I originally thought this phone would be useless other than to make calls and basic texting. But when I got to using it extensively, I actually figured out you can actually do a bit more with it. Now I'm actually using it to watch YouTube & downloaded videos, and doing some online research, I figured out that some simple apps actually still works on it and best of all, I figured out that the Line App that I always use to connect with my family is actually compatible with this due to the "Last compatible version" Apple has going for their older phones. As a personal touch, the Emoji app falls under that category as well.  Bottom line, sure, there's a few downsides to this phone, like how this phone is kinda slow when compared to other phones, many apps isn't supported on this device, and the HD isn't really much. But even then, since I'm actually still loving this phone, I think I'm gonna make this phone my main phone for a while until I find a new phone later on.";""
"24609";"245";"iPhone 3G";"";"2014-12-24 08:17";"Anonymous";"its diificult to me to format ";""
"24610";"245";"iPhone 3G";"";"2014-12-19 17:22";"sfhash";"I got the iphone 3g recently and used it for a couple of months, I really liked it. The quality of this phone is amazing, its fast, its keyboard is impressive, and I really liked the battery as well, the only downside was I couldnt install any apps and the phone was outdated. If you just want a phone that can call, text, and you want to be able to surf the web, you will like the iphone 3g.";""
"24611";"245";"iPhone 3G";"";"2014-12-06 07:43";"Stuller";"First u download the ios u desire but it should be compatible with yoh phone....then u connect yoh iphone 2 tha computerthen u go 2 settings then u go 2 system software then u go 2 upgrade....then u seat back n let the computer upgrade it for yoh...hope this information helps";""
"24612";"245";"iPhone 3G";"";"2014-12-01 13:29";"isnawati";"take your time for your smartphone";""
"24613";"245";"iPhone 3G";"";"2014-12-01 04:04";"Den";"Can i upgrade my iphone 3g?";""
"24614";"245";"iPhone 3G";"";"2014-11-29 22:17";"florentin";"I reinitialised my iphone3g 16GB besause i have made a wrong setting and wanted to let it restart newly. The problem is that the phone doesn't work now.it just shows an apple on the screen. Please write me seguene@gmail.com";""
"24615";"245";"iPhone 3G";"";"2014-11-27 15:12";"Anonymous";"what? engrish plz.";""
"24616";"245";"iPhone 3G";"";"2014-11-21 07:35";"ZY";"is iphone 3g or iphone 3 have game center app?";""
"24617";"245";"iPhone 3G";"";"2014-11-16 09:07";"fazaleqadir01@gmail";"hi my iphone3g is some problem that is not proprly work send me some information ";""
"24618";"245";"iPhone 3G";"";"2014-11-13 10:58";"Prasad";"first u up date with itunes and next flash with whitent 00 ipsw 4.2.1 file with redsnow14(2) ";""
"24619";"245";"iPhone 3G";"";"2014-11-08 00:33";"";"how to upgrade my ios";""
"24620";"245";"iPhone 3G";"";"2014-11-03 16:17";"ahsank01";"hi plz tell how u updated IOS to 4.2.1";""
"24621";"245";"iPhone 3G";"";"2014-10-31 04:30";"NixxyBear";"Does it allow you to play games? ";""
"24622";"245";"iPhone 3G";"";"2014-10-22 08:14";"ajith";"Useing this phone since 2009 am really satisfied with my apple iPhone 3g 16 gb. Goood phone";""
"24623";"245";"iPhone 3G";"";"2014-10-08 21:33";"Nelson";"I have a apple iphone 3gs, but do not work in cuba, how unlocked, please write to nelson.martin@etecsa.cu, if you talk spanish better. thank you";""
"24624";"245";"iPhone 3G";"";"2014-10-06 19:57";"Anonymous";"How do I reset my apple I'd I got the phone from a shop and can't get on anything because I don't hav the I'd. Help";""
"24625";"245";"iPhone 3G";"";"2014-10-06 05:57";"fredgirlnz";"ok ill let him know lol im on Trademe";""
"24626";"245";"iPhone 3G";"";"2014-10-04 10:52";"";"Someone on trade me in NZ is trying to sell one of these for $130, i cant log in to tell him hes dreaming to get that price for it espically with it been released in 2008! ";""
"24627";"245";"iPhone 3G";"";"2014-09-29 18:58";"Anonymous";"ooh really you say so then thank Jehovah for given me the right way.";""
"24628";"245";"iPhone 3G";"";"2014-09-17 19:24";"Gambo";"Dude, this is an ancient model. Why would you buy that?! If you need a cheap phone, go find something newer without the bitten apple on the back side.";""
"24629";"245";"iPhone 3G";"";"2014-09-17 16:14";"Anonymous";"How can I stop the recording.";""
"24630";"245";"iPhone 3G";"";"2014-09-17 12:08";"Mama";"I have never seen such stupid mobile apparatus, even the WiFi function is not activated at all. in general the Apple mobiles are not produced in use friendly manner.  Thank you Samsung, Hawaii and Nokia. ";""
"24631";"245";"iPhone 3G";"";"2014-09-11 23:02";"Anonymous";"Why would you buy this? You could get a much newer and faster Android phone...";""
"24632";"245";"iPhone 3G";"";"2014-09-06 15:23";"Anonymous";"i just bought this iphone 3g(2nd hand)i thought i can play or download my favorite games.but it looks like i failed.most of the games are incompatible.i am really dissapointed:(";""
"24633";"245";"iPhone 3G";"";"2014-09-03 22:50";"i like tech ";"I have been using this iPhone for more than 5 years and I must say I had no problem with it and I think it will stay like that a long time. the only thing I don't like about it is that it does not do video, but except for that I really do like this phone. I'm so happy to keep on using this phone that even if it will break I will get it fixed and use it. If the phone still works there is no point of me getting an upgrade ";""
"24634";"245";"iPhone 3G";"";"2014-09-02 17:56";"nabeel";"do you know how to make app store id i have make but it is not existing plzz help me";""
"24635";"245";"iPhone 3G";"";"2014-08-31 19:44";"Dogsbody";"You don't take the back off to replace the sim. There is a small hole on top next to the sim tray. Use a clip to push down this hole and the sim tray will pop out ";""
"24636";"245";"iPhone 3G";"";"2014-08-26 01:20";"lopeguy";"iphone 3G is a cool phone but can't take simple apps as whatsapp ";""
"24637";"245";"iPhone 3G";"";"2014-08-13 03:35";"";"I'm not an Apple fan. But even if you, like me, do not like Apple we must agree: 1) I have one iPhone 3G and its battery work as fine as brand new (even for a phone with almost 7/8 years old) 2) Retina screen is way better (unfortunatelly) than Android screen (and I do have a Razr HD) 3) Its quality is (unfortunattely again for Android lovers like me) far better. My iPhone is white and still white as new and my wife had a Galaxy Tab 2 white with gray stain all over. Today, even you can find one iPhone 3G for sale, run from it, you cannot install nothing in iOs 4.2.1 and its not updatable. If you have one with whatsapp, viber, skype installed, seel for no price at all (or at least for a price that enable you to buy a brand new iPhone 4S or above) :-D ";""
"24638";"245";"iPhone 3G";"";"2014-08-12 10:08";"nirmal";"i reallly love this and i phone 3gs  ";""
"24639";"245";"iPhone 3G";"";"2014-08-07 14:58";"Afnan.Sofi";"nice phone i really love this phone |||||||||";""
"24640";"245";"iPhone 3G";"";"2014-07-30 19:09";"";"Looks as same like iphone 6.";""
"24641";"245";"iPhone 3G";"";"2014-07-29 17:20";"IPhone 3";"IPhone ";""
"24642";"245";"iPhone 3G";"";"2014-07-29 05:20";"srikanth";"it is very warrst moblie we cannot download even single app waste of buying";""
"24643";"245";"iPhone 3G";"";"2014-07-27 04:04";"sai";"in iphone 3g facebook and messagner supporting are not tel me plzzzzz....";""
"24644";"245";"iPhone 3G";"";"2014-07-21 04:07";"A7A";"i rested my 3g but it didn't turn on after that all i can see is the apple nothing else  please help me  thnx ";""
"24645";"245";"iPhone 3G";"";"2014-07-05 12:50";"Anonymous";"ios 7 will only go as far back as the iPhone 4s (maybe 4 aswell). all older iphones cant go past ios 6";""
"24646";"245";"iPhone 3G";"";"2014-07-05 01:47";"Adam";"There is no way to upgrade iphone 3g or 3gs to ios 7 unless you will crack your phone and instal it via winterboard";""
"24647";"245";"iPhone 3G";"";"2014-07-01 23:42";"Anonymous";"i own an iphone 3g 16gb. Its the end of the line for future firmware update for the 3G nor updates for apps. U shud jus get an iphone 3gs for nw or spend more and get 4, 4s, 5, etc.";""
"24648";"245";"iPhone 3G";"";"2014-07-01 10:20";"Pockets";"How can I update iOS on my phone";""
"24649";"245";"iPhone 3G";"";"2014-07-01 05:21";"Hershey";"I need help to upgrade my iPhone 3G to iOS 7 is there someone who can help me? Send me an email at sheybangxD@facebook.com please help mee! ";""
"24650";"245";"iPhone 3G";"";"2014-06-30 22:05";"neznamkaksa";"If you look above youl see that it says ios 4.2.1 is max";""
"24651";"245";"iPhone 3G";"";"2014-06-28 21:26";"Anonymous";"I have purchased a iphone 3g but when I put a 2g sim it doesn't show the network it shows only "no network found".can u solve my problem??";""
"24652";"245";"iPhone 3G";"";"2014-06-28 20:31";"Suleman";"How can I upgrade my iphone 3 g to version 4.2.1";""
"24653";"245";"iPhone 3G";"";"2014-06-28 19:18";"jay";"How to update iOS 7 in my iPhone 3G can u help ";""
"24654";"245";"iPhone 3G";"";"2014-06-28 13:48";"al";"U can exchange data laptop to iphone by using itunes..";""
"24655";"245";"iPhone 3G";"";"2014-06-26 14:17";"Jake ";"Ios 7 contains iphone 4 4s 5 5s 5c and iPad 1 2 3 4 m  ";""
"24656";"245";"iPhone 3G";"";"2014-06-16 18:23";"Aeiou";"You must be kidding.";""
"24657";"245";"iPhone 3G";"";"2014-06-16 18:22";"Ace";"There's no way. It can only support up to 4.2.1 version.";""
"24658";"245";"iPhone 3G";"";"2014-06-13 20:21";"Ali";"you cannot update the IOS 6.1.2 in iphone 3G, its compatible with ios 4.1.2 only...";""
"24659";"245";"iPhone 3G";"";"2014-06-06 18:03";"CSRMVF";"You must first jailbreak it Or else Pissall";""
"24660";"245";"iPhone 3G";"";"2014-06-05 09:07";"umar dk";"boss can u help me to upgrade my iphone 3g to ios 6.1.2?????????";""
"24661";"245";"iPhone 3G";"";"2014-06-03 10:11";"Anonymous";"pls can you help me with my own iphone #g to b upgraded to ios7 ";""
"24662";"245";"iPhone 3G";"";"2014-06-02 23:27";"King";"Yes i do boss";""
"24663";"245";"iPhone 3G";"";"2014-06-02 14:07";"Anonymous";"can u help me how to upgrade my iphone3g to ios7?..";""
"24664";"245";"iPhone 3G";"";"2014-06-02 14:06";"Anonymous";"can u help me how to do it?";""
"24665";"245";"iPhone 3G";"";"2014-06-01 15:37";"kaythia";"I do need help, cause I tried whited00r but that's simply iOS 3.1.3 with lots of tweaks and iOS 7 theme, but the structure and therefore the apps compatibility is still the same as 4.2.1";""
"24666";"245";"iPhone 3G";"";"2014-06-01 01:05";"Anonymous";"its Ipod 2th generation not 3";""
"24667";"245";"iPhone 3G";"";"2014-05-31 09:45";"iOS_guru";"I can update iPhone 3g to iOS 7, anyone need help??";""
"24668";"245";"iPhone 3G";"";"2014-05-30 16:35";"Anonymous";"Itunes";""
"24669";"245";"iPhone 3G";"";"2014-05-27 08:16";"";"Goose bumps on other brands. Apple @ its best.";""
"24670";"245";"iPhone 3G";"";"2014-05-26 22:37";"lemmy k chewe";"pls show me hw to iphones it has been giving me some problems ";""
"24671";"245";"iPhone 3G";"";"2014-05-25 15:09";"sarah";"plz tell me how i transfer data in iphone?";""
"24672";"245";"iPhone 3G";"";"2014-05-20 14:51";"Lal";"How to knoow my iPhones model no and ram  What my phone is sport what's app";""
"24673";"245";"iPhone 3G";"";"2014-05-12 16:09";"p";"my iphone 3G bluetooth not working,it just shows it is scanning but cannot connect with other phones, cannot exchange data from laptop to phone using data cable. how do i upgrade it so that i can download picture and music?";""
"24674";"245";"iPhone 3G";"";"2014-05-08 16:21";"Sandy";"I Like Iphone.";""
"24675";"245";"iPhone 3G";"";"2014-05-07 13:02";"";"by throwing it and buying the new model hahahaha";""
"24676";"245";"iPhone 3G";"";"2014-05-03 21:28";"Billu.maqsood15";"I like Apple iPhone";""
"24677";"245";"iPhone 3G";"";"2014-05-01 06:24";"Lotus";"Hw to create iphone store in my3g";""
"24678";"245";"iPhone 3G";"";"2014-04-30 10:12";"akan";"can i update the ios ?";""
"24679";"245";"iPhone 3G";"";"2014-04-29 14:02";"";"download apps that allow videorecord from app store";""
"24680";"245";"iPhone 3G";"";"2014-04-29 13:59";"";"Good phone but ios max is 4.2.1 . Most apps are for 4.3 [ios]   ";""
"24681";"245";"iPhone 3G";"";"2014-04-27 20:46";"Anonymous";"In iphone 3g there is no video recorder.";""
"24682";"245";"iPhone 3G";"";"2014-04-26 16:57";"limeyden";"How do you get the back off to put in the sim?";""
"24683";"245";"iPhone 3G";"";"2014-04-25 09:27";"Zafar";"Please tell me How can I play videos in my 3g? and there is no video recording option>? ";""
"24684";"245";"iPhone 3G";"";"2014-04-23 19:45";"junior";"why did you choose to make it ";""
"24685";"245";"iPhone 3G";"";"2014-04-22 23:45";"";"You need to press home & power button together.  Leave them when you see apple logo.  This should work otherwise restore it from iTunes & if it's locked then you need to google for the custom firmware.  Good luck. ";""
"24686";"245";"iPhone 3G";"";"2014-04-22 23:41";"";"You need to press home & power button together.  Leave them when you see apple logo.  This should work otherwise restore it from iTunes & if it's locked then you need to google for the custom firmware.  Good luck. ";""
"24687";"245";"iPhone 3G";"";"2014-04-22 08:02";"Anonymous";"and how do we do it help please???";""
"24688";"245";"iPhone 3G";"";"2014-04-20 18:41";"Pritam";"Your current iOS may be gone. You have to need reinstall latest(4.2.1 for 3G) iOS.";""
"24689";"245";"iPhone 3G";"";"2014-04-19 16:00";"Tpmpmgj";"I reseted my phn ,after that my phn did not swithched on . Why? Please help me";""
"24690";"245";"iPhone 3G";"";"2014-04-19 15:56";"Aaaaaaaa";"I reseted my phn , after that my phn did not swithched on . Why ? Please help me.";""
"24691";"245";"iPhone 3G";"";"2014-04-19 15:50";"Mmmmmmm";"Please help me . I reseted my iphone after that my phone didn't swithched on. Why????";""
"24692";"245";"iPhone 3G";"";"2014-04-17 11:42";"parikshit";"my handset is not working with i tunes store whren i sign in with apple id please reply..";""
"24693";"245";"iPhone 3G";"";"2014-04-11 07:05";"Nani";"hai in time many chaina phone is came the market just we check the emi number dial *#06#";""
"24694";"245";"iPhone 3G";"";"2014-03-23 15:50";"jack";"Hi friends i want to know the difference between software unlock and factory unlock and their benefiths. Plz reply";""
"24695";"245";"iPhone 3G";"";"2014-03-11 09:06";"kram";"how did you know iif the iphone 3g is china ?.or original";""
"24696";"245";"iPhone 3G";"";"2014-03-11 09:06";"kram";"how did you know iif the iphone 3g is china ?.or original";""
"24697";"245";"iPhone 3G";"";"2014-03-10 14:44";"ernim89@gmail.com";"And I'm ";""
"24698";"245";"iPhone 3G";"";"2014-03-08 01:40";"";"I am trying to restore a 3G on a windows I computer but it will not show up on the itunes is there something I can do";""
"24699";"245";"iPhone 3G";"";"2014-03-08 00:03";"tc9700";"if your iphone 3g is shows connect to itunes (recovery mode) then either restore it from itunes then if it shows error 1015 then jailbreak it from redsn0w and when you have it will say slide for emergency ";""
"24700";"245";"iPhone 3G";"";"2014-03-06 11:37";"Anonymous";"i can change ios version in 2 thousand only ";""
"24701";"245";"iPhone 3G";"";"2014-02-21 16:23";"OMPRAKASH";"My i phone 3g was connected to my pc in i-tunes programme for up loading the photos. But my phone has gone in restore mode. It is now held up in i-tunes. It is not either starting or shutting down. please let me know the remedies. Thank you.";""
"24702";"245";"iPhone 3G";"";"2014-02-07 09:38";"killer";"which ios is sotible for iphone 3g or 3gs ";""
"24703";"245";"iPhone 3G";"";"2014-02-06 18:36";"ricoh13";"hi how can i return the old version of my iphone 3g for i have upgraded it to the new ios not knowing that its not compatible, now my iphone 3g has no program/ios/version?? cant open it anymore need help thnx :/";""
"24704";"245";"iPhone 3G";"";"2014-02-01 12:30";"";"update to latest ios and enjoy :)";""
"24705";"245";"iPhone 3G";"";"2014-01-30 22:20";"dejan";"mine too,no wi fi. can be fixed,or it is a software problem??";""
"24706";"245";"iPhone 3G";"";"2014-01-30 18:57";"Kadigan";"A good piece of tech. Still works quite well with new networks (at least where I live). The only problem is that it is no longer updated, and it's nigh impossible to find apps within the App Store that are still compatible with iOS below 5 (the maximum for 3G is iOS 4.2.1, it cannot be upgraded any further).  If jailbroken, however, the apps are abundant and the phone becomes even more useful. It's tough to break (although there are a few weak points: the battery connector, the vibrator connector and the infamous mute switch), and the protective glass really does its job (I had to swap it out once, but that was after a deliberate throw). The battery is theoretically non-removable, but with some basic manual ability and a size PH00 (or thereabouts) Phillips screwdriver it's practically a cinch (around 45 minutes to an hour for the first time, about 30 minutes in subsequent attempts).  Pros: strong, reliable. Some hacking potential. With the right software useful as a network diagnostic tool as well. Battery replacements are cheap and abundant, too.  Cons: the battery tends to get weaker with time, and does require replacing within about 24-30 months.  Also, the iPhone won't properly work with just any USB charger - the DATA+ and DATA- pins need to be set to specific voltage levels for the phone to even attempt charging. A voltage divider network does the job though, making it a viable option 'on the cheap' (and it can be incorporated into the cable, too).  In general, it's a good piece of tech. Don't throw it away, if you don't have to.";""
"24707";"245";"iPhone 3G";"";"2014-01-28 12:06";"guillennie";"mine, wi-fi is disabled, how to activate?";""
"24708";"245";"iPhone 3G";"";"2014-01-28 11:23";"Akilla";"I'm still using this phone. Jail breaked iPhone 3G. It is a fine durable piece of technology for hard use.";""
"24709";"245";"iPhone 3G";"";"2014-01-26 22:07";"Anonymous";"it's good. I enjoy to gatch iphone 3G";""
"24710";"245";"iPhone 3G";"";"2014-01-16 02:20";"Ben";"I have G3 I phone that has given me great service for over 4 years. I think the battery is finally failing. I sure hope I can have it fixed and keep it.";""
"24711";"245";"iPhone 3G";"";"2014-01-13 19:51";"bert";"I believe u. Those 3G are still rock!!!";""
"24712";"245";"iPhone 3G";"";"2014-01-11 18:54";"prudhvi";"folks mine is an iphone 3g 4.1 jail broke and i have a doubt that ,hoe to upgrade ";""
"24713";"245";"iPhone 3G";"";"2014-01-08 23:42";"";"haha, we all know this , its not a secret, this phone was made in 2008 so cant get the latest updates and for the age still rocks and looks great..";""
"24714";"245";"iPhone 3G";"";"2014-01-08 15:05";"Anonymous";"This is not much different to the original with the very small battery, small screen and rubbish camera. It is stronger than the older I phone it can survive getting knocked onto concrete from ear height dropping on the back or sides. I however wouldn't trust the screen. If you have the first I phone this isn't really worth the couple hundred extra pounds spent on this upgrade. ";""
"24715";"245";"iPhone 3G";"";"2014-01-07 14:03";"Anonymous";"You cannot upgrade it anymore to ios5";""
"24716";"245";"iPhone 3G";"";"2014-01-03 15:16";"Bush";"This phone is a nice one but always running very fast and always backup very slowly and you cant make a good video call because it dosent have a front camera";""
"24717";"245";"iPhone 3G";"";"2014-01-01 17:59";"rishi";"there are lots of apps on kickass torrents ...just search for "ipa " and look through...oh you have to be jailbroken";""
"24718";"245";"iPhone 3G";"";"2013-12-29 16:41";"Aman";"my phone battery back up very low plz reply & how to replace  ";""
"24719";"245";"iPhone 3G";"";"2013-12-28 07:53";"ahmed";"Nothing to do with this 4.2.1 iOS.everyone,please help me how can i get applications for this phone?";""
"24720";"245";"iPhone 3G";"";"2013-12-26 12:48";"CSRMVF";"My vibration does not work.  Anyone have an idea why?  Everything is on for it to Vibrate.";""
"24721";"245";"iPhone 3G";"";"2013-12-23 06:16";"laxman";"i can't re store new version of i phone software what can i do please replay ";""
"24722";"245";"iPhone 3G";"";"2013-12-20 15:43";"";"This phone was nice when it was first released but I nw found out that it has many bugs, errors and moves slow. It's overall still a fairly good gone with good camera quality and everything but the outer touch screen is very fragile, it cannot video and it sometimes does not take charge....... ";""
"24723";"245";"iPhone 3G";"";"2013-12-19 08:16";"hitesh";"1015 error";""
"24724";"245";"iPhone 3G";"";"2013-12-13 05:36";"abdull";"who did i upgrade my 3g in 4.2.1  last tym ill try but its errored nd jailbracked :'( plz help me";""
"24725";"245";"iPhone 3G";"";"2013-12-12 12:36";"Marc "Herdy&quo";"Looks nice, feels nice, tastes nice, is nice, love love love it!!!!!XXX";""
"24726";"245";"iPhone 3G";"";"2013-12-11 11:00";"Groove007";"My iphn 3g battery has started to drain faster after i opened the housing! Can i replace it with new battery or do i have another option!??";""
"24727";"245";"iPhone 3G";"";"2013-12-08 07:54";"gurvinder kumar";"its very bueatiful ";""
"24728";"245";"iPhone 3G";"";"2013-12-08 03:02";"keith";"install whited00r";""
"24729";"245";"iPhone 3G";"";"2013-12-05 10:24";"Anonymous";"does it supports whatsapp.line and wechat?";""
"24730";"245";"iPhone 3G";"";"2013-12-01 15:21";"yus";"i love apple5s";""
"24731";"245";"iPhone 3G";"";"2013-11-28 07:46";"welldone29";"as of now my apple iPhone 3g is very useful i love it.. even i have my new Apple iPhone 5s.. i love to use my iPhone 3g. thanks apple";""
"24732";"245";"iPhone 3G";"";"2013-11-26 23:45";"rizwa";"This is phodo iphon  plz Don,t purchase it.this is not updrade 4.2.1 to other(ios7,ios5).this iphon very bad. i have this iphon bt i am waste mony plzzzzzzzzzzzzzzzzzzz don,t purchase.....if anyone know how to upgrade plzzzzzz tell me??????????????/ ";""
"24733";"245";"iPhone 3G";"";"2013-11-23 06:23";"Anonymous";"it can't be.";""
"24734";"245";"iPhone 3G";"";"2013-11-18 09:09";"Anonymous";"cant open fb for my phone iphone 3g what i will i do..";""
"24735";"245";"iPhone 3G";"";"2013-11-18 06:29";"RAJAN";"I want my apple iphone 3g upgred ios5";""
"24736";"245";"iPhone 3G";"";"2013-11-14 23:23";"BIENVENUE";"Dear friends; how can I use my iphone 3g as a portablbe hotspot?";""
"24737";"245";"iPhone 3G";"";"2013-11-13 19:54";"ghfghfg";"You can't.....";""
"24738";"245";"iPhone 3G";"";"2013-11-13 17:36";"Big Boss";"Better buy a new 5s - problem solved";""
"24739";"245";"iPhone 3G";"";"2013-11-13 12:40";"shivs";"hi frnds how can i update my iphone 3gs to ios 7 plz help me regarding this matter ";""
"24740";"245";"iPhone 3G";"";"2013-11-08 07:38";"sidath";"there are any application not support my phon...";""
"24741";"245";"iPhone 3G";"";"2013-11-06 07:54";"SHAN";"My iphone 3s has got some problem in its display. everything is working fine but unable to see the phone without light..and even ma pass code is wrong.. so pls do help me regarding this.. ";""
"24742";"245";"iPhone 3G";"";"2013-11-04 23:40";"Anonymous";"Check your itunes/apple account, or resell your stolen phone.";""
"24743";"245";"iPhone 3G";"";"2013-11-04 15:09";"Sonu";"I bought this mobile n seconds am my able to instal application they ask password and I'd I creat I'd but it's told verify account pls help me any body  ";""
"24744";"245";"iPhone 3G";"";"2013-11-04 02:19";"Jhie";"How can i download applications and games on my phone? ";""
"24745";"245";"iPhone 3G";"";"2013-11-03 04:35";"farhan";"iphone 3G is very good or stylish window phone what a touch i have no words ";""
"24746";"245";"iPhone 3G";"";"2013-10-31 08:12";"Bheem";"Where are update my iPhone 3g";""
"24747";"245";"iPhone 3G";"";"2013-10-31 03:21";"zaid";"i cnt download app it says unable to download app will b available wen u log in to itunes store on computer pls help";""
"24748";"245";"iPhone 3G";"";"2013-10-30 05:37";"saii";"where did i put the sim in iphone 3g? pls response ";""
"24749";"245";"iPhone 3G";"";"2013-10-28 23:58";"sha";"My I phone switched of bcz of low battery and now I charge it since last 3 hours but it still off how can I on it plz tell me ";""
"24750";"245";"iPhone 3G";"";"2013-10-21 19:22";"";"why you are trying to push people to samsung, and who asked you to do this anyway?";""
"24751";"245";"iPhone 3G";"";"2013-10-21 19:12";"";"my friend, its a 2008 phone, what did you expect. No more support for 3g now, jus use it like a phone, no new app anymore. its like to ask apps for nokia 6600 now..";""
"24752";"245";"iPhone 3G";"";"2013-10-19 20:09";"Sujatha";"I m unhappy customer of iPhone 3g...i could instal any application...i wasted money only in registerin in iTunes...i dnt understand wen dey knw tat apple ios4.1 cant accommodate any application y the hell is it asking for the registration....it is sick...";""
"24753";"245";"iPhone 3G";"";"2013-10-18 21:09";"shahzad ali";"I use iphone 3gs 16 gb . it such a nice cel phone its voice quality is zbrdst,.";""
"24754";"245";"iPhone 3G";"";"2013-10-14 20:26";"Alban";"i think that is nice phone and i like it  ";""
"24755";"245";"iPhone 3G";"";"2013-10-14 11:29";"kasi";"i am using this phon since 2years i am gitting 2days batter pack up.see you tube how to down load apps k.such a excelent phon  ";""
"24756";"245";"iPhone 3G";"";"2013-10-12 18:42";"";"I HATE THIS PHONE !! It's so cheap right?? Well I can explain why : You can't even update it which means you can't download most of the apps , the camera is a disgrace , no LED flash. But the good thing is i've dropped it a MILLION TIMES and not even one scratch has turned up";""
"24757";"245";"iPhone 3G";"";"2013-10-10 21:09";"";"If you own an Iphone 3g already then go to youtube and look up how to upgrade to IOS 4.2.1. Whattsapp will not work as this version is still not adequate. Please be careful when updating the phone, make sure to retain your original modem firmware and not upgrade it to ipadfirmware it will brick the phone. If you dont own a 3G dont worry buying it! ts about to become a dinasour!!! Extinct!!!";""
"24758";"245";"iPhone 3G";"";"2013-10-09 10:09";"freeze";"hi my iphone 3g is frozen and have this apps and itune in Chinese and the sim is blocked";""
"24759";"245";"iPhone 3G";"";"2013-10-07 17:26";"Anonymous";"How can I update my iphone 3";""
"24760";"245";"iPhone 3G";"";"2013-10-07 17:17";"Anonymous";"How can I update my iphone 3";""
"24761";"245";"iPhone 3G";"";"2013-10-07 16:29";"raf";"how do i download whtsapp on ma 3g ";""
"24762";"245";"iPhone 3G";"";"2013-10-03 14:37";"tim";"you cant down load flash, or java, cos its a rubbish fone.";""
"24763";"245";"iPhone 3G";"";"2013-09-29 11:17";"amit";"how can i download whatsapp on iphon 3g plzz help me";""
"24764";"245";"iPhone 3G";"";"2013-09-28 18:06";"RGS";"Is this phone supports whatsapp...??";""
"24765";"245";"iPhone 3G";"";"2013-09-22 08:46";"joshtodz";"Yes there is an app for everything..:)";""
"24766";"245";"iPhone 3G";"";"2013-09-20 20:32";"jun";"is there any app that allows i-phone 3g to have a video recording function??";""
"24767";"245";"iPhone 3G";"";"2013-09-19 11:48";"Nilesh";"u tell mi how to download this games n this game r not supported for i phone 3g how to upgrade the i phone 3g ";""
"24768";"245";"iPhone 3G";"";"2013-09-19 01:05";"Anonymous";"how can I get my wi-fi to set up?";""
"24769";"245";"iPhone 3G";"";"2013-09-18 19:19";"adward";"guz plz don't buy iphone instead of buying these plz go for samsung model...u get better poformance like better processing speed 800ghz 1ghz but in iphone only 400 ghz ...n ram we get 500 mb ram in samsung modal but in iphone only 120 mb only... .sucks iphone.....n the price is very expensive of iphone...................plz puy samsung modal or any android phone ......";""
"24770";"245";"iPhone 3G";"";"2013-09-18 00:38";"Anonymous";"If you having problem with it just don't border to solve it cause apple don't reconices this set any more is discontinue. Don't have any thing to do about it is any outdated phone gor for other model.";""
"24771";"245";"iPhone 3G";"";"2013-09-17 06:04";"Anonymous";"just few outdated apps from apple store @@";""
"24772";"245";"iPhone 3G";"";"2013-09-16 05:39";"Dumz";"Use cydia";""
"24773";"245";"iPhone 3G";"";"2013-09-12 21:35";"kartik";"did whatsapp supports on iphone 3 g";""
"24774";"245";"iPhone 3G";"";"2013-09-11 21:04";"mamo";"Did what's app work in 3g cuz I am about to by one  ";""
"24775";"245";"iPhone 3G";"";"2013-09-11 20:17";"niazmalik";"i phone 3g camara what zooming...";""
"24776";"245";"iPhone 3G";"";"2013-09-08 21:08";"Mitish";"My first smart phone,still missing iphone 3g,one of the best phone.";""
"24777";"245";"iPhone 3G";"";"2013-09-03 14:31";"Anonymous";"just go to setting then look for spotlight option then off the SMS.";""
"24778";"245";"iPhone 3G";"";"2013-09-03 12:31";"hematisiva";"In spotlight search - why even deleted messages are appearing if you highlight it on searchmode? can somebody guide how to delete these messages which are already deleted but still showing in this spotlight search. ";""
"24779";"245";"iPhone 3G";"";"2013-09-02 20:31";"Karan";"Hie......i hv iphone 3g but facebook n whats app is nt supporting the fon is getting every time switch off... so whts app is nt suppirtted in 3g..,?";""
"24780";"245";"iPhone 3G";"";"2013-09-01 17:26";"Angel";"I use d same phone...nth can be done abt it,jus change d phone!";""

