"18427";"181";"L30";"";"2014-12-28 12:31";"Anonymous";"screen keeps locking during call so hard to dial numbers when needed to choose from options";""
"18428";"181";"L30";"";"2014-08-04 23:53";"chris";"The battery is pretty large for the screen size and resolution. Still will stick with my moto g though";""
"18429";"181";"L30";"";"2014-08-04 18:36";"Roger";"These phones look similar to the LG Optimus L1 II. Which was such a awful phone that I fully refunded it after 2 days of use.  ";""
"18430";"181";"L30";"";"2014-08-04 10:29";"Anonymous";"worst screen resolution";""
"18431";"181";"L30";"";"2014-08-02 03:59";"tolits";"lifes good still love my optimus g";""

