"20079";"206";"L70 Dual D325";"";"2015-01-21 07:27";"sahi";"How to reboot my mobile";""
"20080";"206";"L70 Dual D325";"";"2015-01-21 07:05";"sahi";"How to reboot my mobile";""
"20081";"206";"L70 Dual D325";"";"2015-01-21 06:38";"tejbir";"do not install watsapp plus. if you do watsapp will bann you for 24 hours. moreover in watsapp plus your information may be shared with third party.";""
"20082";"206";"L70 Dual D325";"";"2015-01-21 05:52";"tanu";"how can i use otg cable in my lg l70 D325 please any one tell me plzz.....";""
"20083";"206";"L70 Dual D325";"";"2015-01-21 03:13";"Anonymous";"Search google for root methods. The rooting links I posted here always get deleted. Maybe someon is reporting them, lol hahaha.  You will be able to install large apps.";""
"20084";"206";"L70 Dual D325";"";"2015-01-20 10:46";"Anonymous";"How?";""
"20085";"206";"L70 Dual D325";"";"2015-01-19 17:25";"sahi";"I coulnd not install whatsapp plus in my handset.. Can anyone tel me d reason??it often says mobile number not verified";""
"20086";"206";"L70 Dual D325";"";"2015-01-19 10:32";"";"I have LG L70 D325,and i have root!";""
"20087";"206";"L70 Dual D325";"";"2015-01-17 18:20";"mystic";"is there a way to root this blasted phone. i need to move my apps to SD. and no one seems to offer good information on this. towel root does not work for this model.";""
"20088";"206";"L70 Dual D325";"";"2015-01-17 17:12";"Ntj";"yes you can move some to apps sd card ex skype viber,.. but you can not move google apps to sd card ";""
"20089";"206";"L70 Dual D325";"";"2015-01-16 13:53";"YUG";"how active 3g ";""
"20090";"206";"L70 Dual D325";"";"2015-01-13 09:33";"Anonymous";"how to turn on 3g network ";""
"20091";"206";"L70 Dual D325";"";"2015-01-13 02:10";"";"why i cant move my applications on sd card,? i cant download big files, help me please ";""
"20092";"206";"L70 Dual D325";"";"2015-01-12 16:27";"Anonymous";"Only problem is the internal memory L70 got a desent camera.. And good battery backup too";""
"20093";"206";"L70 Dual D325";"";"2015-01-12 10:00";"YG";"Thanks man.";""
"20094";"206";"L70 Dual D325";"";"2015-01-12 09:49";"Anonymous";"You need to root to install huge apps. I posted a link in this forum. But I suggest buying a phoe with 16/32GB storage so you have less problem. I will no longer buy this phone coz I found a better, secondhand phone from bankrupt korean cpmpany called Pantech. lol";""
"20095";"206";"L70 Dual D325";"";"2015-01-11 21:53";"YG";"I want to buy this phone. It's cheap, has 1 GB RAM, but the internal memory is small, so can I move the apps I download to the SD card, how good is the camera, and does it lag? PLEASE, please, please tell me anything if you know about this phone. ";""
"20096";"206";"L70 Dual D325";"";"2015-01-11 19:04";"Anonymous";"no pwerful antenna for fm radio ";""
"20097";"206";"L70 Dual D325";"";"2015-01-09 17:59";"lolo";"Why the battery down so rapidly ??";""
"20098";"206";"L70 Dual D325";"";"2015-01-09 17:57";"lolo";"Why the battery down so rapidly ??";""
"20099";"206";"L70 Dual D325";"";"2015-01-09 10:07";"";"Rooting can be harmful for the mobile i think .. thats y am hesitating to root it";""
"20100";"206";"L70 Dual D325";"";"2015-01-09 06:13";"Anonymous";"err, didn't you check the link I posted earlier? The guy had huge games installed on his ROOTED L70. Come on, it's still on page 1 as of this post.";""
"20101";"206";"L70 Dual D325";"";"2015-01-08 23:48";"lucci";"Hey guys, I'm using Alcatel OT 991, and i want to buy the LG L70. 1.The internal memory on the LG is small, so can I move the apps I download to the SD card? 2.How good is the camera? 3.Is this phone lagging and freezing? I don't want any laggs. (And sorry for my bad english).";""
"20102";"206";"L70 Dual D325";"";"2015-01-08 16:23";"";"suggest not to install these Hugh mb games cause of low internal...   if u want high definition games download ppsspp emulator, u can play Sony psp games.. I'm using LG l90 dual.. I have downloaded dragon Ball z and tekkan 6.... the best thing is u can save this games files i.e iso files in SD card.... downarea51 and coolrom. com are site from where u can get this games..... &#9786; ";""
"20103";"206";"L70 Dual D325";"";"2015-01-07 19:54";"";"Can"t i install asphalt 8 in my l70? If yes then please someone help me out!!";""
"20104";"206";"L70 Dual D325";"";"2015-01-07 07:09";"guru.4878";"Micromax canvas turbo mini also have that facility.";""
"20105";"206";"L70 Dual D325";"";"2015-01-06 23:01";"&#1040;&#108";"The camera is very good I can take really good focussed shots in sunlight as long as not facing the sun...the flash is v my powerful and in the dark can take really good pictures which are bright...I have a black LG L70 dual and I quite like it...if you don't need it for much then it's a great phone for the pric. But if you do get it I would recommend you to get the app "swift key" it's an app where you can choose your own keyboard because the default keyboard for this phone isn't very good and makes loads of grammatical and spelling mistakes and can sometimes be hard to read...hope this helped you a bit.";""
"20106";"206";"L70 Dual D325";"";"2015-01-05 13:07";"Hari";"its vry useful phone for those needs not mch heavy use.Thr s no specs mattr,its price is quite fit for its specs and it is mre than that by its performance. there is a slight lack of quality on pixel density tht doesnt mattr for a normal user.And we should knw the price range is not for those wants super performance smart phone.it is good enough for a first time user.not a stunning performer,but a consistent one.I suggest this for those people who have the maximum price range of 10k.if u say MS Lumia535 is an option,it has no auto focus camera. But this have it.so overall good phone";""
"20107";"206";"L70 Dual D325";"";"2015-01-04 13:43";"abcdef";"what can you say about its camera? ";""
"20108";"206";"L70 Dual D325";"";"2015-01-03 15:44";"Ram";"It is very difficult to use during sunlight. Visibility is not good ";""
"20109";"206";"L70 Dual D325";"";"2015-01-02 13:34";"Anonymous";"@amstone, L70 rooting.  ps. I don't have L70. Cheers";""
"20110";"206";"L70 Dual D325";"";"2015-01-02 01:04";"the zed";"if you're having problems with the default music player, just download an MP3 player app on GooglePlay.";""
"20111";"206";"L70 Dual D325";"";"2015-01-01 03:25";"suthan ";"My phone also lg l70 it's a nice one good camera better solution music player is performing well vedio player it's good ";""
"20112";"206";"L70 Dual D325";"";"2014-12-31 07:22";"jeri";"when I start music player it starts the song but after stops. ";""
"20113";"206";"L70 Dual D325";"";"2014-12-31 06:08";"Saiful";"i just can't video call from my cell lg l70. any solution?";""
"20114";"206";"L70 Dual D325";"";"2014-12-30 21:33";"";"How do i root my LG L70?";""
"20115";"206";"L70 Dual D325";"";"2014-12-30 21:29";"ameer";"How do we root the phone? I cnt understand ";""
"20116";"206";"L70 Dual D325";"";"2014-12-30 01:14";"the zed";"it has a decent camera, however, it takes seconds to focus to get a good shot (to avoid blur). its video recoder is also good. for a midrange smartphone, i would say this is nice to have.";""
"20117";"206";"L70 Dual D325";"";"2014-12-29 13:26";"the zed";"Yes youre right. Rooting is needed to have all apps transferd to sdcard. I.havent rooted my phone. Just wanna ask how to move music files downloaded to sd? It doesnt have an option to move to sd.";""
"20118";"206";"L70 Dual D325";"";"2014-12-28 15:42";"aki";"its very good phone, good display clarity, camera superb even 5 mp, no lagging while playing hd games , battery life nt bad , less heating while brightness @ 0% internal memory 4 gb bt we can move almost all apps to sd ! ";""
"20119";"206";"L70 Dual D325";"";"2014-12-28 03:15";"";"how good is the camera??";""
"20120";"206";"L70 Dual D325";"";"2014-12-28 02:36";"Anonymous";"I have this phone for a few weeks but I have a problem. I usually connect to wifi at home and at work but my money is going as well even though I don't turn on my data. Please give me an advice. Thank you. ";""
"20121";"206";"L70 Dual D325";"";"2014-12-27 14:03";"Anonymous";"h, you really can move apps to sd. But that is not enough for all apps. Rooting is still needed.  ";""
"20122";"206";"L70 Dual D325";"";"2014-12-27 13:08";"Anonymous";"Did you buy it bnew or used? If used, was it already rooted? Because I keep seeing that you need to root to do that.  I hope you are right. Since the L90 is the only one I've read so far that has built in move apps to sd.";""
"20123";"206";"L70 Dual D325";"";"2014-12-27 13:06";"Anonymous";"OH dear. I mean LG IS NOT duping anybody here.";""
"20124";"206";"L70 Dual D325";"";"2014-12-27 13:06";"Anonymous";"Built-in apps and android os also use the built in memory. Your question has been answered a lot in this forum if you only bothered to scroll down/read earlier pages. LG is duping anybody here.";""
"20125";"206";"L70 Dual D325";"";"2014-12-26 23:17";"the zed";"i have read alot of feedback regarding the apps downloaded and L70 users cant transfer theses apps to the SD Card.  2 days ago i was able to transfer apps/games. follow this, go to settings > general > apps > click on the app downloaded > tap move to SD Card (it does have the Option). try it. hope this helps.";""
"20126";"206";"L70 Dual D325";"";"2014-12-26 17:43";"andy";"Why is it that only 1.5GB internal memory is there when the spec says 4GB we are not playing our money buying it! So please answer it LG ";""
"20127";"206";"L70 Dual D325";"";"2014-12-24 10:51";"Anonymous";"Check my copy pasted post below. I don't have L70.";""
"20128";"206";"L70 Dual D325";"";"2014-12-24 02:51";"the zed";"what is the best to use in rooting the L70? i find the 1.5GB mem very low and just want to maximize the 4GB capacity. tnx.";""
"20129";"206";"L70 Dual D325";"";"2014-12-23 17:20";"nara";"gsmerena webside sayed 4GB intranel memary this phone. aiyooooooooooo.";""
"20130";"206";"L70 Dual D325";"";"2014-12-23 01:48";"Anonymous";"Hey guys... I'm really excited on buying this phone, but before I do I want to know some things about it. Firstly, how long does the battery last? I would like a phone that can last a whole day. I am a power user so I like to watch videos, listen to music, use bluetooth and wifi a lot. Secondly, how good is the camera? Can it capture photos and record videos in hd? Third, how loud is it? I enjoy listening to music without hearing other people talk. Finally, how is the touch screen? Does it respond to touch like a samsung device (Super Amoled screen)? Thanks in advance :)";""
"20131";"206";"L70 Dual D325";"";"2014-12-22 12:13";"Anonymous";"The phone is grt . The battery lasting is amazing .the only prob dis phones hot is low internal memory n camera is not so gud wen da lights low";""
"20132";"206";"L70 Dual D325";"";"2014-12-22 06:44";"Anonymous";"  I have several large (1Gb+) games installed on my phone and do not have any issues installing more. Keep in mind that Link2SD does NOT move internal data by default. You will need to purchase Link2SD for that capability. Also keep in mind that anytime you install a new app, you will have to go back into Link2SD and link the new app to the SD card!  I hope this helps anyone that is running out of space on their L70. ";""
"20133";"206";"L70 Dual D325";"";"2014-12-21 11:49";"anonymous";"This phone is beautiful & has a good performance NOT ENOUGH INTERNAL MEMORY";""
"20134";"206";"L70 Dual D325";"";"2014-12-21 10:26";"oteeth";"why L70 d325 2gb internal.. to gsm arena has a 4gb internal phone specifications... pls answer me...";""
"20135";"206";"L70 Dual D325";"";"2014-12-21 04:45";"superchief";"Great ph ok ne, long battery life, but not enough internal memiry to downliad many necessary apps. It isclutterred with too many apps that you can't delete.";""
"20136";"206";"L70 Dual D325";"";"2014-12-20 17:51";"Anonymous";"yes it has gorilla glass";""
"20137";"206";"L70 Dual D325";"";"2014-12-20 11:39";"Anonymous";"L70 d325 phone memory is not not innaf for apps download ";""
"20138";"206";"L70 Dual D325";"";"2014-12-19 08:04";"nalee";"very user friendly mobile, but I have some problem with sending files via Bluetooth to my notebook computer (hp probook 4440s)";""
"20139";"206";"L70 Dual D325";"";"2014-12-18 15:49";"joyce30";"I have a problem with my camera,i bought this last september 2014, i took care of it infact... when i go at the store where i bought this LG L70 the technician said maybe the problem is camera allignment...i can't use it because if you use the camera the result ilof the image is reverse ...pls.help...i need to know what is camera allignment? Thanks";""
"20140";"206";"L70 Dual D325";"";"2014-12-18 10:57";"Anonymous";"What is considered as a 'big program/app' that is too bi to download on this phone? (What size?)";""
"20141";"206";"L70 Dual D325";"";"2014-12-16 04:55";"";"hey can you tell me .. apps can move ex. viber, skype to SD card  thanks";""
"20142";"206";"L70 Dual D325";"";"2014-12-15 07:25";"pierre";"is the front camera good? as it is 0.5 mp??";""
"20143";"206";"L70 Dual D325";"";"2014-12-15 06:42";"Henil";"1-Worst battery ever  2-internal memory is very low 3-we can't iluse it much bcoz battery will complete very easily 3-we can't download big apps and games and if u r game lover then buy this phone 4-sometimes it lag down 5-then now it is ur choice to buy or not to buy";""
"20144";"206";"L70 Dual D325";"";"2014-12-15 04:19";"Prasanna";"This is my first smart phone...actually very good phone this..handy design..low price..great colors..internet speed good..everything is good..it can recognize to buy anyone...i like it so much....";""
"20145";"206";"L70 Dual D325";"";"2014-12-14 12:29";"yev";"really good and fantastic phone!! and very good price ";""
"20146";"206";"L70 Dual D325";"";"2014-12-14 10:07";"ntj";"hey please tell me when this phone get Android 5.0 Lollipop Update ... thanks ";""
"20147";"206";"L70 Dual D325";"";"2014-12-14 04:33";"sean";"Dont buty this phone you will regrt buying this, js buy zenfone 5, cheap phone but awesome specs, find it in the web";""
"20148";"206";"L70 Dual D325";"";"2014-12-13 13:35";"Avatar";"Is this phone has gorilla glass?";""
"20149";"206";"L70 Dual D325";"";"2014-12-13 13:30";"Maria negreta";"Is lg l70 dual d325 can apply stylus pen??";""
"20150";"206";"L70 Dual D325";"";"2014-12-13 13:27";"Amdrea";"is this phone larger than samsung s duos?";""
"20151";"206";"L70 Dual D325";"";"2014-12-12 01:07";"beans";"modile data is not working/checked the mobile setting-still not working/HELP";""
"20152";"206";"L70 Dual D325";"";"2014-12-09 22:07";"Shabby";"just got bnew L70, after one day proximity sensor is not working, do anyone have any solution for this?";""
"20153";"206";"L70 Dual D325";"";"2014-12-09 19:21";"afraaa";"u should root your phone all kitkat phone have this problem .. its google policy not this phone !!";""
"20154";"206";"L70 Dual D325";"";"2014-12-09 10:22";"SAM";"This is an amazing cell phone, In terms with the performance and the quality of this phone. But I better suggest you guest to buy the New AZUS Zenfone 5 lite. Much better than LG L70 dual.";""
"20155";"206";"L70 Dual D325";"";"2014-12-07 21:57";"anon";"yes u can";""
"20156";"206";"L70 Dual D325";"";"2014-12-07 19:29";"Anonymous";"can someone please tell if the apps can be moved from internal memory to sd card..??";""
"20157";"206";"L70 Dual D325";"";"2014-12-05 09:20";"hh";"yes me to i got this phone and it a very big problem because we cant download big programs";""
"20158";"206";"L70 Dual D325";"";"2014-12-04 12:54";"Felling";"Is lg l70 dual d325 can apply pen? ";""
"20159";"206";"L70 Dual D325";"";"2014-12-02 18:00";"ROckStaR";"This device is simply awesome. Price say it all. You get almost everything with 4.4.2 kitkat.  Camera is not liked, but price fill in the hole.  Features are good and device running smooth. 4-Star to LG L70.";""
"20160";"206";"L70 Dual D325";"";"2014-12-02 10:02";"suupz";"yes";""
"20161";"206";"L70 Dual D325";"";"2014-11-28 11:18";"pasan";"battry is good";""
"20162";"206";"L70 Dual D325";"";"2014-11-22 10:50";"Rake";"is this phone have video call option ? plz tell me";""
"20163";"206";"L70 Dual D325";"";"2014-11-22 04:29";"raja";"poor internal memory,we cannot download bi apps.apps are stored only on internal memory and we cant able to move also..otherwise no problem";""
"20164";"206";"L70 Dual D325";"";"2014-11-21 16:51";"Cpeta";"Dear frnds, hw is the battery of this mobile and hw long can it last on a heavy usage like chating on watsapp, browsing the web, making calls, watching movies and more especially, play games? . Pls reply my question......Thanks";""
"20165";"206";"L70 Dual D325";"";"2014-11-21 13:59";"mahendrasinh ";"Lg compny is frod in memory in phone Anybody phones are wright";""
"20166";"206";"L70 Dual D325";"";"2014-11-21 13:56";"Anonymous";"Lg compny is frod in memory in phone Anybody phones are wright";""
"20167";"206";"L70 Dual D325";"";"2014-11-18 21:48";"Karna ";"I'm using this phone since may 14. Worthable for cost. Only one thing is low internal memory.. But can adjustable with help of memory card. Nice to touch and use.. . Gentle and smart choice for smart people's. ";""
"20168";"206";"L70 Dual D325";"";"2014-11-18 17:32";"mr.GLR";"Why is that 1.5GB only, not 4GB?";""
"20169";"206";"L70 Dual D325";"";"2014-11-18 16:59";"chettan";"Very bad phone only two months use it,s proseser had gone and veryimptant thing of service say it has damaged by you so not working any warmth or insurance";""
"20170";"206";"L70 Dual D325";"";"2014-11-18 15:54";"mike";"good phone been using this for almost a month,, the camera takes time to focus but when it does the photos are pretty decent specially with good lighting,, also has a lot of feature to set the photos..love the qslide, only problem is the internal memory which is very very low,, and the vibrate that doesnt give yo an option to disable,, but all in all very good phone";""
"20171";"206";"L70 Dual D325";"";"2014-11-17 21:55";"maro";"Good phone ";""
"20172";"206";"L70 Dual D325";"";"2014-11-17 12:21";"Enzo";"how can i root my phone? by CyanogenMod 11";""
"20173";"206";"L70 Dual D325";"";"2014-11-17 06:33";"Aru";"If you are willing to root and install CyanogenMod 11 (CM11) Custom ROM this phone is awesome. Smooth and can run Games like FIFA 15 easily and without lag. Granted the camera is REALLY SHIT! Dont buy if you want a good camera. A digital camera is better.";""
"20174";"206";"L70 Dual D325";"";"2014-11-17 05:12";"Anonymous";"What about the camera? People are accusing the camera of this phone for being so hopeless and bull shit.";""
"20175";"206";"L70 Dual D325";"";"2014-11-15 12:29";"Anonymous";"phone not good bad camera low battery life poor loud spk ";""
"20176";"206";"L70 Dual D325";"";"2014-11-15 12:24";"Anonymous";"wors fone";""
"20177";"206";"L70 Dual D325";"";"2014-11-14 15:54";"nitz";"this phone is great for midrange phone. it has 1gig ram plus 2100 mah battery. others have 512 ram and 1500 mah battery, i bought this phone last 2 weeks ago and it is great. good battery and good screen. hands down for this phone. i bought this phone in the Philippines and the current price is P7000 - P7500. and for me the back cover of the phone is the greatest. your fingerprints will not stik and solid looking phone. great design. perfect for reading documents pdf ppt. thumbs up.";""
"20178";"206";"L70 Dual D325";"";"2014-11-14 15:02";"anonymous";"camera is relatively good,so as the battery life.but i would recommend HTC DESIRE 516 because it is a quad core phone";""
"20179";"206";"L70 Dual D325";"";"2014-11-13 14:20";"Leonardo";"The LG site of LG L70 Dual says that the primary camera has 8MP NOT 5MP as gsm arena says.";""
"20180";"206";"L70 Dual D325";"";"2014-11-13 05:12";"Rahee";"is this phone have video call ? plz tell me ";""
"20181";"206";"L70 Dual D325";"";"2014-11-12 10:36";"Anonymous";"Use Towel root app to root the divice. Just google it and you will find it easily.";""
"20182";"206";"L70 Dual D325";"";"2014-11-12 01:18";"ragebash";"It has 4GB internal memory but system files take about 2.5GB so you are left with 1.5GB just like in any other phone. For example Samsung S3 has 16GB internal memory but when you go to storage info it says you have about 11-12GB, again that is because system files take up space.";""
"20183";"206";"L70 Dual D325";"";"2014-11-11 16:53";"NightHawk";"i wanted to buy this phone. but can you guys tell me is this Device support 1080p HD video without lagging? or i should choose Lenovo A859 instead of this?";""
"20184";"206";"L70 Dual D325";"";"2014-11-11 15:40";"jai";"in your phone auto rotate workng properly ?";""
"20185";"206";"L70 Dual D325";"";"2014-11-10 09:47";"Mobin";"LG L70 is nice phone....";""
"20186";"206";"L70 Dual D325";"";"2014-11-09 15:14";"kanchana";"not 4gb memory its 1.5gb have and slow..... ";""
"20187";"206";"L70 Dual D325";"";"2014-11-09 15:04";"marky";"Why does lg l70 d325 say's in it's specification that it has 4gb of internal memory while in setting's it only shows 1.49? i care because i also use this phone";""
"20188";"206";"L70 Dual D325";"";"2014-11-09 13:14";"rah";"I have LG 70 but I'm not download videos plz help me";""
"20189";"206";"L70 Dual D325";"";"2014-11-08 14:18";"Asanka";"LG L70 memory is not 4gb.only have 1.5gb.";""
"20190";"206";"L70 Dual D325";"";"2014-11-06 16:47";"bonz7340";"I have lgl70 download apk called towel root then launch it download root checker then verify root it worked for me u can also try poot.apk always install cwm and do a backup cause u always risk losing everything";""
"20191";"206";"L70 Dual D325";"";"2014-11-06 15:47";"";"Download tango app";""
"20192";"206";"L70 Dual D325";"";"2014-11-06 04:37";"neon";"is this phone (L70 DUAL) support vedio call? pls ans me.";""
"20193";"206";"L70 Dual D325";"";"2014-11-05 03:25";"";"Download from google play store super backup app.";""
"20194";"206";"L70 Dual D325";"";"2014-11-03 16:27";"hamed ben";"I have already had a Huawei G330 D. in that cell phone , when I had a photo or video massage in Viber, automatically they went to micro SD. Therefore the internal storage didnt full soon, but in my new phone they go to internal storage automatically. How can I set it to go pictures and video clips automatically into the micro SD ?";""
"20195";"206";"L70 Dual D325";"";"2014-11-02 13:13";"Anonymous";"Dont buy this suuckk phone. Hanging a lot and lagging. Sometimes freezing. Suuuckks i lost my paking money on this crapphone";""
"20196";"206";"L70 Dual D325";"";"2014-11-01 07:08";"sam";"Great phone easy to use and good screen nice and light too when making long calls!";""
"20197";"206";"L70 Dual D325";"";"2014-11-01 05:04";"Anonymous";"i have been using L70 for about 6 months.and i like it very much. bt now my vibration effect is not working.";""
"20198";"206";"L70 Dual D325";"";"2014-10-31 05:42";"Raj";"Auto rotate is not working properly.. plz help me";""
"20199";"206";"L70 Dual D325";"";"2014-10-30 13:01";"Anonymous";"how was the battery backup plz reply my?";""
"20200";"206";"L70 Dual D325";"";"2014-10-29 23:58";"mikee";"just want to confirm if this phone has gorilla corning glass 2 ? because on lg website it says nothing about that!!";""
"20201";"206";"L70 Dual D325";"";"2014-10-29 14:15";"saeed";"Hi, anyone knows how root is the Cauchy";""
"20202";"206";"L70 Dual D325";"";"2014-10-28 11:02";"Akash";"Thanx, i tried to move xender in sd card after install from play stor than after i am unsuccesfull. So pls help me more...thank u";""
"20203";"206";"L70 Dual D325";"";"2014-10-27 10:31";"Ashish Rawat";"Actually it's a nice phone.Bcoz it's having better look,light in weight,1GB of RAM.It's also having best display quality.Nice touch response.Overall it's a best phone as my point of view.Bcoz I'm using it.";""
"20204";"206";"L70 Dual D325";"";"2014-10-27 05:57";"dj_RP";"hi ,,I am from Cebu,Philippines you can install any of the existing app managers in the google playstore to be able to move your apps from internal to sd card so that you can free more spaces on your internal memory ";""
"20205";"206";"L70 Dual D325";"";"2014-10-26 20:06";"uchiha";"does this phone have usb otg?";""
"20206";"206";"L70 Dual D325";"";"2014-10-26 14:14";"s raj ";"superb phone.....................  ";""
"20207";"206";"L70 Dual D325";"";"2014-10-25 13:39";"akash";"Any one help me how can i move xender in sd card??????? ";""
"20208";"206";"L70 Dual D325";"";"2014-10-25 11:56";"Ashwinkumar.s";"Is there any option to use otg cabel in LG L70mobile??? ";""
"20209";"206";"L70 Dual D325";"";"2014-10-25 11:50";"a m.ruc";"Yes. Same condition is my phone";""
"20210";"206";"L70 Dual D325";"";"2014-10-25 11:48";"a m.ruc";"My phone internal storage capacity 1.5gb only.ai ehema wenne";""
"20211";"206";"L70 Dual D325";"";"2014-10-25 09:06";"";"This phone sucks when it comes to memory. Not enough storage it's always telling me my storage is low.";""
"20212";"206";"L70 Dual D325";"";"2014-10-25 09:03";"amber ";"How are you texting while watching a video? I have this phone and can't do that";""
"20213";"206";"L70 Dual D325";"";"2014-10-24 09:36";"Raj";"My LG L70 Dual - Auto Rotate Screen is not working. What i do? plz, anybody help...";""
"20214";"206";"L70 Dual D325";"";"2014-10-23 11:31";"sanju";"swith the sim change key which is with home keys(there is 4 keys,and it it 4th one),once you swithed,it will change to the other sim";""
"20215";"206";"L70 Dual D325";"";"2014-10-22 19:31";"sentha ";"lg l70 dual d325 bad camera";""
"20216";"206";"L70 Dual D325";"";"2014-10-22 08:49";"Webz";"Yes it is.";""
"20217";"206";"L70 Dual D325";"";"2014-10-22 07:05";"honey";"Good points: -I can text while watching a video/movie, no need to pause the video. Amazing. -The video player have option for subtitle sync, other phone don't have it, I don't need to install VLC. -I love the Knock Code feature. -It has Voice notification for text and call.Like "New message received from Justin Timberlake" instead of beep or message tone.  Bad points: -Low internal memory 1.5Gb -No automatic brightness adjustment.";""
"20218";"206";"L70 Dual D325";"";"2014-10-22 06:27";"";"Superb phone... :))))";""

