"19759";"204";"L90 D405";"";"2015-01-20 14:35";"patient0";"I thought so too but then I read GPS problems are common in this device.";""
"19760";"204";"L90 D405";"";"2015-01-20 08:40";"homer";"LG G2 mini or LG L90?";""
"19761";"204";"L90 D405";"";"2015-01-20 07:26";"geo";"Good in features like smart screen, music sleep time, camera app cymera etc. Battery is pretty good . lasts one day for an average to above average user. Bad part is breaking data connection, while samsung is still showing data connection .Rating 6/10 for the price of Rs.16000. ";""
"19762";"204";"L90 D405";"";"2015-01-18 18:07";"day";"this phone suks my whole family bought one and we all have troubles my screen is un responsive and the resets dont fix it, the phone suks the gorilla glass breaks easily also going back to my old phone";""
"19763";"204";"L90 D405";"";"2015-01-16 17:05";"Sahil";"Specs are appealing but 12000 is not the right price i think. There are many more phones with better specifications below 12k.";""
"19764";"204";"L90 D405";"";"2015-01-16 10:43";"Punisher";"Update is available for download. v10d-eur-xx it's 210mb but there are no changes in programs or anything else. stability update again and google patch";""
"19765";"204";"L90 D405";"";"2015-01-15 14:37";"Maikel-Netherlands";"My battery goes for 4,5 -5 days. Ive set my screens brightness to 62%.   When you used an app go to Battery option(because theres a list off apps that are currently used), ->press stop button on the app you want to unload from RAM and that will save lot energy. Youve also task manager to stop all apps (that are currently running) but some are still active thats why u should double check it on Battery option.";""
"19766";"204";"L90 D405";"";"2015-01-13 14:41";"Slirpi";"LG L90 is great phone for low price :D";""
"19767";"204";"L90 D405";"";"2015-01-11 15:39";"anton";"really??";""
"19768";"204";"L90 D405";"";"2015-01-11 13:06";"";"That's probably because of some apps. I've had that issue, went through all my apps, made sure I didn't have any apps which are unused. Now I get 45-55 hours of standby, with 6-7 hours of screen-on time.";""
"19769";"204";"L90 D405";"";"2015-01-10 20:25";"sebastino";"Eats battery quickly perhaps of the Quad Core";""
"19770";"204";"L90 D405";"";"2015-01-10 11:40";"";"Such argumentation doesn't really prove anything. This is a pretty good device for the price, and you're just out of luck if you keep getting defected ones. ";""
"19771";"204";"L90 D405";"";"2015-01-08 21:59";"Anonymous";"got this phone from T-mobile, it keeps on freezing i can't make or receive calls or even hangup a call. they sent me a replacement device but got the same issues. looks like this is a defective model. stay away from this model.";""
"19772";"204";"L90 D405";"";"2015-01-06 20:35";"Christian";"Well that depends on what are you expecting from the photos.For FB or other social sites they both are sufficiently good with the slight edge for the LG.Printing photos is whole another different story,and if that's mean something for you mine SGS4 also sucks badly (as is the case with almost every phone out there).Point is if you don't do pixel peeping both cameras should suffice. Greetings";""
"19773";"204";"L90 D405";"";"2015-01-05 23:32";"aleksa";"Both are good. You won't make a mistake if you get either Xperia M2 or LG L90. They are the same. Only difference is the UI.";""
"19774";"204";"L90 D405";"";"2015-01-05 11:12";"tetea";"my friend told me lumia 5mp camera are way more better than this LG 8mp camera...is he right? pliz tell me anyone";""
"19775";"204";"L90 D405";"";"2015-01-01 03:01";"tonytoku";"Bought L90 2 weeks back..extremely satisfied..good phone  Pros: Good Display with Gorilla glass Handy and light weight Very good User interface with themes etc Excellent battery life very good sound output good flip cover(original)with window case  cons : Nothing much to say  ";""
"19776";"204";"L90 D405";"";"2014-12-25 20:51";"punisher";"Well that is difficult question. M2 screen is just aweful. No ips! But on the other hand it have dual wifi band wich l90 doesnt have. It also support miracast but in l90 advantage it has no ir blaster. So what do you like, ir blaster minimum bloatware or wifi dual band ant+. Its very difficult to tell which is better. But main m2 disadvange is low quality display. You choose. Ir blaster better screen or dual wifi and miracast. ";""
"19777";"204";"L90 D405";"";"2014-12-24 15:49";"nick";"Xperia M2 or LG L90? Thanks folks!";""
"19778";"204";"L90 D405";"";"2014-12-21 17:32";"Maikel - Netherlands";"Im using this phone for a month and its 1 of the best you can buy. Just think about it.   It can manage all your email, its very fast, battery life is amazing, display is perfect, design of menu incl. pull down menu is perfect, its weight is perfect, Wi-Fi detection, connection and reach is the fastest Ive ever seen on a device. Thus far Ive encountered not 1 problem.   Dont forget to buy the LG L90 Quickwindow Cover. Overall this phone makes me happy every day. Im going to buy the L40 soon as well! KitKat 4.4.2 is best Android so far.   When an updates comes I hope its going to be Lollipop 5.0.1 or KitKat 4.4.4. Thanks LG!";""
"19779";"204";"L90 D405";"";"2014-12-20 13:54";"Abhi";"Factory setting ";""
"19780";"204";"L90 D405";"";"2014-12-20 13:53";"Abhi";"Bro i think its good phone but not impressive";""
"19781";"204";"L90 D405";"";"2014-12-19 22:59";"Punisher";"This phone cost now about 140 euros. The only flaw that this phone have is wifi hotspot range which is not so far. Even bloatware is minimum on this device except for google junk";""
"19782";"204";"L90 D405";"";"2014-12-19 19:08";"";"After replacing my Samsung Galaxy SIII with LG L90 I was a little dissapointed. Now, after a few weeks I would not go back. LG90 is great for me. I use the phone for basic tasks and some limited number of applications (navigation, few games). I am not a very active user and I selected this phone also because of the battery. And the battery is excellent. First few charges I didn't know what to do because it behaved strangely. Now it settled down. The battery was fully charged on Monday morning and today on Friday evening it still has over 40%! That is what I was looking for and why I chose this phone. I was somewhat limited with choices because it is company phone and I could only select among the phones of particular operator's offer. If I would be able select any phone I would probably go for Moto G or X.";""
"19783";"204";"L90 D405";"";"2014-12-15 20:34";"Punisher";"Clean Master is ok. It some app that activate or deactivate your setting depending on update or battery savings mode. Use CM security as it is small in memory and it's best 2014 review";""
"19784";"204";"L90 D405";"";"2014-12-14 20:35";"";"Thank you! You all right! After the factory reset i try to see what the phone do and my phone didn't activate anything. The problem it's(i think) from the Bitdefender or Clean Master.  Now i am very satisfy about my D405n, it's great. Thanks again! Multumesc!";""
"19785";"204";"L90 D405";"";"2014-12-12 15:42";"Anonymous";"go to setings-general-accasibility-color or inverse color";""
"19786";"204";"L90 D405";"";"2014-12-12 05:40";"lg l90 user";"go to settings>accesibility and deselect "invert colors"";""
"19787";"204";"L90 D405";"";"2014-12-11 20:07";"";"Gaming is better due to that Intel architecture. Power consumption isn't the best. (Google a fix for that) Camera is better. No Custom ROMs as of now. Feature packed ROM. 2GB RAM should be great. Display has a higher ppi. (also a tad bigger) Lollipop upgrade confirmed.  Just some of the reasons for Zenfone.  Development is better on the L90. Battery will never bother you. Cyanogenmod available for you to flash as of today. Root available. (Zenfone has issues with KK) 8 multi touch points vs 5 points on other budget phones IR blaster, in case you need it. Efficient cooling. (temperatures never reach too high) Lacks ambient light sensor. Lacks backlighting. (for the hardware keys) Some models have NFC. Allows moving apps to SD. (No KK phone allows that) Knock code is a kernel feature. (Not available in any other phones) Lollipop upgrade only via CM11 (as of now) Loud speaker adequate. (so you can actually hear it ringing) Removable battery. Swappable back cover.  And some, for the L90.";""
"19788";"204";"L90 D405";"";"2014-12-10 23:14";"Punisher";"Its better zenfone 5 but only with intel morgan chip. Z3530, Z3560 and Z3580 because of 64bit support upgradeble to lollipop";""
"19789";"204";"L90 D405";"";"2014-12-10 21:42";"jreg";"Which is better, this or the zenfone 5???";""
"19790";"204";"L90 D405";"";"2014-12-07 15:25";"";"I'm quite pleased that I'm on 'v10d-IND-XX' WITHOUT LOSING root. (I updated from v10c to v10d BTW)  Mighty impressed with this discovery. (I used Towelroot)";""
"19791";"204";"L90 D405";"";"2014-12-07 15:22";"";"Wow that's interesting.  L90 is getting cheaper though, while Moto G remains stuck at the same launch price (happened with Moto G 2013)";""
"19792";"204";"L90 D405";"";"2014-12-05 12:27";"Punisher";"Deactivate unnecessary apps in settings, general, program, all. google drive google mail (you have already email client, use pop3 settings for google mail) google newsstand google movie google play game google plus google books google music hangouts talkback remote service cbs message  Open taskbar press home button and hold press taskbar press more button on your right side press settings press cancel services all should be marked except for batteryguru and lux brightness if you have installed of course download clean master and go to phone boost press more button and deselect all in list except android system, user interface, home and you are done ";""
"19793";"204";"L90 D405";"";"2014-12-05 12:18";"Punisher";"This device are holding 48 hours sometimes even more. And for 3g you go to settings. Internet share, mobile network and you have option for 2g but its not necessarily because 3g doesnt it your battery like before!";""
"19794";"204";"L90 D405";"";"2014-12-05 12:15";"Punisher";"I think you have some app installed which log position thru wifi or data. install watchdog to see which one. There is no logical explanation for wifi to be active by it self. Otherwise perform factory reset";""
"19795";"204";"L90 D405";"";"2014-12-04 19:41";"";"Thank you for the answer. I don't have batteryguru on my phone and it's happen i any place (not home), i try with anything (some other programs and of course with power management from my phone)and i still have this issue. I see that it's happening between 15%-10% even if i charging my phone.";""
"19796";"204";"L90 D405";"";"2014-12-04 17:24";"";"Hi guys! Can anybody tell me how long does the battery last? On the average - I need a phone to have a battery that lasts 48 hours... any other major issues than the camera not initializing? Can you disable the 3G if wanted?";""
"19797";"204";"L90 D405";"";"2014-12-03 19:11";"Punisher";"We dont know that yet but it will probably be. Manufactures chaise each other now with updates.  P.s  apps op works without root, haaah strange but good now i can use sms time again.";""
"19798";"204";"L90 D405";"";"2014-12-03 00:17";"Nandha";"Is lg l90 android upgradable.... Currently it is in 4.4.2 ... can any one please help me out";""
"19799";"204";"L90 D405";"";"2014-12-01 17:40";"Punisher";"i suppose you are at home when battery is on 15 procent. If you are using batteryguru. deactivate wifi proximity and wifi managment by batteryguru. try to activate and deactivate energy saving in settings so they stay disabled. third option go to google service settings and check settings. also check gps. recommended settings is battery saving mode. ";""
"19800";"204";"L90 D405";"";"2014-12-01 14:39";"";"Dear all, my model it's D405n and i have a little problem: when the battery goes down and reach 15% the connection (WI-FI and Mobile Data) are activated automatically. If anyone have or had this issue please send me an answer to solve this.I try with factory but doesn't work. Thanks!";""
"19801";"204";"L90 D405";"";"2014-12-01 03:42";"Punisher";"go to seettings general tab and go to accessibility. activate and deactivate couple of times screeen tones. see if that helps other wise do a factory reset";""
"19802";"204";"L90 D405";"";"2014-12-01 03:39";"Punisher";"In settings general tab backup and restore last item factory restore";""
"19803";"204";"L90 D405";"";"2014-11-29 05:27";"ak";"This is knock code feature.you need to disable it";""
"19804";"204";"L90 D405";"";"2014-11-27 19:46";"Mutator96v";"Where i need to go to do factory reset ???";""
"19805";"204";"L90 D405";"";"2014-11-27 11:08";"Glow";"Hello everyone,  i have LG L90 fone and i do enjoy it,but i dont know where i touched that totally altered the picture quality of the fone, every thing now appear dark... i've tried all the setting i know but nothing seems to work..i will really appreciate if some1 could tell me where in setting shld i go... thanks!";""
"19806";"204";"L90 D405";"";"2014-11-27 01:25";"Vjy";"Friends can i bought this mobile? The condition of the mobile is good or not? If not tell me your opiniön!";""
"19807";"204";"L90 D405";"";"2014-11-27 00:47";"Punisher";"factory reset phone 2-3 times and the problem is gonne. It's bug in software. If you use clients like viber, skype or oovoo they pull camera permission which fail to access camera. the phone is still good to go!";""
"19808";"204";"L90 D405";"";"2014-11-26 04:52";"omid";"oh yes...";""
"19809";"204";"L90 D405";"";"2014-11-25 23:26";"Mutator96v";"Hi. i bought lg l90 abouth one month ago. My experience are amazing. Phone is very very fast, it can support a lot of aplication, camera is very good.  But there is only one problem with camera, and anyone who can HELP ME, PLEASE, tell me the answer..  Here is a problem. I turn on camera, i took one - three picture and it said that "FAILED TO INITIALIZE CAMERA" ... I turn off camera and again turn on, and then i can take 5+ picture. It is a same problem with video recording. I'm recording about 10 seconds, and then it's turn off. And i need again to turn on camera to record longer...  ANYONE WHO HAD THIS PROBLEM , PLEASE TELL ME HOW CAN I SOLVE IT ?";""
"19810";"204";"L90 D405";"";"2014-11-25 21:44";"Anonymous";"Can someone tell me can you use video on viber on this phone?";""
"19811";"204";"L90 D405";"";"2014-11-25 15:45";"sonu";"Mine too";""
"19812";"204";"L90 D405";"";"2014-11-24 07:43";"GiTam";"Absolutely, same problems have my phone. ";""
"19813";"204";"L90 D405";"";"2014-11-24 01:29";"Maikel - Netherlands";"Ive bought this smartphone a few days ago and it's the best smartphone for under 200 Euro. With kitkat 4.4.2 runnin very smooth and batery that goes very long. Im happy with this phone! Tnx LG!";""
"19814";"204";"L90 D405";"";"2014-11-23 06:45";"unik";"Battery is very very poor. Not up to a day, just 7hrs why why why??? . ";""
"19815";"204";"L90 D405";"";"2014-11-13 11:19";"dxm";"In Poland L90 is more profitable than Moto G. :)";""
"19816";"204";"L90 D405";"";"2014-11-13 05:20";"Punisher";"You need to do factory reset at least 2-3 times. if you stay on dalvik and not enable developers mode then thoose problems will never happen again. This phone have unstable art and if you mess with developer mode which is also unstable you gonna have same problems. Now the bluetooth problem happens on what kind of connection you have with other devices. if its pc or car bluetooth or unfinished pair that i dont know. camera issue have to do with apps like viber. skype and third camera app which deppends on that service which is camera. same thing goes for cm security if you enable anti theft feature which also works with camera. but it's not the phone. Phone needs another update which is stable or we hope lollipop upgrade";""
"19817";"204";"L90 D405";"";"2014-11-12 18:17";"";"I have LG L90 phone. It is very good phone but i have some very annoying problems.  1 problem: Sometimes when the phone is on the table and i just want to call somebody or send a message the phone completely freeze. I mean i cant wake it up. Screen is completely black. I try to call myself wit other phone and it said that the number is not available. And when phone starts working again (after 10-20 min) it is in AIRPLANE mode. So its turning on itself Airplane mode. How is this possible?  2. problem: When i want to take a picture, sometimes is problem with camera. It says failed to initialize camera or something like that. But this is probably common problem.  3. When i want to open some apps it says bluetooth stop working. Yeah alright but i dont even have bluetooth turned on.  So it is great phone but this problems are very annoying. The first one is most problematic. So what can i do? Phone is about 2 and half months old. All is original, no root or something like that. I have all updates which are available for this phone and that is kitkat 4.4.2";""
"19818";"204";"L90 D405";"";"2014-11-11 21:36";"";"Depends on where you live. Check with your local store. The price gap has already closed in and AFAIK L90 is getting cheaper though the Moto G will cost the same.";""
"19819";"204";"L90 D405";"";"2014-11-11 02:06";"Chipz";"And whats the difference in price between them???";""
"19820";"204";"L90 D405";"";"2014-11-10 21:58";"";"Get the Moto G 2014 instead.  Not much of a difference internally and on top of that you get a slightly better camera(in terms of focusing) and great dev support.";""
"19821";"204";"L90 D405";"";"2014-11-08 07:08";"";"Lol thats pretty strange..do a factory reset once.";""
"19822";"204";"L90 D405";"";"2014-11-05 12:59";"Asbudi";"lg l90 d405 whether it will be release in indonesia ? I mean really want it.... please answer.";""
"19823";"204";"L90 D405";"";"2014-11-02 17:40";"Anonymous";"HOLI";""
"19824";"204";"L90 D405";"";"2014-11-02 10:00";"";"lg g2 mini looks good spec wise, but check the n./w support in your area, I couldn't buy it as these phone from amazon /ebay didn't have mobile support of 1700/2100";""
"19825";"204";"L90 D405";"";"2014-11-02 08:33";"Punisher";"Here are some tips for you all!!! I was trying external sd card for so long time now on kitkat since i bought this phone, like compressing/decompressing files directly on external card without using sd move to external sd and so on. Even i got ES file explorer to work on this device with write permisson vice versa form sd to external and it works that to. Now as all you know stock web browser have option to download to external directly but that was not the problem. The problem was chrome. And even other third part apps like (camera app and bittorent). This already works but i will epxlain how. I use same technique for other apps to. No root for this simple fix. As long you have apps filename folder on Android/data to external sd card to empty it works. So let see you want use ES transfering from sd to extsd then you create empty folder with the same name com.estrongs.android.pop under Android/data directory in external card. Create an empty folder like Download and make shortcut from this Download folder to your home screen. In Es settings your download directory should be just that you have created even for bluetooth and as main homw folder. Choosing donwload option from stock web browser will prompt option to save with es downloader. If you choose that as always then Chrome is set to do the same thing. In home screen you have already shortcut of Download folder always. For compresion llike zarchive. make the same folder in the same way empty in external and you can compress or decompress files just in that folder. For camera app like camera snap hdr it needs to stay on internal memory because if you move app to sd it doesnt work. Bittorent have no option of moving app to sd just because of that issue with kitkat but you need to select each time external bittorent com file directory BEFORE download and it works. Es you can move to sd card and even Zarchive. I tried this with games but it doesnt work and i even tried different solutions without root. I already have on rooted phone and i will find a solution for chrome by default and games.";""
"19826";"204";"L90 D405";"";"2014-11-02 07:35";"Punisher";"Hi fuscnet, the touch bug that you explained, you can go in 3845#*405# or 410 or 415 depending which model you have and in hidden menu go to settings. There you will find update touch firmware, second you need phone to rest on horizontal alignment and calibrate sensor. For that you go in phone settings regular under main you will find motion or movement or sensor depending how english is translating in menus and down at the end you will see motionsensor calibration. But there is one strange bug about the touch itself and i dont know if that is a bug or a feature but when the phone is not in your hands touch sometimes doesnt work at all so if it's a bad thing or good i dont know but for me its a good thing because you interact with the phone which is a good thing.  For Wifi download batteryguru which is only available for snapdragon phones and set apps to not refresh at all. Deactivate any automatic updates via Wifi and in LG's task manager you have option to kill apps of your choosing and from refreshing. If that doesnt work then reset phone in factory settings. ";""
"19827";"204";"L90 D405";"";"2014-11-01 00:49";"fuscnet";"Hi, i bought LG L90 some months ago here in Italy, the phone works great, it's smooth and has a very high quality hands-on experience. I would only ask about a strange bug that seems only I have because i haven't found anything like that on the internet.  The phone has some kind of freak touch screen bug, sometimes when i woke up the screen using home button or the unblock button, the phone things like i'm touching the screen i don't know how to explain it's like i touch a specified part of screen that really i don't touch, for just a second and then it don't unblock the screen because the touch was only a specified part and for not enough time to get it unblocked.  Another bug i've found that, for real, happens more times than the other one, is that when i turn the wifi on it randomly launch an app, mostly of the times facebook or the update menu.  If someone you has the same problems, that i repeat happens only few times, please let me know so i can accept the issue like a common bug and not a problem of my specified phone.  Thank you very much and sorry for my bad english.";""
"19828";"204";"L90 D405";"";"2014-10-30 22:57";"Punisher";"I'm getting sick and tired of android crashes, fragmantetions and outdated drivers. Even after so long years of android system is highly unstable. I talked to one guy at microsoft and ask why the h*ll dont you make full fledged windows smartphone not windows phone but full fledged and every update would go correctly because of driver source library. No fragmantetion at all. Android told everybody since honeycomb that the fragmantetion was over. Hah talk about bigtime BS. And let say for the sake of argument that people use this system in buisnesses. How? Ios is as big Bs as Android. Maybe blackberry is most stable. For pc Microsoft and mac. And then it came lollipop. Version 5.0 but wait after two weeks its already version 5.1 one month version 5.2 and then NO fragmantation. Google make driver source library allready and push updates like Microsoft.";""
"19829";"204";"L90 D405";"";"2014-10-30 01:05";"Punisher";"Art and developer mode active doesnt work with latest chrome update on this phone. It works with factory reset but not enabling developers mode at all and staying on dalvik by default!!!!";""
"19830";"204";"L90 D405";"";"2014-10-27 16:19";"";"I actually find myself having at least 30-35 % battery when i go to sleep in the evening so i'd say 1,5 days, if on battery saving mode and you use it modestly 2 days.  I've been on hikes having it on airplane mode turning it on now and then to text and it held up for 4-4,5 days!";""
"19831";"204";"L90 D405";"";"2014-10-26 23:13";"Emilios";"hello, how many days does the battery with average usage? thank you";""
"19832";"204";"L90 D405";"";"2014-10-24 13:42";"Punisher";"correction buy g2 mini because i saw lg will update to version 5.0 for l line devices it's not clear! but l90 it top of the l line??";""
"19833";"204";"L90 D405";"";"2014-10-23 22:37";"Punisher";"Between those two. L90! But if you want more resolution on display go for lg g3s. Just by l90. Choose right color black or white and check if you can get with nfc thats d405N model. ";""
"19834";"204";"L90 D405";"";"2014-10-22 14:09";"chele";"lg g2 mini or lg l90?";""
"19835";"204";"L90 D405";"";"2014-10-21 13:04";"Anonymous";"I have the D415 variant (basically the same thing as D405) and I love this phone. 5/5 stars for this one. Battery is great, performance is great, screen is crisp for its low resolution, and the camera is adequate for its pricetag. I would recommend this phone to anyone.";""
"19836";"204";"L90 D405";"";"2014-10-20 17:47";"Punisher";"Buy this one because there is no difference between thoose two models except bsi camera? By the way dont trust specs like miracast etc because it doesnt have miracast and all of thoose sd400 models not even lg g3s. Buy D405N with N as it comes with NFC. Price now is even better";""
"19837";"204";"L90 D405";"";"2014-10-20 15:15";"simay";"Thanks for the quick answer,it's a good phone,I am thinking between it and lg g2 mini";""
"19838";"204";"L90 D405";"";"2014-10-19 22:06";"Jay";"They dont have a led light. But it is surely a good mid range phone. You could check some reviews";""
"19839";"204";"L90 D405";"";"2014-10-19 19:06";"simay";"Is there a Led notification in this device,because in old L-series there was and I liked it.In reviewes they don't say anything about that.PLS TELL ME";""
"19840";"204";"L90 D405";"";"2014-10-17 23:29";"Punisher";"I've tested this with my samsung galaxy tab 8.0 and got one bar with distance over 50 meters with signal about -70 to -80dbm on channel with minimun overlaping same on lg l90 with best channel in area but fluctuation is bad very bad. It cant go more then 10 meter max indoors but this is only in hotspot mode wifi is good but not hotspot. I need just anybody to confirm this!";""
"19841";"204";"L90 D405";"";"2014-10-17 23:04";"Punisher";"I've noticed that wifi hotspot is fluctuating very much. It's not stable at all. LG i hope you read this. Wifi hotspot goes on n band as allmost every device out there but the range of hotspot range is subpar. And i cant be sure if it got to do with phone or integreted wifi chip but this is snapdragon and snapdragons are stable. Can anybody confirm this please about wifi hotspot fluctuation. You can analize either by other android app wifi analyzer or by pc wifi analyzer. Fluctuation is about additional -20 to -50db on one meter range behind soffa or behind closest wall. 5-10 meters you ger drop to over -70 to -90db single one bar on wifi connectivity and bandwidth is awefull slow. Can somebody confirm this if it is the same result so i can repair my device at lg. Tnx";""
"19842";"204";"L90 D405";"";"2014-10-15 06:42";"";"hi..Which country are you and whats the network youre using? Are you getting 3g or just 2g?";""
"19843";"204";"L90 D405";"";"2014-10-15 05:06";"";"Does LG L90 d415 (T mobile) has UMTS 2100 band? Can it connect to 3G network in Europe or Asia?";""
"19844";"204";"L90 D405";"";"2014-10-14 16:54";"Anonymous";"Please update t mobile lg l90 to 4.4.4";""
"19845";"204";"L90 D405";"";"2014-10-14 13:46";"";"Does LG L90 d415 (T mobile) has UMTS 2100 band? Can it connect to 3G network in Europe or Asia?";""
"19846";"204";"L90 D405";"";"2014-10-13 10:25";"Punisher";"The black color on display have no effect on lcd. This phone doesnt have amoled which have no energy consumption on black its just dead pixels (unactive). Thats why white color is best for lcd of every kind becuase you can dim down brightness(display led) and still can see very well because of white background which is most reflective for us even in the dark. You tought if you set black on full brightness it will consume less energy. That works only with amoled displays";""
"19847";"204";"L90 D405";"";"2014-10-12 18:16";"axew505";"I have the T-Mobile LG l90. Love it but it needs an update for for performance, change the settings color to black and the battery drops 2% instead of 1%. Please fix these";""
"19848";"204";"L90 D405";"";"2014-10-11 16:11";"rajinikanth";"this phone is very waste ";""
"19849";"204";"L90 D405";"";"2014-10-09 22:23";"Punisher";"Use Lux auto brightness version 1.95 as its most stable for this phone. Convert runtime back to dalvik and again to art runtime after and it will solve almost every problem, its seems that apps doesnt autoupdate to art in installation because after every reboot art optimizes new apps which are installed. So convert to dalvik and again to art. Flawless :)";""
"19850";"204";"L90 D405";"";"2014-10-08 16:02";"Punisher";"Ok let's hear it guys. I have been using this phone now for over 6 months and its great. Now to downside. What problems do you have with your device. After 6 months battery starts to degrade more as manufacturer gives only 6 months to it's battery. Other flaws comes more like in software. Using auto brigthness lux gives error message from time to time fail to initialize camera do to time speed of activating camera to collect light but it's in the software. Second bluetooth error stop working i've been having almost since start when updating apps or at any time from time to time. Viber transfer to second device unables sound which i think its all about lg. It happens to my old O2X with skype to. When you move app to sd card i must restart phone to open that app. That is an error to. But overall its a great device when you get to know it more. It needs stability update asap. Now idle time is maybe the best in all phones. I just cant believe that idle on battery uses zero energy. What do you think guys about your devices. ";""
"19851";"204";"L90 D405";"";"2014-09-30 23:28";"Anonymous";"The infrared port depends on the market. I just called my carrier and its model doesn´t have infrared";""
"19852";"204";"L90 D405";"";"2014-09-30 23:06";"";"Its a great phone and runs very smooth vfm i love it";""
"19853";"204";"L90 D405";"";"2014-09-30 21:52";"Anonymous";"thankyou very much";""
"19854";"204";"L90 D405";"";"2014-09-30 19:15";"&#12385;&#12";"Where do i find!?";""
"19855";"204";"L90 D405";"";"2014-09-30 17:16";"";"Want to have theme like g3..  Try lg g3 theme by rocketserveware from playstore..  Its really good and works well for my lg l90 D410..";""
"19856";"204";"L90 D405";"";"2014-09-29 03:13";"Punisher";"yes it does have fm radio";""
"19857";"204";"L90 D405";"";"2014-09-29 00:42";"Trooper";"Yes, the LG L90 D405 (for which this comment section is for) does have am FM radio that does not use data or require an internet connection to work. I know this to be true, because I actually own the phone.";""
"19858";"204";"L90 D405";"";"2014-09-28 22:19";"shakibwantstoknowtec";"can someone please tell me if this phone really has fm radio or not. I know you guys are gonna talk about internet radio but i want to use real fm radio like the one that does not eat any data. if the phone does not have real fm radio( fm radio that does not require data of wifi ) than are there any tricks can be done to have fm radio on it.";""
"19859";"204";"L90 D405";"";"2014-09-27 22:22";"Punisher";"Lol. Remote call service. Never mind i cant explain my self dont have the energy. You go man!";""
"19860";"204";"L90 D405";"";"2014-09-27 05:40";"nikhil";"check remote call service in apps this application is used for wirless display  ";""
"19861";"204";"L90 D405";"";"2014-09-24 17:34";"Punisher";"I wonder what does wireless display certificate do in developers mode. Cant seem to find anything in settings. Doesnt this enable miracast??? Why is it this function present in developers mode if it cant do anything. Can somebody confirm this?";""
"19862";"204";"L90 D405";"";"2014-09-22 15:08";"Punisher";"Yes it did. Tnx Ishimura. I just cant accept the thing that v4.0 is lower in transfering speed then v2.1 edr. my v2.1 edr had speed as much as 150 to 300 kbits. now the v4.0 is about 56 kbit transfering speed but pan mode (bluetooth internet tethering) is like 3mbit for internet wich is odd. And i seems not to have bluetooth advanced profiles on my laptop which also odd. a2dp is handy for almost everything but have no clue where are profiles. No obex, no control device, no av profile, opp is more like manual then automatic. For transfering large files i use wifi transfer pro it works even without internet but it's one way direction from phone to pc thru web interface without internet but two ways if connected to internet. Pc suite doesnt support other files with other extensions. and the Lg 90 lack real smartshare software it depends only on pc suite. Wifi direct is not complete in this phone. I think it's only option is to detect and transfer using es file explorer but other profiles in wifi direct is also missing. miracast is disabled by default and it's not compatible with samsung wifi direct allshare. I would like to know the support of lg l90 wifi direct form lg itself. the capability is like in a mist. Unclear";""
"19863";"204";"L90 D405";"";"2014-09-21 18:28";"";"I think bluetooth 4.0 is more a power consumption thing than speed. IF you remember litsening to music with BT 2.1 drained the battery like crazy.  If you want files to be sent from a PC or vice versa try the LG PC suite. It connects your phone to the Computer via WiFi and you cand send all the photos, music and videos you want without a cord.   And yeah. bluetooth IS really slow when moving files. I think its more a a audio stream media than anything else. May even work with wifi direct. When i want to share something with someone i mail it to them, if the file i bigger than 20MB (gmail max) i use dropbox or google drive.  I hope this helped. ";""
"19864";"204";"L90 D405";"";"2014-09-19 23:35";"Punisher";"Now i'm going frustrated. Can somebody explain to me what the hell is bluetooth 4.0. I bought new laptop with bluetooth 4.0 and i'm very happy with my purchase but the bluetooth data transfer is aweful. Its very slow like bluetooth v1.1 i tought it was my laptop but when i tested l90 to samsung tab 3 8.0 which also have bluetooth 4.0 the speed is also superslow. Hell my old lg o2x with bluetooth 2.1 edr is way faster then this. Is bluetooth 4.0 false marketing. Whats the deal with having v4.0 over 2.1 when its slower. This is driving me crazy. Where is symbios in 4.0 blutooth wifi combo. Can somebody explain this";""
"19865";"204";"L90 D405";"";"2014-09-17 16:58";"Punisher";"This is very strange. I tried to research more about the battery in l90 and i was also testing this with my galaxy 3 8.0 tablet and its correct. I used battery monitor widget pro to find out that battery in l90 is of 2460 mah capacity. App pulls that info from android. And i also saw how much of my battery have degraded which is 3mah over 4 months of usage which is great but the thing is that capacity of device in android is written for 2460. I will try to see if new entry of 2540 have any change or false reading.";""
"19866";"204";"L90 D405";"";"2014-09-17 07:49";"Punisher";"I ment it's better then current available a53 (sd410-sd615) phones in battery life. ";""
"19867";"204";"L90 D405";"";"2014-09-16 22:36";"";"a53 ? I think you meant a7.";""
"19868";"204";"L90 D405";"";"2014-09-15 15:46";"";"LG did not incorporate that feature in this phone. So don't worry.It's not suppose to.";""
"19869";"204";"L90 D405";"";"2014-09-14 19:02";"Sarai";"My back & menu button don't light up!is it suppose to do that?or what?PLEASE HELP.";""
"19870";"204";"L90 D405";"";"2014-09-10 03:36";"alexis";"Not have light?";""
"19871";"204";"L90 D405";"";"2014-09-09 20:29";"Punisher";"I wonder if the phone have miracast because of wifi direct and really hopes that it will have chromecast mirroring support in near future. Damn that would be nice.";""
"19872";"204";"L90 D405";"";"2014-09-09 20:20";"Punisher";"I have same toughts. Idle time is insane good. This is maybe the best sd400 phone out there when it comes to battery life. Not even sd410 in lenovo vibe z2 with 3000mah or htc desire 820 can match sd400 in l90 with more energy efficient cores a53. This phone is very well optimized.";""
"19873";"204";"L90 D405";"";"2014-09-09 15:46";"Trooper";"The L90 D405N does have an NFC module. That's what the 'N' in the model number stands for.";""
"19874";"204";"L90 D405";"";"2014-09-08 16:01";"DJM";"lg l90 no nfc .";""
"19875";"204";"L90 D405";"";"2014-09-08 15:00";"";"I just spent 5 days on an exercise with the Swedish Homeguard and my battery on the phone battery was at 29%. I did ahve flightmodem on when i was not using it but still. Didnt have any need for my external battery pack. Taking pictures and browsing facebook, twitter, gps, mail aind youtube while on patrolduty and the battery held up fine. Imagine this class of phone with one of those extended batterys with a new backcover, 4000mah or more, that would be insanely awesome!";""
"19876";"204";"L90 D405";"";"2014-09-04 19:02";"";"What ?";""
"19877";"204";"L90 D405";"";"2014-09-04 19:01";"";"App is the problem. I had to refresh the inbox multiple times to see unread mails.";""
"19878";"204";"L90 D405";"";"2014-09-04 18:59";"";"This isn't uncommon, but, the phone only heats while using the camera for a while and also drains battery faster. That's it. Nothing drastic like Facebook toasting the phone and battery dying out in minutes.  Facebook is a culprit app. I confirmed it via Wakelock detector. I suggest using Wakelock to identify the badly behaving app. Look which one is eating up memory and CPU cycles then get Greenify and hibernate them.  Oh, and BTW, you need root to make this all work.  Try removing Facebook to see if problem persists.";""
"19879";"204";"L90 D405";"";"2014-09-04 18:53";"";"That space crunch isn't anything new. The Android OS takes up around 4GB of space and no phone has more(space) than that.  Those that do, have around 16GB of space out of which the OS occupies 4GB so you end up with around 12GB of effective space.  So, no need to worry about that. You can root then swap internal memory with external memory so if you insert a 32GB card, perform a swap, then you have 32GB of internal memory and 3.87GB of external memory :P";""
"19880";"204";"L90 D405";"";"2014-09-04 18:47";"";"My D410 has a VGA camera";""
"19881";"204";"L90 D405";"";"2014-09-04 18:46";"";"The L90 has many versions worldwide and even within those there are variations in the camera module. You can follow the CM11 development thread for it over at XDA to know more but the dev is a bust person so may or may not respond.  Mine, too, doesn't have the NFC";""
"19882";"204";"L90 D405";"";"2014-09-03 23:24";"Vincent";"How magic peris";""
"19883";"204";"L90 D405";"";"2014-09-03 23:18";"";"guyz is this phone come to egypt??";""
"19884";"204";"L90 D405";"";"2014-09-03 19:04";"Punisher";"Sd 400 doesn't heat as other processors. The only way you can get heat is by downloading huge files like over 2gb - 5gb at once. I dont have facebook app installed because that app is a mess and will always be a mess it has like over 70 background activities. Tnx but no tnx. Twitter i never used but i guess its the same as facebook. ";""
"19885";"204";"L90 D405";"";"2014-09-03 17:13";"";"Download the Gmail app from the playstore. The native email app is pretty bad.";""
"19886";"204";"L90 D405";"";"2014-09-03 17:11";"";"Download the Gmail app from the PlayStore. The native email app is pretty bad. @lakshmi";""
"19887";"204";"L90 D405";"";"2014-09-03 11:46";"Lakshmi";"I bought LG 90 mobile recently and accessed my mail (gmail) from new mobile. But I can able to view only mails which I send from the mobile, in the inbox. Old mails were not able to be seen. Why is it so? ";""
"19888";"204";"L90 D405";"";"2014-09-03 11:33";"hashtag";"Hey I bought thus phone like 5 days ago and it gets really hot in the top part of the back, around the camera. This happens after like 10/15 minutes of use while im on WiFi facebook facebook messenger Twitter or tumblr or even on Google chrome. Is this like fixable and I should go to the store and get it done or is a commun problem????????? Help plz I took off all apps kept the one that came with the phone but as I am typing this it is warm almost hot right now!! HELP ???? also the battery drops super fast but I guess that's because of the overheating problem idk ....... ";""
"19889";"204";"L90 D405";"";"2014-09-03 02:48";"Punisher";"Glad you like the phone. NFC stand's for near field communication. It allows your device to communicate via accesories which have nfc tags build in. another way of doing stuff with your phone like wifi and bluetooth antennas. well this is the same thing as an antenna. another way of communication for accesories etc. but i'm sorry i dont think you have nfc on your device because you would see it in settings. the only thing that i'm intressed in if somebody who have d405n with nfc if they can test their device with wireless charging patch if it works, tnx";""
"19890";"204";"L90 D405";"";"2014-09-02 11:13";"Anonymous";"Actually it does have led light, but i dont think it is working...";""
"19891";"204";"L90 D405";"";"2014-09-02 01:47";"HELLOW";"by the way, what is that NFC thing? how can i use it and how does it work??";""
"19892";"204";"L90 D405";"";"2014-09-02 01:45";"HELLOW";"hey, thanks for the response!, i just went for it and bought lg l90. it was on sale and in my country it costs around 250 and i bought it for 187 ...so it was a VERY good price and i even compared with other mid range cell phones and this was the best... the rear camera is pretty good but the front camera was said to be 1.3mpx as in the store, it turns out it only has a VGA mode, kinda sucked but it's no that bad... hey! you can't have it all with a price like that am i right?!... anyway besides that the only other thing that is kind of a bummer is the STORAGE SPACE i thought 8gb (or 3gb whatever )would do the trick but its kind of difficult to manage to keep games apps and launchers all in... and not that many apps can be moved to micro sd card, so i guess i have to find other stuff to do besides being stuck to my phone playing games hahahaha ;) buy it, it's very worth it despite storage and 'selfie' cam ;) ;)";""
"19893";"204";"L90 D405";"";"2014-08-31 11:47";"";"LG D405 and D410 has 640x480 (VGA) front camera i believe. My LG D405 Has 640x480 (VGA). I hope i helped. Enough if you ask me since the phone doesnt have 4G, you wont be able to have very good videoconversations in 1080p anyhow...";""
"19894";"204";"L90 D405";"";"2014-08-31 04:26";"HELLOW";"hey, i need a fast answer, i know that there is two types of this model,lg l90, d405 and d410, i know that d 410 has a front camera of 1.3 mpx, does d405 have one too??? i searched in various websites and some told me the front camera was VGA (0.3mpx) and others told the front camera was 1.3 mpx.... in online store is not specified... please help :((((";""
"19895";"204";"L90 D405";"";"2014-08-31 04:22";"helow";"hey/ test";""
"19896";"204";"L90 D405";"";"2014-08-27 13:22";"";"I wouldnt complain to much about nfc, when have you ever really used it besides sometimes when you want to be cool, thats the only way i used it on my old L9";""
"19897";"204";"L90 D405";"";"2014-08-26 21:24";"";"This model sell on egypt???  &#1575;&#1604;&#1605;&#1608;&­;#1576;&#1575;&#1610;&#1604; &#1583;&#1607; &#1606;&#1586;&#1604; &#1605;&#1589;&#1585; &#1567;&#1567;";""
"19898";"204";"L90 D405";"";"2014-08-26 15:38";"";"Unfortuenetly MY swedish version D405 does NOT have nfc.";""
"19899";"204";"L90 D405";"";"2014-08-25 09:47";"james";"does lg l90 D405 have nfc ??";""
"19900";"204";"L90 D405";"";"2014-08-24 22:29";"";"Sadly GSMArena didn't consider it wise to review this phone because they thought the 'G2 Mini' isn't any different from L90, or so I presume, they dropped the idea of reviewing it.  Considering sound quality, you know that most phone speakers aren't revolutionary and that you HAVE to have some decent pair of IEMs to make the most of phone audio gear.  So for comparison purposes, leave out the boom speakers of HTC.  Fine, now you should also know that even high end phones don't have loud enough speakers so the mid-range and low-end phones have an upper hand here.  Finally, in the same price range(depends on where you live). Now where I live, comparison can only be drawn with the following,  1. Moto G 2. Galaxy Grand 2 3. Xperia M2  Moto G is as good. Grand 2 is almost identical. Xperia M2 is a bit muffled.  So as you see, external speakers do vary a bit but you know what, most of the times you'd end up using the IEMs anyway so don't bother much about that. The speaker on the L90 is loud enough but not bassy (and no phone speaker is, besides the Boom ones found on HTC)  Plug in your IEMs and you find that performance is nearly identical.  For best results, Root and install 'Viper4Android' because trust me, you will find a huge difference between the stock app and this.";""
"19901";"204";"L90 D405";"";"2014-08-24 22:16";"";"What ?  If you meant those capacitive backlight, then, yes it is absent. I do find that annoying at times but you know what, I have the D410 and it doesn't even have the physical home button. So imagine fumbling with 4 invisible buttons with only haptic feedback to guide you, which is, well, the same for any button.  Experience will tell you that the most used buttons are the 'Back' and the 'Home' button with intermittent use of the 'Menu' button.  The 'Back' is on the extreme left, so no confusion regarding that. The 'Home' sits right next to the 'Back' button, so it isn't that far either.  Now the 'Menu' button is kinda mixed bag.  If you press the 'Dual SIM' button once then you will just get the feedback. Tells you nothing about what just happened.  But if you long press the 'Dual SIM' key, then, you will taken to the SIM management section.  So don't long press and you'll do fine. Because a single press will NOT activate the 'Dual SIM' key and you will know, for sure, that you have hit the wrong key.  No harm done.";""
"19902";"204";"L90 D405";"";"2014-08-22 19:51";"";"Do you mean the backlight for the capacitive buttons down next to the home button. No they did not incorporate that in this model. Doesnt bother me.  And about soundquality... I haven't oticed any difference in music quality, it all depends on the headphones or bluetooth speaker you use, thats what i think. The built in speaker isn't hi-fi exactly.. but it gets the job done when you want to show your friend a video or something. ";""
"19903";"204";"L90 D405";"";"2014-08-22 11:33";"";"How is this phone s sound quality compared to the others in this price range ?";""
"19904";"204";"L90 D405";"";"2014-08-22 09:15";"David";"Does LG L90 has no button light...my phone doesnt light up?  ";""
"19905";"204";"L90 D405";"";"2014-08-16 18:52";"";"Found it. Thanks! Why have they hidden it like that? HAvent seen that before...";""
"19906";"204";"L90 D405";"";"2014-08-16 07:55";"Anonymous";"touch on Build Number 7 times";""
"19907";"204";"L90 D405";"";"2014-08-15 20:31";"";"settings-->general-->about phone-->common-->software information-->build number x5  Tap the "Build Number" 4-5 times or just keep tapping...Haha. It'll entertain you with some random blurbs like, "You are a few taps away from being a developer" and then finally it says, like on my phone, "No need, you are already a developer"  Now, don't just jump. Go back to settings. Scroll down to the bottom. Wait for it...there's the "Developer Options" section and you are a developer... XD";""
"19908";"204";"L90 D405";"";"2014-08-15 20:20";"";"Oh well, that's an awesome back cover.  And that long pressing vol- button totally works on my D410... XD";""
"19909";"204";"L90 D405";"";"2014-08-15 20:11";"";"Charging is not just plugging any charger into any phone. I tried using a third party Samsung charger because it was rated 5V-2Amp in an attempt to fast-charge the phone but it only ended up in taking an hour more. so I assume I'd be damaging it by doing it. I suppose the phone, not the battery, just isn't accepting high amperage.  So use the stock charger or if you don't have it, at least look for a 5V-0.85Amp charger  For statistics, I just did it once but still it is an indication for what to expect.  25%-100% takes around 3.5 hours on the third party charger  15%-100% takes 2.5 hours on the stock charger  So, use the bundled adapter. The battery is pretty good IMHO. There is little to no charge leakage when left idle.";""
"19910";"204";"L90 D405";"";"2014-08-15 18:34";"";"I was playing around with my phone and i cannot find developer options. Where do i find it?";""
"19911";"204";"L90 D405";"";"2014-08-13 23:53";"";"Really great quality combination. Solid design and slim profile, large clear screen, good battery life, will run any app I can find. The only thing missing for me is the indicator led for messages etc. Camera is average, speaker not so great but I don't use them much so the phone is ideal for me. ";""
"19912";"204";"L90 D405";"";"2014-08-12 20:14";"";"That dual sim function ought to be awesome! I got the single version, but imagine just to change numbers at the touch of a button! Fantastic.";""
"19913";"204";"L90 D405";"";"2014-08-12 17:24";"";"This phone is really good..Came out to be a total surprise as never expected LG to punch such durability and quality. I have the dual version but the only difference between D405 and D410 is that D410 has dual sim. The battery life is amazing and so is the performance of the phone. I bought this phone a month ago and till now I did not notice any problem at all..  ";""
"19914";"204";"L90 D405";"";"2014-08-12 16:00";"";"Punisher, be my soulmate. Jk. I havent charged my phone now for more than 48 hrs and i have 37 percent left. Talk about batterylife! And i mean, notification LED, never had it on a phone, the only thing it does is blink the colour of the app that is notifying right? You might as well turn the screen on with that amazing doubletap and read the message! Am I right?";""
"19915";"204";"L90 D405";"";"2014-08-11 22:08";"Punisher";"No you are not the only one blah is a troll. Lg l90 is 3x times cheaper then s5, g3, 2x cheaper then g2, 2 times cheaper then s5 mini and htc one mini m8. 4 times cheaper then iphone 5s and he talks about notification led, how crazy is that. As i written before the main feature of this phone is batterylife. Even more then blah's s5 with extreme battery save mode. This phone can last as long with 3x times cheaper price. Now it's 160 euros actual price.";""
"19916";"204";"L90 D405";"";"2014-08-11 19:19";"";"Geez Am i the only one that doenst care about a notification LED? This phone costs 3x less than an s5, what more do you want from it?";""
"19917";"204";"L90 D405";"";"2014-08-11 12:47";"Blah";"No notification led, this has to be the only phone on the planet that doesn't have one. Even simple clam shell phones have them. Good battery life is the only good thing going for this phone. Can't wait to get my s5 and toss this turd phone in the trash. ";""
"19918";"204";"L90 D405";"";"2014-08-09 17:12";"";"Pepe. Yes.  It has a built in IR-Controller a few milimetres from the secpnd mic on top. It has a great app that LG made. It can control most TVs, DVDs and Blu-Ray machines.";""
"19919";"204";"L90 D405";"";"2014-08-09 08:21";"melwyn";"awesome phone battery back is awesome love this phone";""
"19920";"204";"L90 D405";"";"2014-08-08 17:15";"Pepe";"IR Remote Control.  It this phone work as a remote control for tv? ";""
"19921";"204";"L90 D405";"";"2014-08-08 14:00";"";"Agree with indy, I bought the first L9 L9 that came out at totally overprise, this phone is 40% cheaper and a whole lot better. My version lacks NFC but then again, when do you use NFC? It's a cool feature but I'd gladly change it out for the IR-remote thing which LG did for this phone. Great addon!";""
"19922";"204";"L90 D405";"";"2014-08-08 11:46";"indy";"Super Phone,  I`m using it nonstop and the battery holding up for a hall day long! It is ok when you`re thinking that it`s used with Wi-Fi and data download and music movies and hall other things. Camera is fine , at 8 mp . Super phone comparative with the price at which you`re finding it! ";""
"19923";"204";"L90 D405";"";"2014-08-07 18:53";"";"Ia made a few calls now from my bunker room with poor signal and i didnt hear anything remotely like the Kitkat sound. I dont think i've ever heard the "kitkat-sound".  Maybe something in settings?";""
"19924";"204";"L90 D405";"";"2014-08-07 17:46";"Punisher";"I have not. But i think it's your carrier. But even if so it doesnt have to be at your end. The other person have phone to mic to and who knows whats the issue. I think this phone have superior ear speaker sound like any other with secondery mic. Try again test again try to do factory reset (hard reset) and test. Everyone that talks to me ask me am i talking thru phone. Yes i do. But i hear you like cristal clear and loud too. So signal drop i dont know. Here in Sweden we have really good carriers. No problem with quality of voice. But even i have problems with this device not really but with pc driver. My mtp usb driver on lg software mode wont install. I've tried everything but no luck. Must test this on different pc";""
"19925";"204";"L90 D405";"";"2014-08-07 16:08";"";"Thanks for reply.I am talking about Kat Kat noise during normal voice call over mobile to Mobile. When one signal bar goes down it starts more and I miss one word during conversion and I have to ask "what did you say " Had any one faced this issue. ?";""
"19926";"204";"L90 D405";"";"2014-08-07 13:42";"";"Totally agree with Punisher! Li-Ion batteries are made this way. Old car batteries and new ones you can charge a bit at a time bot not a litium-ion och variants of it.  Myself I experience the batterytime on my LG L90 to be exeptional! Even connected to 3G all the time with screen set to 100% due to sunlight it holds up.  So defeinetly charge phone from low to high with high-amp charger. USB on computer charges with tops 0.4 amps... You want at least 1 amp, some chargers are 2,1A, that charges the phone in like 1,2 hours mathematically...  I was also bummed that it only had 4GB on onboard memory but i havent found myself had that space filled up because i have a SDcard for all my music etc.   I bought a case for my phone and got it this morning.    Impressivly cheap, case + screen protector and fit ok.  The buttons on the LG L90 we can all agree that they are small and sometimes hard to find, with this case it's extremly easy to find because they pertrude out from the case a little. If you want to see pictures of the phone with the case i can send my mailadress to you if you'd like.  I just aslo now realized that if your phone is locked and you longpress the volumebutton the camera automatically starts! Nice feature!  ";""
"19927";"204";"L90 D405";"";"2014-08-07 12:40";"Trooper";"When charging your phones battery, charge by mains adaptor only (if possible), do not disconnect it when it reaches 100%, leave it to charge for a further 1 or 2 hours (it's called topping off), which is the most critical part of charging a battery. When finished, you may think you have a new phone or new battery, because the improvement in battery life that you will get afterwards will surely surprise you.";""
"19928";"204";"L90 D405";"";"2014-08-07 04:28";"Punisher";"download app called batteryguru disable all app refresh. second i presume you are a girl and maybe you charge your phone like 15 min or 1 hour at the time as never discharge and charge in full cycle. to get most of your battery you must charge at 100 procent without break and discharge to 0 procent without break and then charge once again at 100 procent without a break. avoid usb pc charge because it's slow charging. ";""
"19929";"204";"L90 D405";"";"2014-08-06 20:05";"Vicky";"Hi all, I bought this mobile last month, battery backup is very bad. Its frequently reducing the battery charge on every minute, Without using internet battery backup is only 6 to 7 hours.All other features are good. Pls tell me the solution for battery backup.";""
"19930";"204";"L90 D405";"";"2014-08-06 19:58";"IGoogledU";"No, only up to 32GB microSDHC card. Source: ";""
"19931";"204";"L90 D405";"";"2014-08-06 19:52";"Shaqtin afool";"Lg L90 actually has 4Gb internal. :(";""
"19932";"204";"L90 D405";"";"2014-08-06 17:30";"Punisher";"my rotation work as normal but you can icrease animation speed or just try if it will work. if you want to keep animations increase amount in developer mode you have 3 options, or deactivate all of them if you dont want to have animations. it will solve your problem. for incall sound its your carrier it have nothing to do with phone because quality of voice call thru gsm or 3g band comes form your carrier. test which works better 2g band or 3g band and compare by your self the quality of voice call. for speaker test download some app form store or go to hidden menu and test from there 3845#*405# (410) or (415)";""
"19933";"204";"L90 D405";"";"2014-08-06 17:16";"Punisher";"i'm not sure what do you talk about exactly. If you have sound in notifications during the call then you should go to respective app and change it to system notification sound like in viber. facebook notification i dont know but there is a different solution for all notifications even during the call. make your system notification silent with vibration except message stand alone notification which you can change for sms if you want it. you just go to sms settings and there you have sound notification also just for sms. For signal drop or signal variation this is first time i hear that for any phone. i know that skype and viber have some crazy stuff during something else and your sound stops. either with speakers or headspeaker. but this has nothing to do with phone it's on every phone. it is app itself. overall sound on this device incall is superior because you have noise cancellation so can you tell more about what do you mean exactly";""
"19934";"204";"L90 D405";"";"2014-08-06 16:43";"";"No..sound is not related to notification for sure.it is when phone tries to pull signal.I am aware about rotation. I am saying rotation is not smooth. ";""
"19935";"204";"L90 D405";"";"2014-08-06 15:16";"Jaap ";"Its a super fast phone, im. Using or d'Or over a month nog and i realy like it!of hou want a schrap smartphone that performs well i should recommend this one";""
"19936";"204";"L90 D405";"";"2014-08-06 12:15";"";"Your comment about as i understand it "a sound when you get a notification during cellular calls", i couldn't find how to turn this off, try another "cellphone app". This feature is built into the LG Calling app i believe.  Myself i find this both helpful and sometomes annoying when alotof them comea t the same time.  Have not experienced any rotation issues, if you find it rotating when you dont want to, turn off rotation (sorry if im being silly and thinking you dont know this already). ";""
"19937";"204";"L90 D405";"";"2014-08-06 05:16";"";"Hi all,I purchased this phone last month after reading all reviews by you but facing basic problem while talking.ear phone makes noise like "Kat Kat "during talk particularly during signal strength moves down.it is really annoying as I could not hear all words properly. This was nit the case with Samsung or Nokia phone.it happens only when we talk to Mobile networks. Is any one observed this issue?  When I showed this to service center person says it is normal and gave me another model of LG as stand by and I observed same issue.even this models has rotation issues. Rest all good.please suggest solution.";""
"19938";"204";"L90 D405";"";"2014-08-05 15:46";"";"I got a Armour case for my L90, 10 $! I'll give it a review when i get it!  ";""

