"41991";"374";"Lumia 822";"";"2015-01-20 12:46";"ca";"i find it difficult to use music as my rington ";""
"41992";"374";"Lumia 822";"";"2015-01-15 11:02";"Arif";"Please disable International assist on phone call settings. it will resolve your problem";""
"41993";"374";"Lumia 822";"";"2014-12-25 03:57";"Anonymous";"Denim update is available for Lumia 822. Go Grab it.";""
"41994";"374";"Lumia 822";"";"2014-11-30 12:01";"";"May be hard reset will fix your problem...";""
"41995";"374";"Lumia 822";"";"2014-11-30 11:58";"";"Update your phone buddy... Problem Will solve...";""
"41996";"374";"Lumia 822";"";"2014-11-30 11:57";"";"Kindly check my earlier comments to know about updating procedure for WP8.1";""
"41997";"374";"Lumia 822";"";"2014-11-28 16:36";"rabi";"My new Lumia 822 only shows the phone number of the incoming call, even for people in my contacts folder. I've tried saving the number and linking it to the person (already in contacts) but to no avail. Is there something I need to do to fix that or is it just a flaw with the new phone I will have to live with? Thanks";""
"41998";"374";"Lumia 822";"";"2014-11-27 16:07";"sharath";"It is a great phone. WhatsApp and gmail works on it flawlessly . go get it. ";""
"41999";"374";"Lumia 822";"";"2014-11-27 11:33";"YAWUS";"i can only receive message from my nokia lumia 822 but can not send massege it will print(cant send) ";""
"42000";"374";"Lumia 822";"";"2014-11-26 07:12";"venkat";"i am getting same problem, is there any solution?";""
"42001";"374";"Lumia 822";"";"2014-11-24 17:15";"";"how do i upgrade to windows 8.1 ? mine says windows 8.0 and when i click check updates , it just keeps searching . doesnt display anything , trying since 2 days !!";""
"42002";"374";"Lumia 822";"";"2014-11-22 14:59";"maddy";"Software is crashed in my Lumia 822, camera, flash isn't working, how can I solve this problem......";""
"42003";"374";"Lumia 822";"";"2014-11-10 16:06";"Mike";"Yeah, i've seen a youtube video with WP 8.1 installed ";""
"42004";"374";"Lumia 822";"";"2014-11-09 15:59";"";"I've also made a thread full of tips and tricks for Nokia Lumia 822 and Windows Phone in general  forum.ucweb.com/forum.php?mod=viewthread&tid­=721566&fromuid=30874";""
"42005";"374";"Lumia 822";"";"2014-11-01 20:11";"Goodie25";"Kindly let me know if internet using mts network in India is possible with Lumia 822. It is urgent for me. Thanks.";""
"42006";"374";"Lumia 822";"";"2014-11-01 19:45";"";"hi there,i'll get this device soon,just wanna know if this Lumia can be updated to Cyan 8.1 ";""
"42007";"374";"Lumia 822";"";"2014-10-30 09:27";"";"Amazing phone. I got it for 94.95$ from Amazon and works flawlessly in Egypt. Upgraded to 8.1 DP and it looks even better and smarter than ever. Best thing about it: BUTTER SMOOOOOTH. I recommend this phone to anyone in the world who want a low priced WP with mid-range specs. ";""
"42008";"374";"Lumia 822";"";"2014-10-29 23:36";"majid";"You can download whatsapp and gmail from store. I'm using";""
"42009";"374";"Lumia 822";"";"2014-10-29 11:21";"J.Kazi";"i want to update it on 8.1v how can i do this any idea ?";""
"42010";"374";"Lumia 822";"";"2014-10-28 16:56";"St duke";"please urgent, does this phone come with Watsapp and Gmail.If no, can it be download and install. Thanks";""
"42011";"374";"Lumia 822";"";"2014-10-24 07:56";"";"best phone ever made by Nokia .. Love this unit thanks ";""
"42012";"374";"Lumia 822";"";"2014-10-24 07:52";"damitha bandara ";"normally i change my mobile within 2 or 3 month but I'm sure i don't want to change it again because this is wonderful unit. Love this touch , camera , and everything. all the specifications are working properly in this unit wonderful ";""
"42013";"374";"Lumia 822";"";"2014-09-26 11:11";"Mr Baig";"Dear jeey, I am from Pakistan. 1st download an application named 'access point' from store. open it in setting at the end. double click on your network and note the all IP addresses, now press + on bottom and create the same IPs in duplicate blank fields. then active it by press and hold it . again activate the 1st original IPs like your mts network and restart your phone. now turn on internet sharing it will work insha allah.";""
"42014";"374";"Lumia 822";"";"2014-09-22 17:59";"jeey";"I am using this phone from last 6 months and found some problem regarding internet sharing and data is nota working using mts network. please tell me the solution for that.";""
"42015";"374";"Lumia 822";"";"2014-09-21 06:59";"";"Wait for official phone update or you can update your phone by preview for developers... Just google it...";""
"42016";"374";"Lumia 822";"";"2014-09-16 20:56";"kathats85";"How update to windows-8.1 please tell me";""
"42017";"374";"Lumia 822";"";"2014-09-03 18:52";"";"I can able to send messages over 3G , Now I was using preview for developers withWP8.1.1 update...";""
"42018";"374";"Lumia 822";"";"2014-09-01 12:29";"";"Are you able to send SMS when your highest connection is set at 3G or LTE on BSNL network? I, with IDEA Maharashtra sim can only send SMS when connection set at 2G. On 3G or LTE I cannot send SMS.";""
"42019";"374";"Lumia 822";"";"2014-08-27 18:01";"";"Really good performance and regular updates now WP8.1 update1...In GSM everything works I was using BSNL SIM, I never used cdma SIM , so I don't know about mts but I heard that data doesn't works on cdma network...";""
"42020";"374";"Lumia 822";"";"2014-08-27 05:04";"Piyush";"hi, hows your phone performance. can this run mts card too.";""
"42021";"374";"Lumia 822";"";"2014-08-24 14:20";"";"Everything is working fine after dev preview update... Before I had internet sharing problem...";""
"42022";"374";"Lumia 822";"";"2014-08-19 10:41";"";"will the sms and internet issue be solved after the developer preview update ";""
"42023";"374";"Lumia 822";"";"2014-08-19 07:53";"HARIS";"excellent cell phone ";""
"42024";"374";"Lumia 822";"";"2014-08-01 22:43";"Awi";"Can any one tell me setting for internet in cdma network in india.";""
"42025";"374";"Lumia 822";"";"2014-08-01 14:58";"";"Because it was Verizon exclusive which is cdma network and GSM for roaming , so other than Verizon sim, data wouldn't work for cdma.";""
"42026";"374";"Lumia 822";"";"2014-07-31 04:11";"hanish";"why in cdma DATA doesn't work  the what is the code at the end?";""
"42027";"374";"Lumia 822";"";"2014-06-30 03:27";"";"Yes, it can support both GSM and CDMA.In GSM everything works But in cdma data doesn't work as I know &#128522; ";""
"42028";"374";"Lumia 822";"";"2014-06-29 21:00";"hanish";"Since this is verizon, is this CDMA cell?";""
"42029";"374";"Lumia 822";"";"2014-06-01 19:33";"Anonymous";"What is chrome?";""
"42030";"374";"Lumia 822";"";"2014-05-06 17:46";"shv007";"Yes, buy it. A great phone.great Money for value. ";""
"42031";"374";"Lumia 822";"";"2014-05-01 07:23";"";"Guide to enroll for Developer Preview Program to have Windows Phone 8.1 Developer Preview Update: 1. Go to  2. Sign In there with your Microsoft Account (@hotmail, @live or @outlook - anyone will work) Make sure u sign in with the same account u have registered your device with 3. Now go to Store from your device &amp; download âPreview for Developersâ app. Use below link.  4. Once downloaded, open this app. It will ask you to log in with your Microsoft Account. Here you must sign in with the same account you have used in App Studio website (in step-2 of this tutorial) 5. After you completed signed in, select âenable preview for developersâ option &amp; tap âdoneâ &amp; u'r good to go. 6. If you are new to the developer preview program, u might get a small update. Donât get excited too much, it is just final GDR3 update build. Also make sure you are on 8.0.10521.155 OS version. Verify it from âaboutâ section of the settings. Please note that after enrolling for Developer Preview Program, you will lose warranty for your Windows Phone device. Please make sure your device have at least 1 GB free internal storage to Download &amp; Install the update.";""
"42032";"374";"Lumia 822";"";"2014-05-01 02:37";"1845";"I have an iPhone 4s and I don't wan it anymore do u think I should sell it and get the Nokia 822? Any recommendations?";""
"42033";"374";"Lumia 822";"";"2014-04-28 20:36";"Anonymous";"how? I got wp8.1 on 822 but sharing not working";""
"42034";"374";"Lumia 822";"";"2014-04-20 18:56";"Anonymous";"Lumia 822 has been Upgraded to Lumia Black, not Amber";""
"42035";"374";"Lumia 822";"";"2014-04-16 18:13";"";"Finally internet sharing was working with my Nokia Lumia 822 after WP8.1 update, from India.";""
"42036";"374";"Lumia 822";"";"2014-03-31 11:34";"Anonymous";"i cant switch on my internet sharing feature. when i do so, it will say WAITING over minutes and the RESUMING. nothing comes out of it. i cant share data. what can i do about that.";""
"42037";"374";"Lumia 822";"";"2014-03-29 03:54";"Rabi";"What kind of advance software need to activate CDMA data network? ,please help me with this.";""
"42038";"374";"Lumia 822";"";"2014-03-29 03:50";"Rabi";"What kind of advance software need to active the cdma network?";""
"42039";"374";"Lumia 822";"";"2014-03-23 03:12";"sala";"cannot transfer photos through NFC";""
"42040";"374";"Lumia 822";"";"2014-03-21 17:04";"FASEEH";"which is beter lumia 822 or htc 8x ";""
"42041";"374";"Lumia 822";"";"2014-03-20 10:54";"chetan";"hi frends can any1 tell can we trasferfiles by wifi";""
"42042";"374";"Lumia 822";"";"2014-03-12 20:01";"sullu";"Y cant v create new music playlist and photo album n nokia lumia.?its horible i cnt catagorize my songs and photoes";""
"42043";"374";"Lumia 822";"";"2014-03-08 21:43";"Anonymous";"It s showing cant send.even local mesegs f th + mark enters cnt snd.nly f it s numbrs dwn mesegs r goin";""
"42044";"374";"Lumia 822";"";"2014-03-06 10:29";"stupid ";"What's the error that you are getting? If it is 5o then it means that the service is not yet enabled for your. Contact your service provider to have SMS enabled.";""
"42045";"374";"Lumia 822";"";"2014-03-03 14:41";"sullu";"Y am i still unable to snd mesegs i hav got the lumia blak update als yet cnt snd mesegs.pls sm 1 hlp me";""
"42046";"374";"Lumia 822";"";"2014-03-01 08:57";"Lumia822";"Without chrome we will not be able to use Chromecast..... :( :(";""
"42047";"374";"Lumia 822";"";"2014-02-28 17:13";"";"I'm not able to use internet sharing feature on my Nokia Lumia 822 Lumia black updated,can anyone give me the solution for that.I'm from India with Vodafone network. Otherwise nice phone,everything looks great.";""
"42048";"374";"Lumia 822";"";"2014-02-26 23:13";"Anonymous";"As of yet, there isn't a version of Google Chrome for Windows Phone, although I be thrilled to finally see it happen too.";""
"42049";"374";"Lumia 822";"";"2014-02-25 10:07";"Lumia822";"Does this support Google Chrome ????";""
"42050";"374";"Lumia 822";"";"2014-02-21 11:23";"AdMan";"This is correct. Using the Lumia 822 in Sri Lanka, with a Dialog GSM (local carrier) sim and have no issues with it so far. Even got the 'Black' update and doing good. Cheers.";""
"42051";"374";"Lumia 822";"";"2014-02-16 13:07";"Prasanth";"How is this phone headset?";""
"42052";"374";"Lumia 822";"";"2014-01-26 23:48";"BCK";"It's designed to work through the headphone, or an external speaker plugged in to the phone. Otherwise, the sound quality is bad. I was surprised by this, also. All the Nokia phones I've owned in the past had very loud and good sound quality from the speakers on the phone. One of the main reason I've always stuck to the Nokia device.";""
"42053";"374";"Lumia 822";"";"2014-01-26 23:39";"BCK";"I've never used it overseas, but, from what I understand is that Lumia series from Verizon is a Global Phone which can accept micro-sim card from another carrier when you're overseas. I would check with Verizon just to make sure.";""
"42054";"374";"Lumia 822";"";"2014-01-21 10:07";"SID";"Mobile Data Is Working Or Not Dude Please Tell Me";""
"42055";"374";"Lumia 822";"";"2014-01-21 09:59";"SID";"If I Buy It , Will It Work In India With Data Surfing Also";""
"42056";"374";"Lumia 822";"";"2014-01-19 07:00";"pam";"yes this phone is a very good phone.. easy to handle and use.. user friendly. ";""
"42057";"374";"Lumia 822";"";"2014-01-07 18:57";"Anonymous";"Yeah.. And i think it's around 2,4juta.. Or 225USD.. I live in depok, indonesia and i saw it my self..";""
"42058";"374";"Lumia 822";"";"2014-01-06 20:31";"Night";"Is this phone are available in Indonesia?";""
"42059";"374";"Lumia 822";"";"2013-12-30 06:47";"";"yes, mine too.. and also only 1 speaker works is it normal ? but, overall this is good stuff to have it";""
"42060";"374";"Lumia 822";"";"2013-12-25 10:23";"abby";"My nokia lumia 822 phone speaker not soo good.....please any one say about this.......i play any song...and its not soo clear...its like a damm...";""
"42061";"374";"Lumia 822";"";"2013-12-04 20:30";"";"Yes it works right out of the box";""
"42062";"374";"Lumia 822";"";"2013-11-29 03:54";"";"Hi. How can I update my Nokia lumia 822 verizon (Unlocked) to amber ? I live in Yerevan (Armenia) . Showed that the latest update,but wp 8 yet..";""
"42063";"374";"Lumia 822";"";"2013-11-16 13:17";"Kr";"you should mention sim slots of all the phones whether the have cdma+gsm sim slots or only single gsm/cdma slots";""
"42064";"374";"Lumia 822";"";"2013-11-15 03:42";"";"Screen resolution very good if you look, i think that image stabl..also have";""
"42065";"374";"Lumia 822";"";"2013-11-12 11:33";"";"hi my name is syed arshad imran and im 30 years old  COMMENT ON THE SPECIFICATIONS  NOKIA LUMIA 822 is a goodloking smartphone this is a 4 STAR smart phone good feature midrange smartphone good design but somethings is not good the resolution 800X400 PPI 217 sensor 1/3.2 APERTURES F2.2   somethings is missing FACE DETECTION IMAGE STABILIZATION EXPOSURE VIDEO STABILIZATION STEREO VIDEO RECORDING DOLBY DIGITAL   somethings is verygood the 4g lte gorilla glass clear black display dolby heatphone sound enhancement internal memory 16gb ram 1gb internet 3.1mbps to 100mbps bluetoot 3.1 nfc camera 8mp af carl zeiss led flash video fhd 1080p@30fps ffc 1.2mp chipset cpu dual core 1.5ghz gpu sensors fm radio noise cancelation microphone gps 7gb sky drive   for more info SYEDARSHADIMRAN786@GMAIL.COM";""
"42066";"374";"Lumia 822";"";"2013-11-09 18:48";"Drg84";"You cant yet. That ability will come with lumia black. All you can use is the default message sounds. In a few months youll gain that ability";""
"42067";"374";"Lumia 822";"";"2013-11-09 18:46";"Drg84";"Go to settings, Cellular after downloading the Amber update, Scroll down to edit internet apn and edit mms apn. Click and write what you need in there. If you dont want to install amber, you can get nokia access point and do it that way. This site has more details ";""
"42068";"374";"Lumia 822";"";"2013-10-27 20:18";"Carole";"How do I put a ring on my text messages?";""
"42069";"374";"Lumia 822";"";"2013-10-15 11:49";"TJ";"Guys, I've got a factory unlocked 822 which is a Brick right now. Initially seemed like a software issue. But now it does not start up. The Nokia care centres here in India cannot repair or check it as is is not a model sold in India. do any of you know where i can get it repaired in India, Mumbai? Please drop me a line at Teejey.barretto@gmail.com.";""
"42070";"374";"Lumia 822";"";"2013-10-10 15:28";"D";"How do you change the apn setttings on this phone in order to use it with another company other than verizon?";""

