"42071";"375";"Lumia 510";"";"2015-01-20 17:11";"Asif Arsh";"I can't update my phone. I can't play video nd every program";""
"42072";"375";"Lumia 510";"";"2015-01-14 15:19";"manni";"Can i update my lumia 510 with window 8.1";""
"42073";"375";"Lumia 510";"";"2015-01-07 21:24";"Waleed";"Thanks Brother";""
"42074";"375";"Lumia 510";"";"2015-01-04 17:54";"Rapid";"This phone is a disaster!!!! I rather prefer the first version of 3310 than this waste of time and money. not flexible, not helpful,,,one of the most terrible things is that when you decrease the volume of one song, automatically you decrease the volume level. not talking about many other things which are missing or not working properly. C'mon give us a version of ANDROID for this damn phone. ";""
"42075";"375";"Lumia 510";"";"2015-01-04 07:03";"Benjamin ";"Can't download apps via.uc,opera mini etc. So,if u could help me to download these apps ";""
"42076";"375";"Lumia 510";"";"2014-12-22 13:20";"gh";"Di ";""
"42077";"375";"Lumia 510";"";"2014-12-15 20:41";"Smarvin";"I regret to tell switch to android";""
"42078";"375";"Lumia 510";"";"2014-12-15 17:35";"sadu";"sign in windowsphone.com......and u can erase,ring,delete all files from your phone....even if your phone is lost";""
"42079";"375";"Lumia 510";"";"2014-12-11 22:04";"";"I'VE always been a big fan for Nokia phones but da lumia model is too complicated,its more of acomputer than a phone.why can't I use the data cable only to get music from my Pc,but I need this special software,why.and the Bluetooth is also not just used,there are some special ways of using it.this phone just chows your recharge voucher without you using it.a very bad move Nokia,dissapointed.";""
"42080";"375";"Lumia 510";"";"2014-12-10 03:41";"auzii";"Its sensor is damaged";""
"42081";"375";"Lumia 510";"";"2014-12-03 19:34";"Dillon";"please download zune software and synchronize your files";""
"42082";"375";"Lumia 510";"";"2014-12-02 04:38";"abhishek";"can u please tell tell what i hv to do so that if i even lost my phn i can call rase and all ";""
"42083";"375";"Lumia 510";"";"2014-12-01 23:49";"";"I never posted a posted about phone performance on the net but as for Nokia lumia 510 I should say something. In fact this phone is sooooo bad that I don't know where to start. A great waste of money. I will not even advise my worst enemy to buy this nonsense phone";""
"42084";"375";"Lumia 510";"";"2014-11-28 11:29";"spark spark";"did the marketers of nokia survey the market to know the taste of consumers before alerting the technical producers to undertake such a task in producing such goods into the market for partronage? i think even nokia 1100 is of good value as compared to this 2012 version of nokia phone, in a 21st cent. of the world to produce such goods.";""
"42085";"375";"Lumia 510";"";"2014-11-27 15:47";"sathih";"nokia lumia 510 totally waste";""
"42086";"375";"Lumia 510";"";"2014-11-27 06:31";"xarah";" i have nokia lumia 510 my brother try to connect it with a speaker but the connector did'nt fit to my phone then it automatically shut down ... then when i open it and notice that it was low bat i charge it but the charger did'nt work ... it shut down again and once again when i try to open it the menu sign and the search sign is the only thing that ligth up.. what"s the problem with my phone ???";""
"42087";"375";"Lumia 510";"";"2014-11-22 17:05";"Sam";"Lumia 510 weak points i think are. 1:no sd card. 2:un shareable bluetooth app 3: zune software errors. 4:too difficult to share any thing. 5:low ram memory 6:un defined internall free space. 7:low quality browser. 8:no flesh light. 9:limitted built in apps. 10:approx 2 hours talk time. Over all i assume i rate that device  4.5 out of 10: im not jocking, check ur self n decide.";""
"42088";"375";"Lumia 510";"";"2014-11-17 12:02";"rj";"i have nokia Lumia 510 .. i received mp4 type video via bluetooth but it cant be played . :-( :-( .. pls help me how to play those videos :-( ";""
"42089";"375";"Lumia 510";"";"2014-11-13 18:18";"solu";"a very nice phone update to windows 7.10 and its the same as a windows 8 except for kids corner feature ..and also its the windows sensor that turns phone screen blank so as its a touchscreen your face might touch something which you probably dont want to turn on...so its a great preventive function";""
"42090";"375";"Lumia 510";"";"2014-11-12 14:13";"salaam";"use zune software u can do anything";""
"42091";"375";"Lumia 510";"";"2014-11-11 23:47";"alis";"Am used befor 10 days evrything very good but one problem am fault dashed it no down loading whatsaap video any other Visio etc why and answer me plzz what's the solution plzzzz very seriously ";""
"42092";"375";"Lumia 510";"";"2014-11-11 15:42";"Yash";"Bcz prblm in ur network.. Use airtel n voda ";""
"42093";"375";"Lumia 510";"";"2014-11-09 14:51";"Mukesh kumar yadav";"Sir I have Nokia lumia 510 my phone is not conected with computer and ican't transfer music video and picture please help me";""
"42094";"375";"Lumia 510";"";"2014-11-08 06:46";"savan";"Dear sir I have nokia lumia 510 Thats one problem one time charge phone and after some time phone is hitting and in some time battery is low please help me";""
"42095";"375";"Lumia 510";"";"2014-11-04 08:28";"sadam";"i am using this phone for 1 year.....the touch pad is awesome than samsung,camera clarity is exellent..the problem i faced is...cant instal some games & cant acces to xbox....windows is nice...even u loss u mobil...u can ring,erase,lock mobile in windows.com no other mobile have this features other than windows phone...overall excellent.....";""
"42096";"375";"Lumia 510";"";"2014-11-03 20:40";"andy";"U re dick.";""
"42097";"375";"Lumia 510";"";"2014-10-31 02:06";"booo";"they are good and bad ";""
"42098";"375";"Lumia 510";"";"2014-10-29 05:36";"";"My phone's display gets off when calling a person.how can I correct this?";""
"42099";"375";"Lumia 510";"";"2014-10-27 09:59";"";"i have forget my password can you help me please ";""
"42100";"375";"Lumia 510";"";"2014-10-27 09:40";"MED EL MOKHTAR";"I forget my passe word can you help me please";""
"42101";"375";"Lumia 510";"";"2014-10-22 14:16";"lumia510";"this phone is suck.everytime you download an apps.or games it is always pending,not because of poor connection of internet.i just don't know why? when you download games or apps.then it stop or pend your phone storage will be consumed even if you are not yet done downloading it... then a notice will appear! low storage.. wtheck. i regret buying this phone :(";""
"42102";"375";"Lumia 510";"";"2014-10-20 15:37";"lesego";"Lumia 510 is the best phone to have";""
"42103";"375";"Lumia 510";"";"2014-10-17 15:54";"Lumia user";"Best phone i've ever used...";""
"42104";"375";"Lumia 510";"";"2014-10-17 15:49";"Anonymous";"Best phone i've ever used...";""
"42105";"375";"Lumia 510";"";"2014-10-16 15:24";"Lu mia";"Ad ";""
"42106";"375";"Lumia 510";"";"2014-10-12 11:54";"Anonymous";"Just fill it with games and it will hang, lagg. bad device";""
"42107";"375";"Lumia 510";"";"2014-10-12 05:34";"RONO";"best phone ever....";""
"42108";"375";"Lumia 510";"";"2014-10-09 18:34";"nic";"you are correct dear.. 1.Nokia 2.htc 3.Samsung 4.Apple";""
"42109";"375";"Lumia 510";"";"2014-10-09 18:31";"nic";"Nokia is good phone. 1.Nokia 2.htc 3.Samsung 4.Apple";""
"42110";"375";"Lumia 510";"";"2014-10-08 17:36";"shumail";"First you download a Zune software to your laptop and upgrade a device to windows 7.8 then download a Bluetooth share apps it works.";""
"42111";"375";"Lumia 510";"";"2014-10-08 09:09";"bizKut3";"worst mobile device ever i cannot access my downloads on the pc, music player is crap and all these devices are over rated...they all deserve to be recalled";""
"42112";"375";"Lumia 510";"";"2014-10-08 05:05";"jade";"nokia lumia 510 has bluuetooth icon but its useless it doesnt work it,,";""
"42113";"375";"Lumia 510";"";"2014-10-07 03:34";"imu";"Any 1 tell this handset r supported a candy crush saga game ";""
"42114";"375";"Lumia 510";"";"2014-10-06 03:43";"karthik";"Iam using lumia 510 since 1year its good mobile comparing to android its not hang or lagg..display clarity is awesome i haven,t seen this type of display in other brands.battery backup is good.but its one of the problem internal memory is low";""
"42115";"375";"Lumia 510";"";"2014-10-05 12:15";"caro";"please dont buy nokia lumia 510 doesnt use its blutooth ";""
"42116";"375";"Lumia 510";"";"2014-10-04 18:25";"Biki Narzary ";"Please don't buy lumia series android is best the world. Windows company please stop ";""
"42117";"375";"Lumia 510";"";"2014-10-01 21:31";"sridhar reddy";"I am using this 510 mobile since 1 year. There are lot of problems in this mobile no display of call duration connectivity of blue tooth some times ring sound will go to o mode please don't buy.";""
"42118";"375";"Lumia 510";"";"2014-10-01 13:55";"Irshad";"Dont buy Nokia Lumia series. I have Nokia Lumia 720 and find its handling is worst. While holding it for any task, whether calling or browsing apps, the power, camera and volume buttons get pressed. You have to hold the phone very carefully to avoid pressing these buttons. Very frustrating. In call history, call duration is not shown. Also, if you make call to same number n times(as we do often), n number of entries are shown incall history (which should be shown in Call log, as was done in nokia N series). You can not have a wall paper, only bland square blocks of menu items on screen - so boring. It is a very frustrating phone, do not buy it.";""
"42119";"375";"Lumia 510";"";"2014-10-01 13:52";"Irshad";"Dont buy Nokia Lumia series. I have Nokia Lumia and find its handling is worst. While holding it for any task, whether calling or browsing apps, the power/ camera/volume buttons get pressed. You have to hold the phone very carefully to avoid pressing these buttons. Very frustrating. In call history, call duration is not shown. Also, if you make call to same number n times(as we do often), n number of entries are shown incall history (which should be shown in Call log, as was done in nokia N series). You can not have a wall paper, only bland square blocks of menu items on screen - so boring. It is a very frustrating phone, do not buy it.";""
"42120";"375";"Lumia 510";"";"2014-09-24 16:18";"arun";"ringtones can be set from the albums.go to ringtone maker and select the song that you need and it will be saved in customs. now you can go to settings and set the ringtone";""
"42121";"375";"Lumia 510";"";"2014-09-24 16:11";"sujith";"nice phone is this.but 520 is better. ";""
"42122";"375";"Lumia 510";"";"2014-09-24 09:15";"RR";"Download Bluetooth Share app then will connect";""
"42123";"375";"Lumia 510";"";"2014-09-21 17:43";"Anonymous";"tell me how to use blutooth ";""
"42124";"375";"Lumia 510";"";"2014-09-21 09:28";"MAKy";"First of all its garbage fone, dont buy, go for another andro. Second microsoft is forcrfully promoting nokia as windows fone. Worst xprnc i had wid dis fone ever. It can only b used as stone to break ur enemy's head.";""
"42125";"375";"Lumia 510";"";"2014-09-20 13:29";"nic";"Nokia is best phone ever";""
"42126";"375";"Lumia 510";"";"2014-09-19 17:20";"Mahee";"am the first customer of the lumia 510 in my town, which has gorilla screen. i have somuch nice experience in this i love it very much but please dont buy,";""
"42127";"375";"Lumia 510";"";"2014-09-19 12:01";"Anonymous";"Nokia 510";""
"42128";"375";"Lumia 510";"";"2014-09-16 03:01";"Sha";"Can anybody tell me how to copy video recorded..??";""
"42129";"375";"Lumia 510";"";"2014-09-15 09:52";"Rambo";"Don't buy this..Try lumia 520";""
"42130";"375";"Lumia 510";"";"2014-09-13 18:54";"Mohseen";"plz don't buy it.I already buy it no secondary camera,bluetooth problem,no Card slot,no updates of windows of phone and other small-small problem it create u to big problem so plz don't buy..........";""
"42131";"375";"Lumia 510";"";"2014-09-12 20:27";"bbb";"I like Nokia ";""
"42132";"375";"Lumia 510";"";"2014-09-09 19:13";"gulbaz";"is it has front camera nd is it android set";""
"42133";"375";"Lumia 510";"";"2014-09-09 07:39";"divya";"  Excellent Post..and its very effective and useful.. Ecommerce Web Design Company";""
"42134";"375";"Lumia 510";"";"2014-09-08 08:44";"julie";"this is the worst phone to buy it doesn't have specifications to choose music as your rington from the albums. also its power is weak,lot of complications poor manufacturer.";""
"42135";"375";"Lumia 510";"";"2014-09-07 17:19";"Anonymous";"it was one of the worst phone my request was dont buy this nokia series for you buy normal basic phone that was better to this that will have music option but in tis nothing but they gave super instruction to get confuse  ";""
"42136";"375";"Lumia 510";"";"2014-09-04 22:23";"Adarsh singh";"The biggest mistake of my life of taking these phone first of all it is very slow phone sometimes it hanges .no updates is there network hadly come in these phone the 100 battery works only for 3 to 4 hrs hardly....";""
"42137";"375";"Lumia 510";"";"2014-09-04 13:06";"pari";"Turn on or Off option for auto rotation for Nokia Lumia 510...please help";""
"42138";"375";"Lumia 510";"";"2014-09-01 11:50";"Anonymous";"cannot block a call, there is no option to block a call.   Cannot update software to the latest version.  Recently, my mobile just switches of and on. Bought the mobile only 2yrs back. I would not recommend this.";""
"42139";"375";"Lumia 510";"";"2014-08-30 13:24";"sid";"can this upgrade to windows8???? ";""
"42140";"375";"Lumia 510";"";"2014-08-28 16:42";"";"Because of this mobile mobile I don't trust on Nokia any more. Vary bad battery performance, explorer doesn't work.Little memory, oh my god! No idea how to download mobile. I am regretting after having this for 10000rs. Don't buy this please!";""
"42141";"375";"Lumia 510";"";"2014-08-24 08:47";"vijay";"Can you tell me how do you download songs and videos.";""
"42142";"375";"Lumia 510";"";"2014-08-23 17:12";"sahal";"It had no SD slot internet is very slow if we download any app the phone will stuck and hang .less Internal space cannot check account balance ussd code is not support Nokia 5200 is better than this mobile a worst mobile third class mobile in first class price";""
"42143";"375";"Lumia 510";"";"2014-08-23 09:37";"ravi";"It is very good to use. I am using this nokia lumia 510 very good but only need of front camera otherwise its good.";""
"42144";"375";"Lumia 510";"";"2014-08-15 19:23";"Anonymous";"Lumia is very best but my lumia c'nt download any thing on googl Xbox live";""
"42145";"375";"Lumia 510";"";"2014-08-13 19:22";"sumit Roy";"I use Nokia Lumia 510,i love it ";""
"42146";"375";"Lumia 510";"";"2014-08-13 10:10";"Anonymous";"this phone is so cheap what else do you expect from it";""
"42147";"375";"Lumia 510";"";"2014-08-11 06:09";"mohammad Daud";"can i get the online software of the nokia lumia 510 and how i can get";""
"42148";"375";"Lumia 510";"";"2014-08-11 04:38";"Lol";"True my friend";""
"42149";"375";"Lumia 510";"";"2014-08-09 13:54";"";"go to ur ph. marketplace. there are 100's of apps to download. free, and to pay";""
"42150";"375";"Lumia 510";"";"2014-08-09 13:36";"gus";"what I found extremely frustrating about this phone, is that the touch buttons?? at bottom of phone should have been placed somewhere else.They are easily touched,and change the screen or app. Very annoying. ";""
"42151";"375";"Lumia 510";"";"2014-08-07 20:10";"duke";"is not userfriendly";""
"42152";"375";"Lumia 510";"";"2014-08-06 13:37";"Raj";"Third class phone no memory card";""
"42153";"375";"Lumia 510";"";"2014-08-05 09:07";"s";"hot ";""
"42154";"375";"Lumia 510";"";"2014-08-03 11:32";"hyuni";"Don't ever buy lumia series.....one of the worse nokia. you cant doawnload video or upload directly and you cant even play facebook game. so many complicated. if you buy nokia lumia you'll regret later.";""
"42155";"375";"Lumia 510";"";"2014-08-01 19:59";"ajit";"only phone in the world which do not give 'call summary' after the end of a call. Great !";""
"42156";"375";"Lumia 510";"";"2014-07-28 19:39";"Sri";"This is such a worst phone for the people who use internet a lot...this is very slow internet..some times i see a disaster with this device.. it hangs when we try to open any website or open any video from watsup..pls dont buy this at all...";""
"42157";"375";"Lumia 510";"";"2014-07-27 09:36";"sam";"whatever i dwnld frm uc browser is not transfer with bluetooh and dosent store in main folder.plz help? ";""
"42158";"375";"Lumia 510";"";"2014-07-24 12:33";"AJAY";"make account on microsoft live first and connect.";""
"42159";"375";"Lumia 510";"";"2014-07-23 11:47";"Riki";"to connect your phone to pc, you need to download ZUNE software from net and install it into your pc and connect your phone to pc through cable . And open the software take stuff as you want ok dear........";""
"42160";"375";"Lumia 510";"";"2014-07-22 19:28";"ravinay";"good ";""
"42161";"375";"Lumia 510";"";"2014-07-17 15:04";"dbongz";"how to connect to pc";""
"42162";"375";"Lumia 510";"";"2014-07-17 14:26";"Sudhish";"Mobile is good but internet is Very slow";""
"42163";"375";"Lumia 510";"";"2014-07-17 07:37";"arjun";"mobile is good,but internet is very slow...   ";""
"42164";"375";"Lumia 510";"";"2014-07-16 16:25";"Anonymous";"install Zune software";""
"42165";"375";"Lumia 510";"";"2014-07-16 13:21";"Anonymous";"Internet is too slow. dont buy this phone";""
"42166";"375";"Lumia 510";"";"2014-07-15 15:34";"temper";"it does lag. a lot. ";""
"42167";"375";"Lumia 510";"";"2014-07-10 11:36";"ali";"hi can anyone please tell me that how is the speed of this phone? does is lag? how is the internet speed? is the UI smooth? how is the camera result?  ";""
"42168";"375";"Lumia 510";"";"2014-07-09 06:00";"syed ali";"Small letters, doesn't support installations, great tension to users, minimised sound value with worst speaker, no clarity in picture. Nokia must not introduce this type when heavy competition is there. ";""
"42169";"375";"Lumia 510";"";"2014-07-07 12:13";"surya";"how to connect pc";""
"42170";"375";"Lumia 510";"";"2014-07-06 18:03";"laxman";"Not support Hindi ";""
"42171";"375";"Lumia 510";"";"2014-07-06 10:07";"";"why did not show HINDI post on facebook,whatsapp,email etc.";""
"42172";"375";"Lumia 510";"";"2014-07-06 10:03";"Anonymous";"why did not show hindi post in facebook,whatsapp,email etc";""
"42173";"375";"Lumia 510";"";"2014-07-05 12:50";"arjun";"how use blutooth in this phone please tell me?";""
"42174";"375";"Lumia 510";"";"2014-07-05 09:01";"ms";"why it did not show hindi on whatsapp";""
"42175";"375";"Lumia 510";"";"2014-07-02 22:22";"jico";"the bad idea of nokia's CEO I've seen ever in my life.it has critical problems from birth as uc downloads cann't be transfer to pc or any type device or cann't send to any Bluetooth device.that means you cann't store your valuable documents or music or videos or collections.............. ";""
"42176";"375";"Lumia 510";"";"2014-07-02 13:18";"singh";"My Nokia lumia 510 not downloading googles any videos ";""
"42177";"375";"Lumia 510";"";"2014-07-01 13:49";"Anonymous";"upgread ur phn to 7.8 then download bluetooth from store";""
"42178";"375";"Lumia 510";"";"2014-06-28 14:08";"flex";"do we call this a cell phone, to be sold to customers, this is not what consumers expect from their clients, this is a bad consumer surveyance,";""
"42179";"375";"Lumia 510";"";"2014-06-27 12:48";"Anonymous";"verry slow phone ";""
"42180";"375";"Lumia 510";"";"2014-06-26 11:57";"harry";"most boring phone.....do not buy if any body sells it free....";""
"42181";"375";"Lumia 510";"";"2014-06-25 15:40";"Shame";"One of the boring cellphones. Expensive for nothing. I prefer my XTC. I regret buying lumia.  ";""
"42182";"375";"Lumia 510";"";"2014-06-23 09:36";"Anonymous";"how to increase the phone memory ";""
"42183";"375";"Lumia 510";"";"2014-06-20 18:49";"kyk n los";"does this phone has voice recorder,,,,it is a nice phone but i dont like it when i want to use wattsasp it is only working when mobile datas is on and charging credit";""
"42184";"375";"Lumia 510";"";"2014-06-20 18:08";"prince";"Its the worst phone I'd ever seen. What this Nokia company think of its customers. Its just fooling people. I think my old Nokia 5310 had more user friendly options than lumia 510. one thing I,ve decided. I LL never go for Nokia phones ever in my life. ";""
"42185";"375";"Lumia 510";"";"2014-06-20 08:38";"Aantito ";"Mine just went blank you cant do anything with though it was a good phone";""
"42186";"375";"Lumia 510";"";"2014-06-19 12:50";"vipin";"My phone not support any thing download from google what I do";""
"42187";"375";"Lumia 510";"";"2014-06-17 17:35";"sitt";"bluetooth problem, no facebook messenger.....not much internal space.....really a pathetic phone!";""
"42188";"375";"Lumia 510";"";"2014-06-16 23:19";"Krish";"it is a good looking ph, Battery back up is super, Camera quality is good, i am using it for 2 years, nokia is the best";""
"42189";"375";"Lumia 510";"";"2014-06-16 08:58";"naveen";"it is an failure model.we cant download frm intrnt exol but u can downld a video frm uc browser.but capacity of a lumia 510 is oly 4gb we cant insert a memory crd only intel memory thr wasete of phneeeeeeeeeeeeeeeeeeeeeeeeeeeeeeeeeeeeeeeeeeeee­eeeeeeeeeeeeeeeeeeeeeeeeeeeeeeeeeeeeeeeeeeeeeeee­eeeeeeeeeeeeeeeeeeeeeeeeeeeeeeeee i hate ittttttttttttttttttttttttttttttttttttttttt try to change a mobile yarrrrr...!!!!!!!!!!!!! ";""
"42190";"375";"Lumia 510";"";"2014-06-16 06:11";"honey";"It is good nd also a gud luking phone but i am nt able to download games music or any thing.  ";""
"42191";"375";"Lumia 510";"";"2014-06-15 09:25";"Sissy ram";"Worst phone ever!! Windows phone we cant connect with pc or android phone via bluetooth or cable 4gb inbuilt memory but the phone occupies 2 gb";""
"42192";"375";"Lumia 510";"";"2014-06-08 21:25";"sandip";"Yaar plz tell me how to download video ,mp3 etc ...... I cant download it from internet explorar .... & many times i have tried in uc browser also it use to download but i does not find it in my phone memory.....";""
"42193";"375";"Lumia 510";"";"2014-06-08 12:55";"uvz ";"Hahaha";""
"42194";"375";"Lumia 510";"";"2014-06-06 11:34";"prasahd";"are subway surf and temple run can play on this phone ?";""
"42195";"375";"Lumia 510";"";"2014-06-05 17:55";"shonnah";"its a very difficult phone...stressful....poor connection to whatsapp and all others applications. I am selling mine.";""
"42196";"375";"Lumia 510";"";"2014-06-05 17:08";"sadiiia";"hey .. i need a help please can u tell me where in nokia lumia is voice recorder? plz";""
"42197";"375";"Lumia 510";"";"2014-06-05 12:22";"nonu";"everything is Good but internal space very bad.....:-((( ";""
"42198";"375";"Lumia 510";"";"2014-06-04 13:20";"Bks";"The camera is good. Pictures taken by it are good and clear. What's app was downloaded without any trouble.though there is no memory slot for expanding memory but 4gb space and 7gb on sky cloud is enough for a mobile. On the whole the mobile is fine to work with.";""
"42199";"375";"Lumia 510";"";"2014-05-30 07:15";"shiji";"I can't download whatsapp ";""
"42200";"375";"Lumia 510";"";"2014-05-29 16:36";"anu";"Its d worst phone ever!!! . I truely hate it.. Plz dont buy it. Opt for buying samsung or htc phone.. This phone has very low memory.. Whatsapp takes a lot of tym to load..plz dont waste money buying it infact dont buy windows phone .. Buy andriod cuz u dont get many applications in windows!";""
"42201";"375";"Lumia 510";"";"2014-05-28 13:26";"babai";"its such a discuishting phone so evry1 dnt purchase the lumia dats it........";""
"42202";"375";"Lumia 510";"";"2014-05-28 10:44";"Slen";"How to download whatss app in it plzzz plzz let me know";""
"42203";"375";"Lumia 510";"";"2014-05-27 15:56";"Posh";"Its difficult to load whatsap I try ten times ";""
"42204";"375";"Lumia 510";"";"2014-05-22 11:52";"Riddz";"Gosh! This phone has made me speak unimaginably horrible words.....I cannot imagine how a bunch of guys, in this day and age would would design such a phone and let it out on the market!";""
"42205";"375";"Lumia 510";"";"2014-05-21 15:57";"shalesh";"It is not a good phone. For the first 2 months the phone was ok. Then the problems began. Firstly, there is extremely low space. There is no SD card slot. Secondly it becomes very slow. Sending one whatsapp message takes five minutes. Thirdly the pho... ";""
"42206";"375";"Lumia 510";"";"2014-05-20 07:05";"mantu";"it's very bad mobile. Foolish mobile in high rate. Not support external memory card. Very low disk space than other smartphone. Don't buy it. Not support Hindi language.";""
"42207";"375";"Lumia 510";"";"2014-05-16 21:22";"Pankaj";"Bluetooth proglem";""
"42208";"375";"Lumia 510";"";"2014-05-14 08:24";"Anonymous";"It is not a good phone. For the first 2 months the phone was ok. Then the problems began. Firstly, there is extremely low space. There is no SD card slot. Secondly it becomes very slow. Sending one whatsapp message takes five minutes. Thirdly the phone hangs quite often. There are so many better phones for this price. I wish I had bought a samsung s duos instead of this.";""
"42209";"375";"Lumia 510";"";"2014-05-10 17:37";"fedupwithnokia510";"Both myself and my daughter have this phone - very unreliable - the phone freezes in bad weather and we have the take the back off the phone in order for it to work! Freezes halfway through text and text type so small I'm unable to read (even with my glasses)! Can't wait for my contract to end!!!! ";""
"42210";"375";"Lumia 510";"";"2014-05-10 09:40";"Mohit";"Worst phone Nokia should close his company if they are making phone like this NOKIA LUMIA 510.They are just making fool of consumer who are using this dam hell phone and they are doing just like Chinese phone company dose "to making people fool".they just good for nothing.";""
"42211";"375";"Lumia 510";"";"2014-05-07 12:43";"rakesh";"I gifted this phone to my lover.. and now i am alone";""
"42212";"375";"Lumia 510";"";"2014-05-06 09:35";"kasturi ";"Worst fon i have ever used....no xpandable memory..very slow fon..camera is 5mp bt for name only...jst fed up now...no one want to buy it in even 3000rs...";""
"42213";"375";"Lumia 510";"";"2014-05-05 17:31";"Anonymous";"Positives are decent battery life, good display and good feel. Negatives are extremely low RAM (have to choose between whatsapp and viber and still can't have more than one game!), becomes very slow, hangs sometimes, no SD card slot and some videos don't play on this phone. Overall, I don't like this phone much. Biggest problems are memory space and slowness. You can get much better phones compared to this. Wish I had bought a Samsung galaxy Y or Duos. ";""
"42214";"375";"Lumia 510";"";"2014-05-02 19:27";"srini";"Third class phone at high class price.... After purchasing this phone I understood why nokia is sinking ship. Simply i changed from samsung android to lumia windows. Phone features, the great windows OS, extrordinary zune software made me almost half mad..... This phone is good for nothing..... You cant access bluetooth, lack of micro sd, boring screen. Forgot to tell you one thing, to access zune software for songs and photoes updation.... one shoud join in mca or engg cs courses... My humble request to public is dont even go to shops who selling this mobile. This nokia and windows combination is utterplop.... Hope these fellows will learn lessons from motorola & google's miracle 'moto g'..... ";""
"42215";"375";"Lumia 510";"";"2014-04-29 17:30";"joginder";"useless phon...if u buy dis u will hav to repent..... :D";""
"42216";"375";"Lumia 510";"";"2014-04-27 00:44";"";"That's not possible ";""
"42217";"375";"Lumia 510";"";"2014-04-26 20:24";"";"I want to ask about bluetooth its not connecting to any phone how can i resolve this issue reply me on email id kalsoomubaid@gmail.com";""
"42218";"375";"Lumia 510";"";"2014-04-26 12:58";"prajee";"My humble request who are to willing to purchase Nokia Lumia 510 better you can purchase any other mobiles. its very slow. Tamil font will not open. cant set a Ringing tone. Memory card is not available. you should use Zune software. very low memory space. Better use Landline ";""
"42219";"375";"Lumia 510";"";"2014-04-25 19:43";"Sunkari";"Worst mobile ever seen cant snd videos nd songs in wats app chilar camera clarity nd no bluetooth cant upgrade to platform 8.1 windows.dnt buy windows go fr androide ";""
"42220";"375";"Lumia 510";"";"2014-04-25 19:33";"saidulislum";"I can't take any files by blututh from others mobile ";""
"42221";"375";"Lumia 510";"";"2014-04-19 09:55";"J";"Nokia Lumia 510 is worst,I am not able to save contacts in whatsapp and very slow. ";""
"42222";"375";"Lumia 510";"";"2014-04-19 04:28";"ritesh";"Can I upgrade my lumia 510 window7.8 to window 8.1";""
"42223";"375";"Lumia 510";"";"2014-04-18 10:31";"RIC";"I wont say this phone is good or bad but everyone who wants to buy this phone must remember that windows is not that flexible as android. You will miss a lot of basic functions. If you like entertainment and want unlimited features you should go for android, if you are in for business, internet and softwares relating to MS windows then go for this.";""
"42224";"375";"Lumia 510";"";"2014-04-16 22:44";"Anonymous";"nice phone ";""
"42225";"375";"Lumia 510";"";"2014-04-15 21:53";"";"1. you need to connect it through zune software to ur p.c .  2. if you want to update it just reset the phone totally and then connect to pc through zune software and then search for updates. 3. when you totally update your phone , just download bluetooth share from market place from ur phn , and then you can recive and send mp3 . videos, image. etc, for more details contact me 9804236207";""
"42226";"375";"Lumia 510";"";"2014-04-12 15:00";"KHAN";"NICE";""
"42227";"375";"Lumia 510";"";"2014-04-12 13:13";"debashis dash";"a bad phone this is,,,plz return this";""
"42228";"375";"Lumia 510";"";"2014-04-09 11:11";"Anonymous";"this phone is not good for download songs and vedio  ";""
"42229";"375";"Lumia 510";"";"2014-04-09 05:39";"FelGate";"Don't worry guys. Microsoft supports Snapdragon 200 CPU's which means you can Flash you phone with Windows Phone 8.1 OS. :D";""
"42230";"375";"Lumia 510";"";"2014-04-09 03:55";"bini dutta";"really man.this phone sucks.good comment   ";""
"42231";"375";"Lumia 510";"";"2014-04-07 22:18";"chinu nagpure";"thise was very slow so I cant downlaod many more games and aap and thise phone prosseser is very slow and use very slow and many software are not work rightlly like I M talke songs in audio thane it is not correctlly work this phone was not good in genration so dont this phone..........";""
"42232";"375";"Lumia 510";"";"2014-04-06 16:28";"Shivnath Ch. Ray";"This is Nokia lumia 510 windows phn.i can't understand why don't play any any other vedio song without net browsing..if I take any vedio song from other phn by blutooth then don't suported this phn..i want to how can I solve this...";""
"42233";"375";"Lumia 510";"";"2014-04-04 17:14";"nitesh singh";"very bad phone never buy this type of phone.. can't download the comm. apps even.. like fb messenger,opera mini etc.. no option for connecting pc even no idea even dam disaapointed with this phone";""
"42234";"375";"Lumia 510";"";"2014-04-02 22:06";"viki";"App is very slow..can't download video&mp3 don't buy this phone";""
"42235";"375";"Lumia 510";"";"2014-04-02 21:59";"vic";"It is ok but really very bad game&don't go for it ";""
"42236";"375";"Lumia 510";"";"2014-04-02 05:51";"mphatso";"Worst boring phone. U cant download music, at this age and time not even videos, not user friendly. Very very poor pics when captured at a low light area. Never buy this phone. ";""
"42237";"375";"Lumia 510";"";"2014-03-31 11:00";"ajit";"Only phone in the world with no call summary detail ie: balance detail, call duration etc. ";""
"42238";"375";"Lumia 510";"";"2014-03-30 08:32";"endend@live.com";"how to take screenshot/screencapture in lumia 510   please replay in whatsapp/line/kakao talk : 085602053950  or via email endend@live.com";""
"42239";"375";"Lumia 510";"";"2014-03-28 22:46";"bobo123";"it is ok but really bad for games and want to update but have no idea how and cant find any info on the internet!!!";""
"42240";"375";"Lumia 510";"";"2014-03-27 06:19";"santosh kuamrt juiao";"very wonderful and everseen nokia workld";""
"42241";"375";"Lumia 510";"";"2014-03-24 09:58";"Jeelu";"Very very worrest phone in the world please dont go for it";""
"42242";"375";"Lumia 510";"";"2014-03-21 08:36";"Anonymous";"pathetic phone... no file manager... 3rd party apps works very sad... In spite of 5MP camera, the quality of picture is very bad.";""
"42243";"375";"Lumia 510";"";"2014-03-20 10:45";"glamz";"regret purchasing this phone doesn't even connect to PC or even meet my standards...embarrassed to use this phone.";""
"42244";"375";"Lumia 510";"";"2014-03-20 05:04";"rajat";"Very worst phone can't download songs or videos if we download songs in uc browser they cannot save in music files hard to connect pc via bluetooth but camera is good.....but i thing buying this phone is waste of money";""
"42245";"375";"Lumia 510";"";"2014-03-19 13:04";"viki";"veryyyyyyyyyyyyyyy worst phone unable to connect to pc, downloading fail always show data connection error apps very slow company Fu NOKIA LUMIA 510 AN ALL OTHER LUMIA";""
"42246";"375";"Lumia 510";"";"2014-03-19 06:36";"jp";"Bluetooth is not sharing video.can't download song.limited access .";""
"42247";"375";"Lumia 510";"";"2014-03-16 15:43";"";"excellent phone excellent features.love my nokia lumia 510 very much.you must buy this phone.its lovely.it has matched the features of my dream phone.i always wanted a phone like this.nokia drive is superb.picture quality and camera is fantastic.i love the phone";""
"42248";"375";"Lumia 510";"";"2014-03-16 15:34";"shanaya singhania";"excellent phone excellent camera excellent touch love my nokia lumia 510.excellent photo display.love touching its screen.love its nokia drive.excellent phone.";""
"42249";"375";"Lumia 510";"";"2014-03-12 14:51";"vinod";"vry intersting phone";""
"42250";"375";"Lumia 510";"";"2014-03-12 04:19";"Ian";" how can i download apps on lumia 510? I can;t download so sad. It say that may account on my windows live ID is child so you do it from your computer. Please help me guys! :/";""

