"36788";"341";"Lumia Icon";"";"2014-12-22 19:52";"biplab sen";"is a best phone off nokia siriz";""
"36789";"341";"Lumia Icon";"";"2014-12-03 16:39";"Numinex";"I have had this phone for a couple of months and love it. The battery will drain quickly though when playing games or if the screen brightness is on high. The OS works great and is easy to get around. I have not had a problem with storage and I have a ton of stuff on my phone. The screen is my favorite part, it reaches to the edges and has a slight curve to it. ";""
"36790";"341";"Lumia Icon";"";"2014-11-26 19:58";"";"That's why we have OneDrive! You really don't need any more storage on the phone with OneDrive.";""
"36791";"341";"Lumia Icon";"";"2014-10-30 17:55";"ashraf";"changed my mind after watching no card slot";""
"36792";"341";"Lumia Icon";"";"2014-10-26 15:11";"B. Small Kwajaffa.";"My advice to Microsoft now that thay have taken over Nokia is that: you guys should always include a micro sd card slot in your phones. Just imagine, how can a phone like Lumia icon, Lumia 1520, Lumia 930 etc, that has 20MP + carl zeiss + OIS etc, has only 32gig of internal memory & without a memory card slot. With the above camera specification, Nokia is clearly telling it's customers to capture good moments of their lifes. But without the Sd card slot which is supporse to be nothing less than 64 to 128 GB. How many moments will one capture? Please consider hTc one (M8) windows phone specification. Also, consider the MP in the front facing camera.";""
"36793";"341";"Lumia Icon";"";"2014-10-23 17:47";"Dude49";"Great to see you are a windows phone user and enjoy your 1520. Got laugh at the hate though. I have the Icon and it looks great during live tiles and surfing the web. One inch of screen size doesn't incapacitate this phone and the brightness levels on AMOLED vs the LCD at this small size are barely (if at all) noticeable. At least to my eyes and the Verizon store employees. Also the AMOLED actually looks better in full sunlight. The 1520 and ICON (basically the 930 on other carriers) Are almost identical phones except size. You shouldn't have to hate one or the other to justify which one you have.";""
"36794";"341";"Lumia Icon";"";"2014-10-19 05:02";"Nisa";"both of them are 2420 mAh battery. the specific details u can check on battery specs. i think lumia icon is better";""
"36795";"341";"Lumia Icon";"";"2014-10-11 04:03";"";"hey how about lumia 930? Which one has better battery life? Lumia 930 or lumia icon? ";""
"36796";"341";"Lumia Icon";"";"2014-09-25 10:08";"Allan";"I saw this phone at Verizon store side to side to another 5inch windows phone Samsung ative something...  1) just like I expected, Amoled screens are not  as bright and naturally brilliant like LCD on Nokia  1520 2) Lumia icon had even darker screen than Samsung ative  3) additionally Lumia icon screen looked like it has more spacing between cover glass and LCD than Samsung ative or Lumia 1520 (so the screen didn't look very flat) 4) FINAL POINT: 5 INCHES SCREEN IS TOO SMALL TO ENJOY THE WEB and windows tile menus only look gorgeous  on 6.0inches screen of Lumia 1520 ";""
"36797";"341";"Lumia Icon";"";"2014-09-13 21:33";"Raj";"Please release such fon in Android tooooo.. ";""
"36798";"341";"Lumia Icon";"";"2014-09-05 08:04";"";"lumia icon has better battery life than bakwas s5... so dont post here nonsence comment here :p";""
"36799";"341";"Lumia Icon";"";"2014-09-04 10:44";"";"every other recent phone is better than iphone. even this phone which has the crappiest OS around cuz the specs are good. iphone on the other hand, just have a great 64bit cpu with lame clockspeed and lame specs.";""
"36800";"341";"Lumia Icon";"";"2014-08-26 23:10";"frosh";"can it work on wind mobile network.";""
"36801";"341";"Lumia Icon";"";"2014-08-19 10:48";"";"secondary camera as the name suggest is a secondary camera, basically used for video call, low setting so that not to cost too much i guess. :D";""
"36802";"341";"Lumia Icon";"";"2014-08-18 19:42";"";"This phone is better than the iPhone";""
"36803";"341";"Lumia Icon";"";"2014-08-18 19:34";"";"you can't upgrade secondary front camera on a phone that's already manufactured, Microsoft/Nokia releasing a selfie featured phone that is focused on the front camera later this year.";""
"36804";"341";"Lumia Icon";"";"2014-08-06 16:48";"YJ";"may i know, why Nokia seems like not going to upgrade the secondary camera??? ";""
"36805";"341";"Lumia Icon";"";"2014-08-01 16:13";"debrown";"is Nokia Lumia Icon globally unlocked,cos i wanna buy one at verizon and travel with it...i dont wanna pay additional money for it to up unlocked...so guys tell me,is it globally unlocked ?";""
"36806";"341";"Lumia Icon";"";"2014-08-01 09:07";"Joe";"Maybe "you" don't need an SD Card. Service is not available everywhere one travels around the country. That means the Cloud is not available everywhere. Some of us store files on our phones that we refer to in remote areas. Much of my work is in remote areas and I refer to engineering files routinely. An SD card allows one to carry all of this data and use it without having to carry a tablet or laptop. Lack of an SD card and a file manager makes a smart phone a toy and not a tool. Not too "smart" after all.";""
"36807";"341";"Lumia Icon";"";"2014-07-27 07:38";"alexay";"Screen is crap, very bad experience my phone and my friends easy got scratch and even mine was worse, the corner broke (It fell down from my hand not while I was standing up )";""
"36808";"341";"Lumia Icon";"";"2014-07-25 18:08";"";"this is globally unlocked";""
"36809";"341";"Lumia Icon";"";"2014-07-25 06:40";"";"So this is the International version I assume that will do 1700 and 2100 both in HSPA and LTE ?? As in T Mobile ?";""
"36810";"341";"Lumia Icon";"";"2014-07-19 12:49";"Natiq";"From where u bought this cell. From which country u r ....";""
"36811";"341";"Lumia Icon";"";"2014-07-12 15:08";"lea";"avesome cell till know .... nokia just bring d bst to its cstmr... wid a whole new creative experence.... i jst lv it....";""
"36812";"341";"Lumia Icon";"";"2014-07-11 05:16";"";"I bought this phone to try it in my Country and it works perfectly fine there is no problem what so ever now I am good for 3yrs";""
"36813";"341";"Lumia Icon";"";"2014-07-08 10:49";"idiotbonbon";"i actually endorsing my self nokia phones because of its unique and undeniable features. nokia has a huge different features compare to other phones because of its os. unlike others. anywhere and everywhere you can see android phones which you can also find in various kind of cheap phones. android and iphones os is just alike and very common. nokia has incredibly got an edge to other phones. and still i would choose and endorse nokia to my friends and acquaintances. ";""
"36814";"341";"Lumia Icon";"";"2014-06-27 16:48";"den111";"For me lumia is the best...";""
"36815";"341";"Lumia Icon";"";"2014-06-23 22:09";"Zec";"I dont think u can go bad with this phone and nokia is very user frendly so, its up to u :) sry for bad english";""
"36816";"341";"Lumia Icon";"";"2014-06-17 09:40";"";"What would you consider better? The Lumia or the iPhone 5s?   I currently have an iphone and I am due for upgrade soon, so I am looking at a Lumia cause of the 20 Mega Pixel camera however iphone is so user friendly so I am unsure of what to do.";""
"36817";"341";"Lumia Icon";"";"2014-06-12 21:56";"Anonymous";"No friend, due to GSM /CDMA band issues, and also it's a special version for Verizon operator in USA  But , nokia 1520 has very similar specifications and is available in egypt for about 5000 LE  also a nearly identical lumia phone lumia 930 will be released soon , and will be available in egypt";""
"36818";"341";"Lumia Icon";"";"2014-06-12 17:58";"";"In response to B who says: still can't use ones own song as ringtone; first do jut a little research in google, then you'll see you were wrong. Because if Lumia 925 can do it how is it possible that 929 can not, see the following link; ";""
"36819";"341";"Lumia Icon";"";"2014-06-05 05:18";"";"if i buy it unlocked how fast is the 3G compare to 4G speed is it a big defference ";""
"36820";"341";"Lumia Icon";"";"2014-06-04 10:32";"handson";"custom music folders created on PC and copied on windows phone 8.1 is not supporting,(not showing in same folder) it again creates its own multiple folders. (was working fine on my E72 and android)";""
"36821";"341";"Lumia Icon";"";"2014-06-02 22:53";"Anonymous";"please is this phone Released in egypt ? ";""
"36822";"341";"Lumia Icon";"";"2014-06-02 17:46";"";"Hangouts is supported on this device i have three family members who run it on this device, along with various close friends who also have it. So, please get your facts straight before saying things like this one phone specifications. ";""
"36823";"341";"Lumia Icon";"";"2014-06-02 17:44";"";"Honestly, one you don't need a dual sim in all devices because it actually puts more strain in the phone whether people realize it, or not. Two whatsapp is an extra feature that's also not needed, and to say not to get the phone because its not there is just completely stupid because the phone is just as good without it. The nokia lumia line of phones are perfect for those who are looking for the next generation innovation in phones. Also you do not need a micro sd slot because everything can be accessible through the cloud storage, and all the apps cannot be ported to an sd card anyway so basically do not post about this phone unless you know all the facts, or have true long term hands on experience. ";""
"36824";"341";"Lumia Icon";"";"2014-06-01 03:26";"";"WhatsApp is back fully functional with added features.";""
"36825";"341";"Lumia Icon";"";"2014-05-29 13:13";"exp";"hangout not supporting and whatsapp also suspended dont know till when, risk to buy windows phones";""
"36826";"341";"Lumia Icon";"";"2014-05-26 18:29";"";"hi guys,this phone is better than GS5 in camera,body quality,design,low usage of ram,very very better and smoothness OS,better touch and.... in android I suggest htc and nothing,and for sure this monster is better than GS5. I have to reffering GS5 lovers to compare S5 vs HTC one M8,where M8 squashes GS5 with lower cpu and ram. as all of you know htc has quad 2.3 cpu vs quad 2.5 in GS5 and M8 has 2g ddr2 ram vs 2g ddr3 in GS5. but in speed test in youtube and some sites M8 runs all apps and games faster than GS5.(except facebook only) please don't say GS5 again.in android just htc and nothing more. thanks nokia and Microsoft for lumia series.";""
"36827";"341";"Lumia Icon";"";"2014-05-26 17:38";"nikki";"where is the difference between lumia 1520 and Icon? only difference is the screen(size,ppi,gorilla 3)..";""
"36828";"341";"Lumia Icon";"";"2014-05-26 01:52";"";"Download and use ringtone maker from your store official app from Nokia you will love it";""
"36829";"341";"Lumia Icon";"";"2014-05-25 23:40";"Robot286";"The GS5 has way better battery life than the Lumia icon. Compare 40h endurance rating to 72h endurance rating. The GS5 looks like an absolute POS, but the Lumia Icon is made of that crappy, brittle polycarbonate, and is made like a box. There's no expandable storage, anyway. Pathetic, the lumia icon is no competition to the s5, which is a piece of crap and is pathetic itself";""
"36830";"341";"Lumia Icon";"";"2014-05-25 20:19";"B";"Still cannot use one's own song as ringtone. Come on, Nokia... This is the most basic thing.. However, still loves it.. ";""
"36831";"341";"Lumia Icon";"";"2014-05-24 18:31";"nok";"Front camera shloud be of minimum 4MP. INFRARED should also be added... ";""
"36832";"341";"Lumia Icon";"";"2014-05-24 07:21";"Robot286";"In reply to Anonymous Shw5> Just shut up while you can. Honestly, I am not a fan of "crapsung", but it totally destroys this POS. Compare 40 hour endurance rating to 72 hour endurance rating and then tell me what you see.";""
"36833";"341";"Lumia Icon";"";"2014-05-22 22:39";"Anonymous";"It is better than s5.Better os,better battery life less ram usage";""
"36834";"341";"Lumia Icon";"";"2014-05-22 14:52";"cliff";"WHERE I SEE THIS PHONE IN NIGERIA TO BUY,i really love the phone,clitud@yahoo.com.am expecting to hearing from you thanks.  Onime Clifford";""
"36835";"341";"Lumia Icon";"";"2014-05-21 22:54";"ms";"what is different between lumia 930 & lumia Icon except newer OS? almost all config are same.why lumia 930 is more expensive about 100 euro? ";""
"36836";"341";"Lumia Icon";"";"2014-05-20 13:03";"shaheen ahmed ansari";"really loved this mobile ,,,,,hats offffff";""
"36837";"341";"Lumia Icon";"";"2014-05-20 13:02";"Pintookle";"best mobile in world";""
"36838";"341";"Lumia Icon";"";"2014-05-20 13:01";"PINTOOKLE";"best mobilein the world ever.luv it";""
"36839";"341";"Lumia Icon";"";"2014-05-16 21:44";"ThisizMau";"And ofcourse this: 1.Display.- 4.7 Inch - IGZO - CCGG 3 2.Memory.- 2 GB RAM 3.Chipset.- Tegra 4 ";""
"36840";"341";"Lumia Icon";"";"2014-05-16 21:39";"ThisizMau";"This handset can be better if you upgrade the Bluetooth to v4.0 with A2DP, EDR, LE and the 4G all versions. Then you beat anyone";""
"36841";"341";"Lumia Icon";"";"2014-05-03 21:51";"Anonymous";"This model was still acceptable if instead of AMOLED contained IGZO, believe that the combination will be perfect with IGZO + ClearBlack Display (CBD";""
"36842";"341";"Lumia Icon";"";"2014-05-03 19:24";"Anonymous";"This model was still acceptable if instead of AMOLED contained IGZO, believe that the combination will be perfect with IGZO + ClearBlack Display (CBD";""
"36843";"341";"Lumia Icon";"";"2014-05-02 12:18";"hinacyion";"No i guesd it is not that much better, is not even better than th S5 go for YouTube and watch S5 vs Nokia icon.";""
"36844";"341";"Lumia Icon";"";"2014-05-01 12:48";"Hansing";"Much better than Galaxy S5 go for it ";""
"36845";"341";"Lumia Icon";"";"2014-04-29 04:31";"lgva";"yes all windows phones 8.0 cellphones supports";""
"36846";"341";"Lumia Icon";"";"2014-04-28 16:32";"";"Will it supports windows 8.1 update ??";""
"36847";"341";"Lumia Icon";"";"2014-04-28 16:12";"HG";"will it supports update to windows phone 8.1 or not ??";""
"36848";"341";"Lumia Icon";"";"2014-04-26 22:08";"Anonymous";"Lumia Icon vs Galaxy S5 ";""
"36849";"341";"Lumia Icon";"";"2014-04-25 19:38";"dns";"Is this phone has notification LED indicator ?";""
"36850";"341";"Lumia Icon";"";"2014-04-23 11:00";"RaHuL SoNaWaNe";"Its Just Golden Egg For Windows Users ....! It would be the foolness to compair any phone with ICON....";""
"36851";"341";"Lumia Icon";"";"2014-04-23 00:45";"Anonymous";"Lies.No phone can compare with Nokia!!";""
"36852";"341";"Lumia Icon";"";"2014-04-22 07:58";"Anonymous";"Tegra 4 on WP8? you kidding me. It will so many force closes to WP8. WP8 doesn't need hardware fragmentation of Android";""
"36853";"341";"Lumia Icon";"";"2014-04-22 07:57";"Anonymous";"Look at Lumia 1520. Best in the world in battery life.";""
"36854";"341";"Lumia Icon";"";"2014-04-18 05:22";"Robot286";"Look at lame Nokia trying to out a high end phone. They fail every time! The endurance rating: 40 hours. Pathetic.";""
"36855";"341";"Lumia Icon";"";"2014-04-17 08:05";"Javed Riyawala";"Battery 3000mah & mamory card slot problem ";""
"36856";"341";"Lumia Icon";"";"2014-04-10 02:10";"Sujay U N";"Everything is awesome but major draw back is no memory card slot. Memory expandable upto 128 GB is needed. Also battery should atleast be 3000mA for high end mobiles. ";""
"36857";"341";"Lumia Icon";"";"2014-04-08 18:59";"";"I will recommend you one thing if any one want to buy Nokia mobile phone then you must buy this from this recommended outlets ....    they must have any promo on new mobile ....  and if you want to buy used mobile then must visit ...    and if you want to block your stolen mobile phone then must visit ....     and if you want to see how many active sims on your CNIC then visit ...  ";""
"36858";"341";"Lumia Icon";"";"2014-04-04 06:10";"";"I am hopping this model with dual sim...and memory card slot.....";""
"36859";"341";"Lumia Icon";"";"2014-04-02 04:16";"Anonymous";"I think nokia need to do new Nokia Lumia how contain IGZO screen and Tegra 4, to see how these things work: 1.Display.- 4.7 Inch - IGZO - CCGG 3 2.Memory.- 2 GB RAM 3.Chipset.- Tegra 4";""
"36860";"341";"Lumia Icon";"";"2014-04-01 18:47";"Anonymous";" ";""
"36861";"341";"Lumia Icon";"";"2014-03-31 16:38";"mobistarman";"Finally Nokia have made a decent smartphone, took them long enough tho.  Would buy, even with Windows 8.5/10";""
"36862";"341";"Lumia Icon";"";"2014-03-30 03:21";"otot mo";"don't buy it simple";""
"36863";"341";"Lumia Icon";"";"2014-03-27 11:06";"";"When will this phone be sold in Myanmar Market? I want this CDMA version. ";""
"36864";"341";"Lumia Icon";"";"2014-03-27 07:27";"NOKIA LUMIA ICON";"NICE......................................";""
"36865";"341";"Lumia Icon";"";"2014-03-26 21:14";"Pogi";"This is a phone, is a phone that can make and receive telephone calls. also support a wide variety of other services such as text messaging, MMS, email, Internet access, short-range wireless communications (infrared, Bluetooth), business applications, gaming and photography. Mobile phones that offer these and more general computing capabilities are referred to as smartphones.";""
"36866";"341";"Lumia Icon";"";"2014-03-26 18:20";"Babuli";"i like it ";""
"36867";"341";"Lumia Icon";"";"2014-03-25 15:10";"the right one";"nokia lumia icon features to sharp of edges and could harm people because of it ";""
"36868";"341";"Lumia Icon";"";"2014-03-25 11:54";"Anonymous";"U andriod user go to your kids conner of new sckool of boring design ";""
"36869";"341";"Lumia Icon";"";"2014-03-25 11:47";"Anonymous";"All andriod user in this conner should go to kid conner I don't visit andriod conner bcus andriod user and andriod is boring insted of comin here to bla bla bla bla ur mouth no this no that";""
"36870";"341";"Lumia Icon";"";"2014-03-25 06:40";"youtube";"No usb 3, no 3400mah battery no 41megapixel,no microsd but why.";""
"36871";"341";"Lumia Icon";"";"2014-03-25 02:22";"";"9.8mm thickness, its like a brick";""
"36872";"341";"Lumia Icon";"";"2014-03-24 21:45";"yazdi aliabad katoul";"best smart phone and my favorites mobile set! but it's expensive for me!misery.....";""
"36873";"341";"Lumia Icon";"";"2014-03-24 16:37";"RajinderS";"You are absolutely right.  Nokia has a problem giving a complete package in one phone. Perhaps they need another shock/down-sales to think-plan sanely.";""
"36874";"341";"Lumia Icon";"";"2014-03-24 15:21";"aaj";"might as well by the nokia 1520... its much cheaper now after its launch in nov'13";""
"36875";"341";"Lumia Icon";"";"2014-03-24 15:02";"ny";"can it be used in europa. ";""
"36876";"341";"Lumia Icon";"";"2014-03-24 13:13";"";"When This Phone Will be Available In Egypt ?";""
"36877";"341";"Lumia Icon";"";"2014-03-24 08:16";"";"According to review, its battery life sucks, 14 hours calls, 5 hours browsing, 7 hours videoplay. Do not buy if you're battery conscious user like me.";""
"36878";"341";"Lumia Icon";"";"2014-03-22 14:30";"SJ";"Old school design...no,i'm sorry,ancient school design,and really thick.....at least i loved 1020 for it's camera,but still not sure what to love at this phone ";""
"36879";"341";"Lumia Icon";"";"2014-03-21 17:28";"Anonymous";"thats great if Lumia 930 has a screen same as this too plus 128gb micro sd support!!!";""
"36880";"341";"Lumia Icon";"";"2014-03-21 12:39";"";"A flagship phone without sd card slot is like Audi with Maruti 800 engine. I don't know what happen to Nokia, they are launching just shits only 1.Lumia 925 = no sd card,no fm transmeter & inbuilt antenna, no USB on the go 2.Lumia 720 = 512 mb ram, no Usb on the go 3.Nokia X = FF Camera,no flash, no usb on the go,no front facing camera, outdated gpu Adreno203  just bullshit all these. ";""
"36881";"341";"Lumia Icon";"";"2014-03-19 18:35";"razorramon";"the icon is a verizon exclusive, so it is not available internationally, i think the upcoming 930 which will be available worldwide will be small and have many spec features from this smartphone, + the all new windows phone 8.1";""
"36882";"341";"Lumia Icon";"";"2014-03-19 11:06";"Anonymous";"they are so dumb not to make this intenationaly available , we need this in the phillippines it could have made me switch to windows but i guess its too late unless they have some compensation to much up with other brands.";""
"36883";"341";"Lumia Icon";"";"2014-03-18 20:48";"";"I live in Myanmar.When will this one avaliable in our country? I really want this one.Let me know price for unlocked phone and can use with Myanmar CDMA Sim card.Hope for help";""
"36884";"341";"Lumia Icon";"";"2014-03-18 13:39";"RAVISH";"pric of these mobile?????????? ";""
"36885";"341";"Lumia Icon";"";"2014-03-17 20:19";"DGordon";"I find the battery to be stronger and longer lived that any other I've owned. Can easily go all day with a charge and that's watching a movie and noodling around on this because I just got it a two weeks ago and there is SO much it can do. It would be a steal for the price if it were only a camera.";""
"36886";"341";"Lumia Icon";"";"2014-03-17 13:27";"";"Please tell me does this phone has good battery life? If you have it tell me your experience";""
"36887";"341";"Lumia Icon";"";"2014-03-16 17:54";"tech lvr";"Need water proof phone from Nokia &#55356;&#57098;";""
"36888";"341";"Lumia Icon";"";"2014-03-16 08:37";"biki";"No sd crd slot. Otherwise all spec r good.. Well done nokiaB-)";""
"36889";"341";"Lumia Icon";"";"2014-03-16 03:14";"chaitu";"it is the best windows phone i had ever seen.the best pixel density 441ppi and 1080p video recording etc..,excelent features.but i didn't know it's price.";""
"36890";"341";"Lumia Icon";"";"2014-03-15 04:11";"Anand Ram Moriyakkat";"Why do you hate WPs from Nokia? Then you must be a fan of Androids from Samsung. When these Androids waste our valuable time freezing and hanging, the windows phones from Nokia performs faster. That's the difference. FB and Whatsapp works perfectly...";""
"36891";"341";"Lumia Icon";"";"2014-03-14 18:09";"";"One thing I hate in my wp that watsapp nd Facebook ";""
"36892";"341";"Lumia Icon";"";"2014-03-14 18:04";"";"Btw u donno that after windows phone 8.1 windows phone 8.5 is goin to launch with diff U.I.";""
"36893";"341";"Lumia Icon";"";"2014-03-14 18:02";"";"I also lyk one hand operate phone:)";""
"36894";"341";"Lumia Icon";"";"2014-03-14 15:42";"";"The next update of Lumia 8.1 and 9 is the best Ui. I've seen on YouTube";""
"36895";"341";"Lumia Icon";"";"2014-03-14 15:39";"";"Im using nokia lumia 625, base on my xperience, the 512 ram of android vs 512 ram of windows phone the 512 ram of WP is win because 512 ram of android has a lot of bugs and ram occupied only a 3 apps and 3 games...";""
"36896";"341";"Lumia Icon";"";"2014-03-14 15:19";"suhel";"nice phone nokia lumia icon i love it";""
"36897";"341";"Lumia Icon";"";"2014-03-14 04:40";"The N..";"Hi... I really like the phone, The Best ever phone of Nokia... but little bit expensive...  I am looking to buy a phone but as the shape as Nokia Icon... with GPS, FM under 20k";""
"36898";"341";"Lumia Icon";"";"2014-03-13 22:57";"Vipin";"I love the design of this Nokia Lumia Icon (Verizon) (Black), if this phone would have smaller screen like 4" screen and comes with Android OS, then I am sure it will be a blast.... ";""
"36899";"341";"Lumia Icon";"";"2014-03-13 13:30";"paramlumia";"I used lumia 710 for 14 months. Than I moved to android. But could not bear it for more then 2 months. I m now using lumia 520.";""
"36900";"341";"Lumia Icon";"";"2014-03-12 20:42";"Xscrambler";"Pls stop pushing about Andrid all the time. Lumia line was never supposed to become Android, but Windows. When will some folks finally get to understand this?!";""
"36901";"341";"Lumia Icon";"";"2014-03-12 09:12";"tatukon";"Nokia Lumia Icon is my sweet phone";""
"36902";"341";"Lumia Icon";"";"2014-03-11 15:18";"Anonymous";"good specs but thesy should have made it android";""
"36903";"341";"Lumia Icon";"";"2014-03-11 00:04";"";"Windows Phone OS is getting better day by day. I use Android right now but liking windows more as it's a better UI experience. Tiles, notification centre gives you better way of getting the info right on the first screen. Android and iOS gives you just app icons on the first screen or you put widgets which you can put only few.   WP 8.1 will be awesome, soft buttons, better multitasking, File system, social integration, action centre, global device search.   Lumia Icon is a great device. However, I will not switch now and will wait for the phone with similar or better specs and soft buttons. Hardware button is a old thing now :). ";""
"36904";"341";"Lumia Icon";"";"2014-03-10 00:46";"Anonymous";"Best phone right now. It's top rated on Verizon  ";""
"36905";"341";"Lumia Icon";"";"2014-03-09 20:35";"ans";"looks like best phone ever made from nokia. Sure it will be on top.";""
"36906";"341";"Lumia Icon";"";"2014-03-09 17:41";"hemal";"Wow wow wow, superb 4n i have used ever.... slim ummah";""
"36907";"341";"Lumia Icon";"";"2014-03-09 08:19";"Sukunda";"Nokia is simply d best n is being d bestest among all other phones.its simply wow";""
"36908";"341";"Lumia Icon";"";"2014-03-09 01:53";"Anonymous";"Best phone you can get right now. No lag, no viruses, and not buggy like Android.";""
"36909";"341";"Lumia Icon";"";"2014-03-08 13:19";"";"Nokia still make better quality phones than LG.";""
"36910";"341";"Lumia Icon";"";"2014-03-08 11:01";"lonesomedovepk";"If Microsoft & Nokia continued to work hard on WP devices as per aspirations of customers and market trends in mobile phone industry they can surely take lead in 2-3 years.....";""
"36911";"341";"Lumia Icon";"";"2014-03-07 13:53";"";"Go0d! But Still Can't Beat The LG G Pro2!";""
"36912";"341";"Lumia Icon";"";"2014-03-07 12:48";"costy";"He has 32 gb, do you want more, come on..";""
"36913";"341";"Lumia Icon";"";"2014-03-07 11:03";"muneer";"rate verry high";""
"36914";"341";"Lumia Icon";"";"2014-03-07 10:19";"MicroSd";"No expandable storage? Come on...";""
"36915";"341";"Lumia Icon";"";"2014-03-06 05:37";"lalala";"Why is this phone so overlooked? Based on the spec sheet alone I see that this is a 2014 Nokia Flagship that is supposed to rival the other companies 5' Flagship phones. Bad marketing from Nokia I guess this phone is so unhyped";""
"36916";"341";"Lumia Icon";"";"2014-03-05 13:18";"";"Very expensive";""
"36917";"341";"Lumia Icon";"";"2014-03-05 13:11";"zeizoon nazzal";"it's nokia the best in the world that is it .";""
"36918";"341";"Lumia Icon";"";"2014-03-05 05:00";"";"  link to the official facebook messenger app on windows phone app store. i know gsmarena is gonna be late on this one. so just thought i should share it immediately.";""
"36919";"341";"Lumia Icon";"";"2014-03-05 00:33";"PhoneGuy";"best nokia phone on market, with the greatest os ever";""
"36920";"341";"Lumia Icon";"";"2014-03-04 22:55";"";"Good specs, too bad the dreaded OS is dragging this down";""
"36921";"341";"Lumia Icon";"";"2014-03-04 15:52";"zik zak ";"anybody heip me may i buy this mobile?";""
"36922";"341";"Lumia Icon";"";"2014-03-04 11:14";"";"Looks like sony and sammy fanboys downvoting icon everytime it occurs on top rated phone. Well lets bring this phone to top!";""
"36923";"341";"Lumia Icon";"";"2014-03-04 01:47";"herpa";"you are comparing a phone that is 3 years old to a phone that was released last month!";""
"36924";"341";"Lumia Icon";"";"2014-03-04 00:32";"SSM";"When will this be launched in the GCC? Do you have any idea?? Pls reply";""
"36925";"341";"Lumia Icon";"";"2014-03-03 19:41";"Hutch";"You don't know what you are talking about. You need to try windows 8.1 it is much faster then any past operating systems from windows. By the way the Icon is awesome. I had a Samsung Galaxy S2 before and I prefer this phone. It is much better.";""
"36926";"341";"Lumia Icon";"";"2014-03-03 19:34";"Anonymous";"This phone rocks. I love it. Much better than my android phone I had.";""
"36927";"341";"Lumia Icon";"";"2014-03-03 15:25";"";"I want a Lucia Switch from my current Sam S4 LTE i9505 when will this cell iconic cell available in Pakistan anyone please msg me thank you ahsannoah@gmail.com";""
"36928";"341";"Lumia Icon";"";"2014-03-03 14:02";"Grund";"Dude, do u have any brain? Because u talking no sense stuff... I mean go read smt first it eve better use smt before you comment anything ;) Hahaha how old are you? Bring it on... BAHAHAHA!!! Dude... Whats is ur problem, and for ur informatio nokia i as iphone the most optimised os for a phone ;)";""
"36929";"341";"Lumia Icon";"";"2014-03-03 08:28";"";"Win8 is the slowest is?...come on...make some sense...lol ";""
"36930";"341";"Lumia Icon";"";"2014-03-02 20:34";"Anonymous";"If we compare phone hardware, build quality,design,efficiency,camera with brand lens then nokia lumias are the best than Samsung coz they just giving android and big processor ram and memory just like non branded.....";""
"36931";"341";"Lumia Icon";"";"2014-03-02 19:48";"";"But will it look better than this?  ";""
"36932";"341";"Lumia Icon";"";"2014-03-02 16:24";"Anonymous";"for now Nokia Lumia 929 have best display, but where comming iPhone 6 killing everyone with Retina+IGZO have new best display ever, by then I wish you as much sales for this smartphone ;)";""
"36933";"341";"Lumia Icon";"";"2014-03-02 11:29";"";"Win users, i just wondering who you point at when you all talk rubish on android...i see win people here and android user doesn't what to bother on windows phone...android user i see here is a little sammy fanboy who prefer idiot s5 who thinks its the best out there...sony and lg surpass that s5 of yours even this icon..if you think ypur icon can surpass my android, so come on bring it...i dare challenge it...i prefer windows on computer not in phone..we have better os that this..and win8 is the slowest Microsoft os to date..no wonder majority of people stay away from it...";""
"36934";"341";"Lumia Icon";"";"2014-03-02 07:29";"";"I'm using lumia 620, could anyone let me know how long does it take to launch skype app in this. in 620 it take at least 7-10 secs before it is launched. I do agree no lag once it is up and crystal clear voice even in cheaper lumia's";""
"36935";"341";"Lumia Icon";"";"2014-03-01 18:00";"Prax";"Excellent Aesthetics. Stunning , Sexy Phone. Great looks, great specs and a no lag OS. Great!!";""
"36936";"341";"Lumia Icon";"";"2014-03-01 10:47";"";"Icon is the best smartphone out there. Now some of you may thinking about SGS5 but let me tell you, if you want security, no lag, radio, good camera etc. i.e. you are buisness class you are surely gonna disappointed by s5 even if it has good specs it will lag and it runs on android so no chance for security. its app store have apps but the experience is ruined by ads. On the other side Icon have the no virus tagged WP. Its specs is thrice of what WP demand. The store have sufficient apps with less ads. The camera on a Nokia is always awesome. Despite giving some gimmack feature it have some really workable features and more are coming with 8.1 release. So buy it if it is available in your country. if not sure then wait until 8.1 is released.";""
"36937";"341";"Lumia Icon";"";"2014-03-01 10:11";"Anonymous";"Lumia icon best smarthone to date... NO LAGS on windows phones:-) ";""
"36938";"341";"Lumia Icon";"";"2014-03-01 06:19";"SKEW";"lumia rockzzz    windowz better than the usual boring android...    android is for grandpa's";""
"36939";"341";"Lumia Icon";"";"2014-03-01 05:51";"SONI";"101 % True";""
"36940";"341";"Lumia Icon";"";"2014-03-01 04:05";"";"it would be perfect if its android.... love the design and specs";""
"36941";"341";"Lumia Icon";"";"2014-02-28 19:46";"gearam";"I gona miss tha lumia gaint";""
"36942";"341";"Lumia Icon";"";"2014-02-28 19:22";"A";"Windows phone is the best and for professional people not just for kid using android ";""
"36943";"341";"Lumia Icon";"";"2014-02-28 18:59";"Tom";"Windows not for me and do not going to give Nokia chance after they gave up on Symbian and Meego !!! Samsung S5 only the option !";""
"36944";"341";"Lumia Icon";"";"2014-02-28 15:57";"ami";"Well worth buying, you won't regret it.";""
"36945";"341";"Lumia Icon";"";"2014-02-28 13:38";"munna";"Is it worth buying ?? Lumia Icon ? Becox m familiar with android platform so for a change I am lookinh forward for windows so my still under confusion whether to buy it o not.. ";""
"36946";"341";"Lumia Icon";"";"2014-02-28 12:02";"";"In respect to what? BTW I prefer Icon to S4, not mention S5";""
"36947";"341";"Lumia Icon";"";"2014-02-28 06:44";"Munna";"Is this the best mobile comparing to Samsung s4 o S5 ? ";""
"36948";"341";"Lumia Icon";"";"2014-02-28 00:29";"rollindadice";"yeah it does support viber";""
"36949";"341";"Lumia Icon";"";"2014-02-27 17:29";"mohammad";"nokia devices can change peaple;s live";""
"36950";"341";"Lumia Icon";"";"2014-02-27 16:58";"rollindadice";"wishful thinking";""
"36951";"341";"Lumia Icon";"";"2014-02-27 15:45";"";"marketting strategy";""
"36952";"341";"Lumia Icon";"";"2014-02-27 07:22";"Anonymous";"I want the same specification with android";""
"36953";"341";"Lumia Icon";"";"2014-02-27 06:29";"mobile freak";"Why no SD Card Slot on the Icon? When available on Lumia 1520----Why? Why? Nokia give us the Answer ASAP. ";""
"36954";"341";"Lumia Icon";"";"2014-02-27 04:26";"hi5 back";"am afred abaut icon 929 battery life? b'caus it's windows Os. how many time with 2G, 3G and navigation mode it make?";""
"36955";"341";"Lumia Icon";"";"2014-02-26 19:28";"";"this phone will be available in iran? or its just for america!?";""
"36956";"341";"Lumia Icon";"";"2014-02-26 18:56";"TorwaK";"Nokia's are good bu we need slim phones.";""
"36957";"341";"Lumia Icon";"";"2014-02-26 09:28";"ankitsynx";"yup viber works perfect on wp8";""
"36958";"341";"Lumia Icon";"";"2014-02-26 08:25";"";"viber works in every windows phone .. thats for sure :)";""
"36959";"341";"Lumia Icon";"";"2014-02-25 22:26";"Anonymous";"that's why it is called "option", you may use it when deem necessary. I think in marketing "option" is quite nice to add in specially on a flagship phone. More is better, this days the more technologies you throw in a gadget the more attention you will get and that is a positive sign, it doesn't matter whether a user can use utilize it in everyday life or not as long it is there and that would equate to being flexible. cheers! go nokia!";""
"36960";"341";"Lumia Icon";"";"2014-02-25 21:54";"zaiter";"i want to know if viber work on windows 8 black ,, thx ";""
"36961";"341";"Lumia Icon";"";"2014-02-25 15:05";"StillTooFAT";"Oh common, such nice phone and specs.... but 5" is simply too fat for a phone... more z1 compact rivals please!";""
"36962";"341";"Lumia Icon";"";"2014-02-25 14:43";"khan";"Nice developed perfect sized for one hand no matter no memory card same like iphone just needs more battery like lumia 1520 too good";""
"36963";"341";"Lumia Icon";"";"2014-02-25 13:09";"Jonz";"can't wait to hold this phone.... ";""
"36964";"341";"Lumia Icon";"";"2014-02-25 08:43";"PinoyAko";"Really don't care if it doesn't have a card slot. It's got 32 Gb. Enough to have thousands of pictures and a few videos. Love tha battery and the camera. The whole body of the phone is really gorgeous! When will it be available here in philippines????? C'moN!! :-)";""
"36965";"341";"Lumia Icon";"";"2014-02-24 23:27";"vostamante";"I hope this mobile can be operated with android os and add option for memory expansion. For sure this could be far more better with just announced SGS5.";""
"36966";"341";"Lumia Icon";"";"2014-02-24 20:18";"";"Love this phone,...would be perfect if has memory slot and with dual sim...";""
"36967";"341";"Lumia Icon";"";"2014-02-24 19:44";"";"What a beautiful phone!!!";""

