"34748";"329";"Lumia 530";"";"2015-01-21 10:30";"aniket";"Yes";""
"34749";"329";"Lumia 530";"";"2015-01-21 05:38";"Anonymous";"which one is better Nokia lumia 530 or 521?? which one will be a better choise ??? ";""
"34750";"329";"Lumia 530";"";"2015-01-21 05:33";"Anonymous";"which one is better Nokia lumia 530 or 521?? which one will be a better choise ???";""
"34751";"329";"Lumia 530";"";"2015-01-21 00:24";"";"Yes it's available in the store.";""
"34752";"329";"Lumia 530";"";"2015-01-19 23:45";"Anonymous";"yes";""
"34753";"329";"Lumia 530";"";"2015-01-19 18:21";"aniket";"Good product but battery backup is bad and have no zoom";""
"34754";"329";"Lumia 530";"";"2015-01-19 17:50";" lover kingg";"I agree nokia & microsoft devices are far much better than any other OS devices except apple... if any1 had any bad exp with Lumia devices they just dont know how 2 operate";""
"34755";"329";"Lumia 530";"";"2015-01-18 17:25";"emad";" Can I installa viber App on Nokia lumia 530 ???";""
"34756";"329";"Lumia 530";"";"2015-01-18 15:48";"sunny";"how we download moli player free";""
"34757";"329";"Lumia 530";"";"2015-01-17 10:44";"Aussie";"Bought one last week and in my opinion Lumia 530 is an excellent windows phone at a very low price.";""
"34758";"329";"Lumia 530";"";"2015-01-15 23:18";"Anonymous";"Flash it?????????what's that supposed 2 mean?";""
"34759";"329";"Lumia 530";"";"2015-01-15 19:49";"Anonymous";"i got mine,but i cant access to the internet here in Cameroon";""
"34760";"329";"Lumia 530";"";"2015-01-15 18:55";"Tau";"You will need to flash it";""
"34761";"329";"Lumia 530";"";"2015-01-15 12:02";"Anonymous";"Got my nokia lumia 530 delivered today bt it won't switch on,It shows "nokia"& then a blue window.Is this normal?";""
"34762";"329";"Lumia 530";"";"2015-01-15 05:42";"Mimi";"It's good but I wonder if I'll be able to get the wp v.1 update/lumia denim here in Philippines.. :(  ";""
"34763";"329";"Lumia 530";"";"2015-01-15 04:11";"Anonymous";"is there pattern lock is on the store";""
"34764";"329";"Lumia 530";"";"2015-01-14 12:29";"Huckett";"any phone can do that....just setup directly from song";""
"34765";"329";"Lumia 530";"";"2015-01-14 08:44";"yash";"dowmload ringtone maker ";""
"34766";"329";"Lumia 530";"";"2015-01-13 23:57";"Emma ";"Pretty nice cheap smart phone. But do I set a song as a ringtone. Is,it possible on Lumia 530. Cam someone help me out? ";""
"34767";"329";"Lumia 530";"";"2015-01-12 17:27";"Sonskyn";"I do not understand your question";""
"34768";"329";"Lumia 530";"";"2015-01-12 14:54";"Anonymous";"it's nonsense, Lumia devices are very good. If you have a bad experience it doesn't mean others have, and it doesn't mean on ALL Lumia devices. Lumia = quality. Am using Lumia since a very long time and I have had zero problems.  For me these phones are just what you need, they always work. ";""
"34769";"329";"Lumia 530";"";"2015-01-12 14:51";"Anonymous";"the phone is simple and very good, I would recommend everybody to buy this phone when you're looking for a cheap smartphone. Good quality, Nokia is the best. change covers for a different look, micro sd support, responive screen.  this device is superb on a tight budget.";""
"34770";"329";"Lumia 530";"";"2015-01-12 13:40";"kurs";"Any body's donot buy a Nokia Lumia mobile it affected problem  Mobile heat, hang,some apps not work,...... Battery 100-0 with in 2 hrs  Display bright ness very east...... Battery heating fast... Please don't buy a any Lumia mobiles.....";""
"34771";"329";"Lumia 530";"";"2015-01-12 08:08";"SAR";"I bought this phone last month. Features are working well but the problem is with the battery backup. I have to charge it three times a day for using the features. Battery dissappointzzzzzzzzzzzzzzzzzz";""
"34772";"329";"Lumia 530";"";"2015-01-12 08:04";"sar";"i bought this phone before one month. Battery is not lasting if u use internet it wil go down by afternoon";""
"34773";"329";"Lumia 530";"";"2015-01-11 19:21";"nick";"Really good. On standby with few uses, can last for several days. Normal use 2 days is possible or even 3 with right setting.";""
"34774";"329";"Lumia 530";"";"2015-01-11 17:30";"Arya";"Tell me this phone is earntalk time aps is this phone can be installed like...mcent etc ..android type";""
"34775";"329";"Lumia 530";"";"2015-01-11 17:30";"Arya";"Tell me this phone is earntalk time aps is this phone can be installed like...mcent etc ..android type";""
"34776";"329";"Lumia 530";"";"2015-01-11 14:12";"vishal";"How is the battery back up?";""
"34777";"329";"Lumia 530";"";"2015-01-11 11:52";"";"How come a sophisticated mobile does not connect to radio stations?";""
"34778";"329";"Lumia 530";"";"2015-01-11 08:54";"Sonskyn";"Hallo!  I bought this phone in November 2014. I just love it. I have absolutely no problems. I am looking for the back shell casing for this phone. Can anyone tell me where i can buy it? I've looked everywhere";""
"34779";"329";"Lumia 530";"";"2015-01-10 21:21";"GEORGE MICKLEWRIGHT";"i love it, bught it and camewith insurace and a case  7.50 per month";""
"34780";"329";"Lumia 530";"";"2015-01-10 16:04";"Anonymous";"I have been living with the nokia lumia 530 since November 2014 and it is one of the best budget handsets on sale today. it can be a little slow at times but I have used an Iphone 6 and that froze for 20 minutes until I just left it charging for 10 minutes. I would by this over any budget phone on the market. my only bad point is that it could be a bit thinner.";""
"34781";"329";"Lumia 530";"";"2015-01-10 10:35";"Anonymous";"its a great phone bought it about 1-2 weeks ago and it is the best phone ive ever had. ";""
"34782";"329";"Lumia 530";"";"2015-01-10 07:16";"Ambady Vs";"The lumia 530 IS a budget phone so that it has some limitations To";""
"34783";"329";"Lumia 530";"";"2015-01-10 05:13";"Anonymous";"can you forward a sent sms to another number?";""
"34784";"329";"Lumia 530";"";"2015-01-09 10:46";"nadarrr";"niceeeeeee @ using";""
"34785";"329";"Lumia 530";"";"2015-01-09 03:51";"";"Aside from the screen quality which is a bit off when scrolling, this phone is actually quite a bargain with all the features that it offers. And its pretty nice to hold in the hand as well.";""
"34786";"329";"Lumia 530";"";"2015-01-08 06:50";"Daniela ";"The Nokia Lumia 530, I think is a very good phone... It has auto correct, WiFi, good enough camera (5MP, a high quality screen and you can set a password for your lock screen. As a matter of fact in typing this comment here on my phone.  If your child would like a smartphone, u should het them this phone cos its a good price (R1300)";""
"34787";"329";"Lumia 530";"";"2015-01-07 10:28";"kasoa peace maker";"any tym i open uc browser nd try to uplooad pictures am unable to do..is either de phone quit me 4rm ma browser ..";""
"34788";"329";"Lumia 530";"";"2015-01-06 21:14";"Yoooooo";"No";""
"34789";"329";"Lumia 530";"";"2015-01-06 15:36";"kumar";"Any zoom app for camera ";""
"34790";"329";"Lumia 530";"";"2015-01-06 10:59";"";"Good wee phone although it has NO torch and does NOT TETHER. So far that is only criticism I see, otherwise it's fine.";""
"34791";"329";"Lumia 530";"";"2015-01-06 06:26";"Ij anwar";"On. But this phone have pasword.";""
"34792";"329";"Lumia 530";"";"2015-01-06 04:08";"Ij anwar";"Download fb msngr from store";""
"34793";"329";"Lumia 530";"";"2015-01-06 00:14";"lumialvr";"I am not able to install any app/game and also from my sd card.....pls help ";""
"34794";"329";"Lumia 530";"";"2015-01-05 10:27";"avdi";"I bought Nokia Lumia 530 in Switzerland , but I live in Kosovo , but I can't use it because its blocked no code to de-blocked what I have to do with this phone  ";""
"34795";"329";"Lumia 530";"";"2015-01-05 07:59";"Anonymous";"Can u block numbers..";""
"34796";"329";"Lumia 530";"";"2015-01-05 07:29";"GATTU";"i have the same phone but the battery last one for two hour when you used the featuring of this phone or when you used wi-fi";""
"34797";"329";"Lumia 530";"";"2015-01-04 20:09";"";"Yeah. You should have...";""
"34798";"329";"Lumia 530";"";"2015-01-03 14:22";"Anonymous";"Is there no zoom in on the camera?";""
"34799";"329";"Lumia 530";"";"2015-01-03 07:13";"anonymous";"i also have da same problem with the battrey it drains ";""
"34800";"329";"Lumia 530";"";"2015-01-03 06:43";"vikram";"Download pattern lock app from the store";""
"34801";"329";"Lumia 530";"";"2015-01-02 16:29";"Anonymous";"thus the phone have a whatapps ";""
"34802";"329";"Lumia 530";"";"2014-12-31 15:55";"kasoa peace maker";"it has no pattern but password..";""
"34803";"329";"Lumia 530";"";"2014-12-31 13:38";"mnms";"Have you tried transfer my data app? I used it to transfer data including contacts and text messages from my old phone to Lumia 720. Old phone should have Bluetooth though. That won't be a problem since your old phone is a Lumia";""
"34804";"329";"Lumia 530";"";"2014-12-31 06:16";"tippo";"good phone but not tech savvy to work a lot of issues out is there a hard copy manual available ???????";""
"34805";"329";"Lumia 530";"";"2014-12-31 02:03";"";"No, but phone have number lock- also very good.";""
"34806";"329";"Lumia 530";"";"2014-12-31 00:01";"Anonymous";"If it has ful sim no micro it will so easy.";""
"34807";"329";"Lumia 530";"";"2014-12-30 12:51";"coffe3";"which will you prefer Lumia 530 or Lumia 520? ";""

