"40271";"363";"Lumia 720";"";"2015-01-21 02:25";"swami";"Need phone memory more than 1.5GB Battery more than 75% restart the phone before update don't use the phone while update process";""
"40272";"363";"Lumia 720";"";"2015-01-20 11:19";"Nokia die hard fan";"!!!! Don't buy this phone after using 6months you will be getting below problems like:  1) Down volume key won't work to do soft reset  2) Mother board problems will occur (it's cost 7000rs) 3) phone will heats up you don't known when it will blast. 4) No Battery backup daily you have charge mobile.";""
"40273";"363";"Lumia 720";"";"2015-01-18 12:59";"omai";"My lumia 720 is updating 8.1. Then it went off and it hasn't finished the update. Then everytime i charge my fone the update logo will show up and nothings happening until it drains my battery again. Hope someone can help me. Because i really need my fone to be fixed";""
"40274";"363";"Lumia 720";"";"2015-01-18 12:54";"omai";"My lumia 720 is updating 8.1. Then it went off and it hasn't finished the update. Then everytime i charge my fone the update logo will show up and nothings happening until it drains my battery again. Hope someone can help me. Because i really need my fone to be fixed";""
"40275";"363";"Lumia 720";"";"2015-01-18 04:45";"y";"Lumia Phone is also better than Your Shamesung phone.";""
"40276";"363";"Lumia 720";"";"2015-01-17 11:11";"laaloo";"Not a setispection In this phone....... ";""
"40277";"363";"Lumia 720";"";"2015-01-16 08:09";"shafi";"in my openion its a good";""
"40278";"363";"Lumia 720";"";"2015-01-15 10:26";"benjamin";"my kid bro probably played with my phone so i have to wait for 487848 minutes to try again my password i can't seriously wait that long how can i crack this ????? thnx ";""
"40279";"363";"Lumia 720";"";"2015-01-14 14:07";"Wellwisher";"Hello Friends  I am using Nokia 720 for more than 1.5 year. everything was good about this phone for first 6 months. After that no clarity for camera compared with the the first 6 months usage.That too you need to wait for sometime before clicking on the next image. I didnt any comfort atleat basic functions are not available. You will have to update the phone each time. The main drawback of this phone is the antina on the backside. everyone think its good and we can use maps offline. But try keeping the antina near your ear you will feel high radio waves trasmitting. I cant talk more than half an hour becoz my ears getting paining.  To use the internet I have to swich off and swich on each time, it's getting hanged.  With all worst experience for 18000 rupees I will never recommend to anyone this lumia series. If you are buying a phone don't think too much go for iPhone thats best or samsung. Dont waste money buying this. Thanks for visiting.";""
"40280";"363";"Lumia 720";"";"2015-01-14 06:58";"Anonymous";"hello friends , i have been using lumia 720 for almost a year now .. n belive me its super awsome. no problem at all till now. battery is superb , far better than samsung galaxy grand, camera clarity is good, display is superb .. i havent have a single visit to nokia care ..go for it.";""
"40281";"363";"Lumia 720";"";"2015-01-13 12:10";"Anonymous";"Is support otg?";""
"40282";"363";"Lumia 720";"";"2015-01-12 05:34";"VIKKI";"got new lumia 720, feeling good after knowing few extra features than the android. working smoothly and faster.  looks beautiful...";""
"40283";"363";"Lumia 720";"";"2015-01-08 17:25";"BEN";"Where do you reside. I am in India dint receive Denim update.";""
"40284";"363";"Lumia 720";"";"2015-01-08 16:21";"Anonymous";" love my Lumia720. Its a good looking phone. No problems with it, volume down button working perfectly,no lags, good at playing games , very very smooth with sensitive touch, very very good camera and battery too. Updated to Lumia Denim and of course i really like the 8.1 on it. Reccomend";""
"40285";"363";"Lumia 720";"";"2015-01-05 08:11";"Gourav";"Dear you use original charger only";""
"40286";"363";"Lumia 720";"";"2015-01-04 20:02";"phil";"The N720 is on Ebay brand new. Easyshophere is the seller. ";""
"40287";"363";"Lumia 720";"";"2015-01-04 11:10";"raks";"how to remove the red eye from the camera";""
"40288";"363";"Lumia 720";"";"2015-01-03 18:42";"UNKNOWN";"I have purchased lumia 720 by believing in brand, quality and servicing. Till today its exactly 9 months old but after 8.1 update i have faced problems with software stuck every time, speaker doesn't works after turning of Bluetooth and touch problem faced second time(every time i faced this issue nokia care takes 40 days to repair my and return my device). This shows the quality of goods the company supplies.";""
"40289";"363";"Lumia 720";"";"2015-01-03 06:15";"Pam";"Press power and volume low button together for 20 sec to do soft reset.";""
"40290";"363";"Lumia 720";"";"2015-01-03 03:07";"Ayoun";"Just keep pressing ur volume down button together with power button till ur phone restarts ";""
"40291";"363";"Lumia 720";"";"2015-01-02 17:57";"Joyce";"my 720 turned black-out and its not turning on after it hung-up. what will i do? ";""
"40292";"363";"Lumia 720";"";"2015-01-02 08:36";"Anonymous";"Awsome phone iam using it for more than year ";""
"40293";"363";"Lumia 720";"";"2015-01-02 05:55";"varsha";"Its good. But there is problem with display of images is view.";""
"40294";"363";"Lumia 720";"";"2015-01-02 05:49";"";"i m using this phone from last 13 months... and simply its really awesome.... powerful battery... also solid body... smooth touch... camera quality is very good... windows 8.1 is really good for window loving person... its really great phone... ";""
"40295";"363";"Lumia 720";"";"2015-01-01 21:01";"";"Go for Lumia 730 instead. Worth every penny you pay.";""
"40296";"363";"Lumia 720";"";"2015-01-01 07:12";"sandeep";"should i buy a lumia 720 as many are saying that it has less battery back up after the 8.1 update?";""
"40297";"363";"Lumia 720";"";"2014-12-31 11:39";"";"i used ma lovely phone for about 1 year accidentally it got wet in rain and now it is red and i can not find a new 720 to buy  i want to know why is that ?? ";""
"40298";"363";"Lumia 720";"";"2014-12-31 08:22";"";"Hi I am using Lumia 720 for around 1.5 yrs. This phone is simply awesome. Touch is very smooth, good camera and long battery life. Only once I faced a problem of hanging but it got solved when I did reset. Overall its a wonderful Phone. ";""
"40299";"363";"Lumia 720";"";"2014-12-31 03:23";"Newlite";"It is a software problem simply reset your phone ... And start with clean installation ... Don't use back up... It will fix it";""
"40300";"363";"Lumia 720";"";"2014-12-30 18:39";"san";"my nokia lumia720 not switch off,its going to hang what can i do? ";""
"40301";"363";"Lumia 720";"";"2014-12-30 18:35";"san";"my nokia lumia720 not switch off,its going to hang what can i do? ";""
"40302";"363";"Lumia 720";"";"2014-12-30 11:46";"";"Nice mobile after used for 1.5 year..great touch..battery superb..nice camera...what else you need...i only find one problem by this time is that...i forget my Microsoft account password..how can I solve this problem...someone help me...";""
"40303";"363";"Lumia 720";"";"2014-12-29 05:11";"curious";"hi.. which region u belong to? i am in india i havent received it yet.. just curious ";""
"40304";"363";"Lumia 720";"";"2014-12-28 08:16";"pratik ";"Still this fone technology is new it has super sensitive screen ,clear black ,nice camera , software updation,512mb ram still works fine, n decent batery . Those who says bad batery let me tell u to increase batery life . First full the charge then use till it says low batery then again charge full see the difference . Guys use it first dont say dis fone bad untill u know how to use MS phone";""
"40305";"363";"Lumia 720";"";"2014-12-28 06:19";"mani";"This is one of the worst phone I have ever seen even d so called local mobiles performing far better than this . The phone hangs a lot I can't even restart it I have to wait for long nd long hours to letit start, no proper apps nothing is good. The day I purchased this m nt at all satisfied nd i keep on regreting myself for wasting 18 thousand rs";""
"40306";"363";"Lumia 720";"";"2014-12-28 02:26";"";"Same here";""
"40307";"363";"Lumia 720";"";"2014-12-27 18:30";"Bujji";"Worst phone. I have been using this from jun 2013. I didn't find much problms in the first year. Problems started Exactly after 1 year. Everyday I regret my self for a wrong decision I did when I bought this phone.  Apps are not gud, phone hangs and I couldn't use it until the phone is restarted, phone has to switch when it is running out of battery, no one can restart the phone.   By the way I use my phone very gently. Not only me, except microsoft lovers and hardcore nokia fans everyone I know is feeling bad for their wrong decision on choosing this worst mobile.";""
"40308";"363";"Lumia 720";"";"2014-12-27 13:15";"Ashuvasu";"am using from last year. After software update my mobile is not working properly. Before upgrade it was fine. Now it's not working properly. Am facing many problems on it. ";""
"40309";"363";"Lumia 720";"";"2014-12-27 07:29";"dilip";"ok but ";""
"40310";"363";"Lumia 720";"";"2014-12-26 15:51";"kitttu";"it is so fast...";""
"40311";"363";"Lumia 720";"";"2014-12-26 04:24";"venkat Nekkanti";"nokia lumia 720 i was purchased this mobi at 2013 may 13th means its almost around 1yr 8months , frankly to say it was awsome smartphone till today i never face any problem , it was one the top smart  !";""
"40312";"363";"Lumia 720";"";"2014-12-25 20:44";"";"Today I received denim update";""
"40313";"363";"Lumia 720";"";"2014-12-24 20:42";"Anonymous";"I m using this phone through 1yr and 5month... And I never fail in any prblm with it... Its touch, speed, performance is much better than any other phones in this budget... Battery backup is also gd.. Over all it is a awesome smartphone....";""
"40314";"363";"Lumia 720";"";"2014-12-23 18:09";"GOPAL";"i purchased last year i am not satisfied with battery backup, and sound other than remainning features ok.";""
"40315";"363";"Lumia 720";"";"2014-12-23 07:38";"RAJAN";"i bought this phone last august 2013 never faced any problem. reliable phone";""
"40316";"363";"Lumia 720";"";"2014-12-22 15:55";"Ben";"So far for the past 1 year I'm quiet satisfied in using L720, awaiting for denim update";""
"40317";"363";"Lumia 720";"";"2014-12-21 15:34";"doza";"Dear krn05 , That's a problem with the app itself, u have to go into the whatsapp settings and do a backup ,then u will b able to view the downloaded pics again ";""
"40318";"363";"Lumia 720";"";"2014-12-21 08:13";"Anonymous";"is the lumia 720 working not probably and some applications are not supported";""
"40319";"363";"Lumia 720";"";"2014-12-20 07:33";"rkm";"Volume buttons are delicate....Due to hard press...volume button may stop working. It happened to me also. I gave it to Nokia care. Now its working fine. But I need to press hard then before to function....";""
"40320";"363";"Lumia 720";"";"2014-12-19 12:42";"my lumia is 720 ";"This phone automatically touch";""
"40321";"363";"Lumia 720";"";"2014-12-18 18:26";"Ban";"Love the Phone.. would like to have the developers update whatsapp to support the audio file share and to come about new updates for the video call which wouldnt require skype or any other app to video call anyone..   Thank you.. :)";""
"40322";"363";"Lumia 720";"";"2014-12-18 15:10";"rg";"volume down never works";""
"40323";"363";"Lumia 720";"";"2014-12-17 23:46";"kepsy ";"I just love to use my nokia lumia but sometimes it got stuck in between what i hate most but rest every thing is fine in this. ";""
"40324";"363";"Lumia 720";"";"2014-12-17 20:12";"";"My camera is not working.when i click camera button it show loading for 3-4 sec and then comes to home screen.Any one suggest me that is it a hardware problem or a software problem??";""
"40325";"363";"Lumia 720";"";"2014-12-17 16:40";"g";"yes..can anyone answer to this?";""
"40326";"363";"Lumia 720";"";"2014-12-16 17:10";"Anonymous";"What's the difference between original and fake Lumia 720?";""
"40327";"363";"Lumia 720";"";"2014-12-16 13:30";"swamy";"lumia 720 is a nice phone... no problem with the hardware-(i admit it has only limited 512MB ram and 8GB ROM etc..etc)-if u starts complaining it will never ends..(its just like u describing a girl before ur marriage & a doorstep of divorce) - but we r not using the ram fully, its the limitation of the OS. -need the OS updates/ firmware updates for full function -handle with care- its a phone(don't argue & say Nokia1100 is also a phone)  -they don't compel u to buy the phone- i u want it better(software), welcome 2 the world of developers. - the cup hold's only that much of water -question arises that what u want cup/water -future is ahead ";""
"40328";"363";"Lumia 720";"";"2014-12-16 12:06";"";"there is no solution for this problem, Even if you resolve the problem (by going to nokia care) It will rise up again after few days :d ";""
"40329";"363";"Lumia 720";"";"2014-12-15 21:57";"riyu";"My Lumia 720 not working Vol down key. What is the solution. Please help me.";""
"40330";"363";"Lumia 720";"";"2014-12-15 13:09";"bengazi";"Go to de albums u will see watsapp folder down der";""
"40331";"363";"Lumia 720";"";"2014-12-13 17:27";"Sheik@ben";"Pls use the app ( files ) it useful u to transfer video by Bluetooth.";""
"40332";"363";"Lumia 720";"";"2014-12-11 18:45";"bhagabat";"i have been using lumia 720. facing problems. lots of time processing slow, updates are not coming,";""
"40333";"363";"Lumia 720";"";"2014-12-10 10:50";"Krish";"I have been using from the last one year and never faced any problem... I have been receiving updates and in order to rectify any sort of software problems. plz update your phone regularly...";""
"40334";"363";"Lumia 720";"";"2014-12-10 07:51";"pratik";"More than year m using m using l720 not single prob no volume butten issue no touch issues. But here max people complaint about dis phone ,it depnd on how u handling d phone treat it gently . Becoz if u throw phon on bed or on tble thn evry phon will hv some issue. If u handle it gently n don't use roughly thn u will not hv any prob n android users u will put ngativ coment here";""
"40335";"363";"Lumia 720";"";"2014-12-10 07:07";"rkm";"I think this is restricted to Windows OS.";""
"40336";"363";"Lumia 720";"";"2014-12-07 16:25";"";"When you open the Photos app there you will see a WhatsApp folder. Your images and videos are saved there.";""
"40337";"363";"Lumia 720";"";"2014-12-07 14:40";"azr";"will demin updae come for lumia 720!? if yes so when it will come?? anyone can tell!";""
"40338";"363";"Lumia 720";"";"2014-12-07 08:03";"";"From past few days I m noticing dat in WhatsApp the received images are automatic downloading bt I cant find them in gallery....can anyone tell me where they r being saved???";""
"40339";"363";"Lumia 720";"";"2014-12-04 14:30";"Gous";"Please suggest some cool apps n games as far as of now....";""
"40340";"363";"Lumia 720";"";"2014-12-04 09:51";"kamal";"call recorder y not avalable? ";""
"40341";"363";"Lumia 720";"";"2014-12-02 16:03";"mayur";"I have been using this phone for like past 8 months and i bought it for 16k. I have Amber want to udate to Cyan but bit skeptical about the update.. Anyhow I want to tell you that this is the best cell on can buy at the price range of under 20k lumia 730 too is a good option. Don't hesitate to buy windows phone its not that bad as it been portrayed here by other ppl.. It depends how one person uses the cellphone. Games like Asphalt works smooth on this cell don't be mistaken for its 512 ram. :) im happy to clear anyone's doubt regarding Lumia 720. If you Have any queries you can ask me on twitter account @may_u_r";""
"40342";"363";"Lumia 720";"";"2014-12-02 16:00";"mayur";"I have been using this phone for like past 8 months and i bought it for 16k. I have Amber want to udate to Cyan but bit skeptical about the update.. Anyhow I want to tell you that this is the best cell on can buy at the price range of under 20k lumia 730 too is a good option. Don't hesitate to buy windows phone its not that bad as it been portrayed here by other ppl.. It depends how one person uses the cellphone. Games like Asphalt works smooth on this cell don't be mistaken for its 512 ram. :) im happy to clear anyone's doubt regarding Lumia 720. ";""
"40343";"363";"Lumia 720";"";"2014-12-02 15:30";"Anonymous";"nokia lumia cheating the customers dont buy nokia lumia.its not user friendly.my lumia 720 black is now complainted. then i went to nokia care they reply me ur handset having board problem. they cant repair that prblm. how believe the prdct of nokia and their authorised sdervice centre. now i lost 19000 rs ....";""
"40344";"363";"Lumia 720";"";"2014-12-02 12:22";"Deo";"I have been facing hanging problem since I upgraded it window 8.1, please anybody the clue on how I can resolve it?";""
"40345";"363";"Lumia 720";"";"2014-12-01 18:01";"Kamal ";"Buddies it's a superb performance phone ";""
"40346";"363";"Lumia 720";"";"2014-11-30 16:18";"bablu";"how to repair because it is hang reply me fast";""
"40347";"363";"Lumia 720";"";"2014-11-28 21:56";"bob";"This phone is packed with problems.I switch off and put off this phone like 100 times a day.sometimes,I can't pick my calls.The phone heats up quickly.when I don't use the phone for like 2 minutes,,I have to press the two side buttons to kick start it again,sometimes it doesn't allow me access my files.I gave up my Nokia C3 for this phone not knowing that the former was better than the later,,,Honestly this whole idea of windows phone is actually a big mistake.";""
"40348";"363";"Lumia 720";"";"2014-11-28 09:55";"jigi";"Can u plz tell me how cn c send mp3 files via WhatsApp ";""
"40349";"363";"Lumia 720";"";"2014-11-27 15:00";"ashok";"please dont buy this phone.. not even a year after I bought this , hardkeys not working , issues with hanged display.. serviced 2wice but nothing resolved this issue... ";""
"40350";"363";"Lumia 720";"";"2014-11-26 15:33";"Aisa";"The worst phone I've used till date. Don't ever buy. It hangs every now and then, picture clarity was pretty fine when i started using, but later on the standard went low now the pictures are almost blurry. In one year, I had to give it to the service centre at least 5 times. Don't ever buy. Now the phone is not manufacturing anymore!";""
"40351";"363";"Lumia 720";"";"2014-11-26 10:52";"Anonymous";"But in lumia 730 there isnt a glance screen and double tap unlock screen which is a unique feature of Lumia phones... I don give up on my 720 for jst dual sim...";""
"40352";"363";"Lumia 720";"";"2014-11-26 08:35";"Sabahan91";"I agree with everything you said except for the display.. Nope, it is far from being the same with 300+ ppi resolution phones.. ";""
"40353";"363";"Lumia 720";"";"2014-11-25 23:06";"Anonymous";"Best phone . Bettr than Lagg Android.";""
"40354";"363";"Lumia 720";"";"2014-11-25 13:57";"lalit";"Go for 720, as I am using 720 for more then 1 year. There is problem at all till now, it has good touch, camera with zeiss lenses, Gud speed and response. It is 1000 times better then anroid phone...i very satisfied.";""
"40355";"363";"Lumia 720";"";"2014-11-25 09:34";"praba";"guys, i dont understand how come so many probs occur in a similar model which am using (720). Using it for the past 1 year, but didn face any prob..was going through the comments for other model phones n found negative feed back..wanted to chk for my mobile as well..now am sure those negative comments mite be fake..it all depends on our luck and how we handle the mobile..";""
"40356";"363";"Lumia 720";"";"2014-11-24 20:26";"abhi";"This is a very worst phone I have ever experienced from Nokia. Facing a lot of issues,when problem occur everything stops working or responds very late. Sensor stops working camera opens up after 1 minutes, sometimes cannot receive calls, phone heats up and battery discharges very quickly. One good thing I did was got the extended warranty and have submitted it four times to nokia care. Every time they say it has been repaired and the same day after few hours it starts irritating. Not a good phn to buy. Wastage of money. Many limitations. Have to switch off the phn at least 10 times a day.";""
"40357";"363";"Lumia 720";"";"2014-11-24 08:13";"nijju.ind";"Awesome phone. Touch is very smooth. Design and Display is Awesome. YES its only 217 ppi display. But display is same as 300+ppi phone. ";""
"40358";"363";"Lumia 720";"";"2014-11-22 16:53";"Anonymous";"My Lumia 720 touch has a problem. Took it to the nokia care where they sent it Chennai service centre wasted my 20 days and sent back saying that the warranty period is over. Now what? I will have to spend more than 7000 to repair it. Very annoying. With that amount I can buy a new one. What if I spend 7000 and the problem arises again. Nokia was my preferred brand. Now I am wondering if I should go for Nokia phones.";""
"40359";"363";"Lumia 720";"";"2014-11-22 16:10";"sunystar";"when i open my lumia 720 store, it wants microsoft email, i have tried 3 emails but invain. plz help me to use store and to download apps.thanxx ";""
"40360";"363";"Lumia 720";"";"2014-11-21 20:49";"Joze";"I Wish To Buy This 720 But The Coments From Other Users Are Not Good And Do Scare Me";""
"40361";"363";"Lumia 720";"";"2014-11-20 18:30";"Falaj";"Thank you.. It worked... And the other thing I found is that when I use a high resolution photo in a lockscreen, it is also a problem... ";""
"40362";"363";"Lumia 720";"";"2014-11-20 18:23";"Falah";"Update your phone to Amber. Then you will see a Radio app within the Music App... ";""
"40363";"363";"Lumia 720";"";"2014-11-20 13:17";"720 lovers";"Yes i got the screen replaced. Afew months later the screen stopped responding to the touch again. I like the design and size but it seems the quality is below par.";""
"40364";"363";"Lumia 720";"";"2014-11-20 13:12";"ashif";"Hai friend, Please download an app called transfer my data. And we can copy our contacts to phone as well as to card also.";""
"40365";"363";"Lumia 720";"";"2014-11-20 12:40";"nxn";"Pls add Chrome or Mozilla in WP Store";""
"40366";"363";"Lumia 720";"";"2014-11-20 09:47";"Dawit";"My Lumia &@0 is a crap, it doesn't hold network at all. It seems Lumai &20 is the most annoying phone nokia has ever produced. I don't know what to do, as expensive as the Lumia 720, the phone has a poor antenna. it cannot receive networks at a distance beyond 1km.";""
"40367";"363";"Lumia 720";"";"2014-11-19 02:27";"Ferdous ";"I can't open any video on my lumia. Error cod: 8000ffff ";""
"40368";"363";"Lumia 720";"";"2014-11-18 15:43";"shashi";"But it isn't getting full cam resolution of 6.7 mp fr 16:9 ratio and not even DAT of 720 6.1 16:9 though having 6.7mp ,730 is having only 5.3 mp for standatd (16:9) ratio and its not original Nokia which will have glance and city lens such as 720";""
"40369";"363";"Lumia 720";"";"2014-11-18 05:19";"Rahim";"Hi, If your phone is windows 8 version : Check out the headphone icon(Music) swipe through the screens side ways you will see radio as a last option  If your phone is 8.1 version, FM radio is in the app list,visible when you swipe left.";""
"40370";"363";"Lumia 720";"";"2014-11-18 03:08";"Santhosh";"Hi guys,  Please let me know how do I copy contacts to my sim card from phone. also how to transfer contacts from other mobies to lumia 720 using bluetooth. actually I had these options before i was upgrating to 8.1. Please need your suggestion.";""
"40371";"363";"Lumia 720";"";"2014-11-17 21:17";"DON";"features say it has fm radio in lumia 720....where is it?";""
"40372";"363";"Lumia 720";"";"2014-11-17 19:11";"ram";"press volume down and switch off button and camera button at a time phone will restart ";""
"40373";"363";"Lumia 720";"";"2014-11-17 18:39";"";"just press volume down key + power key at same time until it vibrates n restarts. ";""
"40374";"363";"Lumia 720";"";"2014-11-17 13:04";"Asad";" hI i have nokia 720 i using last few months, but today my mobile off, i dont know how i trying to on , but on , kindly advice me please i like my phone very much ";""
"40375";"363";"Lumia 720";"";"2014-11-17 09:18";"Mudad";"Every thing is OK with this phone..Very Good and about the Display the Scretch Proof..Keep it on Nokia..";""
"40376";"363";"Lumia 720";"";"2014-11-17 06:21";"";"looks like you installed live lockscreen beta app.. just uninstall this app... then active kids corner.. then off kids corner.. it ll resolve your issue..";""
"40377";"363";"Lumia 720";"";"2014-11-17 06:17";"";"dear buy latest 730... don't buy 720 now because its two year old phone now.. 730 has less price than 720 but improved specs...  730 has, -4.7" oled hd(720*1280) display with 316ppi.. best in rs14-15k range. - 1gb ram - quad core sd400 processor - upto 128gb sd card support - 5mp ffc - same 6.7mp rear cam - 2220mah battery - latest lumia denim preinstalled - dual sim  just check specs of 730...  new buyrs go for lumia 730...";""
"40378";"363";"Lumia 720";"";"2014-11-15 12:12";"anonymous";"i planned on getting an L720.....but the comments users post are horrendous....i'd rather get an iphone.";""
"40379";"363";"Lumia 720";"";"2014-11-14 05:15";"Frederick Albert !!!";"The phone has a great interface and I really like using it. BUT BUT BUT. My first 720 failed in 10 months and Nokia replaced it for free. Now, perhaps another 10 months on, my second 720 has totally failed again. Nokia tell me that it needs a new touch screen (not broken, the electronics just failed). None is available locally and they would change about $120 to do the repair in any case, So out of 2 720 phones I have owned both failed in under one year. I am a 60 year old tech savy CAREFUL business user.";""
"40380";"363";"Lumia 720";"";"2014-11-12 13:13";"";"thank you";""
"40381";"363";"Lumia 720";"";"2014-11-12 07:48";"sharvil";"Have installed live lock screen beta??";""
"40382";"363";"Lumia 720";"";"2014-11-10 22:23";"";"Transfer your mp 3 file into the video folder, then select and send....njoy.,";""
"40383";"363";"Lumia 720";"";"2014-11-10 22:22";"";"Move the mp 3 file to the folder and select the folder in add files option in whats app. The mp 3 file should be transferred to the target folder before searching it in whats app file folder.";""
"40384";"363";"Lumia 720";"";"2014-11-10 17:44";"Anonymous";"My FILES app can COPY, CUT, RENAME, SORT, MARK MULTIPLE FILES and SHARE them via ONENOTE, ONEDRIVE or MAIL (google mail, yahoo, hotmail, etc) in case of document...   Hint: There are two apps named FILES in the store. May be the FILES app you have downloaded is not from MICROSOFT..... ";""
"40385";"363";"Lumia 720";"";"2014-11-10 10:33";"Omi";"I can send mp3 file via WhatsApp guys. ";""
"40386";"363";"Lumia 720";"";"2014-11-10 01:15";"vivek";"if You Hold the Power Button and Volume Down Button Few Mints Its Restart the phone ";""
"40387";"363";"Lumia 720";"";"2014-11-09 07:07";"ram";"where can i find the mp3 files that are download from whatsapp...  and how can i send any mp3 file to anyone via whatsapp. in NL720 option is available only for videos and photos sharing  can anybody help me???  ";""
"40388";"363";"Lumia 720";"";"2014-11-08 15:49";"";"NOKIA LUMIA 720   ISSUES WITH WINDOWS 8.1 (LUMIA CYAN)  1.) NO PERFECT FILE MANAGER {FILES App just showing the contents}  2.) If u connect ur device to pc via usb,the contents or any files showing were not in order except camera snaps folder...if a picture downloaded from whatsapp or facebook,IN that folder device renames the file name & coagulated so its really feeling worst to find the picture you recently downloaded from the crowd.  3.) There is no video player to play all video files.   4.) Internet Explorer doesn't support background downloading but few other apps like UC browser give option to background downloading.{give us support in backgrounds where we need pls}  5.) Cant attach files(word,pdf) easily like photos in microsoft mail. { actually they gave option to attach files from cloud but not all people using this feature.. pls code for attaching all files through perfect file manager}  ALL WITH SOME MINOR ISSUES TO SOLVE...  ";""
"40389";"363";"Lumia 720";"";"2014-11-08 12:22";"thabo";"my phone fail to switch on and i dont know how because io try many times bt stil is off help me";""
"40390";"363";"Lumia 720";"";"2014-11-08 06:08";"kaif";"i am using Nokia lumia 720 from past 1 year no issues at all working perfectly alright ";""

