"42811";"380";"Lumia 820";"";"2015-01-18 05:14";"anuj";"I use this phone since 2 years....so my experience is that it is a best phone.....very good camera,touch is very sensitive but bettery backup is very bad....otherwise it is a best phone.... Thanx Microsoft, thanx Nokia....ð";""
"42812";"380";"Lumia 820";"";"2015-01-17 06:19";"Ehsanul";"i am using this it has to much problems i cannot browse with the bing search sometimes it does not allow me to use my moblie data which is 3g services.This phone has too much faults i wish i never bought this phone Nd wasted my money on it i cannot even connect to the internet.... with my phone i always have to reset it i am sticking with samsung lumia wasted my hopes....";""
"42813";"380";"Lumia 820";"";"2015-01-12 16:49";"nokke";"Denim denim denim were are you? Its got to be a joke all this talk and still no update for the perfect phone nokia 820. Let us get now...";""
"42814";"380";"Lumia 820";"";"2015-01-12 14:54";"stephens";"people the phone is good and affordable";""
"42815";"380";"Lumia 820";"";"2015-01-12 11:18";"";"..had been using my son's Lumia 820 for sometime. 4 days back updated to windows 8.1 (CYAN) OTA found some improvements. but after backing up data on Whatsapp.. returned to HOME Screen to find my screen theme is not showing , it is Black now with some tiles also turning Black with white border only. Not even battery removal after shutting down has helped.  All my notifications on Lock Screen are not there except time and date. But apart from that phone is working fine. I can watch videos in colour ,coloured Photos etc. But not able to find coloured Buttons while calling for want of colour in the theme. Any solution....";""
"42816";"380";"Lumia 820";"";"2015-01-12 10:19";"andyblem";"try asphalt 8 aitborne";""
"42817";"380";"Lumia 820";"";"2015-01-11 13:28";"jack";"I'v just purchased it few time, I havn't any opinion but I think it work well";""
"42818";"380";"Lumia 820";"";"2015-01-10 14:26";"Mamali";"I have this phone for almost a year but recently the screen especially at the top side becomes purple it's really annoying when I want to surf the net but in black screens it's okay. What should I do? And there are no nokia cares available in my country.";""
"42819";"380";"Lumia 820";"";"2015-01-01 15:29";"mr.peabody";"what is the so called high end mobile game you play in ur lumia phone that you have downloaded from microsoft store";""
"42820";"380";"Lumia 820";"";"2014-12-30 12:13";"Jeep";"On the repair Protocol stood Mechanical Repair";""
"42821";"380";"Lumia 820";"";"2014-12-29 13:50";"ttttttt";"Veryyyyyyyyyyyyyyyy good phone .best features . Blakeberry , nokia , apple ,sammsung phones are the best phones ever made love this companys ";""
"42822";"380";"Lumia 820";"";"2014-12-29 13:49";"9633818697";"I am using this phone for since 1 year when this phone reach my hand it had a worst phone with lot of limitations but today as the cyan update it has a good phone performance is so good 1 gb is good for all high end game.. Super camera batery last one day normal usage";""
"42823";"380";"Lumia 820";"";"2014-12-29 02:19";"";"U have any idea how they fixed it? I got an 820 and I don't want that prob";""
"42824";"380";"Lumia 820";"";"2014-12-20 18:25";"";"Hi, my lumia 820 was also dead after 6 months. I had a blue screen. I send it too Nokia via my shop. They repaired it, Since then it works perfect. Now I use it for nearly 2 years. Good luck !";""
"42825";"380";"Lumia 820";"";"2014-12-20 13:32";"Anonymous";"Had mine for 7 months..loved it. Worked flawlessly. Ran WP 8.1 for the last 3 months. Then simply got message "Error: Unable to find bootbale option". Now phone has BSOD.   In the past year this is the second WP8 device that I've had that was working fine and then just died.. previously had a Lumia 520. Both phones were new (or at least they were advertised as such).  ";""
"42826";"380";"Lumia 820";"";"2014-12-19 13:34";"nokke";"So denim is on its way but like always it in the slow nokia way they send firts to low budget then blame it on the operators. Do like apple fast as hell and it goes for every modell and no there arent bid diff betweem wp modells in lumia case ";""
"42827";"380";"Lumia 820";"";"2014-12-19 05:55";"vai";"How many update available for Lumia. 820 ";""
"42828";"380";"Lumia 820";"";"2014-12-17 19:48";"nokke";"So were is the denim update? I was hoping microsoft would be faster with the updates. Anybody knows we it will arrive?!&#128542;";""
"42829";"380";"Lumia 820";"";"2014-12-17 10:38";"";"hai nokia lumia 820 very very greate awesome";""
"42830";"380";"Lumia 820";"";"2014-12-17 02:49";"surid";"This phone is very good.but bettery is not so good.";""
"42831";"380";"Lumia 820";"";"2014-12-16 16:18";"sikander";"hai nokia lumia 820 very very greate awesome";""
"42832";"380";"Lumia 820";"";"2014-12-07 07:48";"";"Awesme product ...till 1 yr..really windows rocksssssss";""
"42833";"380";"Lumia 820";"";"2014-12-04 16:28";"Thickdickguy";"Don't dance with the haters, dancers this is a pure masterpiece of Smartphone's history. Size, Camera, touch, hardware all are very good with its price. Just only one downside is 1650 MAH battery, they could put a 2000 MAH battery. I don't think you've other options over this in its price range.";""
"42834";"380";"Lumia 820";"";"2014-12-03 22:09";"Kamal";"I've enough memory...";""
"42835";"380";"Lumia 820";"";"2014-12-03 22:08";"Kamal";"Hey brother Viraj I've been trying to get it from couple of months but no luck! It fridges everytime. I mean downloading the upgrade software. But never tried it with in charging. Is that the cause of previous failures. Someone said it needs very strong WiFi? Thanks again brother...";""
"42836";"380";"Lumia 820";"";"2014-12-03 17:41";"reza irani";"How I can install wp 8.1 in lumia 820?";""
"42837";"380";"Lumia 820";"";"2014-12-02 05:34";"viraj";"Plz have 1.5 gb memory free and plug it charge in..and then try...";""
"42838";"380";"Lumia 820";"";"2014-12-01 07:32";"jam";"Very best phone";""
"42839";"380";"Lumia 820";"";"2014-11-30 21:21";"romania_lumia820_win";"I have my lumia 820 for only a couple of days and it seems to me as a great device. Pro: Great looks  Good screen even if the rez isnt too high  Good all round camera Buttery smooth performance with the win phone 8.1 External micro sd card Free navigation without the usage of 3g/4g network Good speakers and microphone sound  Equaliser mode Cons: *Baterry life is way too short.tip:install win 8.1, check battery saver mode from settings,use the lowest brightness for the screen witch is enough for me, disable notifications,automaticaly app updates, sincronization with accounts, use the Black background not the White,not use wifi,gps,blootooth,3g/4g network only when needed. *its weight is a bit too big *its a bit chuncky compared to other devices *the front facing camera app isnt that good *the app market lacks in apps *it should have a thinner bazzel around the screen *it does not have Gorilla glass protection";""
"42840";"380";"Lumia 820";"";"2014-11-29 13:56";"Rony";"How funny ha ha really guy nice joke! :) :)";""
"42841";"380";"Lumia 820";"";"2014-11-29 01:36";"nokialover14";"The power,volume and camera buttons all start to act faulty after 4 months of usage. i have used the nokia 52 and currently using the nokia 820... it seems this issue with the button is a major fault with the nokia lumina series. with out the power button the phone is useless";""
"42842";"380";"Lumia 820";"";"2014-11-26 00:50";"Jeep";"Hi, Go to Music > X box music > collection, then you'll see :  Artists, albums, nrs. ..., and radio Good luck";""
"42843";"380";"Lumia 820";"";"2014-11-25 18:51";"collins";"while i was reading the feautres,it has fm radio.but i don't seems to see any fm radio in my nokia lumia 820";""
"42844";"380";"Lumia 820";"";"2014-11-24 05:19";"Rashi";"Why we cannot use bluetooth headset with Nokia lumia 820 to hear songs";""
"42845";"380";"Lumia 820";"";"2014-11-20 07:54";"anup";"My phone 1 year old but no any problem .lumia 820 is best phone";""
"42846";"380";"Lumia 820";"";"2014-11-13 07:12";"";"if 720 was better than 820 why on earth it would cost more.. use some common sense";""
"42847";"380";"Lumia 820";"";"2014-11-11 19:34";"Rony";"Uh no, nl830 8 mp better cam over nl720's 6.7 cam. Double ram. Full HD 1280 video. 4G support and I know there are more superior stuffs in nl820 over nl720. So whoever say opposite of it, is just a fooooool.";""
"42848";"380";"Lumia 820";"";"2014-11-10 01:42";"Jeep";"Hello, 720 has better battery,is lighter, the camera is almost the same only the 820 has more RAM (1 GB).";""
"42849";"380";"Lumia 820";"";"2014-11-09 20:05";"Anonymous";"Lumia 720 is better than 820. It has bettery camera and bigger battery. And it looks better";""
"42850";"380";"Lumia 820";"";"2014-11-09 10:26";"rRAVI";"what is code for Mosip/Mobile dialer..?/  please reply anybody..I am in Muscat Oman.";""
"42851";"380";"Lumia 820";"";"2014-11-09 05:30";"ajay";"improve battary power plllllllllllllzzzzzzzzzzzzz";""
"42852";"380";"Lumia 820";"";"2014-11-08 03:32";"sana";"im going to buy a lumia 720 is it good??? ";""
"42853";"380";"Lumia 820";"";"2014-11-07 10:28";"ersa";"Super phone....after 8.1 update..i got swipe keyboard . And top slide... Only thing is you can not hear and watch video or audio through Bluetooth head set.";""
"42854";"380";"Lumia 820";"";"2014-11-05 18:29";"Kamal";"Hi bud uhm I've reset it couple of days ago so now its full memory is free to use but still it's not working. It freezes everytime. So annoying!!! :(";""
"42855";"380";"Lumia 820";"";"2014-11-05 18:24";"Kamal";"Dear friend, would you like to tell me the hole process in details. It'll be great my friend! Looking forward to hear from you soon...";""
"42856";"380";"Lumia 820";"";"2014-11-05 15:08";"kemzy";"good phone kinda 1020 lite version";""
"42857";"380";"Lumia 820";"";"2014-11-04 09:26";"";"Just buy nokia lumia 1020.";""
"42858";"380";"Lumia 820";"";"2014-11-04 09:23";"";"try downloading. preview for developers.";""
"42859";"380";"Lumia 820";"";"2014-11-04 04:40";"swamy";"u have to have 1.5gb free space in your phone memory then try it will upgrade ";""
"42860";"380";"Lumia 820";"";"2014-10-30 02:53";"ANee";"No website bro.... Just use YouTube downloader on store... Any hd are bluray videos download..... But use any wifi... Don't use Mobile data... Dat videos saved ur sd card directly... K njoy bro...";""
"42861";"380";"Lumia 820";"";"2014-10-29 19:30";"Kamal";"Hi I live in Bangladesh. I want to upgrade my NL820 to 8.1 over WiFi, while Nokia care demands quite a big money for out of warranty period's phones. I've trying to get it over WiFi for couple of months but it doesn't work. So please tell me what can I do? Does it need a factory reset. Please let me know how I can get it.";""
"42862";"380";"Lumia 820";"";"2014-10-28 10:31";"HIFA";"Keys Don't Light Up On lumia 820, Please help me guys";""
"42863";"380";"Lumia 820";"";"2014-10-27 17:39";"neha";"My call gets disconnected in between how to correct it";""
"42864";"380";"Lumia 820";"";"2014-10-25 09:05";"";"Who told you NOKIA/MS stopped production on this phone?:))...its still in production and I am sorry for your faulty device...Everything is perfect..signal, camera, everything.";""
"42865";"380";"Lumia 820";"";"2014-10-25 08:59";"";"you do realise u had a faulty device right?...I too have this 820 and no heat, no call drop and no other bullsh*t...and I charge my phone once every 2 days so..you do the math. The experience is flawless as it was expected from NOKIA. Go back to your lagdroids";""
"42866";"380";"Lumia 820";"";"2014-10-25 08:56";"";"WP has zoom in shooting mode, volume key works perfectly fine, u can make it ring and vibrate at the same time but I'm not gonna tell u how:))...use your brain";""
"42867";"380";"Lumia 820";"";"2014-10-24 17:53";"";"Great phone but i have problem with the touch. every now and then, the phone freezes when it sleeps. the touch doesn't respond but the buttons work fine, the screen never come on. i have to do soft reset almost 10 times a day. can someone please help me?";""
"42868";"380";"Lumia 820";"";"2014-10-24 17:47";"Patric";"Great phone but i have problem with the touch. every now and then, the phone freezes when it sleeps. the touch doesn't respond but the buttons work fine, the screen never come on. i have to do soft reset almost 10 times a day. can someone please help me?";""
"42869";"380";"Lumia 820";"";"2014-10-18 08:54";"Sunil ";"Using it from 2 years... a great experience..no complain so far.  If you go for minor issues then it happens with every smartphone.  Fully satisfied.";""
"42870";"380";"Lumia 820";"";"2014-10-18 06:26";"nik_lumia";"best phone ever .....";""
"42871";"380";"Lumia 820";"";"2014-10-18 00:41";"Sourav_dv";"Hi I used this phone &#128241; from 21 months. Battery is problem but after update windows 8.1 battery is some better than older time. So happy to use this phone &#128241;. In this time period my phone is no problem and no hangs up &#128070; and camera &#128247; is better than any 8 megapixel rear camera &#128247;. So happy &#128522; ";""
"42872";"380";"Lumia 820";"";"2014-10-17 17:26";"Jarausan";"I've been using lumia 820 for 6 month and then stop using it because of its bad battery life. Upgrade to Lumia 1320 because of its great battery life.   Like any windows phone, it doesn't lag at all at my time using it. But the biggest complaints as all window phone users is always not enough app and games but if you use it for work and surfing, it work like wonders. Before using Lumia 820, I using Samsung S3 mini and after few months, it lags a looot even when I'm just surfing the internet.   I'm sticking to lumia because of its lag free advantage and yes, I know Apple also doesn't lag but its price has always been a killer.";""
"42873";"380";"Lumia 820";"";"2014-10-15 16:01";"Amol";"I am using lumia phones for more than 18 months. 820 is good phone with nice touch screen, and bing search engine but still Lumia lots of problem 1. Volume key gets hang many time. 2. Dont have zoom and video pause option is shooting mode 3. No simultaneous vibration and ring. In ringing mode.. always miss the calls. ";""
"42874";"380";"Lumia 820";"";"2014-10-14 23:48";"Tony ";"Go buy a N.l 1520/920/925/930. Your problems will be solved ok...";""
"42875";"380";"Lumia 820";"";"2014-10-14 16:08";"Boko";"Guys , i feel it's my duty to do review on this phone : I was in love with nokia phones since i spend 400$ on this L820. Here is my opinion: PROS: 1. Fine Amoled colorful display 2. 8gb and 1 gb Ram enough for smooth performance 3. After update more than solid camera  CONS : !!! 1.My friends cant hear me in first 20 s of the call 2. Display heats like hell( you can burn your finger) after short work , not to mention a little gaming !!!!!!!!! 3. I charge my phone at least 3 times a day !! Awful BATTERY !!!!! 4. When on 3g you wont be able to receive or make calls. It will show call dropped Overall rating : 3\10 NOKIA , DO STH BECOUSE THIS PRODUCT IS SHAME FOR NOKIA . Im going back to android with note 2 . Maybe will try WP IN next decade ....";""
"42876";"380";"Lumia 820";"";"2014-10-14 11:22";"rassy";"Hie guys, This is My First Time Using a Windows Phone so im still learning how To use it properly but Just a Quick question: how do i send a mp3 To someone via whatsApp coz My phone seem not To Be giving me that luxury???";""
"42877";"380";"Lumia 820";"";"2014-10-11 19:25";"Anonymous";"Its about more than a year im using 820 lumia.....its awewome.... ";""
"42878";"380";"Lumia 820";"";"2014-10-08 18:25";"Anonymous";"Bought Nokia lumia 820 in Dubai , asking for opening pin. Its in GSM mode but not opening ";""
"42879";"380";"Lumia 820";"";"2014-10-08 17:55";"Anonymous";"Bought Nokia lumia 820 in Dubai , asking for opening pin. Its in GSM mode but not opening ";""
"42880";"380";"Lumia 820";"";"2014-10-02 04:41";"bong";"Yes, Lumia 820 is a very good smart phone, simply amazing!";""
"42881";"380";"Lumia 820";"";"2014-09-30 18:04";"Rony";"Sorry to say, you're just a hater. There are about 90 percent reviews came out with complements of this phone. Many sites are there like GSM arena. 10 percent haters are not smart over 90 percent happy owners of N.L 820. I would like to say one thing to you, at first you should learn to use your smart phone properly, otherwise you would not get its best. It's a Carl Zeiss lance camera, and they are world famous professional lance maker, there are no difference between their any 8 mp camera lance. So 8 mp is its just there final 8 mp lance, you can't get better result in any 8 mp lance. We all know it's not a BSI sensor camera, it has limitations to take good low light picture, so there's we have to use the flash or high ISO and exposure setting. I never heard anywhere about your mentioned point that your L820 3g doesn't work properly in certain areas. Really there's lots of reviews where people prices its strong network coverage in any situation, may be you got a faulty device. I don't have such problem, I would say opposite of what you said, this phone got the best network coverage performance in every situation, 2g, 3g whatever it is. There's nothing to disagree here that 1650 Mah battery is not good enough but it works pretty well with its battery saver mood. Even some flagship high range handset got pathetic battery life, so what you can expect from this mid range machine. You shouldn't expect much more with a 200 US dollar phone like in a 500 US dollar phone. Lets compare other brand phones with its price, there are no 4g, no full HD video record, support, no smooth HD game performance etc.";""
"42882";"380";"Lumia 820";"";"2014-09-30 18:00";"Rony";"5";""
"42883";"380";"Lumia 820";"";"2014-09-30 14:51";"zzurra";"I have this phone and it has only one disadvantage - battery. in other cases phone is perfect: it can load any app and game with no problem; especially i want to underline the colors of display. u can compare the same pictures on lumia 820 screen and any other phone (lumia 925, 1520, galaxy S3, S4) and see the result. I can confidently say that 820 has more bright and high quality colored display, than others.";""
"42884";"380";"Lumia 820";"";"2014-09-29 20:22";"";"This phone is disgrace to Lumia family.glad nokia stopped this phone production.wp is enjoyable experience in other wp phones.This is worst phone because of worst battery life.even cheap android gives great battery life camera quality indoor is pathetic with greenish tinge.its highly overpriced mid range failure from Nokia.Nokia/MS plz don't produce such a worst battery life phone if you want wp to stay relevant.And this phone also cannot lock 3 g signal if you are in ground floor whereas my android can held its 3 g another drawback.brought it at 21200 &#8377; worst value for money.But one positive thing is it never lags or hang most of the time.Thanks to wonderful wp is.";""
"42885";"380";"Lumia 820";"";"2014-09-26 06:57";"Gabriel Botari";"I have this phone and, I strongly recomend it, very fast, multi tasking is really gret, it doesn't get any lag in anything, display even with "poor" ppi is just great, camera is amazing too, for games it's a real machine, the only thing in phone that can be considered bad is the battery, Nokia could puted a 2000mAh at last, but in general anyone who get this phone will be glad to have it";""
"42886";"380";"Lumia 820";"";"2014-09-25 03:31";"goawaymicrosoft";"unusable due to windows 8.";""
"42887";"380";"Lumia 820";"";"2014-09-24 06:57";"laurensius";"work great if you got stable (not fast) connection and it not only happen to bbm but also to all similiar app (line,wechat,skype,so on) ";""
"42888";"380";"Lumia 820";"";"2014-09-23 14:41";"";"bbm works great on it, no worries";""
"42889";"380";"Lumia 820";"";"2014-09-22 06:39";"ivy";"I am planning to buy this phone, and I want to know, is there anyone use this phone and installed BBM apps in their lumia? If you did, does the app work just fine or great or bad? thank you for your opinion before.";""
"42890";"380";"Lumia 820";"";"2014-09-20 12:10";"";"U just got a faulty device... Don't blame the entire production line for your faulty device... And the stick on your screen is not for protection, it's like a seal so u know the screen was new. Just take it off and go to a phone store and buy a new protective coat for your phone. My protective coast I'd anti glare and light reflection and it's awesome and it doesn't conflict with my sensors even if it's trapped over the sensors too";""
"42891";"380";"Lumia 820";"";"2014-09-20 12:05";"";"Just go activate kids corner and then disable it and it will work...it will say something about a live lock screen thing...if it asks, turn it off...that will solve the resuming thing for good...i had that problem too";""
"42892";"380";"Lumia 820";"";"2014-09-18 17:10";"Sundrckz";"Hi All,  Please help me. I am from india using L820, still i haven't received cyan update. Anybody who is still waiting like me. Help me how to get this update.";""
"42893";"380";"Lumia 820";"";"2014-09-17 18:37";"Rony ";"After using this sweet little thing about a year, my honest score is... 8.5/10 Why it's special: *You can record full HD video, which is just perfect, extremely sharp, colors are just perfect. *You can get best pictures with its 8mp brand Carl Zeiss lance. *Amazing touch performance, really it's very smooth. About one year now, the touch is still as smooth as like it was in first day. *No lag, no hang problem for anything anytime. *Multi tasking performance is super. *Strong build and hardware, I've dropped it couple of times, one of them was very bad, but nothing happen. It's really a good phone and I'm so happy with it...";""
"42894";"380";"Lumia 820";"";"2014-09-17 18:18";"Rony ";"Sorry, I'm using this phone about a year, it doesn't hit anytime. Actually it's normal, I mean inside your pocket everything will be heated. So don't worry just chill. Be proud you're with one of the greatest phones ever...";""
"42895";"380";"Lumia 820";"";"2014-09-17 17:06";"kk";"My mobile 820 is updated to windows 8.1 working in good condition and apps also installed well but problem is "the functioning of apps is bit slow n some errors are facing" so plz help me...";""
"42896";"380";"Lumia 820";"";"2014-09-17 03:30";"dafinest";"guys is there something like a download manager for windows phone or something like mobogenie";""
"42897";"380";"Lumia 820";"";"2014-09-17 03:16";"dafinest";"guys this phone is great just that mine tends to just heat in the pocket any idea what the problem is";""
"42898";"380";"Lumia 820";"";"2014-09-15 07:28";"Anonymous";"I have it since 13 month,using it all features,updated to 8.1 cayan,never ever faced any problem...";""
"42899";"380";"Lumia 820";"";"2014-09-12 11:14";"";"I think it's Price Group is wrong .Is it ?";""
"42900";"380";"Lumia 820";"";"2014-09-11 15:11";"chinki";"You can set storage to SD card all the apps and photos . i have820.1 its amazing ";""
"42901";"380";"Lumia 820";"";"2014-09-11 04:23";"MJF";"After update my 820 to WP8.1. It will show resuming each time i want to use it. Any idea or recommendation to solve this issue? thank you.";""
"42902";"380";"Lumia 820";"";"2014-09-11 03:24";"pyjujiop";"WP 8.1 uses 2.23 GB of storage on my 820.";""
"42903";"380";"Lumia 820";"";"2014-09-05 18:11";"Abhi";"Hey just goto phone settings and click on email account and synchronize ur microsoft account... Thats it...";""
"42904";"380";"Lumia 820";"";"2014-09-04 19:50";"mo";"hw is lumia 820, ..  shall i get dis . . .";""
"42905";"380";"Lumia 820";"";"2014-09-03 05:48";"";"how much storage is used to install windows phone 8.1 into lumia 820? because my phone storage eat up to 3Gb.";""
"42906";"380";"Lumia 820";"";"2014-09-02 23:43";"Anonymous";"But my one dropped 2-3 times, but nothing happen. I'm lucky here... :)";""
"42907";"380";"Lumia 820";"";"2014-09-02 13:21";"Doni";"I have this phone almost 1 year and I am more than satisfied phone is just great, work fast and smoth. I updated him on win 8.1 with no problem and it work even better. Also I have nexus 4 who is great but wp is much better then android. ";""
"42908";"380";"Lumia 820";"";"2014-09-01 09:40";"Anonymous";"Nightmare! The display screen has been broken twice, both times it was a fall from not more than 3 and 1 feet height. So that's &#8377;4200 x 2 overhead during first year of purchase. The second time i got it back from nokia care, they put on a cheap stick for screen protection, now the screen goes off as soon as i dial or on a call such that i cannot even disconnect it. On top of this, battery backup has gone down to 2-3hrs only if i play music. Oh almost forgot, after first service from nokia care, the camera came off the handset. Using cello tape to keep it attached.";""
"42909";"380";"Lumia 820";"";"2014-08-31 17:55";"Anonymous";"hey guys, i just updated my lumia 820 in india to WP 8.1 after update none of the apps is working. i uninstalled all apps and tried to install them on SD card but not a single app is getting installed. every app/game is giving the same error as "we're having trouble installing this app. If you are trying to update an app and the problem continues, you might need to uninstall the app and then install it again".  i even tried to install app from sd card, but no app on sd card is appearing in local storage in store.  as such sd card is working fins and my music, videos and pictures are working firn.  pl help....";""
"42910";"380";"Lumia 820";"";"2014-08-30 17:14";"820 owner";"There are TWO parts    The first part is relativly small and take about 30 minutes size UNKNOWN I knew that is was too quick to be the full update it is infact ##Microsoft update 8.0.10521.155##  Windows phone update 8.0.10532.166 is the biggie  THE TOTAL PHONE UPDATE IS HUGE 859MB data par 2 takes time  I have DATASENSE, and that is the final figure I did accurately time the second part  60 minutes to 'download' *** 32 minutes 'preparing to install' 27 minutes to 'install' 13 minutes to complete a '19 step migration'  IDK why but after this 10 apps needed to be updated although I was already up to date!  Also prior to the update I checked my Maps (UK ALL) and they were up to date, and yes you've guessed it after....  *** if you interrupt this stage you have to start again ";""
"42911";"380";"Lumia 820";"";"2014-08-30 16:45";"820 owner";"The 820 is the better phone the 625, ONLY slight advantage is the marginally bigger screen everything else is the same or less especially RAM, 820 las wmore 4G LTE world coverage   It should come with wireless charging ability but you will have yo buy the wireless charger";""
"42912";"380";"Lumia 820";"";"2014-08-29 18:26";"webstyler";"1st part is just 5 mb. 2nd part is 486 mb.";""
"42913";"380";"Lumia 820";"";"2014-08-28 19:18";"Anonymous";"What country are u. In ";""
"42914";"380";"Lumia 820";"";"2014-08-28 15:32";"marioleons";"Please try to clarify the versions available for this model, not all 820 have 5 bands for LTE.";""
"42915";"380";"Lumia 820";"";"2014-08-28 09:54";"lumia 820 User";"If I am not Wrong, Its around 700MB. Its two part. So two times you have to install. Its take some time, but worth waiting. Enjoy... ";""
"42916";"380";"Lumia 820";"";"2014-08-28 06:43";"Pankaj";"update is taking almost 3 hours to complete. But after update store is not working properly.";""
"42917";"380";"Lumia 820";"";"2014-08-27 22:14";"";"How big is the Lumia Cyan update in MB size?";""
"42918";"380";"Lumia 820";"";"2014-08-27 13:26";"Anonymous";"yes";""
"42919";"380";"Lumia 820";"";"2014-08-27 13:19";"surya";"Finally 8.1 got loaded ....hasshhh awsummm...totally new look";""
"42920";"380";"Lumia 820";"";"2014-08-27 09:32";"redcowsuit";"if anyone out there has a wierless charger can u pls tell me if its worth geting one . thx";""
"42921";"380";"Lumia 820";"";"2014-08-27 07:24";"";"I just got my Lumia 820 a couple of days ago and after many updates i got to 8.1 and it's gorgeous. I recommend this product to every one. Windows Phone it's AMAZING";""
"42922";"380";"Lumia 820";"";"2014-08-27 00:17";"NokiaFan";"Finally got Lumia 820 today in UAE, Feels good and Awsome ";""
"42923";"380";"Lumia 820";"";"2014-08-27 00:15";"POL BURUWA";"its got a bluray+dvd writer";""
"42924";"380";"Lumia 820";"";"2014-08-26 21:58";"Lumia 820 User";"Guys, after a long months of waiting I finally got update 8.1. Its awesome.  Ren ";""
"42925";"380";"Lumia 820";"";"2014-08-26 14:15";"Buruwa";"Does it have a dvd writer....";""
"42926";"380";"Lumia 820";"";"2014-08-26 12:19";"jinihub";"Hey, Recently made it dual Boot, Working perfectly with both OS, it is just perfect for webserver, Phone website got hit 3K user and guess what, it is able to serve, Thanks for such a robust HW, Galilioa added the location service very quick, leaving behind those Old days GPS , Glonass and blah blah, remote charging made it quick (5 Min) and easy, Need not to connect and as it is standard, I get charging tray on my bus, bus stand.";""
"42927";"380";"Lumia 820";"";"2014-08-25 13:17";"israel lover";"I'm using the phone for almost half a year. Till now no problems at all never got stuck runs perfectly. The only big problem that the phone has is when you make or receive calls sometimes the people in the other side can't hear you for the first seconds but then it gets better, I'll Hope Nokia will fix that bug in the cyan update. despite that its a great phone";""
"42928";"380";"Lumia 820";"";"2014-08-25 13:02";"gerrard";"does it have android";""
"42929";"380";"Lumia 820";"";"2014-08-25 10:00";"redcowsuit";"im getting a nokia lumia 820 in a few days from what ive heard its a good phone. my question is a nokia lumia 625 overall better than 820?";""
"42930";"380";"Lumia 820";"";"2014-08-25 09:35";"";"same here. own a Lumia 820. the camera is not even. the right side there is like pop out one. asked the nokia care but he said normal and ok. ridiculous.";""
"42931";"380";"Lumia 820";"";"2014-08-25 05:48";"Lumia820 guy";"Yes,this device was good.Lumia's brand was good on WIFI. With internet speed control from 2G,3G & LTE.";""
"42932";"380";"Lumia 820";"";"2014-08-24 18:22";"Rony";"Yes they are there...";""
"42933";"380";"Lumia 820";"";"2014-08-24 04:51";"";"The camera lens? If it's mis aligned, what happens to your photos? Or videos? ";""
"42934";"380";"Lumia 820";"";"2014-08-24 03:00";"Anonymous";"Its a good phone, but I think my unit have some factory defect. The lens is not perfectly designed...it is uneven and you could really notice it. For a while I thought it is normal, but when I double check with other supplier, theirs have perfectly fitted lens at the back...My supplier (tech box, Philippines) said its normal and their other stock have the same built.....";""
"42935";"380";"Lumia 820";"";"2014-08-23 12:19";"abudabi";"is nokia lumia 820 have internet sharing or wifi hotspot?";""
"42936";"380";"Lumia 820";"";"2014-08-23 11:49";"Lumia 820 User";"Yr ryt. I am also waiting for it for long time. Daily checking for update. Atleast five times a day. Lumia 920 and Lumia 820 both having the specs. But still it is left out. ";""
"42937";"380";"Lumia 820";"";"2014-08-23 11:46";"Lumia 820 User";"The clarity of front cam is only good for video calling.  Its only 0.3 mega pixel. ";""
"42938";"380";"Lumia 820";"";"2014-08-22 16:55";"Tutul";"Whats the quality of its front camera??";""
"42939";"380";"Lumia 820";"";"2014-08-22 15:44";"vin";"pretty unfair for both devices. both have higher config than 520, 720 and 620 but still they are receiving update after them ";""
"42940";"380";"Lumia 820";"";"2014-08-22 14:51";"Nirmal";"Badly waiting for Cyan Update. Only 525 & 820 are left to get the update in India. :(";""
"42941";"380";"Lumia 820";"";"2014-08-21 00:23";"Rony ";"Little hard to remove the battery like many other phones, there's a about 4 inches single manual page in the box with directions how to remove it. You have to use just only your fingers for it. The thing is I don't use it often. The better option is carry a small charger with (don't know about wear less charging).";""
"42942";"380";"Lumia 820";"";"2014-08-20 00:34";"Aadrian";"Yes it has a VGA front facing camera. ";""
"42943";"380";"Lumia 820";"";"2014-08-20 00:33";"Aadrian";"I don't know about the Lumia 820 battery but it's easy to replace the old one for a new battery when you need it. ";""
"42944";"380";"Lumia 820";"";"2014-08-19 09:30";"Rdshingte";"Nice phone. I used this phone for 1 year good performance. Only the problem is with External card. If you insert the 16/32 GB Card it will show single song multiple time in playlist. Same with Video file, single video file will display multiple times in list.  ";""
"42945";"380";"Lumia 820";"";"2014-08-18 12:44";"riz";"is that have front camara ";""
"42946";"380";"Lumia 820";"";"2014-08-17 21:04";"Rony";"No gorilla glass, and may be 1650 Mah battery is not that attractive but I'm using it near a year, I'm so happy with it. It works fine all the time. I dropped it couple of times badly, no single problem (I use screen protector). So I don't have any regret for a gorilla or monkey glass whatsoever. I use battery saver mode which. The thing is I don't think there's any big screen smart phone which can last more then six hours with a strong use like net surfing, gaming etc.";""
"42947";"380";"Lumia 820";"";"2014-08-17 11:08";"Bogdan";"1) battery lasts a day of active use or two days not very active 2) no Gorilla Glass";""
"42948";"380";"Lumia 820";"";"2014-08-17 00:00";"";"I'm interested in buying this phone but I have some questions: 1.How good is the battery life? 2.Do it have Corning Gorilla, because gsmarena don't say. ";""
"42949";"380";"Lumia 820";"";"2014-08-16 20:15";"zaidoo18";"lumia 820 is very good phone but there some problems in this phone make me to sell it, like : the phone doesn't work good in cold climate . and sometimes the signal doesn't exist in good area or any place . and the last problem is the camera after 6-7 months the camera quality is no like 8mp ...etc   but there is some benefits make me to buy it at first :) and what i am saying again the phone is really good    if any one love nokia lumia or he want to buy lumia 820 i advise you to be very careful when you use this phone even do not drop the phone in any case ";""
"42950";"380";"Lumia 820";"";"2014-08-16 06:02";"";"Yes, One of the most reliable one.";""
"42951";"380";"Lumia 820";"";"2014-08-14 17:28";"abu";"want to ask is nokia lumia 820 have internet sharing / wifi hotspot? ";""
"42952";"380";"Lumia 820";"";"2014-08-12 15:13";"nokke";"The f...ing cyan is not heading to our 820 it has been out for three months for developer and still nokia site says it under testing all i say is learn from apple they know how to update there thing get real nokia / microsoft";""
"42953";"380";"Lumia 820";"";"2014-08-11 15:48";"lucky";"was ur phone locked to any carrier in UK if yes then u need to unlock ur Phone if no then u need to change the mode of signal reception from 3G to edge because 3G network may be weak in ur area. further unlocking details u can google the topic.";""
"42954";"380";"Lumia 820";"";"2014-08-08 22:27";"rinki";"Windows Phone India has shared the expected arrival of Windows Phone 8.1 for Lumia handsets within India.  Lumia 520 expected August Lumia 1020 expected August Lumia 920 expected September Lumia 820 expected September Lumia 720 expected September  Lumia 620 expected September Lumia 525 expected September  More information go to:­";""
"42955";"380";"Lumia 820";"";"2014-08-08 08:47";"mama ";"i accidentally dropped my phone yesterday. this morning, the screen went missing.. no screen to touch..though it still ring when there's a call. is it expensive to repair here in Kuala Lumpur? ";""
"42956";"380";"Lumia 820";"";"2014-08-07 21:30";"avinash";"my wp lumia 820 is superb but the problem is i bought it frm UK and now in India my phone not able to detect the network signals...:(  somebdy please help me....";""
"42957";"380";"Lumia 820";"";"2014-08-07 15:35";"";"I'm sorry alex for your inability to take care of your phone. What are u 5 to drop it? you have rubber hands? And yes, the display cracked because of the rigid wood surface and the fact that the bigger the display the bigger the crack risk because it gets more flexible";""
"42958";"380";"Lumia 820";"";"2014-08-06 17:00";"";"yes it's still very good even after almost two years old now coz they future-proofed it with 1gb ram. the camera is excellent even though it's not pureview and you will be surprised that video recording quality is actually better than photo quality. though the screen is weak as i have scratches coz i never use protector on my phones. i wanna know how tough really are phones are. and it also just yesterday got an update so it's really way better now and it's like brand new.  but i suggest if you really like the 820 you can actually compare it with the lumia 822 coz it's slightly better than the 820. has more internal storage and the 820's front cam is just a joke. i hate it. good luck.";""
"42959";"380";"Lumia 820";"";"2014-08-06 00:41";"";"Sure bro,what price you getting it at ?";""
"42960";"380";"Lumia 820";"";"2014-08-05 23:24";"Laxman Sharma";"1. Nokia 3200 (2004-2006) 2 years 2. Nokia N91 (2006-2011) 5 yrs 3. Samsung Galaxy 2 (2011.. only 6 months with n91) 4. Nokia Lumia 900(2012-2013) after that gifted to bro 5. Nokia Lumia 820 (Jan 2013--20 months still with me may be it will break my 91's record) only once i used samsung phone and that was super phone but i returned back to NOKIA ... the nokia fan will understand              ";""
"42961";"380";"Lumia 820";"";"2014-08-05 07:35";"";"guys I think microsoft resolved bitlocker issue which halted preview users to get cyan.. now no need to downgrade to wp8 to get cyan..";""
"42962";"380";"Lumia 820";"";"2014-08-05 06:03";"Shifa";"I m thinking of buying.ths phone....shud I go fr ths";""
"42963";"380";"Lumia 820";"";"2014-08-03 00:36";"";"Bla bla, go crying somewhere else. This phone was designed before Nokia was bought by Microsoft. Honestly... Most smartphones can't take drops and stay alive. I see plenty of iPhones and Galaxy with broken glasses/screensso what's your point? Learn to take care of your phone, get a good case for it and you're set.  Regarding WP, you should have done research before getting this OS. Just like you said, apps to SD are now possible with WP8.1 so I don't see what's wrong with it.  ";""
"42964";"380";"Lumia 820";"";"2014-08-02 15:07";"nokke";"when when when cyan update is not for my 820 Why Why Why how hard could it be relese it now please";""
"42965";"380";"Lumia 820";"";"2014-07-31 22:39";"";"BBM looks great on this device....";""
"42966";"380";"Lumia 820";"";"2014-07-31 09:57";"Alex";"Bad Hardware quality. My Lumia 820 dropped from about 70cm on a wooded floor and the Display crashed(not the glass, the Display inside). This is not Nokia quality that I knew! My last 5 smart-phones were Nokia and I had no HW problem with them. Now since Microsoft bought Nokia it seems that quality was left behind... Also the WP8 OP is really a crap, there are some unbelievable missing feature like installing apps/games on SD-card. Most of these problems will be fixed in WP8.1, but too late, personally I am done with Nokia even I was a big Nokia fun. My next phone for sure will not be Nokia.";""
"42967";"380";"Lumia 820";"";"2014-07-30 01:35";"rochee";"Lumia 820 good phone but batry could be little more bigger";""
"42968";"380";"Lumia 820";"";"2014-07-26 15:24";"";"your mini review of this is really good. you should do a more detailed review once cyan is out but the dev preview i have might just be almost just exactly like cyan, so... yes, you are very right about the loudness of calls but it's really odd coz on viber calls it is loud compared to network-based calls. have you tried that?  skype voice calls are also not loud enough. the camera is more than enough for me i don't miss my 808 anymore though i still bring the 808 on special occasions just in case and my favorite part of the 820 too is the wifi signal is just strong. and of course i have 3 spare batteries when i'm really out on a long bike ride and staying in hotels. hotels have chargers anyway so i don't bring chargers of course. i dont wanna be a wall hugger haha";""
"42969";"380";"Lumia 820";"";"2014-07-24 21:43";"jmason";"This is an excellent phone. It picks up WiFi from long distances, being its a phone. Some people say they don't hear me loud on a call other than that, its a great phone. The software is nice. I dislike the way it receives calls and dials, for example you must save a contact's number saved with the area code (even locally), otherwise it won't show caller ID properly. Likewise, if you dial without area code, it won't show who you are calling.  Overall, its reliable, has decent cameras and it is a good buy.";""
"42970";"380";"Lumia 820";"";"2014-07-22 18:15";"nokke";"Were are cyan update still waiting";""
"42971";"380";"Lumia 820";"";"2014-07-19 19:18";"";"You can get the update joining the preview for developers programme. Simply download "preview for developer" from the store. Then login into this.";""
"42972";"380";"Lumia 820";"";"2014-07-16 06:43";"Nirmal";"Microsoft has started rolling out Windows Phone 8.1 Update (for Nokia it would be Lumia Cyan Update). Track the availability of Updates in the following link:    In India, Lumia 925 & 625 has already recieved the updates. Expecting update to hit 820 with a week or so. ";""
"42973";"380";"Lumia 820";"";"2014-07-16 01:16";"Lumia 820 User";"Guys check it out...    Alryt...";""
"42974";"380";"Lumia 820";"";"2014-07-15 15:31";"";"Ask your phone operator if they have lte or 4g in your area. If none you'l only get 3g signal";""
"42975";"380";"Lumia 820";"";"2014-07-15 13:40";"ran-mia";"My phone ie not have the 4G feture only have the up to 3G , ? Why is that ";""
"42976";"380";"Lumia 820";"";"2014-07-14 06:32";"Lumia 820 Users";"What?... Is it true... I thought that will get it by end of July or before... As I used lumia 630, loved the new 8.1 software...cant wait to install on my phone...No doubt it will be Awesome...";""
"42977";"380";"Lumia 820";"";"2014-07-13 10:32";"Three";"Good phone  Win 8.1 i dont think we see it until september oktober ..";""
"42978";"380";"Lumia 820";"";"2014-07-13 10:17";"";"It has notification bar. Just update your phone to windows 8.1";""
"42979";"380";"Lumia 820";"";"2014-07-12 22:05";"bardan";"actually no candy crush app in lumia ; but you can get similar apps or you can play super crash as like as candy crush !";""
"42980";"380";"Lumia 820";"";"2014-07-10 12:39";"";"Please add a notification bar. Its easy to use. Sometimes we missing notifications ";""
"42981";"380";"Lumia 820";"";"2014-07-10 12:30";"";"Such a good mobile. But we can't move apps to SD card. And when we get the new 8.1 windows update ";""
"42982";"380";"Lumia 820";"";"2014-07-09 19:37";"";"I haven't got any problems with the start button. How do you put the power on ? I almost never use the start button, tap 2 times to wake up the phone. But when I have to use it it works well.";""
"42983";"380";"Lumia 820";"";"2014-07-08 06:39";"Anonymous";"I bought this phone 15 months and has serious problems with the on-button. The button can not bring on the home screen. Is this common to all these type phones?";""
"42984";"380";"Lumia 820";"";"2014-07-06 07:18";"";"New lumia 830 image revealed with 13mp pureview rear cam with carl zeiss lens. also new branding shown on this phone which is "NOKIA by Microsoft ".  ";""
"42985";"380";"Lumia 820";"";"2014-07-04 16:18";"logu";"Yes, its 8.1 update. But its not official update. You can update devs preview of 8.1. If u will wait for end of July, you can get official update of WP 8.1. Which is called cyan update.";""
"42986";"380";"Lumia 820";"";"2014-07-04 13:39";"arun";"This is the most excellent phone I've ever used.waiting for wp8.1 update  ";""
"42987";"380";"Lumia 820";"";"2014-07-03 18:34";"";"yes you can";""
"42988";"380";"Lumia 820";"";"2014-07-03 06:27";"";"is there update available for lumia 820 i am from INDIA when i check for up dates its your device is upto date but still in windows 8.0";""
"42989";"380";"Lumia 820";"";"2014-07-02 18:01";"kathi";"can v play candy crush on this lumia????";""
"42990";"380";"Lumia 820";"";"2014-07-02 14:30";"";"dude on adDuplex database new upcoming devices codenames r spotted.. in this list nokia RM- 983/4/5 is spotted which is definitely a lumia 720 successor.. I think 730/730..  it hav 5" hd clearblack screen, 8mp rear cam with same low light imaging n carl ziess lense.. and led flash, front cam, 1gb ram, wp8.1 preloaded.. so I recommend u to wait few days until device get launch..";""

