"35428";"335";"Lumia 630 Dual SIM";"";"2015-01-19 17:35";"Hemraj ";"I purchased Lumia 630 in &#8377;8130 then price &#8377;7650 so I have lost some money but next week my phone is shown only blue screen .then I return my phone in next week.again next week RC the phone (flipkart).but my phone is working good but I upload facebook photos my phone is hanged and restart.plz help how can do....................";""
"35429";"335";"Lumia 630 Dual SIM";"";"2015-01-19 16:44";"salman";"tell me about voice quality does it has any problem during call?";""
"35430";"335";"Lumia 630 Dual SIM";"";"2015-01-19 09:01";"SAJ";"With 3G normal back up 1 day only but if you use FB 3 hours its drain and take hardly 8 hours but normally works good and charging time 90 minutes to finish charge.  Regards";""
"35431";"335";"Lumia 630 Dual SIM";"";"2015-01-18 14:14";"salman";"yes,all windows phone8.1 will get window10 update soon";""
"35432";"335";"Lumia 630 Dual SIM";"";"2015-01-17 17:36";"Anonymous";"There is call waiting :)";""
"35433";"335";"Lumia 630 Dual SIM";"";"2015-01-17 12:49";"jayaraj.f";"in lumia630 there is no voice recorder and no call wating option.";""
"35434";"335";"Lumia 630 Dual SIM";"";"2015-01-17 06:55";"";"yes! I could, and i'm very proud of my Lumia630. fast and fluid OS, elegant, decent battery life, one of the best 5mp shooter, nice screen (except maybe PPI, but tolerable). all in all, value for money... bought brand new for only Php4,500.00 upon meet up. tsamba! ";""
"35435";"335";"Lumia 630 Dual SIM";"";"2015-01-16 10:01";"Anonymous";"Yeah this thing can't even handle its own apps. The Microsoft apps constantly crash on opening... Gets pretty annoying.";""
"35436";"335";"Lumia 630 Dual SIM";"";"2015-01-15 16:15";"";"Still buy it..its display, battery life, performance its design have no competitors and get in white only...  Display and battery is worth all phones in this range";""
"35437";"335";"Lumia 630 Dual SIM";"";"2015-01-15 03:56";"Sahil";"It's price shouldn't be more than Rs.6000 without flash and front camera and only 512mb ram.  NokiaX2 has everything in similar price range though its android but very good phone. LG, Samsung has better phones too in similar range. Even like Asha503 has better specs than this phone. What a shame.  Company should drop its price soon to get market or it's going to become scrap in shops.";""
"35438";"335";"Lumia 630 Dual SIM";"";"2015-01-14 11:14";"sachin.D";"Could u imagine Windows phone without...  camera flash and front camera!";""
"35439";"335";"Lumia 630 Dual SIM";"";"2015-01-14 09:03";"cijin";"I'm using Lumia 630 for the past 7months...... This is such an awsome phone comparing with the others of the same cost... Still i luv it.... Winsows phones are much better than android....  Does lumia 630 WP8.1 get any new update???";""
"35440";"335";"Lumia 630 Dual SIM";"";"2015-01-12 08:55";"Anonymous";"lacks front camera and flash, not too good for the phone. ";""
"35441";"335";"Lumia 630 Dual SIM";"";"2015-01-07 16:39";"ram";"1. over heating while on voice call 2. bad Bluetooth connectivity with adp stereo headsets  3. main speaker bursts some times while phone rings 4. low battery (as mention 16H) but need to charge 2 times a day :( 5. some times zoom out screen, unable to operate need to remove battery forcibly  6. toooo much of heating on overall work ";""
"35442";"335";"Lumia 630 Dual SIM";"";"2015-01-07 15:35";"juntao";"Nokia lumia has a range of good phones but luck front camera its a shame ";""
"35443";"335";"Lumia 630 Dual SIM";"";"2015-01-07 15:33";"juntao";"Nokia lumia has a range of good phones but luck front camera its a shame ";""
"35444";"335";"Lumia 630 Dual SIM";"";"2015-01-06 08:38";"vikas gurjar";"nice phone.................";""
"35445";"335";"Lumia 630 Dual SIM";"";"2015-01-05 09:20";"VNR";"Too good a phone for its price. You can't expect better than this in Nokia and / or any other brand for this price. Everyone is going to have different perception, opinion and experience. A negative experience does not mean the product is bad as someone else has altogether a different experience ";""
"35446";"335";"Lumia 630 Dual SIM";"";"2015-01-05 07:41";"anig";"nice.specs..but.its sad coz it has no front cakera.. why.? ";""
"35447";"335";"Lumia 630 Dual SIM";"";"2015-01-04 20:46";"";"no, don't get this phone. there are other phones with better specs at the same price. i should know. i used to own one. for the price comparable to lower-mid level android OS phone, you don't get much. no proximity sensor. no LED flash. no front facing camera. only half gig of memory. and there're no significant apps available. no native youtube app. gmail, etc.";""
"35448";"335";"Lumia 630 Dual SIM";"";"2015-01-03 14:38";"amit kumar";"should i buy this phone";""
"35449";"335";"Lumia 630 Dual SIM";"";"2014-12-31 18:19";"abhi";"Lol ...evry1 is being fooled then!! :-D ";""
"35450";"335";"Lumia 630 Dual SIM";"";"2014-12-29 10:06";"creep";"True .. Just changed it .. Very expensive ";""
"35451";"335";"Lumia 630 Dual SIM";"";"2014-12-29 04:11";"nick";"you're ignorant gorilla is tough ";""
"35452";"335";"Lumia 630 Dual SIM";"";"2014-12-28 20:57";"yogesh";"mee too looking for that !";""
"35453";"335";"Lumia 630 Dual SIM";"";"2014-12-26 22:31";"piyush";"corning gorila glass is fake ,,it will easily break the glass of this phone";""
"35454";"335";"Lumia 630 Dual SIM";"";"2014-12-26 14:04";"barath";"Quick play is also nice to view hd videos ";""
"35455";"335";"Lumia 630 Dual SIM";"";"2014-12-25 15:08";"jivit";"How is Nokia 630 is superior by price, app version, memory matter ,battery matter to other leading smart phones available in Mumbai.";""
"35456";"335";"Lumia 630 Dual SIM";"";"2014-12-24 18:44";"raju";"very gud this phone";""
"35457";"335";"Lumia 630 Dual SIM";"";"2014-12-24 00:33";"khaled";"I have I very fast phone the display look very nice I love this phone ";""
"35458";"335";"Lumia 630 Dual SIM";"";"2014-12-22 12:54";"avi";"Your phone is having problem my Lumia 630 is working without any issue ........ Best phone &#128241; ";""
"35459";"335";"Lumia 630 Dual SIM";"";"2014-12-22 12:52";"avi";"Best device under 10 k. I have  grat experience with this device my best smartphone no lag when I compare to micromax canvas elanza camera to Lumia camera I got better result in Lumia camera &#128247;. And the ui is lag free best phone for above casual user ";""
"35460";"335";"Lumia 630 Dual SIM";"";"2014-12-20 19:27";"n";"as far now and according to me  Best player for WP is  Moli Player - paid version CC Player - free version .......... VLC is on the way dude until use above mentioned players.. :)";""
"35461";"335";"Lumia 630 Dual SIM";"";"2014-12-20 14:55";"rohitha";"How to switch on wifi direct, and share videos by wifi derect?";""
"35462";"335";"Lumia 630 Dual SIM";"";"2014-12-20 14:42";"rohitha";"How to switch on wifi direct, and share videos by wifi derect?";""
"35463";"335";"Lumia 630 Dual SIM";"";"2014-12-20 11:23";"Josh";"How can I update my phone using laptop?? Not having any Wifi only through wired internet connection?? ";""
"35464";"335";"Lumia 630 Dual SIM";"";"2014-12-20 10:13";"jack";"I dont knw y bt my phone cant send messages pliz help";""
"35465";"335";"Lumia 630 Dual SIM";"";"2014-12-20 04:42";"Picku";" Cortana is available for US phones with the 8.1 update, but I think Cortana is available to Canadian windows phones in the windowsphone 8.1 update, which is an update to the windows phone 8.1 update (confusing, isn't it?).     You may not have gotten that update yet.... go check the OS version that is now running on your phone by going to Settings > about > more information > what is displayed next to "OS version?" Your phone needs to show at least OS version: 8.10.14141.167, 8.10.14147.180, 8.10.14157.200, or 8.10.14176.243 to have Cortana.    You can try changing the phone's regional settings to the US to see if that gives you Cortana now.  Microsoft MVP Windows Phone Consumer";""
"35466";"335";"Lumia 630 Dual SIM";"";"2014-12-18 15:04";"krunchy";"its not yet rolled out for this device dude....";""
"35467";"335";"Lumia 630 Dual SIM";"";"2014-12-18 14:06";"saurabh";"M getting very lag on my Lumia 630, while playing subway surfers,temple run2,etc. Internet explorer automatically closed on watching video, nd phone freezes . Sometimes phone gets restart. On start screen when I scrol up down its break. So plz help me nd my battery down  10% in 35mints on mobile data .";""
"35468";"335";"Lumia 630 Dual SIM";"";"2014-12-18 13:57";"saurabh";"No, cortana is not available in India , u can change ur region to united states nd then download language , speech etc. Over wifi or mobile data ";""
"35469";"335";"Lumia 630 Dual SIM";"";"2014-12-18 07:02";"630";"is anyone got denim update for 630 in india?";""
"35470";"335";"Lumia 630 Dual SIM";"";"2014-12-17 12:29";"";"Which video player is best for 630?";""
"35471";"335";"Lumia 630 Dual SIM";"";"2014-12-16 18:30";"raaj";"I m facing same problem ";""
"35472";"335";"Lumia 630 Dual SIM";"";"2014-12-16 15:49";"Anonymous";"is there flash in it";""
"35473";"335";"Lumia 630 Dual SIM";"";"2014-12-15 08:49";"Saurav";"Very nice phone....good btry backup...no hang problem..good camera....";""
"35474";"335";"Lumia 630 Dual SIM";"";"2014-12-15 06:26";"mark";"bought last july 2014 long battery life. average 7 days- about 20 text per day and 1 episode of anime per day. you can mute threads, block numbers, assign call and text tone to each contact number. very responsive touch screen. average quality camera.";""
"35475";"335";"Lumia 630 Dual SIM";"";"2014-12-14 18:46";"Yassar";"My Lumia 630 Rocks performance wise. I have installed 15+ games including Asphault 8 and everyday apps but i really feels Windows 8.1 is Stable on this handset. Good battery backup on 3g. I had to compromise for front cam & flash, else its the best.";""
"35476";"335";"Lumia 630 Dual SIM";"";"2014-12-14 17:15";"Anonymous";"its good device,just lack led flash and front cam";""
"35477";"335";"Lumia 630 Dual SIM";"";"2014-12-14 11:49";"Anonymous";"I want to buy a Lumia 630 DS. Is it a good smartphone? Pls advice.";""
"35478";"335";"Lumia 630 Dual SIM";"";"2014-12-13 18:33";"";"1. over heating while on voice call 2. bad Bluetooth connectivity with adp stereo headsets  3. main speaker bursts some times while phone rings 4. low battery (as mention 16H) but need to charge 2 times a day :( 5. some times zoom out screen, unable to operate need to remove battery forcibly  ";""
"35479";"335";"Lumia 630 Dual SIM";"";"2014-12-12 22:53";"George";"Over heating what will i do , while making avoice cALL";""
"35480";"335";"Lumia 630 Dual SIM";"";"2014-12-11 15:55";"Anonymous";"Wht price yaar?";""
"35481";"335";"Lumia 630 Dual SIM";"";"2014-12-08 13:02";"priya";"Awesome phone I loved it, go for it";""
"35482";"335";"Lumia 630 Dual SIM";"";"2014-12-08 09:40";"Boblee";"All good except battery backup :(  ";""
"35483";"335";"Lumia 630 Dual SIM";"";"2014-12-07 21:16";"Lamorde";"What a handy device ! I am pleased to pick this device as a mobile phone.";""
"35484";"335";"Lumia 630 Dual SIM";"";"2014-12-07 21:11";"kam";"Bro its will work in India as well If you change your location and language to US...i did myself and it's work ...i shm from Pakistan..";""
"35485";"335";"Lumia 630 Dual SIM";"";"2014-12-07 21:10";"Lamorde";"What a handy device ! I am pleased to pick this device as a mobile phone.";""
"35486";"335";"Lumia 630 Dual SIM";"";"2014-12-07 21:09";"Anonymous";"What a handy device ! I am pleased to pick this device as a mobile phone.";""
"35487";"335";"Lumia 630 Dual SIM";"";"2014-12-07 10:09";"sathyanarayanan";"I am first time buy so how is this phone ";""
"35488";"335";"Lumia 630 Dual SIM";"";"2014-12-07 05:46";"surya";"Awesome mobile at this price range. NOKIA'S Lumia.";""
"35489";"335";"Lumia 630 Dual SIM";"";"2014-12-06 17:40";"Aman";"Cortana is for us region; not for Indian region. Your phone &#128241; isn't fake. &#128522; ";""
"35490";"335";"Lumia 630 Dual SIM";"";"2014-12-06 13:19";"";"in my experince it hangs in very heavy use,but it very smooth in moderate use";""
"35491";"335";"Lumia 630 Dual SIM";"";"2014-12-06 13:15";"";"cortana in US region only";""
"35492";"335";"Lumia 630 Dual SIM";"";"2014-12-06 12:22";"Anonymous";"Store isnt opening since the day I bought it! ";""
"35493";"335";"Lumia 630 Dual SIM";"";"2014-12-05 18:54";"priya";"frends, i bought lumia 630 last day by snapdeal but in my lumia630 box have one earphone and phone does not have cortana , so i have doubt that it is original or fake lumia phone , plz help me ";""
"35494";"335";"Lumia 630 Dual SIM";"";"2014-12-05 16:20";"Tani";"does it hang alot???";""
"35495";"335";"Lumia 630 Dual SIM";"";"2014-12-05 06:38";"Haris Khan";"There is no doubt that windows phones are best but the apps available in store are not up to mark like i have installed latest version of Facebook but it lacks many options like i cant get all posts on my news feed from my all friends secondly if someone comments any animated sticker it also not visible secondly no video sharing through Facebook Messenger as it supports in all Androids and Apple.....Another thing to mention that in Whatsapp there is also no music and voice file sharing, My suggeestion is if they want the windows mobiles becomes most popular then they have to work on this on very urgent basis. Thanks";""
"35496";"335";"Lumia 630 Dual SIM";"";"2014-12-04 09:35";"yashu";"Guyz does anyone updated to denim, If did pls tell me the process ....";""
"35497";"335";"Lumia 630 Dual SIM";"";"2014-12-03 19:06";"adarsh";"Awesome phone, in unbelievable price";""
"35498";"335";"Lumia 630 Dual SIM";"";"2014-12-03 00:03";"richard";"i am plannig to buy this mobile can you pls tell me how strong the battery is ";""
"35499";"335";"Lumia 630 Dual SIM";"";"2014-12-02 23:54";"rich";"hey guys i dont know if is a problem or that is how windows phones are program to work but my battery drops 1 percent every 2 to 3 minutes guys help me if thats how your own are ";""
"35500";"335";"Lumia 630 Dual SIM";"";"2014-12-02 23:36";"";"no";""
"35501";"335";"Lumia 630 Dual SIM";"";"2014-12-02 17:03";"Yeller";"Does this have NFC?";""
"35502";"335";"Lumia 630 Dual SIM";"";"2014-12-01 21:46";"";"yes you can.....share anything ober bluetooth or wifi ";""
"35503";"335";"Lumia 630 Dual SIM";"";"2014-12-01 18:31";"Jeniven";"You must download"files"from store ";""
"35504";"335";"Lumia 630 Dual SIM";"";"2014-12-01 18:30";"Anonymous";"It doesn't need any anti virus man! ";""
"35505";"335";"Lumia 630 Dual SIM";"";"2014-12-01 09:44";"priya";"can i exchange files like songs , pictures and video through bluetooth with lumia 630 and android phone plz tell me i want to buy l630";""
"35506";"335";"Lumia 630 Dual SIM";"";"2014-12-01 08:59";"pradeep";"just i purchased this one week back. This is really good smartphone as its prize compare to other model in this prize category. camera has great scan text feature but disadvntge is not flash camera. dialing feature/talk voice clariry is very clear. Also net speed is best as compare to its 512mb ram. proximity sensor is not avail in this mob. but when u ear touches the screen, it works as proximity sensor. no hang issue on multiple tasking. games also run well. clear black display is nice feature that look like iphone. many good feature avail in window 8.1 version. but some application may be purchase in windows but free in android. for e.g. to run HD song, the moliplayer is avail in trial basis, but want to purchase as little bit prize. Here Drive is the best if compare to goggle map. Overall this windows phone is great feature. any issue of software online resolve on www.windowsphone.com just connecting to PC via usb";""
"35507";"335";"Lumia 630 Dual SIM";"";"2014-11-30 15:45";"manju";"There is no equalizer in this lumia 630 phone and no option to set 2 different ringtones for 2 SIMS, waste shit phone with no basic feature, dont buy";""
"35508";"335";"Lumia 630 Dual SIM";"";"2014-11-29 16:51";"kathirvel";" Is it possible to call recorder and no beef sound?.  pls reply...   by kathir";""
"35509";"335";"Lumia 630 Dual SIM";"";"2014-11-29 15:14";"him";"Hey, guys iam using the device since last month and believe me yet I have not suffered from any issue about the device. The camera is simply awesome. The processor just killing! Ya there is an issue of ram factor but seriously you cant accept it in these price range. The battery life of the device is also very good with near about 1 day and few hours with moderate use. You can compare it with the moto e in the same price range, you will find the difference. Hope guys the article will help you choose a perfect device for your choice.";""
"35510";"335";"Lumia 630 Dual SIM";"";"2014-11-29 11:52";"";"Nokia Lumia 630 Dual Sim WARNING - For anyone who has not previously owned or used a windows phone the Nokia Lumia 630 has - NO down-loadable user manual - NO set up help files.  Even the contacts list is named People and hidden in the apps list  SETTINGS does not include many important features that even the cheapest smart phones have  There is NO pre-installed VIDEO player or a free app that will work with this phone so one must be purchased.  Many apps on its recommended download list DO NOT WORK.";""
"35511";"335";"Lumia 630 Dual SIM";"";"2014-11-29 07:42";"uma";"Sir will you accept the value pass which i have got in sodexo";""
"35512";"335";"Lumia 630 Dual SIM";"";"2014-11-28 19:09";"sushil";"Upto 128 gb. Do u want more.? ";""
"35513";"335";"Lumia 630 Dual SIM";"";"2014-11-28 05:41";"mahi000";" can i make skype video call on lumia 630 ";""
"35514";"335";"Lumia 630 Dual SIM";"";"2014-11-27 13:24";"ANANT020";"A mobile.. That is really a smart fone... Best display.. Best price. Best configuration.. I got a perfect piece... 10\10..";""
"35515";"335";"Lumia 630 Dual SIM";"";"2014-11-27 11:34";"pradeep";"nokia 630 is best windows mobile";""
"35516";"335";"Lumia 630 Dual SIM";"";"2014-11-27 11:23";"sankar";"i have also get same problem.i replace my phone in shop where i get";""
"35517";"335";"Lumia 630 Dual SIM";"";"2014-11-26 13:59";"Dr. VAJI";"Gr8 phone. im using for 3 monhs. no issues. far better than samsung for the price below 20000 LKR in SL. gd disply, gd battery, all good except, no front camera on screen buttons which almost never dissapear no headset no cable its true if u wan go to 730 and 10000 more";""
"35518";"335";"Lumia 630 Dual SIM";"";"2014-11-26 11:20";"vimalraj";"i bought new nokia lumia 630 phone....sometimes that mobile get autorestart ";""
"35519";"335";"Lumia 630 Dual SIM";"";"2014-11-26 11:12";"Nallavan";"i bought new nokia lumia 630 but sometimes phone get auto restart why its happening ";""
"35520";"335";"Lumia 630 Dual SIM";"";"2014-11-26 09:41";"teja";"Super phone.";""
"35521";"335";"Lumia 630 Dual SIM";"";"2014-11-25 02:40";"";"try to go to messaging then select settings and turn off the group text..";""
"35522";"335";"Lumia 630 Dual SIM";"";"2014-11-25 01:14";"(foitza)";"Hy. i own nokia lumia 630 dual sim and it`s a great phone. been running it for 2 weeks no crashes no bugs no errors on apps. ";""
"35523";"335";"Lumia 630 Dual SIM";"";"2014-11-24 15:16";"imman";"frndzzz .. pls tell me which phone in Nokia is better with rs.8500";""
"35524";"335";"Lumia 630 Dual SIM";"";"2014-11-24 02:39";"ld60";"Hey guys I am having an issue while browsing with my l630... Whenever I load any high graphic intensive websites the explorer crashes while showing a message 'out of memory line 1'.... Can someone help me with this..";""
"35525";"335";"Lumia 630 Dual SIM";"";"2014-11-23 11:13";"Anonymous";"Want to buy smartphone, can anyone suggest me, which one from Lumia 630 Duel Sim and Moto G (Ist Gen) will be better?";""
"35526";"335";"Lumia 630 Dual SIM";"";"2014-11-23 07:02";"adyatma16";"yes";""
"35527";"335";"Lumia 630 Dual SIM";"";"2014-11-23 04:54";"wklong84";"I am the user for this smartphone around 8 months. Untill now, Nokia 630 never give a problem whenever is the software or hardware.This is a normal or daily usage phone for everyone. At this prices, it is a good phone but for high end users may not suitable. Multitasking overall is very smooth also not bad but my review for the Nokia Here Map & Here Drive is the best if compare with goggle map or iPhone map. In the end,the after market apps still not so nicely like the android or iPhone. This smartphone very suitable for who like a students, housewife and also who does not need a lot for their phone. That all.";""
"35528";"335";"Lumia 630 Dual SIM";"";"2014-11-22 20:08";"asif";"Has it expandable memory ";""
"35529";"335";"Lumia 630 Dual SIM";"";"2014-11-21 06:48";"sunsaga";"There is a square angle light patch in my lumia 630 dual screen specially visible when taking a call. if any one experience same kind of issue or if anyone knows a remedy, please reply. ";""
"35530";"335";"Lumia 630 Dual SIM";"";"2014-11-20 15:57";"Rashad";"Yes I also purchased it about 1 month ago and it works very fine and its like the best ideal phone anyone will purchase in this range";""
"35531";"335";"Lumia 630 Dual SIM";"";"2014-11-20 15:53";"Anonymous";"lumia is free form virs if u not connect ot pc";""
"35532";"335";"Lumia 630 Dual SIM";"";"2014-11-20 09:25";"Anonymous";"where i can get a proper antivirus for my nokia lumia 630 dual? anyone help me plzz.";""
"35533";"335";"Lumia 630 Dual SIM";"";"2014-11-19 16:08";"JBA";"It cannot send sms to multiple recepcient (group messaging)";""
"35534";"335";"Lumia 630 Dual SIM";"";"2014-11-19 11:40";"SANKAR";"Im using since 1 mnth...no problem facing,except flash n sec. camera all specif r ok...happy as a lumia 630 ds user....snkr@sunabeda,odisha";""
"35535";"335";"Lumia 630 Dual SIM";"";"2014-11-15 11:46";"harrish";"File manager available in app store";""
"35536";"335";"Lumia 630 Dual SIM";"";"2014-11-14 19:05";"Anonymous";"ur mobile is litter.";""
"35537";"335";"Lumia 630 Dual SIM";"";"2014-11-14 16:47";"sherry ";"Find app "Files" from store. It'll work like file manager. ";""
"35538";"335";"Lumia 630 Dual SIM";"";"2014-11-14 15:33";"";"buddy try app "files", using this you can browse both phone and sdcard storage.";""
"35539";"335";"Lumia 630 Dual SIM";"";"2014-11-14 14:16";"";"same issue for me";""
"35540";"335";"Lumia 630 Dual SIM";"";"2014-11-14 14:14";"";"For me also same issue can anyone help on this..";""
"35541";"335";"Lumia 630 Dual SIM";"";"2014-11-13 18:28";"Shiva";"Lumia 630 working very smoothly....";""
"35542";"335";"Lumia 630 Dual SIM";"";"2014-11-13 16:26";"madhu";"How to upload videos from camera reel in watsup and from uc downloaded. Please Tel me.";""
"35543";"335";"Lumia 630 Dual SIM";"";"2014-11-13 11:47";"";"i cant play 720p videos in this LUMIA 630 DUAL SIM mobile ..but my in my brother mobile lumia 720 with the same os 8.1 and 512ram it plays perfectly ALL HIGHER END VIDEOS EVEN 1080P AND 720 P without flicker..HOW IS IT POSSIBLE?";""
"35544";"335";"Lumia 630 Dual SIM";"";"2014-11-13 09:33";"hi";"install files app from MS";""
"35545";"335";"Lumia 630 Dual SIM";"";"2014-11-13 08:28";"";"hey can u tell me where is file manager in lumia 630 . I am unable to find it plz help me";""
"35546";"335";"Lumia 630 Dual SIM";"";"2014-11-13 08:20";"asad";"its battery timing is no more than 8 hours.";""
"35547";"335";"Lumia 630 Dual SIM";"";"2014-11-13 01:29";"awal";"Very good phone at the price range .I use it about five days and i am enjoying. I love Microsoft and there phone.â¢â¢â¢­â¢â¢â¢â­;¢";""
"35548";"335";"Lumia 630 Dual SIM";"";"2014-11-12 12:19";"jom";"can i watch dota 2 live stream in this device?is there twich apps for wp?";""
"35549";"335";"Lumia 630 Dual SIM";"";"2014-11-12 08:01";"Sumon";"I am unable to connect with WIFI, Pls advice any1";""
"35550";"335";"Lumia 630 Dual SIM";"";"2014-11-12 06:14";"pavan";"iam by nokia lumia 630 4 days ago iam downloading songes in nokia mix radio it shows network problem,activatio problem please tell me how cen solve this problem";""
"35551";"335";"Lumia 630 Dual SIM";"";"2014-11-10 15:19";"";"Test ";""
"35552";"335";"Lumia 630 Dual SIM";"";"2014-11-10 15:18";"";"Download this app Lumia selfie That's it ";""
"35553";"335";"Lumia 630 Dual SIM";"";"2014-11-10 08:46";"";"No. U have to change it Manually - Low, Medium and High";""
"35554";"335";"Lumia 630 Dual SIM";"";"2014-11-10 08:43";"adi";"go for nokia ";""
"35555";"335";"Lumia 630 Dual SIM";"";"2014-11-10 08:42";"raj";"Try Moliplayer";""
"35556";"335";"Lumia 630 Dual SIM";"";"2014-11-10 07:59";"Abid";"Can I send or receive data from other than Lumia phone?";""
"35557";"335";"Lumia 630 Dual SIM";"";"2014-11-09 14:57";"Suraj";"Please give new applications like share it ..MX player...pattern lock...and security options.......plese.....kindly update ..";""
"35558";"335";"Lumia 630 Dual SIM";"";"2014-11-09 12:45";"gaurav";"Is there any mx player typ application???";""
"35559";"335";"Lumia 630 Dual SIM";"";"2014-11-09 09:52";"rock";"it dont have infront camera .  ";""
"35560";"335";"Lumia 630 Dual SIM";"";"2014-11-08 11:58";"Vips";"Nice phone it work's grate";""
"35561";"335";"Lumia 630 Dual SIM";"";"2014-11-08 10:07";"ares";"Same with me ";""
"35562";"335";"Lumia 630 Dual SIM";"";"2014-11-07 13:21";"Audrey";"How can I make the camera take a selfie, cannot find the way to reverse the image to self portraits with friends.";""
"35563";"335";"Lumia 630 Dual SIM";"";"2014-11-07 11:21";"ajith lee";"it's very nice nd superb windows model i like this";""
"35564";"335";"Lumia 630 Dual SIM";"";"2014-11-06 08:35";"Anonymous";"amazing phone";""
"35565";"335";"Lumia 630 Dual SIM";"";"2014-11-06 02:55";"Ashu";"you should have to go with nolia lumia 630";""
"35566";"335";"Lumia 630 Dual SIM";"";"2014-11-05 17:45";"Navjeet";"nokia lumia 630 it has ips display and corning gorilla glass..";""
"35567";"335";"Lumia 630 Dual SIM";"";"2014-11-05 17:45";"Anonymous";"nokia lumia 630 it has ips display and corning gorilla glass..";""
"35568";"335";"Lumia 630 Dual SIM";"";"2014-11-05 17:41";"Navjeet";"Nokia lumia 630 because it has pure colours view IPS display protected by CORNING GORILLA GLASS.. Which is used in high-end phone . . It is reduced scratches on ur display without screen cover U will buy lumia 630 not XL ";""
"35569";"335";"Lumia 630 Dual SIM";"";"2014-11-05 14:33";"hari";"No dual SIM ie smart dual SIM works great in Lumia 630";""
"35570";"335";"Lumia 630 Dual SIM";"";"2014-11-04 21:23";"Anonymous";"i think it is required";""
"35571";"335";"Lumia 630 Dual SIM";"";"2014-11-04 20:20";"HelpPlzz";"Is there any issue with network or call quality of this phone bcoz of its dual sim functionality??? Plzz reply i m planning to buy this phone.";""
"35572";"335";"Lumia 630 Dual SIM";"";"2014-11-04 12:44";"riYan";"which is best 630 dual sim or x2 dual sim? tell me friends i m confused......";""
"35573";"335";"Lumia 630 Dual SIM";"";"2014-11-04 07:57";"Anonymous";"nice phone, bought 6 months before.... working awesome";""
"35574";"335";"Lumia 630 Dual SIM";"";"2014-11-03 17:57";"Ptk94";"Good phone....... Works smoothly in 512mb ram......";""
"35575";"335";"Lumia 630 Dual SIM";"";"2014-11-03 12:38";"Anonymous";"Does it have a automatic brightness control option?";""
"35576";"335";"Lumia 630 Dual SIM";"";"2014-11-03 09:02";"Perry";"What is the problem and solution to the inability for the phone to ring out and receive incoming calls";""
"35577";"335";"Lumia 630 Dual SIM";"";"2014-11-03 08:55";"Flora";"What is the problem and solution to the inability got the phone to ring out and receive incoming calls";""
"35578";"335";"Lumia 630 Dual SIM";"";"2014-11-02 18:58";"prashant";"Yes.go to keyboard. And Chang the language of typing....only one touch on eng bottom.. U also read. Hindi language on Lumia 630.&#128522; ";""
"35579";"335";"Lumia 630 Dual SIM";"";"2014-11-02 16:13";"john ";"same issue i tried every thing but didnt resolve";""
"35580";"335";"Lumia 630 Dual SIM";"";"2014-11-02 11:44";"KSK";"hii frndss i using this phn... this is a good phn... nice in style, good looking, good os and also good company...";""
"35581";"335";"Lumia 630 Dual SIM";"";"2014-11-02 08:58";"Ashu";"Friends plz suggest me what should i buy Nokia lumia 630 double sim or micromax unite 2 A106 plz tell me quick i m very confused";""
"35582";"335";"Lumia 630 Dual SIM";"";"2014-11-02 08:30";"sameer khan";"there is no call recording function in lumia 630 dual sim this worst company and worst mobile.";""
"35583";"335";"Lumia 630 Dual SIM";"";"2014-11-02 08:05";"akhil";"very good";""
"35584";"335";"Lumia 630 Dual SIM";"";"2014-11-02 07:57";"";"Is what'sapp issue resolved Bcoz every body was complaining that it consumes 50 % battery life waiting for reply Thanks in advance";""
"35585";"335";"Lumia 630 Dual SIM";"";"2014-11-02 05:06";"";"which is best 630 dual sim or x2 dual sim? tell me friends i m confused......";""
"35586";"335";"Lumia 630 Dual SIM";"";"2014-11-01 06:48";"Ramu";"Iam using lumia 630 screen guard is required or not";""
"35587";"335";"Lumia 630 Dual SIM";"";"2014-10-31 16:01";"";"i cant get my whatsapp nd messenger notifications iam using it for 2 months till now i cant recive notifications i changed all my settings in notification after that too i cant c ny changes...... nd i am using wifi but while coming out from whats app its show a warnin message to reboot ur phone to get notfications..... plz help me out of this guys......";""
"35588";"335";"Lumia 630 Dual SIM";"";"2014-10-31 15:35";"sajita";"Its heating after using internet more than 5 min. What to do ?   ";""
"35589";"335";"Lumia 630 Dual SIM";"";"2014-10-31 13:41";"Giftedben";"Heating problem comes when u leave your WiFi on and cellular data while browsing..use one to browse.";""
"35590";"335";"Lumia 630 Dual SIM";"";"2014-10-31 08:44";"dpk";"Great phone...using it from 6months.....iPhone look..great battery..great internet speed ....rich look....n trust of Nokia...dont by cheap chineej phone.....nokia is durable....";""
"35591";"335";"Lumia 630 Dual SIM";"";"2014-10-30 22:36";"Anonymous";"You must enable call forwarding on the other simcard";""
"35592";"335";"Lumia 630 Dual SIM";"";"2014-10-30 17:08";"Anonymous";"Hallow friends, I want to know if two sim cards works together? When you speak on one, can you understand that the other rings?";""
"35593";"335";"Lumia 630 Dual SIM";"";"2014-10-30 16:40";"jiten";"How to Read & write hindi in this phone??";""
"35594";"335";"Lumia 630 Dual SIM";"";"2014-10-30 15:01";"sk";"Please tell me  What should i buy Android phone Or Window phone  Tell me about nokia lumia 630  I wanna buy it";""
"35595";"335";"Lumia 630 Dual SIM";"";"2014-10-30 11:00";"LAW321";"sometimes i wonder whats wrong with microsoft   no proximity sensor (is a must for a touch phone)  no ambient light sensor (is a must for a touch phone)  no front cam  no led flash  what for is motion sensor??? i know its a good feature but not necessary. i don't know what go into the minds of Microsoft before they plan to release a product in the market which lacks the necessary things and has plenty of unnecessary things.  lumia 520 was a great success but sadly lumia 630/635 could not continue that success bcoz of the lack of basic things.  ambient light sensor, proximity sensor, lack of led flash and lack of front cam.  come on microsoft this is 2014 atleast do a market study and release the phones otherwise windowsphone will always remain like this forever.";""
"35596";"335";"Lumia 630 Dual SIM";"";"2014-10-30 09:58";"Md. Mahady";"Hi, All i am using this phone from the beginning and with this i have not face any problem. But now i want to buy Lumia 730 so, please help me to know the experience who have using the L-730. Should i buy the L- 730 ??? Pls pls ans me...... TKH ";""
"35597";"335";"Lumia 630 Dual SIM";"";"2014-10-30 07:11";"Ajay";"I Want to Know that can i use 2g sim in lumia 630";""
"35598";"335";"Lumia 630 Dual SIM";"";"2014-10-30 04:58";"gurcharan";"i have a internet data on this phone, how can i use this data on computer (window 8) which has no internet connection";""
"35599";"335";"Lumia 630 Dual SIM";"";"2014-10-30 04:52";"gurcharan";"i have a internet data on this phone, how can i use this data on computer (window 8) which has no internet connection";""
"35600";"335";"Lumia 630 Dual SIM";"";"2014-10-30 04:31";"Umesh";"Very good phone in its range. sme games stuks because of lack of ram. No any issue expt that.";""
"35601";"335";"Lumia 630 Dual SIM";"";"2014-10-30 03:23";"Nil";"plz tell me 630 dual sim or x2 dual sim which is best? i am confused.....";""
"35602";"335";"Lumia 630 Dual SIM";"";"2014-10-29 17:51";"ahmad";"Yes You can use to sim 1&2 for 3G";""
"35603";"335";"Lumia 630 Dual SIM";"";"2014-10-29 12:54";"New_To_Windows_Phone";" I hesitate to buy windows phone since it may be difficult to download good apps.. Will windows OS support all apps. Android has all Apps.";""
"35604";"335";"Lumia 630 Dual SIM";"";"2014-10-29 08:48";"Altini ";"3g network can be used with 1 & sim2 sim .. can anyone answer me.?";""
"35605";"335";"Lumia 630 Dual SIM";"";"2014-10-29 07:46";"";"When you are new to Smartphone go for Smooth OS, Good battery back-up, Good Camera, resolution and etc... If your budget is 15K 100% go for Lumia 730. Don't go to Lagdroid.";""
"35606";"335";"Lumia 630 Dual SIM";"";"2014-10-29 07:44";"";"I have been using the Lumia 630 for last 4 and half months, and I have around 130 apps in my mobile. Till now No Lags, No Battery Issues, works perfectly with high-end games like Asphalt 8 without any lags. I don't think Android will run smoothly like Lumia even with 1.5GB RAM. If somebody looking for mobile below 10K go for it. It's awesome.";""
"35607";"335";"Lumia 630 Dual SIM";"";"2014-10-29 05:18";"";"Friends please help me to chose between lumia 630 dual and micromax android one(canvas a1) since this will be my first smartphone. My basic need is good primary camera and high gaming performance. Both have equal camera but a1 has flash. I don't need front camera. Also there is RAM difference. I know WP doesn't require more RAM but A1 is also powered by google. So guys please help me. Thanks in advance. ";""

