"2706";"31";"Metro 312";"";"2015-01-21 07:48";"tech.me";"Message Alert Tones: Personalized sound from Phone/Memory Card continuously repeats and is so annoying. Dual Sim feature: Always choose the SIM card first to be used by clicking the lower right button BEFORE creating a message or replying to SMS. It has no option which SIM to use when sending SMS (unlike Dual sim Nokia and other Android phones)";""
"2707";"31";"Metro 312";"";"2015-01-20 15:47";"Nagu";"please any body tell me. have a call history not call register on phone? is this phone get coverage in reliance gsm SIM? about call voice volume?  thanks.";""
"2708";"31";"Metro 312";"";"2015-01-19 05:54";"Sid Constantino";"the blue G icon in our phone stays there and you cannot remove it but sometimes its automatically remove. It's ok that the icon stays there because it won't charge you so long as you're not accessing data on the phone. Hope this would help. :-)  ";""
"2709";"31";"Metro 312";"";"2015-01-17 06:46";"rey";"Im using my postpaid sim in this phone because its very easy to use . I dont know how to turn off the gprs. Will it charge my data connection? Please help how turn off the gprs.";""
"2710";"31";"Metro 312";"";"2015-01-13 02:57";"Ranjith";"How to off mobile tracker in my samsung metro312";""
"2711";"31";"Metro 312";"";"2015-01-12 09:30";"ashish";"can i change wallpaper on my sd card";""
"2712";"31";"Metro 312";"";"2015-01-11 01:50";"Anonymous";"got an phone like this one and it is very good ";""
"2713";"31";"Metro 312";"";"2015-01-07 13:06";"";"@Lei Samsung Metro B312E, E2202, Nokia 130/107/108/105 are NOT SMS threaded view. @enzo78 ONLY SUPPORTED Feature Phones for "Whatsapp" are:  also  Visit those Official Website you'll see supported samsung/nokia feature phones.";""
"2714";"31";"Metro 312";"";"2015-01-06 15:42";"Lei";"Is this an SMS Thread Message view? Let me know pls. thanks!";""
"2715";"31";"Metro 312";"";"2015-01-06 06:22";"Sid Constantino";"No you cannot use Whatsapp messenger on this phone.";""
"2716";"31";"Metro 312";"";"2015-01-06 04:07";"Anonymous";"Is it sms thread messaging";""
"2717";"31";"Metro 312";"";"2015-01-06 01:39";"";"Yes! much better.  (Samsung Metro B312E) DESIGN: Stylish, Slim and Great build Quality. (2.0 Screen size) (I can send a picture who wants to see, 'coz pic @gsmarena was bad) BATTERY: last for 3-4 days. (fair use) Speaker & Voice call: Loud, NO voice leak, NO Bad noise. MEMORY: Messages 500, Contacts 1,000. KEYPAD: (rubber) Very responsive. Soft & Comfortable. No noise. Phone Performance: Fast, No delay & lag. (Processor: 208 Mhz) FEATURES: GPRS, Facebook, Twitter, Opera Mini, Bluetooth v3.0, JAVA, Mp3 (Can play in background), Radio, Flash light, Calculator, Voice Recorder, World Clock, Timer, Stop Watch, Alarm Clock, Converter & Games. ";""
"2718";"31";"Metro 312";"";"2015-01-05 13:04";"kiran";"unable to record calls could u suggest me how should i record calls";""
"2719";"31";"Metro 312";"";"2015-01-05 06:35";"Anonymous";"is it better than samsung 2252";""
"2720";"31";"Metro 312";"";"2015-01-05 02:45";"";"can some one tell me if i can use whats app messenger ? i dont wanna buy a big touch screen phone and this sound perfect to me ! ";""
"2721";"31";"Metro 312";"";"2015-01-04 03:34";"Sid Constantino";"Yeah it's better than Samsung E2202. You're welcome. All the best!";""
"2722";"31";"Metro 312";"";"2015-01-03 17:44";"qwerty";"I test this many times but nothing new happened";""
"2723";"31";"Metro 312";"";"2015-01-03 13:01";"";"Aosom  Mobile";""
"2724";"31";"Metro 312";"";"2015-01-03 07:50";"";"Thanks. Yeah I noticed that too, everytime I restart my phone the G icon appear and disappear after 1hr. I really like it's design, so stylish and slim too. All features there, although it's a basic phone. This phone really much better than Nokia 130 and Samsung E2202. And too good as my backup phone for my Galaxy S2 :) thanks again @Sid Constantino. ";""
"2725";"31";"Metro 312";"";"2015-01-03 04:44";"Sid Constantino";"Hi Jenina, the Blue G icon in our phone stays there and you cannot remove it but sometimes its automatically remove. It's ok that the icon stays there because it won't cost you prepaid load so long as you're not accessing data on the phone. Hope this would help. :-)";""
"2726";"31";"Metro 312";"";"2015-01-02 18:32";"";"i have same problem too bro";""
"2727";"31";"Metro 312";"";"2014-12-31 14:42";"";"thanks. I bought mine @SM Bacoor, P1,590 (Dec 27,2014). Your right, mp3 Can play in background and NO Lag. My battery last 3 days (6hrs of texting a day "not continuously haha" and playing music sometimes). Phone messages memory can store 500, Contacts 1000. Audio/hearing/MP3 quality Average. It has GPRS, Facebook, Twitter, Opera Mini, JAVA, MP3, Radio, Flash light, Calculator, Bluetooth, Voice Recorder, World Clock, Timer, Stop Watch, Alarm Clock, Converter and Games. This Phone is BETTER than Nokia 130 and Samsung E2202. @E2202 can't play music in bg. Nokia 130 too low memory, dust can easily through. @Sid Constantino, Anyway I Don't know how to turn on/off GPRS? please help. ";""
"2728";"31";"Metro 312";"";"2014-12-27 11:45";"Anonymous";"Best phone";""
"2729";"31";"Metro 312";"";"2014-12-27 11:36";"robin";"Reset your phone";""
"2730";"31";"Metro 312";"";"2014-12-26 12:48";"samsung";"When i run my opera mini , it prompt that cannot connect to the internet . installing failed";""
"2731";"31";"Metro 312";"";"2014-12-26 06:24";"Sid Constantino";"Hi Jenina, battery can last 4-5 days and you can play mp3 in background.";""
"2732";"31";"Metro 312";"";"2014-12-25 03:27";"";"How many DAYS battery can last? and mp3 player can play in background? lastly, can hear person on the phone while your in road?";""
"2733";"31";"Metro 312";"";"2014-12-22 14:00";"ann";"how to turn off gprs";""
"2734";"31";"Metro 312";"";"2014-12-20 16:38";"Kishan";"please sir i don't understand keped lights off and call recording options";""
"2735";"31";"Metro 312";"";"2014-12-19 13:36";"DEBO";"plz someone tell me what would be the maximum size java app i can install in this mobile ?????";""
"2736";"31";"Metro 312";"";"2014-12-18 21:55";"Cuddly";"Go to Settings and then choose Sound Profiles. You may then edit the settings if you want it mute . The profile "Meeting" is already set to mute though, you may choose that setting if you wish to.";""
"2737";"31";"Metro 312";"";"2014-12-16 19:39";"not a smart guy";"How can i install CyanogenMod 12 to this phone?. Odin is not reconigzing it.";""
"2738";"31";"Metro 312";"";"2014-12-14 10:00";"";"In my files it does'nt shows all the music files nor in the music player. That's the biggest problem in this phone . Got over 300 songs in my memory card but only shows 170 of them in my files and music player , not more than that . ";""
"2739";"31";"Metro 312";"";"2014-12-14 02:22";"georgeofdelhi";"I use this phone as a second phone. Phone battery backup is great. Sound output through good earphones for music is above average. Use a 8GB memory card. No lags whatsoever. Great network reception no call drops experienced. Though not tried with dual sim in the phone. Only drawback is that phone interface is not as great as a Nokia phone. Links to SMS message inbox is not direct. In box contents include Phone, battery, Charger. Phone box does not include a USB cable or a memory card - though at this price point one cannot demand these. Display is good enough and no readable issues in outdoor sun. Music player has no equalisers but play great music with default settings. in short an excellent choice for an extra phone or for those who require a phone that provides good battery backup. Charges battery though a micro USB cable through the computer. The FM supports RDS.";""
"2740";"31";"Metro 312";"";"2014-12-14 02:16";"georgeofdelhi";"I use this phone as a second phone. Phone battery backup is great. Sound output through good earphones for music is above average. Use a 8GB memory card. No lags whatsoever. Great network reception no call drops experienced. Though not tried with dual sim in the phone. Only drawback is that phone interface is not as great as a Nokia phone. Links to SMS message inbox is not direct. In box contents include Phone, battery, Charger. Phone box does not include a USB cable or a memory card - though at this price point one cannot demand these. Display is good enough and no readable issues in outdoor sun. Music player has no equalisers but play great music with default settings. in short an excellent choice for an extra phone or for those who require a phone that provides good battery backup. Charges battery though a micro USB cable through the computer. The FM supports RDS.";""
"2741";"31";"Metro 312";"";"2014-12-11 07:15";"MANI";"how to keep without vibration in silent mode and when we send the msg the confirmation msg which we received its sounds please give details to keep silent everything  phone model sm-b312e";""
"2742";"31";"Metro 312";"";"2014-12-11 01:13";"Jhun mark";"How to disable callbared thanks for the respond.help me pls ";""
"2743";"31";"Metro 312";"";"2014-12-10 02:57";"yash";"hi guys i want hlp abt the call barring feture available or not in this phone pls hlp me";""
"2744";"31";"Metro 312";"";"2014-12-07 12:37";"Anonymous";"Does this phone have a auto lock or passcode lock feature for security purposes? thanks!";""
"2745";"31";"Metro 312";"";"2014-12-06 00:05";"Sid Constantino";"Yes it does.";""
"2746";"31";"Metro 312";"";"2014-12-04 15:55";"kunwar bahadur yadav";"kindly tell me how much capacity of phone book. how much we can feed contact no. in this phone - samsung metro 312. 1000 or above.";""
"2747";"31";"Metro 312";"";"2014-12-04 13:30";"Anonymous";"pls help me how to turn off the GPRS..tnx ";""
"2748";"31";"Metro 312";"";"2014-12-04 09:53";"ravi";"Please tell me how to set call recoding.?";""
"2749";"31";"Metro 312";"";"2014-12-01 03:12";"Dhex";"how to activate my Opera mini 4,i cant access to fb.even i already set my GPRS and smart connection.";""
"2750";"31";"Metro 312";"";"2014-12-01 02:54";"X-O Manowar";"Does Samsung Metro 312 have call blocking feature just like samsung e1200? ";""
"2751";"31";"Metro 312";"";"2014-12-01 01:58";"Sid Constantino";"Hi Glueman12! Just purchased this phone yesterday and I can say its a good back up phone. Slightly larger screen than E2202.";""
"2752";"31";"Metro 312";"";"2014-11-26 07:46";"";"The problem with this mobile is that, it does'nt shows all the songs in memory card. It only shows 174 tracks in music player. though it is not a high end set but, still it should show all the music files that are in the memory card.I've got over 300 music files but, it only show 174 of them in my files or music player. I tried it with other memory card also but it did'nt work . any solution??????";""
"2753";"31";"Metro 312";"";"2014-11-21 17:50";"daneey";"how to connect the speed dial settings....? in this phone..?";""
"2754";"31";"Metro 312";"";"2014-11-19 12:51";"NAVNEET VERMA";"restart again and again";""
"2755";"31";"Metro 312";"";"2014-11-18 06:41";"Anonymous";"It cant be dual sim on, it will just said connection failed. what should I do ? pls";""
"2756";"31";"Metro 312";"";"2014-11-17 15:08";"hamad711";"hello. the phone does not support java apps larger than 200 kb. i tried it. also does not have call recording function, i tried to bypass limitation of java with secret codes which bring java setting but no success. if any one know the secret code of the java it would be good. e1282t support java apps even larger than 700 kb as i tried. thank you";""
"2757";"31";"Metro 312";"";"2014-11-15 17:49";"kanna";"will this model support Tamil language ???";""
"2758";"31";"Metro 312";"";"2014-11-14 09:46";"glueman12";"hey elpi, is this phone good as a backup phone? im planning to buy this and i live in the philippines too.";""
"2759";"31";"Metro 312";"";"2014-11-13 13:23";"";"It reminds me old-old Samsung phones like SGH-R210 and so on :) Looks good in 2014 tho!";""
"2760";"31";"Metro 312";"";"2014-11-07 15:36";"Elpi Garcia";"I just bought this phone few hours ago. To answer the question whether this supports call recording, the answer is no. There is no option to record the conversation when you are on a call. However, this have a voice recording feature.  Elpi Garcia - Philippines";""
"2761";"31";"Metro 312";"";"2014-11-06 17:06";"ANAND RANG";"THIS cell phone support call recording helllppp me im planing to buy this celll phone ?????? ";""
"2762";"31";"Metro 312";"";"2014-11-05 05:43";"Alok Singh";"It't a nice Phone ";""
"2763";"31";"Metro 312";"";"2014-11-05 02:41";"ejp";"battery is not good ";""
"2764";"31";"Metro 312";"";"2014-11-04 19:16";"sachin";"soperb phone.....16 gb sd card working without laging. all functions are working well. one drawback is that it doesnt have edge connectivity. only gprs connectivity is there.data capacity of gprs is 32-48 kbps. overall nice phone.";""
"2765";"31";"Metro 312";"";"2014-11-04 15:27";"Anurag";"opera mini is not working....I just bought it yesterday :-( ";""
"2766";"31";"Metro 312";"";"2014-11-04 15:27";"Anonymous";"opera mini is not working....I just bought it yesterday :-( ";""
"2767";"31";"Metro 312";"";"2014-11-02 03:33";"glueman12";"hey, is the call quality of dis phone good? i live in the philippines too and i want a secondary phone for texting and calling only. please response. thanks. ";""
"2768";"31";"Metro 312";"";"2014-11-01 15:35";"munna";"everything is good. but the problem is even if we open the inbuilt fb or twitter, it gets connected through opera. it doesn't work like seperate app. instead to open fb, we can connect fb via opera. nothing is different btwn opening inbuilt fb or connecting via opera.";""
"2769";"31";"Metro 312";"";"2014-10-31 11:18";"nikki";"Guys I need ur help I bought 2 of these for my kids but their complaining about the function of the sims is it true that for outgoing calls u need to close the highlighted sim if its not the one ull use for calling I mean its not like other dual sim that if u make a call it will only ask what sim to use not the complicated one by turning it off first before u can use that certain sim for calling pks .. help!! Ty!";""
"2770";"31";"Metro 312";"";"2014-10-28 15:36";"jkp";"Hello friends please post your opinions not your questions. Thanks.";""
"2771";"31";"Metro 312";"";"2014-10-28 11:58";"maha";"does it has a micro USB charger? or is it the old samsung type? does it have a special hands free or can i use my normal earphones for music?";""
"2772";"31";"Metro 312";"";"2014-10-27 10:01";"farri";"what about keypad of metro b312. is its keypad fine for texters? plz comment";""
"2773";"31";"Metro 312";"";"2014-10-27 06:12";"Rex";"small handset means to use only for calling.no brands can give all facilities like android so we should think before buying that the company is not cheating but providing the specification and feature according to the capacity of the cellphone.";""
"2774";"31";"Metro 312";"";"2014-10-26 18:11";"prakash";"Thanks clara .....";""
"2775";"31";"Metro 312";"";"2014-10-26 16:13";"";"Does it support java apps ? thanks in advance.";""
"2776";"31";"Metro 312";"";"2014-10-26 06:53";"Clara__";"Hi Prakash. I'm sorry but I haven't used FB & Twitter or Opera Mini yet. Sorry! Maybe you can ask other users! :) ";""
"2777";"31";"Metro 312";"";"2014-10-25 19:23";"prakash";"Hi frd,  I'll not understand...pls text clear & tell me about internet in this phone..  Thanks ";""
"2778";"31";"Metro 312";"";"2014-10-25 10:56";"Ramratan";"Proprietary 1: Press Menu button.  2: Select Settings icon.  3: Select Network.  4: Select Connections.  5: Press Yes.  6: Select SIM1 or SIM2 tab.  7: Press Create.  8: Enter Vodafone Mobile Connect in Set name  9: Enter www.google.com in Home URL  10: Select Off in Proxy.  11: Leave Address.  12: Leave Port.  13: Enter www in Access name  14: Leave User ID.  15: Leave Password and press Save.  16: Press Back button.  17: Select Application profiles.  18: Select Opera Mini 4.  19: Select SIM1 or SIM2 tab.  ";""
"2779";"31";"Metro 312";"";"2014-10-24 18:23";"";"Thanks for the reply. :)   Can it be paired with Bluetooth headsets? Somebody please do clarify.";""
"2780";"31";"Metro 312";"";"2014-10-24 05:09";"prakash";"Hi clara  This week end I'll get this phone metro 312....pls tell me about internet speed and download in this Mobile.  Thanks.  Prakash";""
"2781";"31";"Metro 312";"";"2014-10-23 17:48";"prakash";"Hi frds....pls tell about internet settings in this phone....within 3 days I'll get this phone.";""
"2782";"31";"Metro 312";"";"2014-10-23 13:04";"ARSHAD";"this phone switch off button is not working properly.many times we have switch off the phone and again started but not on properly.then i have connected the charger and again switch on the phone.many times i have facing that problem.";""
"2783";"31";"Metro 312";"";"2014-10-22 14:05";"Anonymous";"Yes you can fastforward/backward songs. :)";""
"2784";"31";"Metro 312";"";"2014-10-22 14:02";"Clara__";"Got this phone yesterday. I asked my sister to buy me the E2202, but she said she got a new model of E2202. I was a bit sad because the specs might be different. But I was happy when I got to use this Metro 312. First, because you can play the music even if your doing other stuff on your phone. (I have read that you can't do this on the E2202). Plus it has FB & Twitter, though I havent used it yet. You can use your own pictures as your wallpaper. This phone is superb!! Easy to use and it's cute. It's handy. I am very happy with this cellphone! MUST BUY! It costs 1,590PHP (Philippine Peso)";""
"2785";"31";"Metro 312";"";"2014-10-21 10:01";"";"Would appreciate if any users can inform if the music player can fast forward and rewind mp3 files. I've noticed that this important function is not available in Nokia phones in this range. Also, can you pair bluetooth headsets? Again it seems this is not possible in Nokias, even if they have Bluetooth.  Users, please do clarify. Thanks in advance.";""
"2786";"31";"Metro 312";"";"2014-10-21 08:44";"Mike";"Very nice phone with excellent battery timing, keypad also soft , good for sms. Call Quality is also very good no voice leakage. Small in size and less in weight so it is easy to carry. One of the best secondary phone.";""
"2787";"31";"Metro 312";"";"2014-10-20 13:41";"Anonymous";"Ser esme keypad light problem hai why";""
"2788";"31";"Metro 312";"";"2014-10-15 10:05";"Cosmic";"Anyone Please Tell Me, How Many Contact I Can Store In This Phone and How Many Number Can Save for Per Contact (Like: Office Number, Home Number, Mobile Number)  Thanks   Cosmic";""
"2789";"31";"Metro 312";"";"2014-10-15 09:05";"Cosmic";"Anyone Please Tell Me, How Many Contact I Can Store In This Phone and How Many Number Can Save for Per Contact (Like: Office Number, Home Number, Mobile Number)  Thanks   Cosmic";""
"2790";"31";"Metro 312";"";"2014-10-14 21:30";"makarych";"rubber actually";""
"2791";"31";"Metro 312";"";"2014-10-12 12:19";"jeet";"Can it support song download?????????? ";""
"2792";"31";"Metro 312";"";"2014-10-11 18:38";"Akash....";"Best Bttery backup.....   You agree not to post any abusive, obscene, vulgar, slanderous, hateful, threatening, sexually-oriented or any other material that may ";""
"2793";"31";"Metro 312";"";"2014-10-03 19:07";"Jasmine";"Key pad is plastic or rubber??";""
"2794";"31";"Metro 312";"";"2014-09-28 02:20";"glueman12";"for those who have dis, is dis phone good for calling? does this support wallpaper?";""
"2795";"31";"Metro 312";"";"2014-09-27 09:40";"jigs";"this is very nice phone in basic models it has all necessary features in this phone. very good phone calling..";""
"2796";"31";"Metro 312";"";"2014-09-25 14:49";"Anonymous";"Can't decide between this and the iPhone6.";""
"2797";"31";"Metro 312";"";"2014-09-17 07:59";"simee";" third class mobile i ever seen this in my life ";""
"2798";"31";"Metro 312";"";"2014-09-14 15:45";"imme";"how to wiew the full skreen..  ";""
"2799";"31";"Metro 312";"";"2014-09-13 07:45";"gani";"internet support but 'insufficient memory , connection failed' best for sms & calling , waste to internet";""
"2800";"31";"Metro 312";"";"2014-09-09 08:23";"LSI";"not user friendlyyyyyy ";""
"2801";"31";"Metro 312";"";"2014-09-09 07:06";"binay";"yes bro gprs is supported in this handset But only avilable browser operamini4..";""
"2802";"31";"Metro 312";"";"2014-09-07 06:22";"Maverick";"Just like ultra cheap Nokia devices have VOICE LEAKAGE issue as they use only 1 speaker for cost cutting,,samsungs approach is to skip mounting light around selection n navigation keys..so all devices including 310,312 etc dont have backlite navi n selection keys..only number keys have light..ppl are confusin as they think they have bought a faulty set..yet thats how it is...its not at all a fault..";""
"2803";"31";"Metro 312";"";"2014-09-06 03:18";"sharjeel";"Isnt this phone also called B312 Brio?? or Brio is somthing else..i mean a different model?";""
"2804";"31";"Metro 312";"";"2014-09-05 17:21";"Bobby";"It looks nice, I would like to buy such a phone";""
"2805";"31";"Metro 312";"";"2014-09-05 14:04";"irfan";"please confirm about gprs in this phone or not? and browser support?";""

