"12568";"120";"MOTOKEY 3CHIP EX117";"";"2014-09-23 20:43";"Eric";"I just received this phone yesterday, and so far I am quite impressed. It has lots of features and seems to be solidly made. Everything seems to work as advertised. My only complaints are the screen is a little small and the color and contrast are not very strong. Also, the phone has a dedicated Facebook app that it always shows on the startup screen. I couldn't find any way to turn it off. On the whole, I'm quite happy with it! --Eric";""
"12569";"120";"MOTOKEY 3CHIP EX117";"";"2014-09-23 20:38";"Anonymous";"I had the same problem. I think the default language may actually be Portuguese. Here's how I got mine into English: 1. From the startup screen, press the right soft key just under the screen: labeled "Menu". You should see a screen with 12 icons. 2. Use the cursor to get to the "gear" icon and press the select key (the big center button). 3. Press the key labeled "3" on the keyboard. This takes you to "Phone settings", then press select again. 4. Press the "3" key on the keyboard again. This takes you to "Language", then press select once more. 5. Press the "1" key on the keyboard, or select the radio button next to "English", and press select again. 6. The phone should show a "Done" screen with an animated green check mark. When you return from that screen, everything should be in English!";""
"12570";"120";"MOTOKEY 3CHIP EX117";"";"2014-08-30 00:05";"Santhu";"This mobile has default Spanish langusgae...But I need english..Can any body tell me how to change this";""
"12571";"120";"MOTOKEY 3CHIP EX117";"";"2014-03-11 13:57";"jay";"this is very nice mobile............";""
"12572";"120";"MOTOKEY 3CHIP EX117";"";"2014-03-11 13:22";"tina";"i like this mobile vary much....";""
"12573";"120";"MOTOKEY 3CHIP EX117";"";"2014-03-11 13:08";"sonu";"This is good mobile";""
"12574";"120";"MOTOKEY 3CHIP EX117";"";"2014-03-01 16:42";"Anonymous";"Obviously you haven't tried all the combinations, because if you did, then you'd have entered the password at some point.   I doubt anyone will help you unlock the stolen or found phone in your possession. ";""
"12575";"120";"MOTOKEY 3CHIP EX117";"";"2014-02-12 16:36";"Mark";"Can anyone help me? What is the initial password for the keypad security? I can't set my own password for the phone because I don't know the original password. I tried 0000 000000 1234 and all other combination but to no avail. I love this phone. Get it! If you're trying to downgrade from smartphone to dumbphone (no wifi, no gps) for privacy reasons, this is great!";""
"12576";"120";"MOTOKEY 3CHIP EX117";"";"2013-07-03 19:34";"man";"1. Is it possible to backup the received SMSes in the phone to your PC using the PC Connection Software of Motorola?  2. How long is your battery life during normal usage (just post shortest and longest battery life span you experienced in reality)  THX a lot in advance!";""
"12577";"120";"MOTOKEY 3CHIP EX117";"";"2013-06-30 02:22";"Jimmy Malacara";"I discovered that this model EX 117 it can record a incoming/outgoing call , to do this in a call just press options button (Left side upper button under main screen , scroll to record call and that's it) to hear recording go to menu , file manager, click phone ,then click open file, click audio file, click open, click play and your all set, I just save me from buying a Bluetooth cell phone recording device for around a $178.00 dollars all thanks to the integrated recoding function in this Motorola ex117 cellphone";""
"12578";"120";"MOTOKEY 3CHIP EX117";"";"2013-05-23 23:28";"x";"is ok";""
"12579";"120";"MOTOKEY 3CHIP EX117";"";"2012-12-02 08:10";"MPP";"Please help me set up MMS with my EX117. I want it done on my AT&T SIM account. Thank you very much.";""
"12580";"120";"MOTOKEY 3CHIP EX117";"";"2012-11-30 16:03";"PAUL";"3 sim standby in this handset???????????? wiating for reply from you guys.............";""
"12581";"120";"MOTOKEY 3CHIP EX117";"";"2012-11-21 06:20";"lalshyam";"hi guys, can anybody help me, motokey c-chip (EX117) available in Indian market? pls help me/";""
"12582";"120";"MOTOKEY 3CHIP EX117";"";"2012-10-10 20:47";"Anonymous";"The battery only lasts 3h (talktime). It`s way worse comparing to other cellphones in the same level and price range. I mean, having 3-sim is nice and sometimes necessary, but you have to able to use them, potencially, at least one day-straight.";""
"12583";"120";"MOTOKEY 3CHIP EX117";"";"2012-09-06 22:29";"cade2090@hotmail.com";"does motorola chepiest one inthe world is that TRUE";""
"12584";"120";"MOTOKEY 3CHIP EX117";"";"2012-08-08 12:20";"mojtaba";"good";""
"12585";"120";"MOTOKEY 3CHIP EX117";"";"2012-08-06 01:29";"Omid";"Yeah we can do many things with 3 Sims in iran, specialy with a 3 sim phone";""
"12586";"120";"MOTOKEY 3CHIP EX117";"";"2012-08-04 16:14";"Anonymous";"We have seen many Tr Sim unbranded phones. Moto is number 1 in branded phones. Anyway, Specs are not as strong as todays' smartphones in Dual Sim phones.";""
"12587";"120";"MOTOKEY 3CHIP EX117";"";"2012-08-03 17:58";"Sagar ";"Hey sonu when Motorola 3chip 1sim busy ,,,,, so another 2sim not wrkng & get reply sim busy ,,,,, after 1sim call drop cust get info abt that ,,,,, ";""
"12588";"120";"MOTOKEY 3CHIP EX117";"";"2012-07-08 08:52";"sonu ramgadiya";"Hi frds, Tell me for motorola motokey 3-chip, if sim -1 busy, then sim 2 or 3 working or not working?  ( I don't like lg A-290 tri sims fon, because that is any one sim busy & another two sims no working, I mean switch off, ) .";""
"12589";"120";"MOTOKEY 3CHIP EX117";"";"2012-07-07 22:59";"sonu ramgadiya";"Hi frds, Tell me for motorola motokey 3-chip, if sim -1 busy, then sim 2 or 3 working or not working?  ( I don't like lg A-290 tri sims fon, because that is any one sim busy & another two sims no working, I mean switch off, ) .";""
"12590";"120";"MOTOKEY 3CHIP EX117";"";"2012-07-05 11:16";"Joey";"I like it......";""
"12591";"120";"MOTOKEY 3CHIP EX117";"";"2012-07-05 10:08";"Rupnath";"I haven't seen nice and good qwerty motorola phone since Q11. Hope my Motorola will surely release Qwerty mobile with their latest technology, solid build quality, battery backup atleast 10hrs talktime, amazing sound quality, screen should be 2.6 inch, and most important it should have the spirit of Motorola only and not the spirit of China. Hope Motorola will keep definitely keep the request of one of his die hard fans. ";""
"12592";"120";"MOTOKEY 3CHIP EX117";"";"2012-06-29 05:45";"";"yeah..your right man!!!";""
"12593";"120";"MOTOKEY 3CHIP EX117";"";"2012-06-17 19:52";"Anonymous";"last day is read in a magazine model telephone will not be marketed in Malaysia, is it true? ..... but why?";""
"12594";"120";"MOTOKEY 3CHIP EX117";"";"2012-06-17 19:48";"Anonymous";"last day is read in a magazine model telephone will not be marketed in Malaysia, is it true? ..... but why?";""
"12595";"120";"MOTOKEY 3CHIP EX117";"";"2012-06-10 16:08";"arc s";"When will be released in India....????";""
"12596";"120";"MOTOKEY 3CHIP EX117";"";"2012-06-03 06:42";"";"The news said the camera is only 2MP, and here is 3.15MP?";""
"12597";"120";"MOTOKEY 3CHIP EX117";"";"2012-06-02 16:02";"";"sim1 - work. sim2 - wife sim3- mistress ... not necessarily in that order";""
"12598";"120";"MOTOKEY 3CHIP EX117";"";"2012-06-02 09:18";"ram";"getting a new idea with this 3 sim service ";""
"12599";"120";"MOTOKEY 3CHIP EX117";"";"2012-06-02 04:03";"Sam";"Yep this will be great , dose this phone has a wi-fi it's will be nice if it has";""
"12600";"120";"MOTOKEY 3CHIP EX117";"";"2012-06-02 00:28";"kdavid991";"motorola on track with reat products ";""
"12601";"120";"MOTOKEY 3CHIP EX117";"";"2012-06-01 20:11";"Rupnath";"Dimmension, weight and battery backup not mentioned. Hope if released in India it will make a difference.";""
"12602";"120";"MOTOKEY 3CHIP EX117";"";"2012-06-01 17:48";"Anonymous";"3 sim !!??  its greatttttttttt  i hope see it faster in iran ";""
"12603";"120";"MOTOKEY 3CHIP EX117";"";"2012-06-01 15:29";"Anonymous";"Tripe? Will be great in Philippines! ";""

