"8572";"88";"Moto X (2014)";"";"2015-01-20 05:02";"Bhavin";"Is MOTO X 2ND GEN support Gujarati fonts? I mean can we read Gujarati in Moto x 2nd gen?? Plz reply. ";""
"8573";"88";"Moto X (2014)";"";"2015-01-20 02:26";"fra";"Samsung Galaxy Note 3 Neo or Moto X ?";""
"8574";"88";"Moto X (2014)";"";"2015-01-20 01:52";"Anonymous";"No get z3. ";""
"8575";"88";"Moto X (2014)";"";"2015-01-20 00:41";"AJG";"Can the battery handle a full day of more than average use?";""
"8576";"88";"Moto X (2014)";"";"2015-01-19 19:29";"phonegeek";"mine dont have barometer and temp sensors ";""
"8577";"88";"Moto X (2014)";"";"2015-01-19 07:14";"bone";"i love this phone";""
"8578";"88";"Moto X (2014)";"";"2015-01-18 08:28";"";"I have got lollipop 5.0 on moto x 2014";""
"8579";"88";"Moto X (2014)";"";"2015-01-18 07:38";"";"Are we sure about the thermometer and barometer sensors?";""
"8580";"88";"Moto X (2014)";"";"2015-01-16 14:46";"Anonymous";"Single";""
"8581";"88";"Moto X (2014)";"";"2015-01-16 10:05";"Anonymous";"Every thing is fine but it is a single sim.If it is a dual sim it wil shakes the whole market and 3000 mah battery is better than the 2200 mah battery ";""
"8582";"88";"Moto X (2014)";"";"2015-01-16 10:00";"Anonymous";"Every thing is fine but it is a single sim.If it is a dual sim it wil shakes the whole market is ";""
"8583";"88";"Moto X (2014)";"";"2015-01-15 21:50";"Anonymous";"Y reason ";""
"8584";"88";"Moto X (2014)";"";"2015-01-12 07:55";"Motox USer";"Single Sim";""
"8585";"88";"Moto X (2014)";"";"2015-01-12 04:11";"";"It is single sim card";""
"8586";"88";"Moto X (2014)";"";"2015-01-12 04:09";"Anonymous";"32 gb";""
"8587";"88";"Moto X (2014)";"";"2015-01-11 12:06";"";"any one can tell me this mobile is dual or single sim option?";""
"8588";"88";"Moto X (2014)";"";"2015-01-11 10:29";"Anonymous";"lg g3";""
"8589";"88";"Moto X (2014)";"";"2015-01-11 00:55";"waqar patel";"This phone is 32bit or 62bit plz rply ";""
"8590";"88";"Moto X (2014)";"";"2015-01-10 14:27";"ankur";"This phone is really very good as compared to samsung..its processor is also very fast..I m loving using this phone";""
"8591";"88";"Moto X (2014)";"";"2015-01-09 00:45";"Droider";"It promped the update to lolipop as soon as I first turned it on";""
"8592";"88";"Moto X (2014)";"";"2015-01-07 07:10";"abhi";"And yeah...is this available exclusvely n flipkart? Why not in stores?";""
"8593";"88";"Moto X (2014)";"";"2015-01-07 07:08";"abhi";"Does this come with lollipop out f d box? Or do I need to update it myself?";""
"8594";"88";"Moto X (2014)";"";"2015-01-07 05:56";"";"Hello Sir...  as per review The New Moto X(2014) is one smoothest android phone of 2014...   do really specs matter bcoz as it packs snapdragon 801 and is it futureproof ????  or should I wait for next gen devices like Htc One m9 which will pack snapdragon 810????   really specs matter ????";""
"8595";"88";"Moto X (2014)";"";"2015-01-05 22:53";"Anonymous";"I think tha the best is the g3 as it has a better resolution, bigger screen and longer battery life.";""
"8596";"88";"Moto X (2014)";"";"2015-01-05 19:08";"gavros";"guys which phone i buy...moto x ...xperia z2....samsung s5..or lgg3? ";""
"8597";"88";"Moto X (2014)";"";"2015-01-04 19:53";"subhro";"Hey Rahul could you describe your type of usage (heavy / moderate / average). How much was your screen ontime ?   Hey guys i am interested in this phone , i just wanted to know any one who has experienced heating issue , Freezing after update  Any inputs would be helpful. Requesting GSMarena folks to add something . Thanks";""
"8598";"88";"Moto X (2014)";"";"2015-01-04 19:45";"Cam";"Moto X is just the Nexus 6, just smaller. I say Moto X is the best out of the 3.";""
"8599";"88";"Moto X (2014)";"";"2015-01-04 17:01";"";"Wish I could. I have a 2014 Moto X and Moto G, still no Lolly Pop update. Still waiting for it om my 2013 Nexus 7 as well. I was wondering if it was a carrier issue or a Google issue.";""
"8600";"88";"Moto X (2014)";"";"2015-01-04 15:38";"Rohit ";"Guyz,tell me,is motorola moto x2 or google nexus 6 or lg g3 good???";""
"8601";"88";"Moto X (2014)";"";"2015-01-04 06:47";"";"Battery backup is very very low";""
"8602";"88";"Moto X (2014)";"";"2015-01-01 18:16";"";"nah ... moto x (2014) is a tough phone";""
"8603";"88";"Moto X (2014)";"";"2014-12-30 19:22";"";"i read customer reviews on flipkart there are 5 buyers complaining that screen gets crack easily after falling from 4-5 inches also? is it true? help me otherwise ill go with one e8";""
"8604";"88";"Moto X (2014)";"";"2014-12-30 05:00";"LUCHO";"really bad . sd and does not own radio fm";""
"8605";"88";"Moto X (2014)";"";"2014-12-29 22:10";"Db";"I would say Amazon.com, but I can't be sure.";""
"8606";"88";"Moto X (2014)";"";"2014-12-27 23:14";"godiegoodie";"can it be unlocked in jamaica?";""
"8607";"88";"Moto X (2014)";"";"2014-12-27 10:42";"waq";"Can you guys tell me that how can i find it in Pakistan or is there any online store who ships to Pakistan !!!";""
"8608";"88";"Moto X (2014)";"";"2014-12-26 22:26";"Anonymous";"Can you affix custom notifications to contacts? You can for ring tones (only when phone rings)but not for text or email alerts....what gives?";""
"8609";"88";"Moto X (2014)";"";"2014-12-26 11:46";"vansh";"hanged phone ";""
"8610";"88";"Moto X (2014)";"";"2014-12-26 07:51";"wantthis";"In Sri Lanka and wanting this phone, Any idea when it will be globally available in stores ?";""
"8611";"88";"Moto X (2014)";"";"2014-12-26 04:11";"under";"wow,thanks for ur help";""
"8612";"88";"Moto X (2014)";"";"2014-12-25 04:22";"Kiran";"had to reset my moto x2 after android L update. now it looks fine without any lag";""
"8613";"88";"Moto X (2014)";"";"2014-12-24 15:43";"Omgitsrockyy";"Yes, you can remove it with launchers such as "nova launcher". Download it from the play store.";""
"8614";"88";"Moto X (2014)";"";"2014-12-24 14:16";"pruthvi yadav";"My friend you can buy this phone on flipkart  ";""
"8615";"88";"Moto X (2014)";"";"2014-12-24 13:34";"";"Which one is better between htc one e8 and moto x 2014??? I want good camera and gaming! ";""
"8616";"88";"Moto X (2014)";"";"2014-12-23 22:26";"Anonymous";"Help, is there any way to remove the persistent google search bar ?";""
"8617";"88";"Moto X (2014)";"";"2014-12-23 14:35";"under";"i m in india and i want to buy this phone,but i dont know how to buy this phone moto x 2nd gen, so please tell me step by step to buy this";""
"8618";"88";"Moto X (2014)";"";"2014-12-23 14:29";"under";"oh..so sad,may god do justice with u";""
"8619";"88";"Moto X (2014)";"";"2014-12-22 22:41";"adeeb";"Does it have wifi direct";""
"8620";"88";"Moto X (2014)";"";"2014-12-22 14:51";"DaGWaR";"There other phone with same chip with smaller battery the Samsung alpha";""
"8621";"88";"Moto X (2014)";"";"2014-12-22 12:43";"sagittarian";"Did you receive 32 GB version in Monday Cyber Sale discount of USD 140 ? I was under impression that it was for 16 GB Variant. Please advise.";""
"8622";"88";"Moto X (2014)";"";"2014-12-22 11:32";"";"no will bye this phone..i mean what the ... they r providing snapdragon 801 proc. powered by only 2300 mah.......totally shit";""
"8623";"88";"Moto X (2014)";"";"2014-12-22 06:01";"";"ya i got lollipop for my moto x too.. animations look pretty good ,no lag, but i see some google search crash report on screen sometimes,and camera turning on itself in some-screens ";""
"8624";"88";"Moto X (2014)";"";"2014-12-21 18:05";"";"Moto X 2014 owner since Dec 12th 2014. Sold my HTC One M8 back to Motorola for $250 , and used the cyber Monday rebate of $140 to purchase my Mahogany 32gb Moto X 2nd gen. I previously owned the 2013 Moto X and loved the Touchless features but wanted more power, or so I thought. I got the M8 and loved it, just couldn't get by without the touchless features and 3rd party apps just weren't cutting it.  The Moto X's 5'2 inch screen is just big enough, the single front firing speaker is just loud enough, the camera is just good enough, but the voice control and touchless control features are un-paralled in my opinion. Waving my palm to see notifications or touchin the creen to preview incoming texts, emails etc are huge time savers. Using voice dialing with or without my blu-tooth device, or canceling an incoming call with the wave of my hand is more than I could ask for in my mobile phone. As you can see I really like this 2nd generation of the Moto X!!!!";""
"8625";"88";"Moto X (2014)";"";"2014-12-21 15:38";"kwadd";"Received the 576MB Lollipop updated on my X 2014 on 20th Dec at around 12AM. Noticed slight lag on the first day of usage. Now it's working just fine! More updates later. How about the rest of you Moto X 2nd gen owners? Anybody want to share their experience with Android L? ";""
"8626";"88";"Moto X (2014)";"";"2014-12-20 18:52";"sms";"i dont know yet";""
"8627";"88";"Moto X (2014)";"";"2014-12-20 11:37";"raghu";"required with card slot!! ";""
"8628";"88";"Moto X (2014)";"";"2014-12-20 08:41";"manoj";"i have got 5.0 lollipop for moto x 2014 today";""
"8629";"88";"Moto X (2014)";"";"2014-12-20 08:03";"";"Today I got the Android L update for my Moto x(2nd generation) - Chennai, India";""
"8630";"88";"Moto X (2014)";"";"2014-12-20 07:02";"Sowndar";"Got sweet lollipop update B-)";""
"8631";"88";"Moto X (2014)";"";"2014-12-19 19:44";"";"Breaking news moto x receiving lollipop update in India,its 576.5 mb update.";""
"8632";"88";"Moto X (2014)";"";"2014-12-19 19:43";"";"Buddy,it's 20 Dec and at 12:05 I got an update on my moto x 2014 to lollipop.   Yes we get lollipop on 20 Dec. I'm in India. Purchased through flipkart";""
"8633";"88";"Moto X (2014)";"";"2014-12-18 08:55";"Sowndar";"When will moto x 2nd gen get lollipop official OTA update in India :(";""
"8634";"88";"Moto X (2014)";"";"2014-12-17 09:03";"Anonymous";"iPhone 6+ has even less than moto x but that doesn't sucks.bro firstly use the phone then talk.";""
"8635";"88";"Moto X (2014)";"";"2014-12-16 19:42";"";"Battery 2300 mah for a 5 inch phone sucks (:";""
"8636";"88";"Moto X (2014)";"";"2014-12-16 19:18";"wantingit";"Its not available in stores like other phones and its been over 2 months since the release. How much longer do u think i ll have to wait? So frustrating!";""
"8637";"88";"Moto X (2014)";"";"2014-12-16 12:32";"Sowndar";"Don't know why guys are giving fake information like this. Better don't interfere to such awaiting persons :-(";""
"8638";"88";"Moto X (2014)";"";"2014-12-16 07:42";"Sowndar";"Don't know why guys are giving fake information like this. Better don't interfere to such awaiting persons :-(";""
"8639";"88";"Moto X (2014)";"";"2014-12-15 23:49";"";"Hi pooya. No sony no samsung. The build quality was exellent and good size and nice other configure In my oponion. The exellent phone. But some guye tell about the battery. Batteru not exellent. But not bad. Battery normal";""
"8640";"88";"Moto X (2014)";"";"2014-12-15 16:10";"";"it supports LTE band 28 (700mhz APT)?";""
"8641";"88";"Moto X (2014)";"";"2014-12-15 15:12";"Sowndar";"Is it real!!?? I can't believe. o_O";""
"8642";"88";"Moto X (2014)";"";"2014-12-15 13:11";"";"tomorrow my friend, tomorrow is the day.";""
"8643";"88";"Moto X (2014)";"";"2014-12-14 22:12";"tad51";"Phone is awesome with poor Battery,,, I wanna switch to Sony Z3 Compact,,2 days battery ,,";""
"8644";"88";"Moto X (2014)";"";"2014-12-14 05:02";"progjunkie";"The camera is awesome. I love this phone. The battery is a Lil weak but that is OK. I love this phone. I've had them all. This is right at the top. ";""
"8645";"88";"Moto X (2014)";"";"2014-12-13 10:29";"Sowndar";"I'm from India. when will I get android 5.0 OTA update:( ";""
"8646";"88";"Moto X (2014)";"";"2014-12-13 10:11";"the giver";"cyber monday promo code : you can get 140$ off by december 15 for this model USCM-KZ3A-232V-3USI-42YM enjoy !";""
"8647";"88";"Moto X (2014)";"";"2014-12-12 15:04";"";"I can guarantee that Motorola isn't launching a dual-sim version of this phone because Motorola didn't launch the dual-sim version for Moto X (2013).";""
"8648";"88";"Moto X (2014)";"";"2014-12-11 18:44";"panchal vinod madhav";"does moto x 2nd gen. coming with the same fasility in dual sim ? pls tell me very soon i want to buy this pohone if it launch in dual sim with the same specification .";""
"8649";"88";"Moto X (2014)";"";"2014-12-10 18:41";"watafu";"seriously?  MEMORY Card slot No";""
"8650";"88";"Moto X (2014)";"";"2014-12-09 18:32";"Anonymous";"Does X 2nd Gen come with memory slot..??";""
"8651";"88";"Moto X (2014)";"";"2014-12-09 06:59";"rish";"Take Mine";""
"8652";"88";"Moto X (2014)";"";"2014-12-08 20:43";"pooya";"farzad I'm from iran too , how was the phone anyway? should I buy samsung or sony instead ? tnx bro";""
"8653";"88";"Moto X (2014)";"";"2014-12-07 04:17";"Anonymous";"Hi  Here is Cyper Monday 100£ promo code. Works on  UKCM-CE5G-3DKV-XU7H-NPNA.";""
"8654";"88";"Moto X (2014)";"";"2014-12-06 12:42";"linda";"Motorola sent me a 2 lemon phones. I like how easy it is to get in touch with a representative however they fail terrible at resolving the issue. First phone speaker was not working in and out, then the 2nd phone stopped working after 2 week of use. The battery won't recharge and a green LED shows up when I charge, but won't boot up. I've made many attempts to resolve the issue but everytime i speak to a different rep i get a different answer as to whether theyll fix the phone or not. Motorola is trying to copy apple's custoomer service but fail at it from my experience. I hope everyone else has better luck than me";""
"8655";"88";"Moto X (2014)";"";"2014-12-06 12:32";"ABA";"i want this phone so bad";""
"8656";"88";"Moto X (2014)";"";"2014-12-04 06:14";"";"Stock Android always..... ";""
"8657";"88";"Moto X (2014)";"";"2014-12-03 20:27";"";"I want this phone. Rather badly.";""
"8658";"88";"Moto X (2014)";"";"2014-12-03 12:12";"Anonymous";"Moto";""
"8659";"88";"Moto X (2014)";"";"2014-12-03 09:07";"";"This update capacity is 576.6 mb.  In hourly i dont fond no things .. Only graphic change";""
"8660";"88";"Moto X (2014)";"";"2014-12-03 00:37";"";"New update recive for my moto x 2014 in OTA IN Software update Android 5  I live in iran. But bought my phone frome uaa and unlock version Thanks motorola  ";""
"8661";"88";"Moto X (2014)";"";"2014-12-02 20:55";"phil mabirmug";"Does this or any other moto phone have a car cradle like the droid 3, or some way to get audio out through a USB cable with 1/8" phono adapter? I really like not having to plug cables to use in my car. With the droid 3 I just drop the phone into the cradle and everything is all set to go. This is the only thing holding me back from upgrading to this phone.";""
"8662";"88";"Moto X (2014)";"";"2014-12-02 12:25";"";"Hey if i buy unlocked pure version from USA can i use it in europe and asia on gsm networks and LTE ?";""
"8663";"88";"Moto X (2014)";"";"2014-12-01 18:18";"";"There is an update 5.0 for moto x 2nd Gen but if you dont get the notification you just have install it your own in which i did mine today its soooo nice";""
"8664";"88";"Moto X (2014)";"";"2014-11-29 16:26";"";"be patient my friend lollipop still giving a lot of bug related issues in some phone models which is why it will get late till 2015 q1 ...";""
"8665";"88";"Moto X (2014)";"";"2014-11-29 16:24";"";"ummm i don't understand what do you mean a htc e8 got more shortcuts than a moto x 2014 ? in my guess both got same number of shortcuts on front screen in a row, i have a m8 it only displays four shortcuts in a row ...";""
"8666";"88";"Moto X (2014)";"";"2014-11-29 01:14";"billy";"I love this phone but they said they will get updates soon but I still dont have the lollipop update and the battery life is shit";""
"8667";"88";"Moto X (2014)";"";"2014-11-27 12:06";"pinkyyy";"May I know the reason ";""
"8668";"88";"Moto X (2014)";"";"2014-11-27 11:01";"bossycow";"Umm go in for an e8....its got more shortcuts than a moto x2....my opinion mate";""
"8669";"88";"Moto X (2014)";"";"2014-11-27 08:02";"";"this moto stuff is terrible regading battery. This is crazy low performance. I'm looking to switch phone but my LG G2 has a 81h battery rating. Jesus Motorola is total 2011 here.";""
"8670";"88";"Moto X (2014)";"";"2014-11-26 22:02";"Ram";"MOTO X2 or HTC One E8 ??? Confused ! Can you people help";""
"8671";"88";"Moto X (2014)";"";"2014-11-26 19:50";"Anonymous";"just stock";""

