"12862";"125";"MotoGO EX430";"";"2013-11-29 06:02";"Anonymous";"I hate this phone. You can't hear it ringing unless it is in your hand or up to your ears. Most times I have it on when I'm out shopping & it's in my purse. I never hear it ring. Cannot turn it up loud enough. Also can't change wallpaper. Wish I wouldn't have bought this phone. Realized all the bad features after the 3 month period--too late to return.";""
"12863";"125";"MotoGO EX430";"";"2013-10-05 15:55";"fs8";"had phone 3 months and cannot hear person when receiving or making call. only way was to turn speaker on returned to motorola";""
"12864";"125";"MotoGO EX430";"";"2013-07-26 02:53";"Ethaniel";"It's not a "true" smartphone, you can't install WhatsApp on this.";""
"12865";"125";"MotoGO EX430";"";"2013-07-17 18:28";"luchitten";"what about whatsapp? Looks like this app can't be installed";""
"12866";"125";"MotoGO EX430";"";"2013-07-14 15:55";"Anonymous";"dnt ever go 4 ths cell phone ";""
"12867";"125";"MotoGO EX430";"";"2013-07-07 20:16";"Anonymous";"nice look ";""
"12868";"125";"MotoGO EX430";"";"2013-04-28 22:26";"n0ssb@juno.com";"SO is phone capable of adding apps-is it a smartphone or the apps preset and cannot be added to??? ";""
"12869";"125";"MotoGO EX430";"";"2013-03-21 04:26";"convoy71";"Even with 3G service, why have ability to record video and an option to email (among also bluetooth) and not be able to email video since video files are too large (and a 3 sec one). ";""
"12870";"125";"MotoGO EX430";"";"2013-02-23 19:07";"cristian cortez";"i wanna know if this model could make a radiorecorder. please";""
"12871";"125";"MotoGO EX430";"";"2013-01-17 20:56";"Neva";"What about if you don-t need a cell phone?";""
"12872";"125";"MotoGO EX430";"";"2013-01-11 20:23";"vannesteranas";"motogo ex430=======> plz view alcatel ot 585f the same";""
"12873";"125";"MotoGO EX430";"";"2012-12-24 18:17";"sNIPG";"Ugly phone.";""
"12874";"125";"MotoGO EX430";"";"2012-12-01 11:10";"bltallama";"I really want this phone .... Can anybody tell me when will it come to Asia-Pacific?";""
"12875";"125";"MotoGO EX430";"";"2012-11-15 05:04";"Ruger 1";"This phone rocks! Sometimes I stay up all night just to talk on it. I've lost 32 pounds since I got it 3 weeks ago 'cause I love talking on it I don't even eat. So what if my sex life is no more! I got this phone!!!!!!!!!";""
"12876";"125";"MotoGO EX430";"";"2012-11-10 23:46";"apple-sux";"is it true that this phone is also a tri chip phone like the ex117?";""
"12877";"125";"MotoGO EX430";"";"2012-11-01 12:32";"Anonymous";"very sexy ";""
"12878";"125";"MotoGO EX430";"";"2012-10-20 01:10";"Anonymous";"You can buy 3 cell phones like this with less than $2000";""
"12879";"125";"MotoGO EX430";"";"2012-10-06 06:36";"abcd";"Can anyone give more details on this mobile as I am looking for a lower price mobile below 2000 rs";""
"12880";"125";"MotoGO EX430";"";"2012-09-29 22:09";"ironcobra";"have 3g, wifi and gps";""
"12881";"125";"MotoGO EX430";"";"2012-09-29 22:08";"ironcobra";"this phone have a good cam (vga), record very good (o% lag and distortion of image)";""
"12882";"125";"MotoGO EX430";"";"2012-09-28 09:13";"luis";"This phone is currently available, at least in Mexico. I just saw it and I'm pretty sure it's this one. Its price is just 80 US dollars contract free, actually a good price considering it has a decent screen and Wi-Fi. BTW: It looks much better in black";""
"12883";"125";"MotoGO EX430";"";"2012-07-05 11:01";"frank.zhao";"only 3G feature phone.";""
"12884";"125";"MotoGO EX430";"";"2012-06-15 11:49";"alexis";"if you dont need a good cam , cpu , ram ,apps, large display and ..... it is good choice &#9829;just MOTOROLA&#9829; ";""
"12885";"125";"MotoGO EX430";"";"2012-05-31 11:07";"MT";"Dont this its andriod.. could be Java";""
"12886";"125";"MotoGO EX430";"";"2012-05-30 15:55";"lp";"android???";""
"12887";"125";"MotoGO EX430";"";"2012-05-28 12:29";"Rupnath";"Will Motorola be releasing this set in India ? When ? Looks unusual. Hope this one is 100% Moto not like ex115 and ex109 China made. Come on Motorola enthral the world once again with your awsome design which once you did with your Razrs. ";""
"12888";"125";"MotoGO EX430";"";"2012-05-26 13:05";"Jay S";"Operating system???";""
"12889";"125";"MotoGO EX430";"";"2012-05-12 11:37";"Tiger";"Too old design and no one use";""
"12890";"125";"MotoGO EX430";"";"2012-05-12 09:24";"johnny_boy";"what`s screen size got to do with good engineering? putting a huge screen on a phone makes you a good engineer? A small phone with a qwerty keyboard needs a small screen- obviously ! and since this is a basic model, no need to put in a large screen. i have used phones with 1.5 inch screens with no issue, the important thing is the layout of the menu.";""
"12891";"125";"MotoGO EX430";"";"2012-05-10 13:47";"Anonymous";"Where are the superb designers of Motorola dissappeared ? I just can't accept that it is designed by motorola only and that too 2.2 inch screen pathetic, when everyone is going for 2.4 n above. I am very much upset as I am the die-hard Fan of Motorola...,!!";""
"12892";"125";"MotoGO EX430";"";"2012-05-10 13:05";"Anonymous";"This is a decent phone with high value per cost. Design looks good and it has basic extra features such as music playback, camera, social networking apps and supports webbrowsing. Great for beginners, elderly and those that just need a phone for a phone. Keep in mind that people in developing countries, also need affordable phones.  The design is very beatiful in my opinion.";""
"12893";"125";"MotoGO EX430";"";"2012-05-09 19:51";"";"Cool phone. If it had a slightly better camera (maybe 3 MP) and if it was available in black I wouldn't need much more.";""
"12894";"125";"MotoGO EX430";"";"2012-05-09 00:49";"Zeake";"My 8 year old brother would laugh at that phone. Just saying.";""
"12895";"125";"MotoGO EX430";"";"2012-05-09 00:05";"lol";"dont be rude. moto has reasons why they release this basic kind of phone. this is design for people with basic wants perhaps for the teens. my 10-year-old brother doesnt need a smart phone just like us...so lol";""
"12896";"125";"MotoGO EX430";"";"2012-05-08 20:06";"Samsung Lover";"It does look like ex109 only in terms of design. Whereas this is 3 G enabled phone wid GPS and WiFi must be near about 5000 rupees i suppose";""
"12897";"125";"MotoGO EX430";"";"2012-05-08 19:21";"";"Its a basic phone for mobile newbies :) Launched in brazil.Its the same as Motorola's EX 109(oops maybe a step ahead of EX109 this has GPS hmm) but .motorola EX119 is 10 times better in terms of qwerty keypads and other specs ( but not anyway near to Motorola CHARM by far the best QWERTY mobile i ve ever seen) This moto GO should be around 3000 rs in india";""
"12898";"125";"MotoGO EX430";"";"2012-05-08 18:28";"";"MotoGO keep trying ";""
"12899";"125";"MotoGO EX430";"";"2012-05-08 18:15";"phonon";"good one from moto, seems basic phone with enhanced features + low budget phone. :) well done moto";""

