"9674";"95";"Moto G Dual SIM";"";"2015-01-20 08:49";"";"it is official OTA .i also updated now running 5.0.2";""
"9675";"95";"Moto G Dual SIM";"";"2015-01-19 20:34";"";"my question is same about lollipop please if you get info please let me know golakdas08@gmail.com";""
"9676";"95";"Moto G Dual SIM";"";"2015-01-19 12:56";"Shiv ";"My moto g battery direct charge after 95% to 100% & ofter unplug charger 5%d ierct decrease in sleep mode. Battery is fast drained 100% to 90%.  Plz. Help anyone";""
"9677";"95";"Moto G Dual SIM";"";"2015-01-18 09:50";"Malik";"everything is fine until recovery option. After reaching recovery option there is an android with red triangle on it's stomach... then nothing ,, if I press power and click in volume up the phone starts up :-(";""
"9678";"95";"Moto G Dual SIM";"";"2015-01-17 11:20";"Unknown";"downloaded from b/m link and updated to andriod l my question is will i get andriod l official the update andriod lolippop doesn't look like official version ";""
"9679";"95";"Moto G Dual SIM";"";"2015-01-15 10:44";"Krock";"those who want to install official lollipop to Moto G XT1033 plz find the details in link below. I updated mine its awesome   ";""
"9680";"95";"Moto G Dual SIM";"";"2015-01-15 10:40";"rsm";"What is the best call recorder to install in my Moto G with black 16GB XT1068";""
"9681";"95";"Moto G Dual SIM";"";"2015-01-14 18:14";"";"Moto G XT1033 ASIA RETAIL / INDIA Android Lollipop 5.0.2 Update 220.21.28  xda  ";""
"9682";"95";"Moto G Dual SIM";"";"2015-01-14 17:57";"pk";"Supported otg";""
"9683";"95";"Moto G Dual SIM";"";"2015-01-13 18:52";"";"Moto G will definitely get L update";""
"9684";"95";"Moto G Dual SIM";"";"2015-01-12 12:08";"Lijo";"Received 3G for Idea net recharge but no display "H" such as HSPA. I have selected 3G in mobile networks. What to do for displaying "H" in Moto dual G?";""
"9685";"95";"Moto G Dual SIM";"";"2015-01-11 00:01";"Anonymous";"I'll advise you to block background data of applications you're not using,this will prevent this Apps from using data to display such adverts.. ";""
"9686";"95";"Moto G Dual SIM";"";"2015-01-07 17:19";"Pradeep Singh";"How to record a call in Moto G2";""
"9687";"95";"Moto G Dual SIM";"";"2015-01-06 18:04";"Anonymous";"Not to worry about it, I have got it fixed, there was an application in my phone which was causing this issue, I have uninstalled and the phone is working perfectly again!!!!Happy with it, either Lolipop or kitkat!";""
"9688";"95";"Moto G Dual SIM";"";"2015-01-06 17:59";"";"Anyone have any idea when the xt 1033 model will be getting the android lollipop?";""
"9689";"95";"Moto G Dual SIM";"";"2015-01-04 14:51";"Anonymous";"I am a Moto G user and I am getting adviterment pop ups on my screen, its everywhere, even when I use an application like whatsapp and even on my home screen, please help, I do not wish to get these advertisements!!! ";""
"9690";"95";"Moto G Dual SIM";"";"2015-01-03 19:06";"Smile";"Can anyone tell why a Three SIM not working in Moto G 2014 Dual SIM, it works with different SIM's but not Three";""
"9691";"95";"Moto G Dual SIM";"";"2015-01-02 12:23";"";"motorola moto g (2014 ) vs samsung s3 neo Which is better?";""
"9692";"95";"Moto G Dual SIM";"";"2014-12-30 09:46";"RK";"u jaffa people y dont u stop the sales of moto g 16 gb. if u r launching another model keep in web site r until u provide moto g k na ";""
"9693";"95";"Moto G Dual SIM";"";"2014-12-29 13:50";"raviteja21";"Change connection priority to 'voice' in dual sim settings..";""
"9694";"95";"Moto G Dual SIM";"";"2014-12-29 13:49";"raviteja21";"Change connection priority to 'voice' in dual sim settings..";""
"9695";"95";"Moto G Dual SIM";"";"2014-12-29 13:49";"Raviteja21";"Change connection priority to 'voice' in dual sim settings..";""
"9696";"95";"Moto G Dual SIM";"";"2014-12-26 16:24";"chandrakant";"nice mobile.....this qulity are whary good....nice ";""
"9697";"95";"Moto G Dual SIM";"";"2014-12-26 06:32";"anil";"how to make videocalling from moto g 2 with 3g sim. no option is enable to make videocalling without third party apps. ";""
"9698";"95";"Moto G Dual SIM";"";"2014-12-26 05:11";"Bharath";"Sme time battery fault ?hw 2 rectifier the fault? Answer plz frnd?";""
"9699";"95";"Moto G Dual SIM";"";"2014-12-25 08:06";"ryder007";"It will come on 29...5.0";""
"9700";"95";"Moto G Dual SIM";"";"2014-12-24 19:22";"ram";"pls inform me how to record call in moto g";""
"9701";"95";"Moto G Dual SIM";"";"2014-12-24 15:05";"Anonymous";"When will moto g gets Android lolipop 5 update in india?";""
"9702";"95";"Moto G Dual SIM";"";"2014-12-23 15:03";"naresh";"no";""
"9703";"95";"Moto G Dual SIM";"";"2014-12-21 05:46";"tuss";"Do not change the dalvik to art runtime. The phone misbehaves and eventually you wil need to hard reset leading to lossing all the data.";""
"9704";"95";"Moto G Dual SIM";"";"2014-12-20 18:29";"Jayant";"Nice Phone No Hanging Problem  & Bettey Backup Good ";""
"9705";"95";"Moto G Dual SIM";"";"2014-12-18 21:11";"Anonymous";"Performance wise it is great.But very delicate once fall from 2 feet height alos and displal go for a toss.Don't buy this.";""
"9706";"95";"Moto G Dual SIM";"";"2014-12-18 20:18";"Anonymous";"I do the exactly same.. Its really good... I tried it by accident and was amazing";""
"9707";"95";"Moto G Dual SIM";"";"2014-12-18 16:54";"Caribetropical";"the phone has a great syst";""
"9708";"95";"Moto G Dual SIM";"";"2014-12-18 16:50";"Caribetropical";"that ph is bad, BAD too BAD";""
"9709";"95";"Moto G Dual SIM";"";"2014-12-18 16:43";"Janko";"Hi, I got a Moto G last week and its working great. I bought a Charger for Samsumg Galaxy S4 and I am using it with the Moto G. It takes less than 1 hour to charge. ITS PERFECT.  Moto G has everything I was looking for.";""
"9710";"95";"Moto G Dual SIM";"";"2014-12-17 00:11";"jimmy";"use some other charger , rather then what u received with moto G, I think there should be some setting issue while calling, coz mine is working awesome. so kindly visit nearest service center.";""
"9711";"95";"Moto G Dual SIM";"";"2014-12-16 17:08";"MH";"because Motorola company has made two or three type of chargers and in my opinion the best one is Asia's one";""
"9712";"95";"Moto G Dual SIM";"";"2014-12-16 12:14";"";"HI, i am too worried and disappointed! just bought moto G yesterday.... i stated charging at 12% it took 3-4 hrs for full charging.is this the way moto G charges?? Also, i am not receiving calls when internet in ON! is this the way it works? iam using only one sim a present!!!!!!!!!!  PLease provide Solution!!!!";""
"9713";"95";"Moto G Dual SIM";"";"2014-12-16 12:08";"not receiving calls ";"HI, i am too worried and disappointed! just bought moto G yesterday.... i stated charging at 12% it took 3-4 hrs for full charging ...also,i am not receiving calls when internet in ON!iam using only one sim!!!!!!!!!  PLease provide Solution!!!!";""
"9714";"95";"Moto G Dual SIM";"";"2014-12-16 08:15";"kannan";"nice phn betr than asus zenfone 5";""
"9715";"95";"Moto G Dual SIM";"";"2014-12-14 12:36";"shiri";"Wen did u get soak test invitation?";""
"9716";"95";"Moto G Dual SIM";"";"2014-12-10 12:54";"nirbhay";"In my mobile call recorded not suported why. In Motorola moto g2";""
"9717";"95";"Moto G Dual SIM";"";"2014-12-09 14:59";"";"Which time android Lollipop in India Motorola moto g 1st generation on ?";""
"9718";"95";"Moto G Dual SIM";"";"2014-12-08 11:52";"sabbir";"i've been using it for like 5 months. One of the best phones in the market, at this kind of price range.";""
"9719";"95";"Moto G Dual SIM";"";"2014-12-07 15:05";"Anonymous";"is this phone good ah im very confused pls anyone give me suggestion";""
"9720";"95";"Moto G Dual SIM";"";"2014-12-06 07:37";"viji";"how many cast on in this moto g phone ";""
"9721";"95";"Moto G Dual SIM";"";"2014-12-06 04:55";"NIK 88 ";"Can I ask. How to get to DALVIK in the phone ? Thanks";""
"9722";"95";"Moto G Dual SIM";"";"2014-12-05 17:28";"ryder ";"how did you got lollipop ..explain me ";""
"9723";"95";"Moto G Dual SIM";"";"2014-12-05 14:30";"Anonymous";"support OTG ?";""
"9724";"95";"Moto G Dual SIM";"";"2014-12-05 10:04";"Anonymous";"No bro only on 2nd gen";""
"9725";"95";"Moto G Dual SIM";"";"2014-12-05 09:53";"raviteja21";"Switch to ART from Dalvik in runtime.. In dev options. Your device will ask for reboot and gets lollipop smoothness. I did it.. Ph performance increased. Thanks, Raviteja.";""
"9726";"95";"Moto G Dual SIM";"";"2014-12-04 09:20";"payal";"Guys I'm using this phone from past 3 months yesterday I removed the back panel and touched the battery the cover is like expanding that to do";""
"9727";"95";"Moto G Dual SIM";"";"2014-12-04 07:30";"Asim";"As far as I remember, nop.";""
"9728";"95";"Moto G Dual SIM";"";"2014-12-03 12:21";"fahad";"is this device support nfc";""
"9729";"95";"Moto G Dual SIM";"";"2014-12-02 05:25";"Anonymous";"this phone is recieving soak test now.thats confirm coz i got invitation.so lollipop update is coming very very soon.( indiain version)";""
"9730";"95";"Moto G Dual SIM";"";"2014-11-30 21:37";"vicky";"How to avoid heating problem";""
"9731";"95";"Moto G Dual SIM";"";"2014-11-30 13:52";"";"When this phone will get lollipop update? Will this phone is getting lollipop update or not?";""
"9732";"95";"Moto G Dual SIM";"";"2014-11-25 17:44";"Anonymous";"when will android 5.0 seed for this ? ";""
"9733";"95";"Moto G Dual SIM";"";"2014-11-25 16:31";"Anonymous";"Both sim lose signal very frequently but after shutdown and restart they work properly please suggest help";""
"9734";"95";"Moto G Dual SIM";"";"2014-11-25 06:58";"mallikharjun";"it is one of the good phone i had ever seen but what motorola's mistake is their is no specific ideaa to release the phone i buyed motog-1 for 14000 and moto g-2 is 13000 it has very good features then motog-1";""
"9735";"95";"Moto G Dual SIM";"";"2014-11-24 17:14";"Honest opinion";"I bought this model new since Jan 2014 and I have had no problems with it at all. Screen quality is fantastic, battery life as expected and performance is superb. Honestly, never once given me any of the problems highlighted in this forum. ";""
"9736";"95";"Moto G Dual SIM";"";"2014-11-22 10:16";"linkan";"Good ";""
"9737";"95";"Moto G Dual SIM";"";"2014-11-22 03:03";"MAHBOOB KHAN";"I want moto g xt 1068 reset becose my phone patarn lock is missing. Plz. Reply solosion.";""
"9738";"95";"Moto G Dual SIM";"";"2014-11-21 19:12";"";"Which app are you using?";""
"9739";"95";"Moto G Dual SIM";"";"2014-11-21 16:20";"mazya";"hi! use Skype";""
"9740";"95";"Moto G Dual SIM";"";"2014-11-21 07:37";"NP";"Hi All, I am using Moto-G since April-2014, It's a worst phone i ever seen. Lot of signal problem. Voice breaking problems. Our main need is calling, Moto-G has the problem here only. What is the use if you don't have proper calling mechanism in your phone. Please don't buy it. Go for Nokia. Also I went to servicing center its a very bad/worst experience. Buys I am requesting you guys please don't waste your money by purchasing Moto-G. Its only show put up.";""
"9741";"95";"Moto G Dual SIM";"";"2014-11-20 12:14";"";"how make to video calling ?";""
"9742";"95";"Moto G Dual SIM";"";"2014-11-20 12:12";"";"Can someone please suggest a call recording App supported by MOTO G (Dual SIM).";""
"9743";"95";"Moto G Dual SIM";"";"2014-11-19 12:19";"";"try same sim in some other device. Sometimes sim gets wrecked during cutting so check if it is working in other devices. ";""
"9744";"95";"Moto G Dual SIM";"";"2014-11-19 07:48";"Imran Ali";"my Moto g Sim Not Detected .Plz Reply Me";""
"9745";"95";"Moto G Dual SIM";"";"2014-11-19 07:42";"imran";"Dual sin not connected .what is reason";""
"9746";"95";"Moto G Dual SIM";"";"2014-11-19 05:48";"Anonymous";"its not wotking";""
"9747";"95";"Moto G Dual SIM";"";"2014-11-16 22:24";"";"Excellent...nic ffeatur, perfomence & designe";""
"9748";"95";"Moto G Dual SIM";"";"2014-11-14 11:47";"Anonymous";"moto 2 have 5 inch display ";""
"9749";"95";"Moto G Dual SIM";"";"2014-11-13 15:16";"NIK 88 ";"U have the same phone and it is running on 4.4.4. 8 just tested OTG IS WORKING I also have Moto G 4G . OTG is woking as well. ";""
"9750";"95";"Moto G Dual SIM";"";"2014-11-13 02:00";"tariq";"will it get android lollipop soon? ";""
"9751";"95";"Moto G Dual SIM";"";"2014-11-11 18:25";"kk";"i m confuse between moto g 1st gen and 2nd gen.. can u plz help me out from this ";""
"9752";"95";"Moto G Dual SIM";"";"2014-11-09 19:56";"AA";"Please provide the details of call recording App. Hope it recording both sides of the call.";""
"9753";"95";"Moto G Dual SIM";"";"2014-11-08 17:23";"vijayvk";"My cell is not supporting otg after 4.4.4 update. Is this due to software update or sothing else? Plz anybody tell.";""
"9754";"95";"Moto G Dual SIM";"";"2014-11-08 17:20";"abhi";"is 5.0 update available for moto g now/?";""
"9755";"95";"Moto G Dual SIM";"";"2014-11-08 14:02";"Anonymous";"Its due to long charging wire so due to low voltage and long wire Ampare drops, its charger fault not phone you can check with other brand charger it takes only 1 hr...";""
"9756";"95";"Moto G Dual SIM";"";"2014-11-06 10:28";"Anonymous";"for any problems do a hard reset of your handset or get software re-installed from the service center!!!";""
"9757";"95";"Moto G Dual SIM";"";"2014-11-05 20:32";"Uday";"Where are you from. Moto G is not supporting call recording.";""
"9758";"95";"Moto G Dual SIM";"";"2014-11-05 12:50";"Anonymous";"Who says that moto g does not support the voice recorder.... It 100% support the voice recorder.";""
"9759";"95";"Moto G Dual SIM";"";"2014-11-05 11:41";"Anonymous";"this phone is not supporting the voice record.Damit";""
"9760";"95";"Moto G Dual SIM";"";"2014-11-02 23:29";"AA";"Can we record the call with MOTO G ? I am not able to record call using any of the App available on Google Play.  Can someone please suggest a call recording App supported by MOTO G (Dual SIM).";""
"9761";"95";"Moto G Dual SIM";"";"2014-11-02 18:16";"";"use Google hangout or wechat";""
"9762";"95";"Moto G Dual SIM";"";"2014-11-02 16:23";"saurbh";"how to make vedio call with moto g";""
"9763";"95";"Moto G Dual SIM";"";"2014-11-02 10:17";"uday";"how to make video call in moto g dual sim I don't know it please ans me";""
"9764";"95";"Moto G Dual SIM";"";"2014-11-02 10:16";"uday";"how to make video call in moto g dual sim I don't know it please and me";""
"9765";"95";"Moto G Dual SIM";"";"2014-11-01 18:08";"ashu";"Guys Moto G dual is not having any sort of problem  i'm using dual sim it seems wrking awesome.. and volume controler will not wrking camera if u use for Zoom just tap the screen it will zoom ...  REGARDS , ASHISH JAIN ";""
"9766";"95";"Moto G Dual SIM";"";"2014-10-30 18:10";"dnivra";"yes. same problem with my phone also. call drops, and many more problems with two sims. but now i am using only one sim , and it seems to be fine.";""
"9767";"95";"Moto G Dual SIM";"";"2014-10-28 17:46";"";"Is there any other way to solve the problem?";""
"9768";"95";"Moto G Dual SIM";"";"2014-10-28 17:41";"";"My moto g has a dumb problem. Sometimes when I get call or do call I cannot hear anything but after I restart my mob it turns back ok";""
"9769";"95";"Moto G Dual SIM";"";"2014-10-28 12:48";"kentchristopher";"What is the model number of the dual-SIM Moto G which supports all 5 of the 3G bands, as shown in these specs? The XT1033 model, which is the only dual-SIM Moto G I can find for sale online, has several reports stating that it does not support the 1700 (AWS) band.";""
"9770";"95";"Moto G Dual SIM";"";"2014-10-28 04:22";"";"Hi guys, I read the comments of few of you who have been facing the battery drain problem from 100% to 96% after few minutes of unplugging the charger, If you've found the solution then please post it. I've been using this phone since July. It's really awesome. But, I couldn't find any solution to this problem. If your moto g is still under 30 day replacement period then please get it replaced, I regret not getting it replaced. If anybody has the solution to my problem then please post it.";""
"9771";"95";"Moto G Dual SIM";"";"2014-10-27 17:15";"";"Change your charger. If that didn't work get a new battery";""
"9772";"95";"Moto G Dual SIM";"";"2014-10-27 16:20";"";"Do you know that Moto g volume button can be used as camera button.";""
"9773";"95";"Moto G Dual SIM";"";"2014-10-27 14:32";"NIK 88";"Moto G support OTG so you use external drive to keep you file. When you need files plug in OTG CABLE";""
"9774";"95";"Moto G Dual SIM";"";"2014-10-27 12:42";"Pradz4U";"when i started using two sims , moto-G applications dont work properly, frequent call drops, signal issues in both the sims, etc, when i started using single sim everything was working fine.";""
"9775";"95";"Moto G Dual SIM";"";"2014-10-27 11:57";"too fast";"How do i place a sim on my motorola G from Ghana ?";""
"9776";"95";"Moto G Dual SIM";"";"2014-10-26 09:31";"N.r.bose";"Why are not memory card slot available.plz reply soon other system in superb.";""
"9777";"95";"Moto G Dual SIM";"";"2014-10-25 20:51";"deep";"Plz help. My moto g shuts down showing a zero charge symbol within 30min from full 100%charge.. What should I do";""
"9778";"95";"Moto G Dual SIM";"";"2014-10-25 00:26";"jimmy";"This one is one of the best android i ever used, the best thing is its waterproof tec in this price, many time(just for the test) i drop my phn under water for more then 5 min, but shockingly its still survive, thums up...moto..keep going with this kind of durable phns.";""
"9779";"95";"Moto G Dual SIM";"";"2014-10-21 18:56";"karan";"all specfication is good but co. has not given thats a very big disappointment with this mobile ";""
"9780";"95";"Moto G Dual SIM";"";"2014-10-18 14:43";"";"If you are experiencing problems with touch then it must b a faulty piece because touch in this device is one of the best in class.";""
"9781";"95";"Moto G Dual SIM";"";"2014-10-18 14:40";"";"use battery doctor available on playstore. however I dont know if it will help much but I am using it from the start and i am quite impressed with the battery life. Try it and see if it works.";""
"9782";"95";"Moto G Dual SIM";"";"2014-10-18 03:21";"Anonymous";"how come it doesn't have memory card slot?? it uses just the phone's internal memory?";""
"9783";"95";"Moto G Dual SIM";"";"2014-10-17 10:59";"mikr";"Hi ... I has same issue like the battery drain after finish charging 100% to 96% ... Do u already know how to fix it ?  Please share to me how to fix it ... U can email me at banan4milk@gmail.com ... Please really need your help ...";""
"9784";"95";"Moto G Dual SIM";"";"2014-10-17 06:52";"nick";"very good phone";""
"9785";"95";"Moto G Dual SIM";"";"2014-10-17 06:20";"obrion";"Excellent phone, best specs among similar phones awesome camera and battery life, i just love it.. its been more than a month and 0 complaints";""
"9786";"95";"Moto G Dual SIM";"";"2014-10-16 19:56";"KSB";"Bought moto g 2nd gen from Flipkart on big billion day. Sim 2 often loses network. Handset becomes burning hot. Camera in dim light is poor. Think before you buy.";""
"9787";"95";"Moto G Dual SIM";"";"2014-10-16 09:43";"Frank";"Yes, Its getting Android L Update";""
"9788";"95";"Moto G Dual SIM";"";"2014-10-15 19:30";"Mais";"If you want to made photo- you need a photoaoarat? not a mobile phone!";""
"9789";"95";"Moto G Dual SIM";"";"2014-10-15 06:23";"Arun";"My moto g takes 2-3 hrs for full charging is it normal or i should visit service centre for this,,,normally how much time it take for full charging";""
"9790";"95";"Moto G Dual SIM";"";"2014-10-14 11:14";"siva";"Moto g (2013) camera is very bad...worst picture quality I'm disappointed abt this phone...";""
"9791";"95";"Moto G Dual SIM";"";"2014-10-11 11:51";"";"My camera is laging too mch..whenevr i click pics continuously,the camera lags too mch ultimately creating laging in my phone..it continuous fr a shrt time period and then it turns normal..";""
"9792";"95";"Moto G Dual SIM";"";"2014-10-07 15:54";"yoonus";"I can't receive the bluetooth file. After turning on the bluetooth, not showing the icon highlight. While send a file to moto g, showing the message " user cancelled the operation, confirm that you want to receive the it". give exact answer.";""
"9793";"95";"Moto G Dual SIM";"";"2014-10-05 07:35";"needio";"system updates.. its 4.4.4 ";""
"9794";"95";"Moto G Dual SIM";"";"2014-10-02 13:23";"AlanP";"@Pradz4u, can you share some problems you had using both SIMs? I want to get one for myself.";""
"9795";"95";"Moto G Dual SIM";"";"2014-10-01 14:45";"";"cool";""
"9796";"95";"Moto G Dual SIM";"";"2014-10-01 09:24";"vitthal";"will it get android l";""
"9797";"95";"Moto G Dual SIM";"";"2014-10-01 05:49";"pradz4u";"Moto G dual sim has problems wen u activate more than one sim. better use single sim. if u try using 2 sims ull face lot of problems jus like I did. :(";""
"9798";"95";"Moto G Dual SIM";"";"2014-09-30 18:33";"Anonymous";"will it get android l";""
"9799";"95";"Moto G Dual SIM";"";"2014-09-29 18:54";"Sunil";"how do i upgrade my moto g phone............plz tell me ASAP.";""
"9800";"95";"Moto G Dual SIM";"";"2014-09-22 16:43";"Anonymous";"it's i nice phone.,touch is smooth like butter, camera quality is natural, yes i like this phone it's a perfect phone for android user's.";""
"9801";"95";"Moto G Dual SIM";"";"2014-09-22 10:15";"arshad";"awesome phone been using it for two months now if you want it go get it :)";""
"9802";"95";"Moto G Dual SIM";"";"2014-09-22 06:00";"Smith colaso";"I brought Moto G about a month back. I use internet quiet often, BT new days m not getting a 3g network even wen the network is selected to 3g n there is 3g tower close to my home.. I used to get it before but now m not getting it. plz help wat should I do about it..";""
"9803";"95";"Moto G Dual SIM";"";"2014-09-21 23:59";"Ole";"Ohhhh...It's good......";""
"9804";"95";"Moto G Dual SIM";"";"2014-09-21 13:03";"Amar";"Moto G2 is too Good....dnt wait jst buy it...";""
"9805";"95";"Moto G Dual SIM";"";"2014-09-20 17:15";"rocky";"awsome mobil... simply i loved it.. thanq moto...";""
"9806";"95";"Moto G Dual SIM";"";"2014-09-18 10:09";"";"Moto G is the best cell I just love it";""
"9807";"95";"Moto G Dual SIM";"";"2014-09-17 20:14";"alfi";"Guyz.. Any news of android lolypop for our best moto g?? Date? Pls.. Update cheers! Tc";""
"9808";"95";"Moto G Dual SIM";"";"2014-09-17 18:32";"nishu hasan";"Clear black screen is original cell ph";""
"9809";"95";"Moto G Dual SIM";"";"2014-09-17 08:54";"needio";"thanks man.. 4.4.4";""
"9810";"95";"Moto G Dual SIM";"";"2014-09-15 18:28";"Anonymous";"very nice handset ..j.d.bishnoi";""
"9811";"95";"Moto G Dual SIM";"";"2014-09-15 17:49";"NIK 88";"I do not know where you are. Moto G now released OS 4.4.4. I updated my phone last week. My Noto G 4G also upgraded to 4.4.4";""
"9812";"95";"Moto G Dual SIM";"";"2014-09-15 10:09";"M IQBAL";"i want my all recorded calls to be deleted from wherever saved";""
"9813";"95";"Moto G Dual SIM";"";"2014-09-15 08:00";"Anonymous";"See how the moto g customers suffering to get the service.. or replacement.. https://forums.motorola.com/posts/5d0be56b43?pag­­e=1";""

