"9474";"94";"Moto E Dual SIM";"";"2015-01-20 16:42";"raj";"How to install games or video songs direct to sd card i have 16 gb of memory free but all thing stored only in internal memory help me plzzzz";""
"9475";"94";"Moto E Dual SIM";"";"2015-01-20 15:30";"Amit";"Hi, Did you upgrade it to 4.4.4 from 4.4.2? if yes then go to the settings then go the About phone and start tapping very last option " Build number". I think after around 5 or 7 taps it would show the developers option right above the " About Phone" option. Then go the " Developer Option" and check the option" USB Debugging.  Hope it helps";""
"9476";"94";"Moto E Dual SIM";"";"2015-01-20 11:29";"Abhi";"For such a midium sized phone, its very heavy, even my S4 along with the back cover feels lighter than this!!";""
"9477";"94";"Moto E Dual SIM";"";"2015-01-20 05:39";"gowtham ";"i bought this device 3 months back. For last one month its not exchange files between laptop and phone via usb.. what is the sol. to fix it.. and i'm unchecked developer options too.  and all other setting are same as new phone.. what should i do.. pls suggest some solution for this soon..   and i was already make a call to flipkart customer care .. But they would not take care about anything.. they are utter wasssteee... and there is no tamiliyans to conversate with tamil people who do not know foreign language...";""
"9478";"94";"Moto E Dual SIM";"";"2015-01-20 02:26";"Sebastian Zvook";"This is my very first smartphone and I'm happy with it, guess this is becuase I'm a beginner with smartphones. Actually I wish I had the Moto G but that's now that I finally learned a lot of tricks and I know how to handle a smartphone. Great phone for first timers, as I said";""
"9479";"94";"Moto E Dual SIM";"";"2015-01-19 19:44";"Anonymous";"camera is not good ";""
"9480";"94";"Moto E Dual SIM";"";"2015-01-19 19:18";"B D S";"Buy huawei honor holly Same price & excellent performence U cab even play 1080 video also.. Try this.";""
"9481";"94";"Moto E Dual SIM";"";"2015-01-19 16:29";"Abhishek";"Very bad phone touch not working within 1 month of purchasing and very bad custumer care and service center service";""
"9482";"94";"Moto E Dual SIM";"";"2015-01-19 10:20";"Sathish";"I am using Moto E phone from past 7 months. Until last week phone was working fine. No hanging problem, speed is good, getting battery backup one full day by using around 1-2 Hour talk time and 3G data always ON.  From past 4-5 days facing restarting problem.  Some times phone automatically restarts and some times when we press ON/OFF button to lock/unlock the screen phone restarts. Please help me to rectify the restarting problem. ";""
"9483";"94";"Moto E Dual SIM";"";"2015-01-19 07:12";"Anonymous";"motorola service is very poor";""
"9484";"94";"Moto E Dual SIM";"";"2015-01-19 06:52";"rajendra";"if there will battery problem then what should i do ? Because it has no removable battery system!";""
"9485";"94";"Moto E Dual SIM";"";"2015-01-18 09:19";"Prabhas";"I Want to Buy this mobile . Plz Help me this is Ok or Not ?";""
"9486";"94";"Moto E Dual SIM";"";"2015-01-17 20:19";"Anonymous";"Your memory card got corrupted. Phone is ok. Get ur memory card formatted and it may work again.";""
"9487";"94";"Moto E Dual SIM";"";"2015-01-17 14:08";"";"if any solution to resolve moto e restart problem???";""
"9488";"94";"Moto E Dual SIM";"";"2015-01-17 14:04";"";"have u fixed it? i'm also experiencing same prob??? if any solution have find to plz inform me, thank you";""
"9489";"94";"Moto E Dual SIM";"";"2015-01-17 12:24";"Anonymous";"good english.. hahahahahahahah";""
"9490";"94";"Moto E Dual SIM";"";"2015-01-17 06:53";"sesha";"Will some one please let me know why I am not able to get the business cards sent from all mobiles.Any settings are to be done. Your help will be appreciated. I bought a MOTO-E 3 months back. ";""
"9491";"94";"Moto E Dual SIM";"";"2015-01-17 04:36";"maverick makanth";"I bought the phone last three weeks it is very very good phone .its is very very expensive phone ";""
"9492";"94";"Moto E Dual SIM";"";"2015-01-16 10:45";"Vino";"i bought Moto E after 2 months again and again restart what is the problem please solution to me";""
"9493";"94";"Moto E Dual SIM";"";"2015-01-16 06:38";"Ritam";"Superb phone. Using for past 6-7 months. No problem found till now. I also rooted it and phone become faster and lag free , also installed big HD games(asphalt 8, GTA SA, The Dark Knight Rises etc) in external sd card, and free up internal memory...";""
"9494";"94";"Moto E Dual SIM";"";"2015-01-15 17:29";"Anonymous";"I brought the moto E 3months back right now i got softwar problem it was going automatically restart.now it was not starting.";""
"9495";"94";"Moto E Dual SIM";"";"2015-01-15 10:10";"sanoj";"When come lolipop";""
"9496";"94";"Moto E Dual SIM";"";"2015-01-15 07:26";"maruf";"can i play 720p video in MOTO E ?";""
"9497";"94";"Moto E Dual SIM";"";"2015-01-15 04:15";"sid";"brother to bring the device at low cost compromises were made.It can play games like subwaysurf,templerun etc but not hiend games.it heats very quick with even sudwaysurf game.If you want to play games dont buy this.First i thought i got a defective device but after replacement same overheating problem in newdevice also.";""
"9498";"94";"Moto E Dual SIM";"";"2015-01-15 03:37";"ankur rajput";"it's a very smart phone I'm using this I have no problem for this operating systems it's to good.";""
"9499";"94";"Moto E Dual SIM";"";"2015-01-14 20:14";"abhi";"Micromax unite2...best nd powerfull";""
"9500";"94";"Moto E Dual SIM";"";"2015-01-14 15:36";"amith007";"There is no direct option to set random songs as your ringtone either in Moto E or G... But here is an alternative method to do it. 1. Download any good file explorer, like ES or FX. 2. Open the explorer, in main storage find the folder named 'Ringtone'. 3. Now, copy the song which you want to set as your ringtone to this folder from the folder in which it is located. 4. Exit the explorer. 5. Go to settings. Select option 'Sound', then 'Phone ringtone'. 6. Now you will see your song which you want to use as your ringtone listed in the pop-up. 7. Select your song. Click ok. 8. That's it. You are done. ";""
"9501";"94";"Moto E Dual SIM";"";"2015-01-13 16:06";"Yo";"I am using moto e .This phone camera is too good,and other functions also";""
"9502";"94";"Moto E Dual SIM";"";"2015-01-13 09:30";"tariq";" i have downloaded es file explorer,but otg cable is not working i have tried many cable no one is working.pls help,thnxx in advance.after all superb phone no problem using from 5_6 months frnzz go for it ,i luv my moto e...";""
"9503";"94";"Moto E Dual SIM";"";"2015-01-13 07:59";"BOB";"it is the best phone for its price in india and is better than the other cheap chinese branded phones like xiaomi";""
"9504";"94";"Moto E Dual SIM";"";"2015-01-12 10:00";"Amith";"My phone took a bath accidentally for a couple of seconds :P .. i couldn't remove battery .. but the phone worked for a sometime . i dried it with a towel and kept it with silica gel for 5-6 hrs .. now it wont start :( . when i try to charge it the led blinks 2 times and then nothing happens.  any soluntions.. please help ";""
"9505";"94";"Moto E Dual SIM";"";"2015-01-12 06:27";"Anonymous";"I have 8gb external memory. N d available space is 4gb but still I'm unable to open my gallery... It says external memory is unavailable.. What is this!!!!!";""
"9506";"94";"Moto E Dual SIM";"";"2015-01-12 03:26";"kadimcharla kiran";"Hey... I bought my phone 6 months before but till now I'm satisfied with this phone but now I had a speaker problem but I rooted my phone so there is no warrenty,and another backdrop is the phone is just like a small iron box I can't use it for non stop 40 minutes.Now I just hate my phone......";""
"9507";"94";"Moto E Dual SIM";"";"2015-01-11 12:58";"";"no doubt one of the best budget devices...served me well...but my issue is that this device is dirt magnet...bezels and speaker grills are dust stores are too hard to get out...now its time for moto e 2nd gen to be introduced...waiting eagerly.";""
"9508";"94";"Moto E Dual SIM";"";"2015-01-11 02:26";"Anonymous";"If I knew this phone didn't have flash and camera didn't work well I WOULD OF NEVER BOUGHT IT !!!! I HATE It ";""
"9509";"94";"Moto E Dual SIM";"";"2015-01-10 13:42";"";"1st You How To Use Android Mobile download es explorer to access all feature of mobile ...,.defects :: back door loose, camera is poor and no colour and saturation in photos , battery draining fastly , speaker is not working after 3 months ... Head set pin is not working ... But mobile very nice to using";""
"9510";"94";"Moto E Dual SIM";"";"2015-01-10 09:50";"nagesh";"Motorola Moto E Phone Charging covered only one day, moto e using continuous 1/2 hour mobile is pull heat, ";""
"9511";"94";"Moto E Dual SIM";"";"2015-01-09 11:47";"Gopal";"Minimum 3 problems:  1. If you ever have to leave it without charge and the battery completely drains off, you had it! It takes a minimum of hour but of course never more than 6 hours for the phone to be back up and running!! So, if you are ok to wait for such a short time (of about 6 hours) for your simple mistake of not being able to put for charging at the right moment, this is a good phone.  2. Within 3 months, the speakers of this phone have stopped working. Yes, I am enjoying silence but missing all the incoming calls (can't hear the phone ringing at all). Also, watching all videos etc., is like watching ancient soundless movies!!  3. If you want to get the phone fixed, it is not too difficult at all. They have ONE service for a very small city like Bangalore, actually, looks like for the whole of Karnataka (i may be little off here, but please check). Of course, you have to make trip to give phone and make another trip to collect it back. Since unemployment is very high in India, Motorola (now Google) thinks that Indians in general shouldn't care about it. For example, from where I live in Bangalore, the service center is only 21 kms, so back and forth is just 42 kms and two trips and two half-days off from work. Of course, this is true, if you are not dumb enough to not to ask them what are the things you need to carry with you. If you forget something, hey it is just one more trip. Can't complain at all. ";""
"9512";"94";"Moto E Dual SIM";"";"2015-01-09 08:14";"anil";"moto e is faster browsing!";""
"9513";"94";"Moto E Dual SIM";"";"2015-01-08 15:42";"nani";"Download file manager and set ringtone";""
"9514";"94";"Moto E Dual SIM";"";"2015-01-08 14:44";"manu";"ringtone setting is verybad because your company doestn't provide the movie ringtone. ";""
"9515";"94";"Moto E Dual SIM";"";"2015-01-08 12:33";"John";"go to internal storage there you can find RING TONE folder Copy the song from sd card or any where in the phone and past in ring tone folder.then go to phone settings and sounds -ring tone there you can find the ring tone there.";""
"9516";"94";"Moto E Dual SIM";"";"2015-01-08 09:59";"babu";"battery is very poor.....";""
"9517";"94";"Moto E Dual SIM";"";"2015-01-08 09:17";"bujji";"ringtones are not good.how to set movies ringtone ";""
"9518";"94";"Moto E Dual SIM";"";"2015-01-08 09:15";"bujji";"ringtones are not good.how to set movies ringtone ";""
"9519";"94";"Moto E Dual SIM";"";"2015-01-08 08:23";"";"very good phone you can use this phone any type rough and tough phone . i am using this phone last 7 months i didi not face any problem till now but camera quality is low only this is negative feedback";""
"9520";"94";"Moto E Dual SIM";"";"2015-01-08 03:56";"Suraj yadav (surock)";"Features of this phone is good but Huge problem is both speakers does not work properly After one month.";""
"9521";"94";"Moto E Dual SIM";"";"2015-01-07 17:50";"prince";"cam is not good. . ";""
"9522";"94";"Moto E Dual SIM";"";"2015-01-07 14:46";"Pankaj";"No I am using this phone from last 6 mnths and I havent got any problem.All functions are working well.Dont thik too much its a good phone..";""
"9523";"94";"Moto E Dual SIM";"";"2015-01-07 11:10";"JAYANTA";"nice phone.....looking and working as best any other phone in this price....";""
"9524";"94";"Moto E Dual SIM";"";"2015-01-06 22:52";"Anonymous";"where is memory card option ";""
"9525";"94";"Moto E Dual SIM";"";"2015-01-06 18:36";"Anonymous";"I wish to buy it soon. Bt cann't make sure if all the functions are sustainable. Pls help me.... Does all the functions work after becoming old?? Pls help";""
"9526";"94";"Moto E Dual SIM";"";"2015-01-06 16:43";"Anonymous";"I recommend u to just free some internal memory ans see to it that atleast 250mb of the internal memory is always free. I believe this will resolve ur problem.";""
"9527";"94";"Moto E Dual SIM";"";"2015-01-06 10:39";"sindhuja";"i like it all features ....vry much";""
"9528";"94";"Moto E Dual SIM";"";"2015-01-06 08:08";"NIL ";"MOTO E touchscreen is so good ,u also play HD video & games best handset for use but camera quality is not so good.Battery life is to low....................";""
"9529";"94";"Moto E Dual SIM";"";"2015-01-06 06:46";"Sumanth";"When is the upgrade to Lollipop expected?";""
"9530";"94";"Moto E Dual SIM";"";"2015-01-05 19:55";"Raghu";"this is awsm phone all featues are a good working ";""
"9531";"94";"Moto E Dual SIM";"";"2015-01-05 17:28";"Nithn";" its better if u buy moto e ,ive heard that xperia e1 has a faulty battery even if u replace it the problem is still there ,so i recommend u 2 buy the moto e ";""
"9532";"94";"Moto E Dual SIM";"";"2015-01-05 13:36";"";"u have done a big mistake of purchasing this cheap mobile";""
"9533";"94";"Moto E Dual SIM";"";"2015-01-05 11:41";"Jai";"Does this mobile support OTG? Any work around to access OTg pendrive ?";""
"9534";"94";"Moto E Dual SIM";"";"2015-01-05 11:16";"dsk";"why bro how you tell this mobile is so bad any problem you faced 1st problem hanging or 2nd problem charging or 3rd problem low voice or 4th problem suddenly switch off or pls tell bro i buy this mobile soon please bro";""
"9535";"94";"Moto E Dual SIM";"";"2015-01-05 09:57";"Girin";"I bought this before 5 months, but suddenly it stop working properly. I don't how, but it getting restarted again & again. I don't how to fix this problem, if any one have any idea please revert.  Thanks";""
"9536";"94";"Moto E Dual SIM";"";"2015-01-05 08:41";"";"can this phone play hd games no sweat? pls answer anyone";""
"9537";"94";"Moto E Dual SIM";"";"2015-01-05 06:13";"neppu";"Don't buy thisphone,always making complaint for speaker ,it always not working and very irresponsible attitude customer service don't waste ur money  ";""
"9538";"94";"Moto E Dual SIM";"";"2015-01-05 05:09";"vinay";"moto e support OTG cable or not";""
"9539";"94";"Moto E Dual SIM";"";"2015-01-05 04:32";"ind";"when this phone get OTA to upgrade to lollipop? (in indonesia)";""
"9540";"94";"Moto E Dual SIM";"";"2015-01-04 18:06";"varun";"I brought moto e 2 months ago there is no problem , but phone ringtone comes 5 minutes late.can fix it.";""
"9541";"94";"Moto E Dual SIM";"";"2015-01-04 13:48";"Anonymous";"are you from kcp";""
"9542";"94";"Moto E Dual SIM";"";"2015-01-04 13:16";"josh";"the only minus.. is there is no front cam...";""
"9543";"94";"Moto E Dual SIM";"";"2015-01-04 12:34";"Santosh";"I bought moto e yestrday now i come to know that touchscreen becomes completly irresponsive while charging. . . I don't knw how to solve ths problem. . . Plzz help";""
"9544";"94";"Moto E Dual SIM";"";"2015-01-04 06:44";"venkat";"same model 4g mobile relise";""
"9545";"94";"Moto E Dual SIM";"";"2015-01-04 03:07";"Yadhu";"Yaa i got it";""
"9546";"94";"Moto E Dual SIM";"";"2015-01-03 18:46";"mayur";"This phone is really awesome I m using from 6months the battery backup is gud  the best smartphone in this range 7k cheap and best ";""
"9547";"94";"Moto E Dual SIM";"";"2015-01-03 07:58";"Ashish Upadhyay";"Hi,   is is up gradable to lollipop and how to upgrade.  thanks ";""
"9548";"94";"Moto E Dual SIM";"";"2015-01-03 05:24";"Gursewak";"Android kitkat version has problem in contacts portion. When I copy contacts from sim to phone, it atomatically joins the different contacts, also it shows one contact many times in contacts book.Please try to settle this issue";""
"9549";"94";"Moto E Dual SIM";"";"2015-01-03 03:08";"santosh";"Iam using moto E LAST 3 month.I found batty problem batty switch off but no switch ON long time. so please help solve my problem.";""
"9550";"94";"Moto E Dual SIM";"";"2015-01-03 02:14";"Dimmu";"Hi guys, I'm using this mobile from 4 months, I find no issues yet, but I'm not satisfied with night camera quality but as per in day time its OK with 5MP. Only disappointing is no flash.....";""
"9551";"94";"Moto E Dual SIM";"";"2015-01-03 02:07";"rao";"Internal memory is very low";""
"9552";"94";"Moto E Dual SIM";"";"2015-01-03 02:04";"Dimmu";"Hi Guys,   I'm using Moto e from last 4 months, I found no issues as HS is awsome. But Camera in Night is unsatifactory";""
"9553";"94";"Moto E Dual SIM";"";"2015-01-02 15:41";"srish";"This phone is awesome !!!! If you want to have good experience with phones and touch screen buy this for sure !!! The only problem is of camera and it doesn't have secondary camera .. Otherwise none can beat it ..... Smart simple it doesn't get heat up awesome phone for beginners .. Easily affordable ... Awesome phone nice sound and people who say that memory us a problem then people external memory card come too ";""
"9554";"94";"Moto E Dual SIM";"";"2015-01-02 13:42";"Nihar";"Phone is very very good but i have a problem for FM ";""
"9555";"94";"Moto E Dual SIM";"";"2015-01-02 11:58";"raj";"Move the apps from internal memory to your sd card";""
"9556";"94";"Moto E Dual SIM";"";"2015-01-02 08:25";"Anonymous";"flifkart very good mobile.";""
"9557";"94";"Moto E Dual SIM";"";"2015-01-02 07:50";"anbu moto";"moto e is the best phone on 7 thousand mark!!!!";""
"9558";"94";"Moto E Dual SIM";"";"2015-01-01 20:37";"Shayal";"The service sucks... The display costs 5700... In order to replace";""
"9559";"94";"Moto E Dual SIM";"";"2015-01-01 19:19";"madm";"Buy moto";""
"9560";"94";"Moto E Dual SIM";"";"2015-01-01 14:19";"ragu";"hi i am using moto e from the past 2 months. in this mobile when I will charge mobile some times automatic mobile switch off and when I read messages or any function this time mobile switch off";""
"9561";"94";"Moto E Dual SIM";"";"2014-12-31 23:07";"rofy";"Is the secondary sim on this phone can set to 3g??";""
"9562";"94";"Moto E Dual SIM";"";"2014-12-31 14:25";"Unknown";"I think you shold go for any chinese phone if u want jyada in kam (more in less).  This phone is an amzing phone ever launched in indian market. Hangs hardly n works betterly";""
"9563";"94";"Moto E Dual SIM";"";"2014-12-31 13:50";"atul";"same my mobile.. what u doing tell me I also do this or I resale this mobile";""
"9564";"94";"Moto E Dual SIM";"";"2014-12-31 13:48";"atul";"hi i am using moto e from the past 2 months. in this mobile when I will charge mobile some times automatic mobile switch off and when I read messages or any function this time mobile switch off.. and I am staying in Karad near not customer care ...my opinion don't use this mobile...";""
"9565";"94";"Moto E Dual SIM";"";"2014-12-31 11:17";"";"hi i am using moto e from the fast 5 months. All the features are good except camera and low internal memory.";""
"9566";"94";"Moto E Dual SIM";"";"2014-12-31 11:11";"suresh";"hi i am using moto e from the past 4 months. in this mobile internal memory is less and mobile will struck if you use it contineously more than a hour and camera is not good and no flash.";""
"9567";"94";"Moto E Dual SIM";"";"2014-12-31 09:46";"avinash";"its a amazing phone";""
"9568";"94";"Moto E Dual SIM";"";"2014-12-31 07:06";"upkar";"yes this phone will be update with android l soon in January in india ";""
"9569";"94";"Moto E Dual SIM";"";"2014-12-31 05:16";"om";"Is motor e support OTG cable. Please share your view. ";""
"9570";"94";"Moto E Dual SIM";"";"2014-12-30 21:05";"csp";"i will be upgraded as soon as the update will come to phone itself within settings software update ,moto g has come up already with lollipop update but moto e upgradation will take time upto feb 2015";""
"9571";"94";"Moto E Dual SIM";"";"2014-12-30 19:54";"Anonymous";"Moto e is great phone in 7k price. No lagas no hang problem very smooth phone. Good qhd display good battery and hd games running smoothaly I love this phone ";""
"9572";"94";"Moto E Dual SIM";"";"2014-12-30 13:33";"Himan sahota";"yEah itz suprb phone";""
"9573";"94";"Moto E Dual SIM";"";"2014-12-30 11:13";"gagan";"i m using moto e since oct. 2014 . but its not working properly. it automatically gets switched off. and i am tired of it. ";""
"9574";"94";"Moto E Dual SIM";"";"2014-12-30 10:15";"sourav";"When moto e upgrade with android 5.0 in India pls rply...";""
"9575";"94";"Moto E Dual SIM";"";"2014-12-30 08:18";"pavvi";"Hi am using MOTO E from last 4 months. all futures are good. but only problem is my mobile internal memory getting full. am having 16 GB external card. but by default all my apps and videos are store in internal memory. pls help me ";""
"9576";"94";"Moto E Dual SIM";"";"2014-12-30 07:27";"Anonymous";"In which month Moto E XT1022 4GB purchased in June 2014 Ist Generation will be updated Android5 OS? Anybody can reply exactly?";""
"9577";"94";"Moto E Dual SIM";"";"2014-12-30 07:22";"sandy";"hai experts good morning i need to buy a mobile for my daddy who is going to use smartphone for the 1st time in his life.please give me suggestions which 1 to go either Moto E or nokia lumia 520?";""
"9578";"94";"Moto E Dual SIM";"";"2014-12-30 05:05";"";"I recently purchased a moto e - finally managed to get a sim card installed - but there is no information about how to get the screen, as shown above, or even how to turn it on !! I have five icons - Corning Gorilla Glass, 1980 mAh, Android, Motorola Shells and Sim x 2. I only need one sim card. Can anyone help please?";""
"9579";"94";"Moto E Dual SIM";"";"2014-12-29 14:45";"";"is moto e better than lenovo s580 smart phone? ";""
"9580";"94";"Moto E Dual SIM";"";"2014-12-29 12:57";"android lover";"This is the greatest phone in this price just except camera ";""
"9581";"94";"Moto E Dual SIM";"";"2014-12-28 19:36";"vicky";"yes";""
"9582";"94";"Moto E Dual SIM";"";"2014-12-28 07:45";"";"It is a good phone using it for past 4 months! it is best at this range! camera is good in daylight imaging! but low light imaging is worst! there is low internal memory but it is a great bargain at 7k! as all apps work fine and all internet apps work just great!even multitasking is great";""
"9583";"94";"Moto E Dual SIM";"";"2014-12-27 20:17";"navi";"Moto e is good in ruff usage but camera is so bad.who loves to take pictures from mobile. Please choose other mobile. Internal memory also less 2.17 GB only";""
"9584";"94";"Moto E Dual SIM";"";"2014-12-27 16:13";"Chodu swamy";"Today mora moto e ate lollypop in madras. And Ram is increased. Push notification improved. Flash is also working now and internal ka memory doubled. Battery became fat and mobile became long. update is running fast.";""
"9585";"94";"Moto E Dual SIM";"";"2014-12-27 15:40";"";"Moto e is good but internal memory is always full though we have limited apps.......";""
"9586";"94";"Moto E Dual SIM";"";"2014-12-27 15:38";"hebron";"moto e is good but no space. internal memory is always full though we have limited apps.... ";""
"9587";"94";"Moto E Dual SIM";"";"2014-12-27 15:38";"Anonymous";"moto e is good but no space. internal memory is always full though we have limited apps.... ";""
"9588";"94";"Moto E Dual SIM";"";"2014-12-27 14:15";"viji";"this mobile is very superb for ruff use & using internet purpose";""
"9589";"94";"Moto E Dual SIM";"";"2014-12-27 09:57";"Sam.";"Moto is good ";""
"9590";"94";"Moto E Dual SIM";"";"2014-12-27 06:07";"anup";"Moto e have a 1 GB ram bt core2 only 512mb ...";""
"9591";"94";"Moto E Dual SIM";"";"2014-12-27 00:19";"rambabu";"Hi guys want to buy this mobile please tell me u r suggestion.";""
"9592";"94";"Moto E Dual SIM";"";"2014-12-27 00:15";"reamesh";"Hi guys i want to buy this phone please tell me your valuable suggestion. ";""
"9593";"94";"Moto E Dual SIM";"";"2014-12-26 17:32";"karthick";"Poor camera..pls don't buy dis mobile if u r a person that wish to have good camera quality";""
"9594";"94";"Moto E Dual SIM";"";"2014-12-26 17:30";"karthick ";"No dude..poor camera ";""
"9595";"94";"Moto E Dual SIM";"";"2014-12-26 16:31";"kali";"just compare it using compare on left side, and decide it based on spec and budget. if you want it, also check the voting result and opinion. more specifically also the range of service center. hope this help. ";""
"9596";"94";"Moto E Dual SIM";"";"2014-12-26 10:48";"Vivi";"its a v bad phone, i have been using it for past 2 months and now the mobile automatically restarts everytime. my friend mand me have same mobile. even he is facing same problem. he is using the mobile for past 3 months.";""
"9597";"94";"Moto E Dual SIM";"";"2014-12-26 07:41";"rahul kolekar";"You Will Buy The Moto e Mobile Phone Because This Phone Is Very Best ";""
"9598";"94";"Moto E Dual SIM";"";"2014-12-26 07:06";"uk";"its a nice phone but if you make any moto e (2 gen) then plz provide front facing cam and a battery upto 2500mAh dn it wud be better. ";""
"9599";"94";"Moto E Dual SIM";"";"2014-12-26 06:52";"reji";"best cell phone";""
"9600";"94";"Moto E Dual SIM";"";"2014-12-25 13:36";"Jignesh";"Moto E is best cell phone. I am using it for 3 months.";""
"9601";"94";"Moto E Dual SIM";"";"2014-12-25 03:46";"Fahad";"Moto e best phone ";""
"9602";"94";"Moto E Dual SIM";"";"2014-12-24 14:06";"Sumedh";"Confused bet'n moto e & samsung core 2 which one will be best to buy plz give me some suggestion";""
"9603";"94";"Moto E Dual SIM";"";"2014-12-24 12:40";"Sumedh";"Confused bet'n moto e & samsung core 2 which one will be best to buy plz give me some suggestion";""
"9604";"94";"Moto E Dual SIM";"";"2014-12-24 10:31";"ajie(indonesia)";"can this phone realy upgrade to lollipop";""
"9605";"94";"Moto E Dual SIM";"";"2014-12-24 10:19";"";"I am using Moto E as my primary phone since July 2014 and must say I'm impressed with its form factor, touch screen response and Android KitKat OS with no bloatwares. Its fast, cool and serves my purpose of the day to day usage with good call quality, WiFi, fast internet, occasional music and games like candy crush and subway surfer.  However over a period of 6 months now, since I started using this phone, I am starting to miss its front camera now especially when I see my coworkers talking about their selfie. Another thing I miss is camera flash which could also be used as a flash light in emergency situations. And the last thing is its limited internal memory.  I am not blaming Motorola for it because I was aware of such shortcomings at the time of buying moto E but now I am eagerly waiting for the second generation Moto E hoping it would have more features than the existing model. ";""
"9606";"94";"Moto E Dual SIM";"";"2014-12-24 09:13";"Anonymous";"Superb phone but one feedback battery not removabl";""
"9607";"94";"Moto E Dual SIM";"";"2014-12-24 08:39";"anu";"ready to buy........";""
"9608";"94";"Moto E Dual SIM";"";"2014-12-23 12:53";"Ram";"thanks! KALEVI for experiance and information.please tell me DigitalTV`s work...";""
"9609";"94";"Moto E Dual SIM";"";"2014-12-22 16:59";"Prasanna";"Xperia is worst model in e1 dual so u buy to moto e";""
"9610";"94";"Moto E Dual SIM";"";"2014-12-21 18:19";"";"How to play asphalt 8 or nfs-most wanted type games as it has very low internal memory....big GAMW FILES won't be placed or moved to internal memory..showing insufficient memory...I m able to move game files on external SD card,but then the game doesn't work, asking for download game files direct from net :( Plz tell me what can I do to resolve this...that in advnc.";""
"9611";"94";"Moto E Dual SIM";"";"2014-12-21 15:27";"";"Use airdroid or USB cable under Windows 7";""
"9612";"94";"Moto E Dual SIM";"";"2014-12-21 15:26";"";"Amazing phone for the price. I have Dual Sim 1025 model, just 4 months for now.  Positive points:  1.- Real 1GB RAM 2.- Good screen 3.- Excelent quality of materials 4.- Android 4.4.4 upgradable to 5.0 5.- Very faster and smoothly GUI, no lag 6.- Incredible wifi board, have better signal than my T400 Lenovo laptop 7.- Charge 100% in only 3 hours with stock charger 8.- SD, Dual Sim 9.- Good signal 10.- 3G really faster 11.- Rock solid, 4 times to the floor and 0 damage 12.- waterproof 13.- FM radio 14.- ISDB-T digital TV 15.- Battery with normal usage: 24hs wifi on, no suspended, bright 15%, whatsapp, youtube, music, 26 hours. Using wifi in saver mode, and only whatsapp, 50 hours. 16.- High volume speaker, and really nice sound and equalizer using headphones 32 and 16 ohms  Negative points:  1.- Camera is horrible, but, for the price and the low cost model, is fine I guees, no flash, no autofocus but good image 2.- Very small internal storage, only 1.25GB for the user and install apps 3.- 140grs 4.- The camera app is the same in all moto models, horrible 5.- Stock apps installed, bloatware: Google Play, Kiosco, etc, etc, etc.  For the price, FM, TV, dual sim, faster, good battery, good sound, is perfect.";""
"9613";"94";"Moto E Dual SIM";"";"2014-12-21 11:46";"sugA";"tis phone hd video supported........";""
"9614";"94";"Moto E Dual SIM";"";"2014-12-21 08:19";"Anonymous";"I have MOTO E, Taken some Shots, but not able to download to my PC. I have downloaded Moto G driver to my PC, but it is not working, and no response when connected to my MOTO E. How to download to PC ? May I get some help on this. Thank You.";""
"9615";"94";"Moto E Dual SIM";"";"2014-12-21 05:43";"";"Moto E is the fantastic phone ";""
"9616";"94";"Moto E Dual SIM";"";"2014-12-21 05:42";"";"Lenovo 660 is not the good choice, having cheap quality processor mediatec and still in the jelly bean OS";""
"9617";"94";"Moto E Dual SIM";"";"2014-12-20 16:24";"Kabir";"if you re confused between moto e and xperia e1 so I tell you that I've both these phones and my opinion is this that you may clearly go for moto e, xperia e1 lags in basic games like subway surfer, riptide gp 2 cause it's ram is only 512 mb but moto e has 1gb ram and it can handle high graphic games pretty good. games like asphalt 8 cannot be played in xperia e1 due to its low ram 512mb (280 mb) and intrenal storage 4gb (1.5gb available) on the other hand moto e can handle these games with minor lags internal storage 4gb (2.0. or 2.2 gb) and ram 512mb (484mb).";""
"9618";"94";"Moto E Dual SIM";"";"2014-12-20 16:19";"Anonymous";"I am using motoe lasl two month but few days earlier it speaker stop working ";""
"9619";"94";"Moto E Dual SIM";"";"2014-12-20 05:46";"Karthik";"Better to choose Moto E ";""
"9620";"94";"Moto E Dual SIM";"";"2014-12-19 20:27";"AvgPhoneUser";"The Moto E is much better. But very soon there will be a second moto E so you better wait for it.";""
"9621";"94";"Moto E Dual SIM";"";"2014-12-19 11:04";"shaivas";"i am planning 2 buy sony experia e1 dual but moto e is available in same price so i m confused to buy . . which is better 2 buy can anyone suggest me soon. .?";""
"9622";"94";"Moto E Dual SIM";"";"2014-12-19 09:09";"Mahaveer";"Very good Mobile Moto E";""
"9623";"94";"Moto E Dual SIM";"";"2014-12-18 20:19";"Anonymous";"Yap Am using it from 2months Its my first android phone  No lag nothing superb ";""
"9624";"94";"Moto E Dual SIM";"";"2014-12-18 20:08";"ken";"a very good phone at a very reasonable price. good features and great compatability.";""
"9625";"94";"Moto E Dual SIM";"";"2014-12-18 15:45";"nagesh";"The simply supverb...";""
"9626";"94";"Moto E Dual SIM";"";"2014-12-18 05:33";"dinesh gera";"Instaal tap tap app.";""
"9627";"94";"Moto E Dual SIM";"";"2014-12-18 03:57";"sid";"the best phone ....(y)";""
"9628";"94";"Moto E Dual SIM";"";"2014-12-17 19:48";"";"i agree completely ";""
"9629";"94";"Moto E Dual SIM";"";"2014-12-17 19:44";"";"Moto E the advantage is processor Snapdragon ";""
"9630";"94";"Moto E Dual SIM";"";"2014-12-17 12:54";"maddy";"same problem ...rebooting once for a day .....what is the solution for that?";""
"9631";"94";"Moto E Dual SIM";"";"2014-12-17 04:16";"";"who says? windows phone far better than android..no lag no hang..battery superb and ofcourse nokia touch..buttery smooth ";""
"9632";"94";"Moto E Dual SIM";"";"2014-12-16 11:26";"deep";"is motoe is best phone under 7000 rs?";""
"9633";"94";"Moto E Dual SIM";"";"2014-12-15 18:32";"Avi";"Is there any problem with non-removable battery like hagging or lagging..?";""
"9634";"94";"Moto E Dual SIM";"";"2014-12-15 12:41";"";"When will I get v5.0 (Lollipop) upgrade to my Motorola Moto E Dual Sim phone? ";""
"9635";"94";"Moto E Dual SIM";"";"2014-12-15 10:03";"Ganesan ";"put some more colour to atract us  ";""
"9636";"94";"Moto E Dual SIM";"";"2014-12-15 04:58";"K RAJA";"no camera hilarity ,led flash,frond camera";""
"9637";"94";"Moto E Dual SIM";"";"2014-12-14 10:27";"Abid";"Where can I find camera setting???";""
"9638";"94";"Moto E Dual SIM";"";"2014-12-14 08:00";"Raj";"Lenovo s 660 is great all of you";""
"9639";"94";"Moto E Dual SIM";"";"2014-12-14 05:08";"vamsi";"First of all you have to download "es explorer" in your mobile to transfer songs and data from urs to other mobiles, in es explorer there will be option to send songs through bluetoth";""
"9640";"94";"Moto E Dual SIM";"";"2014-12-13 11:25";"siju";"My moto e is rebooting itself once in a day... So that I need to reset date and time. No lagging. Battery is good. ";""
"9641";"94";"Moto E Dual SIM";"";"2014-12-13 10:49";"Babu";"Its okk bcoz android always better than windows phone";""
"9642";"94";"Moto E Dual SIM";"";"2014-12-12 18:47";"&#2437;&#246";"Vry good fon";""
"9643";"94";"Moto E Dual SIM";"";"2014-12-12 15:37";"vicky";"poor battery ..otherwise its good";""
"9644";"94";"Moto E Dual SIM";"";"2014-12-12 06:41";"Hasan";"I have Nokia Lumia 630.... I think that I sold my Lumia 630 and after all that I'll buy Moto e...  Is this ok or not..??";""
"9645";"94";"Moto E Dual SIM";"";"2014-12-12 06:06";"zackers";"what u choose? ";""
"9646";"94";"Moto E Dual SIM";"";"2014-12-12 02:50";"";"Waste of money .... camera quality is very very worst and waste .... it can taken wide picture in 2.9 mp only .. u can take 5 mp picture ...this picture will box shape ... no clarity better buy redmi 1s ... back door is loose ... bateery drainning fastly .. reboots every time .. camera doesnot have auto focus the photo will blurry ...i used this mobile nearly 2 weeks";""
"9647";"94";"Moto E Dual SIM";"";"2014-12-11 18:24";"super";"I am unable send the songs through bluetooth from my mobile to other mobile's. when I try to send a song I didn't found" send to" option over there. If any body can know please tell me the process. ";""
"9648";"94";"Moto E Dual SIM";"";"2014-12-11 08:52";"";"When come android lollipop motorola moto e";""
"9649";"94";"Moto E Dual SIM";"";"2014-12-11 08:33";"ravi";"same prblm facing me also";""
"9650";"94";"Moto E Dual SIM";"";"2014-12-11 08:22";"teja";"Hi guys...I want to buy a smartphone.can you please suggest me to choose either moto E (or) micromax ANDROID ONE. plz....";""
"9651";"94";"Moto E Dual SIM";"";"2014-12-10 17:25";"Ritam";"when moto e will get lollipop update ?";""
"9652";"94";"Moto E Dual SIM";"";"2014-12-10 06:45";"Girin";"I bought it on September month as I highly impressed with its specification & features but from last few days around 15-20 days, I am facing that my phone get switched off automatically & in addition internet network is not coming in the phone even when I stand below the tower.   Is there is anyone who are facing same type of problem?  I don't know how to sort out this, Can any one give me any suggestion what to do?";""
"9653";"94";"Moto E Dual SIM";"";"2014-12-10 05:59";"king";"in Lenovo S650 android is 4.2 but in MOTO E android is updgradable...... so how can you say that this Lenovo S650 is good";""

