"12800";"124";"MOTOSMART MIX XT550";"";"2015-01-04 15:26";"Anonymous";"This red plus sign keep coming on and then it says emergency calls does anyone know how to fix this or what is causing it????hepl!!!!";""
"12801";"124";"MOTOSMART MIX XT550";"";"2014-08-01 15:16";"derron";"How to move apps to my memory card";""
"12802";"124";"MOTOSMART MIX XT550";"";"2014-06-11 06:16";"Tommy";"I can't get it to tether with my vista pc. Can anyone help me out, please? ";""
"12803";"124";"MOTOSMART MIX XT550";"";"2014-05-16 20:32";"Destrokp";"It's a very good phone, all the problems it has can be easily solved.  *Recents screen = Install Drawlinetest *Not enough internal memory = Root it with Rommaster, then do a Link2sd Extreme and that's it, you can install whatever you want, it doesn,'t matter the size (As long as you have space in your sd card of course) *No Screenshot option = Install Screenshot Pro  After doing all this, it ends up being a great smartphone considering the price, and did I mention the amazing sound it has? SRS/Dolby sound sounds great. The battery last for a very long time in comparison with any modern smartphone. 512 MB ram is more than enough to works fluid.";""
"12804";"124";"MOTOSMART MIX XT550";"";"2013-12-19 17:06";"emx";"to solve the problem of "recent" screen you have to install the application DrawLineTest and update firmware. ";""
"12805";"124";"MOTOSMART MIX XT550";"";"2013-08-16 13:35";"kkmill";"I have the same problem. But, like you I yet to find a solution.";""
"12806";"124";"MOTOSMART MIX XT550";"";"2013-07-20 17:34";"lucho";"THIS MODEL IS A FAILURE! IF THOUGHT IN BUY, DO NOT DO IT!! Final and unfortunately no solution! I walked all the forums, I downloaded link2sd, I spoke to the technical service, and even talked with people from motorola!! And no solution ... The problem is the internal memory too small for the number of applications that brings the phone fixed .. rooteandolo which no memory can be released only vibrates while branded interrupts whatever you're using and is in "RECENT". could someone explain the solution?";""
"12807";"124";"MOTOSMART MIX XT550";"";"2013-06-13 03:17";"";"i think it's a great phone. just bought it in Argentina and works amazingly. some few negative points but it was goow enough to make me change my mind and go for a MOTOROLA for the very first time. The phone is great all in all besides its few negative features as the little internal memory.I bought it instead of SONY XPERIA U";""
"12808";"124";"MOTOSMART MIX XT550";"";"2013-03-28 23:25";"waj";"Can you play temple run on it ";""
"12809";"124";"MOTOSMART MIX XT550";"";"2013-03-28 23:13";"waj";"Can you play temple run on it ";""
"12810";"124";"MOTOSMART MIX XT550";"";"2013-03-07 20:46";"gaston";"this phone is a crap, root its not allowed, and the internal memory is little :(";""
"12811";"124";"MOTOSMART MIX XT550";"";"2013-01-24 11:33";"alex";"can i make videocals ,skype,with this fone????";""
"12812";"124";"MOTOSMART MIX XT550";"";"2013-01-22 08:42";"rohit";"verry ......... verry ......... verry ......... verry ......... verry ......... verry ......... verry ......... verry ......... verry .........v verry ......... v verry .......................good mobile ";""
"12813";"124";"MOTOSMART MIX XT550";"";"2013-01-17 14:40";"Anonymous";"can this phone in philippines?";""
"12814";"124";"MOTOSMART MIX XT550";"";"2013-01-15 06:30";"Hello!";"I bought a set of the XT550 on last week in China & is very very disappointed that could not be used in Singapore. Is there any way in the set that can be set to be used for GSM 3G network?";""
"12815";"124";"MOTOSMART MIX XT550";"";"2012-12-08 07:45";"mckenruo";"I have my own now. But I dont know how to use its screen shot or does it had. Help pls?";""
"12816";"124";"MOTOSMART MIX XT550";"";"2012-11-14 03:36";"xaico";"i can't use the installed browser from my phone! does anyone here knows how to set this problem?? pls help me... thanks! ";""
"12817";"124";"MOTOSMART MIX XT550";"";"2012-10-29 12:59";"ajspatel";"how can i buy this phone in india ";""
"12818";"124";"MOTOSMART MIX XT550";"";"2012-10-26 00:03";"Asif";"when it will available in India? does nyone have ny info?";""
"12819";"124";"MOTOSMART MIX XT550";"";"2012-10-03 18:53";"akki";"price in india is rs 9-10,000 approx n i camera is kinda htc explorer sound's gud";""
"12820";"124";"MOTOSMART MIX XT550";"";"2012-09-22 10:13";"";"anybody know the exactly price in india.? nd how its camera nd sound quaility? ";""
"12821";"124";"MOTOSMART MIX XT550";"";"2012-09-12 19:58";"Anonymous";"Great phone love it";""
"12822";"124";"MOTOSMART MIX XT550";"";"2012-09-09 18:44";"";"It's available already. There's a lot of offers on taobao.";""
"12823";"124";"MOTOSMART MIX XT550";"";"2012-09-06 17:58";"Motosmart";"Its got great graphics, an extremely long battery, a fast CPU and a good camera!";""
"12824";"124";"MOTOSMART MIX XT550";"";"2012-08-24 07:53";"deepu";"hey how is the battery? i use internet a lot......please tell me....";""
"12825";"124";"MOTOSMART MIX XT550";"";"2012-07-29 05:52";"mohammdAgha";"why 800 CPU ... what that Motorola ? we try to love you and take u instead of iPhone and galaxy please Motorola do as best as u can and don't forget gyro sensor thinking people don't understand what is the befit of it ! i'm defy plus owner aghaweb@gmail.com ";""
"12826";"124";"MOTOSMART MIX XT550";"";"2012-07-24 15:41";"sawan";"this moto mobile very standable look";""
"12827";"124";"MOTOSMART MIX XT550";"";"2012-07-18 14:54";"";"I just bought it today, in Greece it costs 143,99 I think the 4.0'' display combined with the huge battery is a very good combination for this budget phone. Don't expect great performance, but if u want a smartphone that you mostly use as a...phone! then yes, its specs will do the trick for you, at a great price. ";""
"12828";"124";"MOTOSMART MIX XT550";"";"2012-07-18 04:11";"";"is better motorola defy";""
"12829";"124";"MOTOSMART MIX XT550";"";"2012-07-11 13:12";"Asaina Akbar Ali";" I think that this motosmart is too smart.i am a samsung user but it change my mind.now i will go this phone which is first motoralo handset for me.";""
"12830";"124";"MOTOSMART MIX XT550";"";"2012-07-08 10:02";"user friendly";"another a crap phone from motorola! 320x480, 3.5mp camera with 4.0'' display?! failure!!";""
"12831";"124";"MOTOSMART MIX XT550";"";"2012-07-03 10:11";"kalim khan";"use 1ghz processor and chip snapdragon s1";""
"12832";"124";"MOTOSMART MIX XT550";"";"2012-06-22 21:20";"gibson";"when can i xpect the release of this fone in india.plz ans mee.any one.";""
"12833";"124";"MOTOSMART MIX XT550";"";"2012-06-18 18:10";"sourav";"When can we expect this phone in India. Also wanna know about its expected price. URGENT!!!!!!!!!!!!";""
"12834";"124";"MOTOSMART MIX XT550";"";"2012-06-02 08:03";"kalim khan";"1ghz processor and snapdragon s1 use motorola smart";""
"12835";"124";"MOTOSMART MIX XT550";"";"2012-05-28 22:18";"rude dude";"Nice phone and going through its options, should be available at a reasonable price and can be a game changer for motorola in its class";""
"12836";"124";"MOTOSMART MIX XT550";"";"2012-05-25 15:18";"Gajini";"No camera flash dude! its hurts but trendy look";""
"12837";"124";"MOTOSMART MIX XT550";"";"2012-05-23 11:49";"Anonymous";"wow very nice white color . i will buy it";""
"12838";"124";"MOTOSMART MIX XT550";"";"2012-05-19 23:35";"Anonymous";"Yesterday ";""
"12839";"124";"MOTOSMART MIX XT550";"";"2012-05-19 15:01";"Anonymous";"i hope it come to other world with low price ";""
"12840";"124";"MOTOSMART MIX XT550";"";"2012-05-18 19:44";"anand";"when it wll be available in india........its really nice phone";""
"12841";"124";"MOTOSMART MIX XT550";"";"2012-05-18 18:00";"Anonymous";"very nice phone/ i hope moto release it for world wide with beter spec ";""
"12842";"124";"MOTOSMART MIX XT550";"";"2012-05-18 17:04";"Rupnath";"I love very much the design and the features mentioned, especially in music category with dolby enhancements. Hope Moto will release the same model in India too. Motorola is invincible. Motorola rocks...!!";""
"12843";"124";"MOTOSMART MIX XT550";"";"2012-05-18 10:53";"";"very nice looking phone..why just for china market??only 144ppi,at least 220 and will be perfect..dual core,ICS and it would definitely be my next phone";""
"12844";"124";"MOTOSMART MIX XT550";"";"2012-05-18 09:19";"TheGrinReaper";"excellent looks ... but really bad ppi why give a 4 inch screen.......i would rather prefer a 3.7 with 320x480 at the max";""
"12845";"124";"MOTOSMART MIX XT550";"";"2012-05-18 09:15";"awesome";"looks amazing best specifications u could ever have";""
"12846";"124";"MOTOSMART MIX XT550";"";"2012-05-17 17:24";"Prabal";"Definitely MOTOROLA is da best for design and hardware. MOTOSMART MIX XT550 really great";""
"12847";"124";"MOTOSMART MIX XT550";"";"2012-05-17 13:50";"lol";"i believe this is designed for a china telecom--moto's clien.";""
"12848";"124";"MOTOSMART MIX XT550";"";"2012-05-17 12:46";"mk.alien";"great design";""
"12849";"124";"MOTOSMART MIX XT550";"";"2012-05-17 11:59";"farbror Frej";"Larger the usual 1735mah battery for such modest specs. This promish above avarage batterylife. ";""
"12850";"124";"MOTOSMART MIX XT550";"";"2012-05-17 08:13";"Anonymous";"Hey thanks for that link yes the design is jus awesome loved that :-)";""
"12851";"124";"MOTOSMART MIX XT550";"";"2012-05-16 19:05";"Anonymous";"great design . great busget smartphone /  but why just for china market ???!!  we are live here in midle est and eur moto ";""
"12852";"124";"MOTOSMART MIX XT550";"";"2012-05-16 18:41";"Anonymous";"hi, i think the cpu and gpu of this device might be same as motorola motoluxe. what do you think guys? =)";""
"12853";"124";"MOTOSMART MIX XT550";"";"2012-05-16 15:43";"kdavid991";"very nice phone , excellent ";""
"12854";"124";"MOTOSMART MIX XT550";"";"2012-05-16 15:14";"Rupnath";"I don't know why Motorola is producing sets mostly for China only,? why not for India,when the CEO himself Mr. Sanjay Jha is from India only. Has he forgotten his motherland and her people where the die hard Fans of Motorola still anxiously waits for its outstanding products...! Please pass this message to Mr. Sanjay Jha CEO MOTOROLA.";""
"12855";"124";"MOTOSMART MIX XT550";"";"2012-05-16 14:53";"Anonymous";"This would be a very good music phone.With the Dolby enhancement which i saw in Nokia N9. Design is definitely like motorola Photon 4G. But this phone has GPU? or it is to be determined by gsmarena? This has almost all the things that matches motorola FIRE XT except camera and bigger screen with better design so it would be perhaps better entry level smartphone amongst galaxy Y, motorola fire xt, Htc explorer.";""
"12856";"124";"MOTOSMART MIX XT550";"";"2012-05-16 13:49";"";"like the design which similar to motorola photon 4G but the specs are weaker than motorola photon 4G =)";""
"12857";"124";"MOTOSMART MIX XT550";"";"2012-05-16 13:04";"sfsdfg";"ahhaaahhahahaa hiii hii huh uhuhu huhu u what a joke!!!! this will be for 200$ haha ha hi hi hiwhat a joke";""
"12858";"124";"MOTOSMART MIX XT550";"";"2012-05-16 12:47";"";"Moto give us this sound on the Razr HD";""
"12859";"124";"MOTOSMART MIX XT550";"";"2012-05-16 12:26";"Anonymous";"veeeeeeeeery nice design      please for world wide .   great budget smartphone  ";""
"12860";"124";"MOTOSMART MIX XT550";"";"2012-05-16 12:21";"Anonymous";"but !!!!!   why just for china market !?????!!  motot !!!??????";""
"12861";"124";"MOTOSMART MIX XT550";"";"2012-05-16 11:16";"TheDoctor";"Can it be upgraded to ICS 4?";""

