"9814";"96";"Moto G";"";"2015-01-21 09:19";"Abilash_p";"Have you enabled "Mobile data" from network settings ?";""
"9815";"96";"Moto G";"";"2015-01-21 09:01";"praysonna";"can you give discount ?";""
"9816";"96";"Moto G";"";"2015-01-21 05:55";"";"contact your service provider";""
"9817";"96";"Moto G";"";"2015-01-21 05:11";"";"Yes";""
"9818";"96";"Moto G";"";"2015-01-21 00:39";"";"Why wont my contacts sync with my facebook contacts";""
"9819";"96";"Moto G";"";"2015-01-20 14:47";"suresh";"im using Moto G(india) i cant get 3G network.";""
"9820";"96";"Moto G";"";"2015-01-20 12:36";"Anonymous";"can i able to receive future updates after installing this..?? ";""
"9821";"96";"Moto G";"";"2015-01-20 08:41";"moto g user";"thnx..boss";""
"9822";"96";"Moto G";"";"2015-01-20 05:07";"";"ok thanks..)";""
"9823";"96";"Moto G";"";"2015-01-20 05:06";"";"computer is not required but you should have 3g connection as file size is 356mb.just download the file and don't put it inside any folders. BTW it is official OTA update by Motorola and if you are not sure about this please don't update and wait for update notification from Motorola.";""
"9824";"96";"Moto G";"";"2015-01-19 19:12";"Hemanth";"what about the ROM? Is it 8/16gb?tell me friends!";""
"9825";"96";"Moto G";"";"2015-01-19 17:44";"";"@JHONV :LIGHT sensor working for me fine at auto. only fix minimum brightness level u want at auto first.only little bug with hotspot i feel yet. ";""
"9826";"96";"Moto G";"";"2015-01-19 14:58";"lees1";"i have no computer, can i download directly ?";""
"9827";"96";"Moto G";"";"2015-01-19 14:56";"moto g user";"thnx..but it should updated dirtectly from about phone that means its not official update and its through xda. ";""
"9828";"96";"Moto G";"";"2015-01-19 12:00";"";"link for lollipop update. file size is 356mb  link ";""
"9829";"96";"Moto G";"";"2015-01-19 11:58";"";" @veer22541, what about ambient light sensor.in my moto g it only works outdoors.";""
"9830";"96";"Moto G";"";"2015-01-19 11:56";"";"download the zip file from the link given in the previous post(15.01.2014) into your computer and paste the file in the internal(phone) memory of your moto g. the check for updates in 'system update'.";""
"9831";"96";"Moto G";"";"2015-01-19 11:11";"";"up to date v 5.0.2 .thanks jhonv ..still not feel any bug. working like charm. bettry performance increased by 3-4 hour/day. thanks for lollipop.";""
"9832";"96";"Moto G";"";"2015-01-19 06:14";"moto g user";"there is no update available in about phone. so how to update safe nd offically lolipop";""
"9833";"96";"Moto G";"";"2015-01-18 19:21";"Abhi";"Go to settings >system update to check lollipop update..  ";""
"9834";"96";"Moto G";"";"2015-01-18 14:09";"";"paste the zip file you downloaded in the phone memory (internal memory) not in any other folders like- All factory stat's, Alarms, Android etc and click 'system update' in settings menu. The update will be automatically detected.";""
"9835";"96";"Moto G";"";"2015-01-18 09:37";"birdie";"i got my phone 2 days ago. was working fine. now it jut will not coperate. cant recieve nor text out messages. barely getten calls out. anyone have any ideas on how I can fix tis probem? please help ";""
"9836";"96";"Moto G";"";"2015-01-18 08:54";"anonymous";"I downloaded the file from the link which you posted but I am unable to copy the file into root folder please help me.";""
"9837";"96";"Moto G";"";"2015-01-18 08:00";"manoj";"My moto g now update 4.4.4. how to update lolipop my motog plz send the comt";""
"9838";"96";"Moto G";"";"2015-01-18 07:19";"";"is it stable ??? and what bugs are you facing ,if there is any ??";""
"9839";"96";"Moto G";"";"2015-01-17 20:12";"Bisii";"Yeah finally on the lollipop build in India Running 5.0.2";""
"9840";"96";"Moto G";"";"2015-01-17 16:53";"leo";"Hi i bought this phone three weeks ago and i have a problem with sim card . Firstly i've used a micro sim card and everything was going right,after two days the phone shows me only emergency calls so i bought another sim card and for two weeks it was working good and i could use my phone to make call but suddenly when i started playing asphalt 8 the network drops and it shows only emergency call so i removed the new micro sim card and inserted it again and worked but after two weeks the network has gone and even i removed the sim card and inserted it again the phone didn't detect it and it shows me only emergency call :( Can anyone help me how to fix it ,should i try factory reset ? ";""
"9841";"96";"Moto G";"";"2015-01-17 13:08";"";"update to lollipop dude";""
"9842";"96";"Moto G";"";"2015-01-17 10:20";"karthik";"Press power and volume decreasing button at same time ...";""
"9843";"96";"Moto G";"";"2015-01-17 07:27";"Anonymous";"how can i do my sms setting?????";""
"9844";"96";"Moto G";"";"2015-01-17 06:59";"";"Its just ahot.... Moto g If u wana multi task than its not perfect device....for Im using browser n same time i was go into the settings than i was come again to the chrome... Crome was restart.... Shit,....";""
"9845";"96";"Moto G";"";"2015-01-17 06:45";"sanju";"i got fed up with this phone really. i purchased this phone 6 months back only. battery back up is not even half an hour. worst phone which i never saw.";""
"9846";"96";"Moto G";"";"2015-01-17 05:08";"";"just copy the file into internal memory(phone memory) of your phone.please don't put in any other folders. ";""
"9847";"96";"Moto G";"";"2015-01-17 04:46";"dbdn";"how i take mobile screen photo in moyo g";""
"9848";"96";"Moto G";"";"2015-01-16 14:41";"anonymous";"As you mentioned copy the file in to root folder not to any other folder.what does it means can you explain for my conformation.";""
"9849";"96";"Moto G";"";"2015-01-16 13:44";"";"no rooting is needed";""
"9850";"96";"Moto G";"";"2015-01-16 11:27";"anonymous";"For installation rooting the device is required or not required";""
"9851";"96";"Moto G";"";"2015-01-16 10:11";"";"only bug detected is that the ambient light sensor does'nt work properly. Battery life is improved & ram management is better and apps open faster because of ART.Over all it feels like a new phone because of material design.Will be checking for a few days whether it is stable or not.";""
"9852";"96";"Moto G";"";"2015-01-16 10:01";"";"it is offical OTA update and it's completely safe. Just download the file and copy to your phone memory-root folder and check for updates in system updates(about phone- in setting menu). The file will be automatically detected and installed.Please make sure that copy the file into root folder and not into any other folder.";""
"9853";"96";"Moto G";"";"2015-01-16 07:26";"";"It's safe or official or not";""

