"13705";"134";"Motoluxe XT389";"";"2014-12-03 13:12";"";"sir I have a motorola xt389 but it is now hang all time only show moto then it no responce ";""
"13706";"134";"Motoluxe XT389";"";"2014-11-20 17:01";"Derbyram";"Lost mains charger and need new one .where and what is the model number please for motorola xt 389 phone";""
"13707";"134";"Motoluxe XT389";"";"2014-11-05 21:55";"Anonymous";"my motorola cannot take screen shot why??? ";""
"13708";"134";"Motoluxe XT389";"";"2014-11-05 15:46";"SSLK";"I have also same problem Please HELP ME ";""
"13709";"134";"Motoluxe XT389";"";"2014-10-11 20:19";"Anonymous";"can i upgrade the android version from 2.3.6 to 4.4 ... ";""
"13710";"134";"Motoluxe XT389";"";"2014-07-28 09:23";"durgan ";"This is an excellent rock model. Working very nice.  I have not faced any problems with it. Some times feel like having more RAM memory. Any way to enhance this? Or can we upgrade this to 4.XX ?These are my questions ( mail : vvd99@yahoo.com)";""
"13711";"134";"Motoluxe XT389";"";"2014-07-22 11:58";"help needed";"I cannot move apps to my sd card help please ";""
"13712";"134";"Motoluxe XT389";"";"2014-06-12 14:32";"";"I am using this phone from 1 year but now from 2 months I have been facing the network problem. Most of the times it show Emergency Call Only, even that the same SIM card works fine in another phones. I've tried another SIM cards but the problem continues.";""
"13713";"134";"Motoluxe XT389";"";"2014-06-10 10:38";"Andy";"I used to have no problem with my phone's browser untill recently when I can't download any video or audio content on my phone. I have tried resetting the phone but still...please help me!";""
"13714";"134";"Motoluxe XT389";"";"2014-05-30 04:56";"damu";"how to move apps in sd card plz zzz tell me ";""
"13715";"134";"Motoluxe XT389";"";"2014-05-25 18:31";"damu";"how to move apps in ad card plz say me";""
"13716";"134";"Motoluxe XT389";"";"2014-05-20 14:19";"ABID";"guys,my moto xt389 going to pattern lock and this problem was unsolved coz here in india no service center of motorola is available ..do u hav any idea to crack lock ...";""
"13717";"134";"Motoluxe XT389";"";"2014-03-24 18:39";"mimmy";"where do i get a motorola motherboard in kenya";""
"13718";"134";"Motoluxe XT389";"";"2014-03-21 13:17";"DEVilgir";"screen went all black won't let see anything and it stays cold the abttery supply when charging?/ any advice plz.";""
"13719";"134";"Motoluxe XT389";"";"2014-03-16 13:20";"mike";"Today I have resolved my problem. If call is made connecting headphone then screen remains on, and for normal call, after dialing when screen goes blank, to disconnect the call or to switch on the screen one has to press the top right hand corner, on the right side of the sensor, press once wait, the screen comes back, and then call can be disconnected as required. Incidentally, the usable internal memory is about 151 MB, Usable RAM is about 378 MB. touch screen is very smooth. ";""
"13720";"134";"Motoluxe XT389";"";"2014-03-15 04:27";"mike";"I cannot disconnect any call after dialling as the screen goes blank. Only when called number hangs up then only screen comes back. I got it from eBay.in yesterday only. Any suggestions? ";""
"13721";"134";"Motoluxe XT389";"";"2014-03-10 14:40";"Techyugaa";"As of today 10 Mar 2014, this Device is totally outdated and cannot handle whatsapp and bbm together.  Usable ROM (where you install apps) is few MBs and can accomodate whatsapp and few here and there apps. Though applications can be moved to sd card but they not be installed directly to sd card which is the biggest problem.  Say you have 50 mb space left on ROM so you can only install applications below 50MB size and then move them to sdcard, that too if app is moveable (e.g. Whatsapp is not moveable because its ROM only app).   Verdict: Do not buy this mobile if you are willing to use basic apps.  You may only buy if you just required whatsapp and normal calling & texting features.  Battery is again average and lasts for one day.  On ebay people are selling this mobile for around 3500/- INR";""
"13722";"134";"Motoluxe XT389";"";"2014-03-08 23:30";"ruben";"Sd card cant go. How does it go?";""
"13723";"134";"Motoluxe XT389";"";"2014-02-17 13:36";"";"Did anybody find youtube working on it over the Wifi. Mine is not working, same thing is happening with google maps.   ";""
"13724";"134";"Motoluxe XT389";"";"2014-02-11 02:14";"";"heyy, need help, how can i move my apps to the sd card??? my phone is xt 389???'";""
"13725";"134";"Motoluxe XT389";"";"2014-02-10 04:54";"NAGGADU";"yes, ofcourse any android os supports watsapp/line/viber/etc,..";""
"13726";"134";"Motoluxe XT389";"";"2014-02-07 14:45";"neeraj jadwani";"I like moto";""
"13727";"134";"Motoluxe XT389";"";"2014-02-06 12:05";"raj";"Is the whats app / Line support in this phone";""
"13728";"134";"Motoluxe XT389";"";"2013-12-31 18:48";"bogdan";"how you make this.please tell me because i tried and not work.thanks";""
"13729";"134";"Motoluxe XT389";"";"2013-12-29 07:17";"Rooney";"mmy moto xt389 battery drains very fast....even if the phone is idle, charge finishes within 4 hours....Guys ...please suggest me a solution";""
"13730";"134";"Motoluxe XT389";"";"2013-12-27 11:56";"sandy";"I rooted it. Solved many problems as i removed unwanted boltwars";""
"13731";"134";"Motoluxe XT389";"";"2013-12-22 13:50";"avi";"less internal memory don't buy this ";""
"13732";"134";"Motoluxe XT389";"";"2013-12-22 03:56";"Manoj";"Boss, ur reply was delay, i made a mistake, i purchased, it's total waste of money, i purchased through e.bay. ";""
"13733";"134";"Motoluxe XT389";"";"2013-12-19 16:31";"Sarab";"Pls don't buy this ... It is the most HANG mobile .... It dosen't do anything .... it just only HANGS ...";""
"13734";"134";"Motoluxe XT389";"";"2013-12-18 07:56";"Manoj";"I am planning to buy a Motorola Motoluxe XT389, pls guide me.";""
"13735";"134";"Motoluxe XT389";"";"2013-12-13 07:27";"sher";"the internal memory sucks!";""
"13736";"134";"Motoluxe XT389";"";"2013-11-27 20:50";"Anonymous";"I cannot open my downloads why";""
"13737";"134";"Motoluxe XT389";"";"2013-11-22 01:53";"Suga City Buay";"those this phone has dual camera , front ?? ";""
"13738";"134";"Motoluxe XT389";"";"2013-10-09 00:06";"Anonymous";"how do get the network numbers????? ";""
"13739";"134";"Motoluxe XT389";"";"2013-10-05 09:19";"";"Beautiful shape. Nice touch screen. call drop rate very high. Online Registration not possible. Service centre demand Stamped Bill with IMEI Internal memory is low. Install whatsapp, dictionary, gmail a/c, phone will require freq reboot. User manual in mandarin. Evaluate before ur purchase.";""
"13740";"134";"Motoluxe XT389";"";"2013-09-29 19:05";"ARASH";"hallow guys have some one the decoding code ,somethink for xt389?i haveone but he don t red the sim card .do you have eny opinions ?please!thank s !";""
"13741";"134";"Motoluxe XT389";"";"2013-09-27 15:21";"kami";"great phone guys.ilike it";""
"13742";"134";"Motoluxe XT389";"";"2013-09-18 20:28";"rifi";"Mine one also has radio. I bought it from ebay.in. how did u check its RAM ROM size? Is it possible that it is a cheap copy? I m unable to uninstall its preinstalled apps. Can u guide me? ";""
"13743";"134";"Motoluxe XT389";"";"2013-09-17 16:12";"sands";"Please I bought a Motorola XT389 but this one has radio....how could that be possible???and the internal memory is just 128MB.Could that be an original or copied version";""
"13744";"134";"Motoluxe XT389";"";"2013-09-16 20:44";"rifi";"Guys. How can I unimstall its preinstalled applications? Some of them are in chinese language. How can I check its RAM ROM size? Please tell. ";""
"13745";"134";"Motoluxe XT389";"";"2013-09-07 19:08";"Moto";"The best android phone under $100...";""
"13746";"134";"Motoluxe XT389";"";"2013-09-04 18:37";"Ali";"1, go to obtion, use email user and password,beloew to patten lock, \\  2. just rest your phone, hold up volem botten with poewr botton few second,   3. screen appear phone in root obtion,   4. chose fectory reset  5. enjoy it";""
"13747";"134";"Motoluxe XT389";"";"2013-09-02 16:26";"";"my phone cannot open because of pattern lock. somebody can help me? ";""
"13748";"134";"Motoluxe XT389";"";"2013-08-30 08:49";"nani";"were it is service center";""
"13749";"134";"Motoluxe XT389";"";"2013-08-28 12:48";"hari";"hi Lenz , do u have know any cm7 rom for this mobile";""
"13750";"134";"Motoluxe XT389";"";"2013-08-25 13:46";"RoadFighter";"You can not update this mobiles Operating system, LET it be Gingerbread. To Move apps to SD card, you need to root your mobile, make 2 partition of FAT32 system(both must be FAT32) for this device,then install 'link sd' application restart, allow linksd to get root access via superuser app or whichever you have installed while rooting, i have chinese app installed via rowmaster rooting method. Thankx to XDA Developers. then every time you download new app move it to sd card from internal to sd with the help og link sd, by creating link or my hitting move to sd button if it alllows is of best option is to create link and move all files to sd ";""
"13751";"134";"Motoluxe XT389";"";"2013-08-25 13:39";"RoadFighter";"100% guarantee XT389 is Better than Asha 306, But Dont expect after sells service from motorola as they are shutting down all service centers in india. Motorola is not going to provide any mobile service for indian customers further. ";""
"13752";"134";"Motoluxe XT389";"";"2013-08-23 19:33";"Murali";"Offcourse XT 389 this is proper smartphone..... ";""
"13753";"134";"Motoluxe XT389";"";"2013-08-23 16:39";"SK";"nokia asha 306 and xt 389 which is better";""
"13754";"134";"Motoluxe XT389";"";"2013-08-20 08:42";"Pinz";"I purchased this mobile from ebay, but i didnt get Battery... so anyone can arrange battery?";""
"13755";"134";"Motoluxe XT389";"";"2013-08-17 11:52";"sboy";"can i upgrade this gingerbread to jelly bean?anyone";""
"13756";"134";"Motoluxe XT389";"";"2013-08-15 18:03";"RoadFighter";"I baught this mobile for 3800 Rs. a month ago, its very nice it has stock android 2.3.6 gingerbread, but you can not upgrade it to ICS or Jellbean, updates not provided by motorola and this nice device also not listed in motorola site content, Motorola has stopped support and service for this device. even though i baught it. becuase This is very nice mobile, also rooted it Installed 32 GB class 10 micro sd card installed all whats app games etc etc. WIFI 3G everything works great on this mobile screen is smoother than i expected. You cant play games like subway surfer and others on this device which are made to be run on ICS. but there are lots of other games that will make you happy ,Video clearity is also good, convert videos in mp4 with format factory 420x360 resolution n ur done. 3.2MP camera of this device is not so good. cosiderable for this price.";""
"13757";"134";"Motoluxe XT389";"";"2013-08-15 17:55";"RoadFighter";"yes its android dude its supports all, Its worlds best low cost mobile";""
"13758";"134";"Motoluxe XT389";"";"2013-08-13 13:22";"Diya";"Ebay online?Is this process More costly than real price or not? Is this phone supports all these thing which is given below- Whatsup,nimbuzz,wechat,line,live wallpaper,fm, Java,torch.auto call recording,3g,wifi,flash,background theme,zoom,black list,fm recording,gud camera,gud sound quality,google,talk,you tube,tample run,multitasking?";""
"13759";"134";"Motoluxe XT389";"";"2013-08-13 09:57";"Shricom";"Yes ,I bought it on Ebay.in ,Powerpack phone Excellent performance ,Value for money . non other phone competes this feature phone in this price Tag. ";""
"13760";"134";"Motoluxe XT389";"";"2013-08-12 23:13";"Shfahadb";"Can someone tell if the android version on this mobile is upgrade-able? if yes, how can it be done? Thank you in advance";""
"13761";"134";"Motoluxe XT389";"";"2013-08-12 14:41";"userofone";"Although it has a small memory the lack of GOOD compatible apps (excluding some ) means that its not much of a loss. It doesnt even have the power to host minecraft PE and as for the free fps that are actually good (final commando and z end world war being good examples) haveant a hope! Overall it does have other good features 5/10  ";""
"13762";"134";"Motoluxe XT389";"";"2013-08-09 16:26";"Diya";"Is this phone realesed in india";""
"13763";"134";"Motoluxe XT389";"";"2013-08-01 07:41";"909";" to change your internal to external";""
"13764";"134";"Motoluxe XT389";"";"2013-07-31 18:56";"faisal";"bt why ";""
"13765";"134";"Motoluxe XT389";"";"2013-07-18 09:50";"Anonymous";"memory useless even using memory sd cannot transfer enough data to free up 150mb of internal memory.why do i have facebook and twitter pre installed! if i wanted them i would have downloaded them.";""
"13766";"134";"Motoluxe XT389";"";"2013-07-14 12:51";"";"the internal phone memory is so small 150 mo how can we download directly to the SD card and how to update my software ? ";""
"13767";"134";"Motoluxe XT389";"";"2013-07-04 19:31";"Aarjav Shah";"I m going to buy this phone...";""
"13768";"134";"Motoluxe XT389";"";"2013-06-23 19:36";"mobileex";"mini sim is normal sim formarly we uses in all the mobiles before 2012 in india. actually mini sim are normal, currently micro sim are common and future is for nano sim till 2016 after then sim less smartest mobiles are coming......";""
"13769";"134";"Motoluxe XT389";"";"2013-06-16 14:20";"allkoothara";"mini sim dosn't work in india ? then what are we using for years ?";""
"13770";"134";"Motoluxe XT389";"";"2013-06-14 09:29";"faisal";"awsome phone already taken 5 handsets ";""
"13771";"134";"Motoluxe XT389";"";"2013-06-06 17:18";"aafaq";"itz the best android I have ever seen ";""
"13772";"134";"Motoluxe XT389";"";"2013-05-31 15:45";"SAIF";"Are You confirmed about that becoz I want to buy this phone in INDIA where Mini Sim does'nt works.  Regards";""
"13773";"134";"Motoluxe XT389";"";"2013-04-14 00:06";"Abdullah";"Root: ";""
"13774";"134";"Motoluxe XT389";"";"2013-04-06 19:15";"";"Finaly: ROOT METHOD for XT389... ";""
"13775";"134";"Motoluxe XT389";"";"2013-04-02 13:41";"Anonymous";"my mobile country chang and not working my country gsm supports in not incoming or outgoing calls";""
"13776";"134";"Motoluxe XT389";"";"2013-03-01 11:41";"Anonymous";"I had a motorola phone years ago and i hated it and never looked at one again until now and i really love this phone if someone asked me which phone i wanted between iphone and motorola xt389 it would be motorola xt389 every time ";""
"13777";"134";"Motoluxe XT389";"";"2013-02-21 22:31";"riazhussain";"country code problem solution";""
"13778";"134";"Motoluxe XT389";"";"2013-02-10 19:34";"Sophie";"In your opinion, what is tha app kind "notepad" - quickie, free, basic - best to install in XT389, which come without this pre installed app?";""
"13779";"134";"Motoluxe XT389";"";"2013-01-24 17:35";"Anonymous";"About alrm clock you se on screen is like arow like nevigaton system and press and dhen you see clock press clock alrm is ther ";""
"13780";"134";"Motoluxe XT389";"";"2013-01-12 23:00";"Abdullah";"This is a great phone. been using it since last week. The only thing that hurts is there is no root maethod available for it. Nor Bootloader is yet unlocked. Although a great machine";""
"13781";"134";"Motoluxe XT389";"";"2013-01-08 21:57";"Ota";"Actually, a regular SIM is very old fashioned and is about the size of a credit card. What we know as a "regular" SIM is actually called a Mini-SIM.  I hope you enjoyed this fun fact :)";""
"13782";"134";"Motoluxe XT389";"";"2013-01-03 00:40";"Badman 1220";"Guys don't worry this doesn't use mini-sim as stated, it uses regular sim card";""
"13783";"134";"Motoluxe XT389";"";"2013-01-02 17:18";"eibogdy";"I have this phone, is very good but the ROM memory is 150MB not 512MB";""
"13784";"134";"Motoluxe XT389";"";"2012-12-30 02:20";"broonie";"how do u change background foto  ";""
"13785";"134";"Motoluxe XT389";"";"2012-12-28 16:18";"chetann ";"what about application";""
"13786";"134";"Motoluxe XT389";"";"2012-12-27 09:21";"r";"You need to download app to SD ";""
"13787";"134";"Motoluxe XT389";"";"2012-12-19 21:39";"sagrathus";"opne tha clock application, there must be an icon of alarm, regards";""
"13788";"134";"Motoluxe XT389";"";"2012-12-19 21:35";"sagrathus";"my experience using this product two weeks after I purchased it, has been very good, except the problem of internal memory this phone meets my expectations, else you would like is to access the root menu, still can not find the way ... but I hope someone makes an effective method ... regards";""
"13789";"134";"Motoluxe XT389";"";"2012-12-17 02:08";"ghost";"i love this phone but i can never remember where everything is it got so much on it and you can download untold - by the way who knows where the alarm clock is please >>???????????????";""
"13790";"134";"Motoluxe XT389";"";"2012-12-08 23:09";"";"Currently using one of these good ringtone volume, ok display, internet speed could be faster. Bigest problem is space for apps. I added touchpal and a ringtone app and it ran out of space although this did not affect the sd card for mp3s and videos. ";""
"13791";"134";"Motoluxe XT389";"";"2012-11-21 23:51";"vldesco";"The battery life is very bad...only 3-4 hours in standby with some phone calls and some internet access (whatsapp & facebook). ";""
"13792";"134";"Motoluxe XT389";"";"2012-11-13 22:50";"Anonymous";"Can anyone tell me the battery life? In normal use, with a little internet surfing. Thank you in advance!";""
"13793";"134";"Motoluxe XT389";"";"2012-11-13 15:09";"alex";"What about the battery life? I want to use it only for talking and internet surfing. Would the battery last at least 2 days?";""
"13794";"134";"Motoluxe XT389";"";"2012-11-07 04:01";"vldesco";"Did you root XT389? can you provide some link or tutorial? thanks in advance";""
"13795";"134";"Motoluxe XT389";"";"2012-11-01 03:09";"Anonymous";"does anyone know how to root the xt389?";""
"13796";"134";"Motoluxe XT389";"";"2012-10-31 20:34";"Lenz";"with root and cm7 this hardware fly over many other qualcomm 800mhz + adreno200 (galaxy ace...lg optimus hub htc sony)..in benchmarck with stock rom is 25% faster then qualcomm+adreno200 platforms";""
"13797";"134";"Motoluxe XT389";"";"2012-10-23 23:47";"";"That left us a while back when touch resistive screens were dumped, thankfully. I have this device and can confirm it is aligned just fine, touch response is very good, don't like the viewing angle in landscape very polorised. Audio good, beter than motoluxe, and faster thanks to lower screen res'.";""
"13798";"134";"Motoluxe XT389";"";"2012-09-22 14:38";"";"Can someone please tell me how to calibrate it because in my settings it has nothing about calibration or touch settings?";""
"13799";"134";"Motoluxe XT389";"";"2012-07-15 23:05";"Firesong";"Judging by your spelling...i'd say the phone is actually smarter.....";""
"13800";"134";"Motoluxe XT389";"";"2012-07-04 05:49";"murugan";"Phone looks gud , But have less pixel only 3MP without flash ........... ";""
"13801";"134";"Motoluxe XT389";"";"2012-06-30 14:27";"SAAKINAKA";"Looks lyk the other motoluxe Design is awesome gud take. .hope it wud be low price as specs are somewhat lyk htc explorer or galaxy y but design and style is awesome";""
"13802";"134";"Motoluxe XT389";"";"2012-06-28 11:33";"Via Balmeo";"Phone is slow like me...";""

