"8672";"89";"Moto G Dual SIM (2014)";"";"2015-01-20 16:04";"Asdfg";"";""
"8673";"89";"Moto G Dual SIM (2014)";"";"2015-01-20 10:58";"Vijay";"Actually that's an update stub used in the soak test for Android L.. If you need the normal stub pls wait till motorola launches an official update process for our mobiles.. P";""
"8674";"89";"Moto G Dual SIM (2014)";"";"2015-01-20 10:57";"Vijay";"Come on mate.. Android L is just an operating system.. And rite now motorola is in the final stages of testing the update stub..  So wait patiently to enjoy the update to its maximum..";""
"8675";"89";"Moto G Dual SIM (2014)";"";"2015-01-20 10:05";"gv";"can u provide a link for that??";""
"8676";"89";"Moto G Dual SIM (2014)";"";"2015-01-20 06:05";"Anonymous";"I request everyone not to buy Moto G2. While buying the phone company assured that Moto G2 will get the Android L update but until now I did not receive any update. Android L is the only reason for I bought the phone, otherwise I would have gone for other phones...";""
"8677";"89";"Moto G Dual SIM (2014)";"";"2015-01-19 15:14";"";"Watter resistance";""
"8678";"89";"Moto G Dual SIM (2014)";"";"2015-01-19 10:18";"Anonymous";"What's the reason for having non removable battery?  ";""
"8679";"89";"Moto G Dual SIM (2014)";"";"2015-01-19 08:19";"Asdfg";"Yesterday updated to lollipop 5.0.2 through a file from XDA website no need to root or unlock bootloader or any tool :)";""
"8680";"89";"Moto G Dual SIM (2014)";"";"2015-01-19 05:54";"Alam";"friends i am using this mobile since last month. everything is fine. but i am unable to download songs. pls help me to download music. thanks...";""
"8681";"89";"Moto G Dual SIM (2014)";"";"2015-01-19 04:21";"riccky";"Moto g 2014 or Lumia 730 which is best.... plz suggest me";""
"8682";"89";"Moto G Dual SIM (2014)";"";"2015-01-18 10:25";"Ayan deva";"shall i buy this mobile or not tell me frnds";""
"8683";"89";"Moto G Dual SIM (2014)";"";"2015-01-17 20:15";"Anonymous";"How come did you get d lollipop update? Did u root d phone as officialy it's not released yet!";""
"8684";"89";"Moto G Dual SIM (2014)";"";"2015-01-17 09:02";"kiran";"go for moto g ";""
"8685";"89";"Moto G Dual SIM (2014)";"";"2015-01-17 06:08";"";"The problem regarding automatic switching from 3g to 2g network can be easily solved using "network", an app on the play store. Select wcdma only from the drop down box when ur in dire need of 3g. Using the latest 5.0.2 at the moment on my moto g 2014, seems responsive and fluid, battery life has also improved";""
"8686";"89";"Moto G Dual SIM (2014)";"";"2015-01-17 02:00";"giri";"Hi guys I'm new to moto g.I could not download songs or anything from net.they cannot be downloaded.please help.";""
"8687";"89";"Moto G Dual SIM (2014)";"";"2015-01-16 19:20";"";"I am using this mobile from 3 months, this phone automatically changes to 2g network when selecting 3g network and sometimes both network are not working well. It's very difficult to download files over 10MB. If I use the same sim in my old phone both networks well.The other problem are battery draining fast and for rs 13000 the pnone's RAM may be 2GB . There is no problem except from the above things,the phone works fine and waiting for android 5.";""
"8688";"89";"Moto G Dual SIM (2014)";"";"2015-01-16 19:17";"";"Million thanks bro ( rara) :)";""
"8689";"89";"Moto G Dual SIM (2014)";"";"2015-01-16 18:02";"";"Anyone here facing data connection issues with bsnl sim?";""
"8690";"89";"Moto G Dual SIM (2014)";"";"2015-01-16 16:14";"fedon";"Motorola Moto G Dual SIM or LENOVO S850?i'm having a hard time choosing.please help!";""
"8691";"89";"Moto G Dual SIM (2014)";"";"2015-01-16 08:33";"Anonymous";"Got the update 5.0.2 here in india :)";""
"8692";"89";"Moto G Dual SIM (2014)";"";"2015-01-16 07:49";"Satish Panchal";"I am using for this phone but i have not updated lolipop version.  Please Reply. ";""
"8693";"89";"Moto G Dual SIM (2014)";"";"2015-01-16 06:50";"";"Really awesome i m using this mob fully satisfied with it n now i m on lolipop quit asesome";""
"8694";"89";"Moto G Dual SIM (2014)";"";"2015-01-16 06:23";"";"I am updated lollipop 5.0.2 Indian version its awesome download here   ";""
"8695";"89";"Moto G Dual SIM (2014)";"";"2015-01-15 05:31";"nari";"i am using this phone from two months.... this only best phone in this price.... i completly satiesfied with this phone";""
"8696";"89";"Moto G Dual SIM (2014)";"";"2015-01-14 21:02";"";"Update is on testing ..it will be arrived soon.be calm";""
"8697";"89";"Moto G Dual SIM (2014)";"";"2015-01-14 13:35";"Dj";"Accessibility > auto rotate > check it. ";""
"8698";"89";"Moto G Dual SIM (2014)";"";"2015-01-14 06:39";"Vijay";"And this might answer you good enough..  ";""
"8699";"89";"Moto G Dual SIM (2014)";"";"2015-01-14 06:37";"Vijay";"I have my research done already mate..   Hope you haven't heard anything about "SOAK TEST" process which was implemented just to check the reliability of Android L..  All the videos which you saw were from other countries whereas in India there is no official update as of now.. And the official release is getting released soon..   ";""
"8700";"89";"Moto G Dual SIM (2014)";"";"2015-01-14 05:29";"Lavi";"Yesterday after I got notification on my MOTO G 2nd Gen for Android Update; the updation to Android Lollypop was done. But After the updation, My Corporate Airtel - Internet is not working at all. Though the Mobile Data is ON in settings the Chrome Page shows Error - "Internet Disconnected" and Mobile Data Off though the Mobile Data is ON in Settings. Pl help";""
"8701";"89";"Moto G Dual SIM (2014)";"";"2015-01-13 15:05";"";"You most likely havent done a lot of research beacause of you simply search"motorola moto g 2014 official lollipop review" you will 6-7 videos showing the official 5.0 update at moto g 2nd gen";""
"8702";"89";"Moto G Dual SIM (2014)";"";"2015-01-13 11:35";"Vijay";"Friends for those who expect L update for your mobile, dont lose heart guys.. The update is on testing.. And everything's for the better..  The following conversation with moto cust. exec. explains everything.. Peace..  "*******: Officially The update has not been released for Moto G2. As of now we do not have the information regarding the official update.  *******: Unfortunately it is very difficult to predict an exact date of when a software update will be ready. Motorola in India is currently testing to ensure the Android L software update is bug free and that it is compatible with current apps in the marketplace.  *******: Presently our Android developers are working with Android L on Motorola phones of India, as the test completes will be happy to announce the release date to our valuable customers." ";""
"8703";"89";"Moto G Dual SIM (2014)";"";"2015-01-11 22:56";"Anonymous";"I just replaced my 3+y.o. Samsung Galaxy S2 with this marvel of engineering last week. It's truly awesome phone. I had SGS2 flashed with Kitkat4.4.4 and batteries were always hot in 10min. This MotoG2 has huge battery's always cold. The speed of functions is very good, very happy. Sold in Costco in Australia under $250.";""
"8704";"89";"Moto G Dual SIM (2014)";"";"2015-01-11 16:12";"Anonymous";"Awesome phone in this price tag....using this phone from more than 4months and it never made me feel worse....its a awsum phone for multitasking,gaming ,video n audio Sound quality is awsum Just waiting for lollipop update to come in india";""
"8705";"89";"Moto G Dual SIM (2014)";"";"2015-01-11 12:52";"Anonymous";"I cant play any music and video in my phone";""
"8706";"89";"Moto G Dual SIM (2014)";"";"2015-01-11 11:57";"Anonymous";"You will probably see this on most touch screens as that is how they pick up your finger location. It may be more noticeable on some screens than others ";""
"8707";"89";"Moto G Dual SIM (2014)";"";"2015-01-11 10:28";"aman";"is this phone compatible to use 2g and 3g in dual sim? ";""
"8708";"89";"Moto G Dual SIM (2014)";"";"2015-01-11 07:49";"the_one";"Does anybody see dotted lines all over the screen in sunlight in moto g 2014, also it can be seen at an angle if screen is off.Is this a faulty set or everyone can see this, should I ask for a replacement. ";""
"8709";"89";"Moto G Dual SIM (2014)";"";"2015-01-11 03:09";"MJ";"How do I upgrade to Lollipop?";""
"8710";"89";"Moto G Dual SIM (2014)";"";"2015-01-09 17:54";"gooood";"Hey really I have motorola moto g dual sim 2014 its really good phone Im very happy:)";""
"8711";"89";"Moto G Dual SIM (2014)";"";"2015-01-09 14:25";"";"Amazing value, compare to the Nexus 5 which is twice the price. Outstanding screen and Nexus 6 styling, add to that dual sim capability and this is a winner. Far outshines other phones in the same price bracket and looks great. Using one myself after an iPhone 5S and loving the big screen. This phone will get upgraded to Android 5 (Lollipop) once Google release the code to Motorola and they do their tweaks and testing, so be patient, it is coming, Motorola have announced it as being official.";""
"8712";"89";"Moto G Dual SIM (2014)";"";"2015-01-08 18:44";"deepu";"Yes it is smoothly work with 1gb ram. I am playing asphalt 8 airborne without any problem. ";""
"8713";"89";"Moto G Dual SIM (2014)";"";"2015-01-08 11:02";"imran";"I uncheck Auto-Rotate screen in Settings->Display.. Now I open Apps like Gmail, Message, WhatsApp, etc.. Screen still Rotates. And when I go back to Settings->Display the "Auto-Rotate screen" is checked. OMG!! GHOST.. :D..  Anyone faced this bug??";""
"8714";"89";"Moto G Dual SIM (2014)";"";"2015-01-07 19:58";"junaid";"This phone is not upgraded to Android 5.0 till so remove that it was upgradeable ";""
"8715";"89";"Moto G Dual SIM (2014)";"";"2015-01-07 08:50";"vasu syal";"thnkz sanyam";""
"8716";"89";"Moto G Dual SIM (2014)";"";"2015-01-06 19:37";"Anonymous";"got android lollipop in india 2day :)";""
"8717";"89";"Moto G Dual SIM (2014)";"";"2015-01-06 18:04";"sanyam";"Moto g2 because micromax cannot be trusted and micromax is micromax and its hardware is poor";""
"8718";"89";"Moto G Dual SIM (2014)";"";"2015-01-06 16:25";"";"how to upgrade lollipop?";""
"8719";"89";"Moto G Dual SIM (2014)";"";"2015-01-06 11:32";"dishkayun";"I'm using lollypop ,it's started rolling out";""
"8720";"89";"Moto G Dual SIM (2014)";"";"2015-01-06 11:06";"vasu syal";"plz frndz help which is best b/w motog 2nd and micromax yureka ";""
"8721";"89";"Moto G Dual SIM (2014)";"";"2015-01-06 09:42";"Harsh";"When will Lollipop update will come on this handset in india ?";""
"8722";"89";"Moto G Dual SIM (2014)";"";"2015-01-06 06:50";"lik";"I bought this phone last christmas and i compared it with my asus zenfone 5. im so happy with this phone compared with asus. this is a great bloat-free value for money phone!  the differences of those two cps are very conspicuous. here they are:  1. the screen. the screen resolutions of the two cps are the same but i notice that moto g's screen is brighter than asus. asus screen is dimmer. i really enjoyed viewing HD photos on my phone than asus. 2. loudspeaker. the speaker is great compared to asus. great for me means louder and better to hear. 3. camera. the camera is awesome! actually it depends on the brightness of the surroundings but this rocks than asus. just the panorama needs to be worked. but for photographs and videos, moto g's camera is great!  4. i wont be telling more its for you to discover the greatness of this phone. so better have 1 now! hehe";""
"8723";"89";"Moto G Dual SIM (2014)";"";"2015-01-06 06:05";"lol";"Of course not! but lower than 1GB is a disaster! i've been using my moto g 2nd for 1 month now and i could say this is the best so far if compared with asus zenfone 5. im so happy and satisfied with this phone. and this is better than my razr xt910 as well.";""
"8724";"89";"Moto G Dual SIM (2014)";"";"2015-01-05 20:16";"";"you can raise a return request to flipkart. they'll definitely replace with new one..";""
"8725";"89";"Moto G Dual SIM (2014)";"";"2015-01-05 20:13";"";"if you bought this phone with in 30 days, you can raise a return request to flipkart. they'll definitely replace with new one.. ";""
"8726";"89";"Moto G Dual SIM (2014)";"";"2015-01-05 17:44";"yk";"Number one worest mobile no video calling option no battery backup 13000 Rupee's west Motorola service dead slow";""
"8727";"89";"Moto G Dual SIM (2014)";"";"2015-01-05 17:34";"Khemka";"Does it supports otg cable";""
"8728";"89";"Moto G Dual SIM (2014)";"";"2015-01-05 17:22";"Anonymous";"no";""
"8729";"89";"Moto G Dual SIM (2014)";"";"2015-01-05 12:03";"lucky4sunny";"I had purchased Moto G 2nd gen a couple of month back and it was working fine till last week when I suddenly my phone went dead. I took my phone to service centre where they informed that motherboard of the phone is having problem and has to replace. I was not the one with such kind of problem there were around 20 like me with same problem. Motorola has cheated us by providing a defected piece. When I told the to provide me a replaced cell these idiots were not doing the same as well. I have lost my faith in Motorola and will never buy any product of this company anymore. Guyzz pls let me know if there is any path to post my complaint directly to Motorola.";""
"8730";"89";"Moto G Dual SIM (2014)";"";"2015-01-05 09:31";"Prashant...";"Friends pls help me i want to buy new phone i am confuse in moto g2 , geioni m2 & samsung galaxy grand 2.........pls sugest... ";""
"8731";"89";"Moto G Dual SIM (2014)";"";"2015-01-04 19:12";"rakesh007";"Moto G 2nd gen comes with 1 GB RAM. Is it a disadvantage? ";""
"8732";"89";"Moto G Dual SIM (2014)";"";"2015-01-04 09:21";"raj naik";"Inspire of having dual speakers on front it has less sound wen compared with 1st gen..... Bt nyc phone @ price of 13000";""
"8733";"89";"Moto G Dual SIM (2014)";"";"2015-01-04 09:05";"Ashish";"I have purchased on 18 dec 2014.This is best mobile in its price range bt yesterday i faced a problem on sd card.I see notification unexpectedly memory card removed and wen inserted again shows sd card removed,insert new one.Any one plz help me what the problem i am facing with any helpful steps/suggestion to avoid such  Thanks Ashish";""
"8734";"89";"Moto G Dual SIM (2014)";"";"2015-01-04 09:00";"Cartier001";"Well there is nothing wrong with your phone. This is just a very common phenomenon that you did not hold your phone tightly attach to your face so that there is a small gap between your face and the phone surface, and this gap form a channel whick allows sound escape and feed back to the microphone. Of course the other party will hear his own echo. Just hold your phone tight to your face to solve the issue. That actually happen to all kind of phone(even land line) if your don't hold your phone properly.";""
"8735";"89";"Moto G Dual SIM (2014)";"";"2015-01-03 21:21";"";"hey guys, m facing an issue with my motog2, when iam on a call, the other party often complaints that they.re receiving echoes of their voice itself... which i find very odd abt my fone, is der any way to fix dis?? (I jus keep my receiver volume at 4 points)";""
"8736";"89";"Moto G Dual SIM (2014)";"";"2015-01-03 06:54";"basha";"i believe its a good one to purschase";""
"8737";"89";"Moto G Dual SIM (2014)";"";"2015-01-03 05:49";"Anonymous";"Phone is good but prolam us spikar phone on 2-4 hors spekar is not working than mob swich of & on phon is good but probloms  Are oftar 3-4 hors";""
"8738";"89";"Moto G Dual SIM (2014)";"";"2015-01-03 05:45";"1997SR08";"Its been two days and the phone is mighty fine but there is one problem the screen just sleeps off automatically multiple times irrespective of what ever work I'm doing with my device In no particular order the screen just sleeps off from a time interval of 30sec to 5 mins . Happens differently each time. This issue is really starting to bug me  please help me out";""
"8739";"89";"Moto G Dual SIM (2014)";"";"2015-01-02 04:23";"raj";"Moto g2";""
"8740";"89";"Moto G Dual SIM (2014)";"";"2015-01-01 08:55";"";"anyways if u want something better while spending less then u have to make an effort n be patient... still yureka will have more units than xiaomi...have registered too lets c what happens...";""
"8741";"89";"Moto G Dual SIM (2014)";"";"2015-01-01 08:12";"";"Yureka like xioami phones are not available again.. U have to register if ur luckly u will get it..";""
"8742";"89";"Moto G Dual SIM (2014)";"";"2015-01-01 07:30";"Anonymous";"goood";""
"8743";"89";"Moto G Dual SIM (2014)";"";"2014-12-31 14:07";"";"buy G2... or if u want better performance in low price but compromization in brand then go for micromax yureka...";""
"8744";"89";"Moto G Dual SIM (2014)";"";"2014-12-31 11:27";"";"Friends help me in purchasing.. I have much confusion in between moto g 2nd gen. N asus zenfone 5. I need good picture quality..  In conparison videos in yutube all telling to go moto g 2nd gen.. But wen i see ppi it is less than 320ppi that y i got much confusiin in choosing.  Good quality n design also matter but budget is only rs.13000 kindly help me out ..u can suggest me diffrnt brands also... If suppose i choose nokia it has bluetooth sharing problem... Thx in advance";""
"8745";"89";"Moto G Dual SIM (2014)";"";"2014-12-31 07:05";"neha";"hey there is a bug in moto g 2 nexus 5 moto e and nexus 6 ...some of these fones got bricked ...i personally use moto g 2nd gen ..wil flashing a custom rom solve my problem ???thanx in advance and a happy new year to alll:))";""
"8746";"89";"Moto G Dual SIM (2014)";"";"2014-12-31 03:02";"";"the connection for 2nd sim slot always goes off... experiencing the problem from past two days before there was no problem in signal reception but now the connection on 2nd slot alwaz went off... how to fix it?";""
"8747";"89";"Moto G Dual SIM (2014)";"";"2014-12-29 17:58";"sanka";"It's very beautiful for looking,then it's have a battery draining problem.. that's all.";""
"8748";"89";"Moto G Dual SIM (2014)";"";"2014-12-29 17:07";"pratik";"Hi frnds can anyone help me I'm facing issue while picking up the call When swipe right to receive its the circle bounce back to the centre position and and I'm CNT receive the call And it happens with 80% of call. Have tried safe mode same problem.";""
"8749";"89";"Moto G Dual SIM (2014)";"";"2014-12-29 15:37";"";"graphics is terrible, processor is outdated... u cant enjoy if u are a game lover... internet is good thru wifi but not that speedier on mobile connections still phone is decent for the price... reliable and not like chinese cheap handsets... it has a class n is elegant in its design... i had battery issues before but the way i use my phone its better than what i expect from it... waiting for lollipop update as still showing the system is up to date witj kitkat 4.4.4";""
"8750";"89";"Moto G Dual SIM (2014)";"";"2014-12-29 14:17";"tabib";"nice phone ever this bugget. sorry for bad english!";""
"8751";"89";"Moto G Dual SIM (2014)";"";"2014-12-29 11:50";"";"What? If u keep everything on in the background then obviously the battery will die faster.. If I get 4-6 hrs of heavy useage.. Then how can u say the battery is bad? It's much better than the mediatek devices..";""
"8752";"89";"Moto G Dual SIM (2014)";"";"2014-12-29 05:16";"mega";"phone is good but poor battery backup ";""
"8753";"89";"Moto G Dual SIM (2014)";"";"2014-12-28 09:49";"Mjm";"How update lollypop 5.01 plz answer me  thanx";""
"8754";"89";"Moto G Dual SIM (2014)";"";"2014-12-28 05:09";"Anonymous";"I bought moto g 2nd gen.I inserted this 16gb class 4 memory card but no images could be detected in galary,whereas abode reader works just fine. But the same memory card works well in Asus zenphone 5. And moreover moto g2 works well with other memory card that i inserted. So is this the problem with memory card or the phone??";""
"8755";"89";"Moto G Dual SIM (2014)";"";"2014-12-27 13:06";"";"Bro put Airtel sim inside SIM1 slot Just select the Mobile Data to ON (only with airtel network, not on wifi) and open  www.airtel.com/offers  In browser and just click activate  And you will get 1Gb 3g each for 2 months Hurry coz offer is ending on 31 December 2014";""
"8756";"89";"Moto G Dual SIM (2014)";"";"2014-12-26 19:55";"lkjhg";"My moto g 2 performs better than my cousins us made note 3 which I used for 2 weeks.. Totally performance of moto g2 is due to its stock android love the responsiveness of it compared to touchwiz on note 3.. This is not a joke but my real experience with both devices  ";""
"8757";"89";"Moto G Dual SIM (2014)";"";"2014-12-26 19:03";"Yash";"I've both the cell phones and i must say that moto g 2nd gen is much more better than s3 neo... s3 neo hangs like hell.. don't go for ram.. it isn't a issue for moto g.. go for it!!(y)";""
"8758";"89";"Moto G Dual SIM (2014)";"";"2014-12-26 14:04";"gopal";"Firstly go to airtel.in and open the page of airtel mobiles.Then register there.It will be activated within 72hrs.But do not change the sim or use in another handset.Call Customer care for further help";""
"8759";"89";"Moto G Dual SIM (2014)";"";"2014-12-26 12:08";"";"What?";""
"8760";"89";"Moto G Dual SIM (2014)";"";"2014-12-26 10:36";"";"MOTOROLA MOTO G 2014 VS SAMSUNG GALAXY S3 (NEO) Im afraid of the battery and the wifi signal of the moto g, but i 'm not sure about the s3 neo as the s3 because its an old model. S3 neo ram is 1.5 gb.  Which phone is better and why?";""
"8761";"89";"Moto G Dual SIM (2014)";"";"2014-12-26 09:41";"Singh";"lolll...";""
"8762";"89";"Moto G Dual SIM (2014)";"";"2014-12-26 03:49";"Yash";"Hey! Does anyone know how to activate the internet plan that came with the new moto g2? Bcoz I'm not able to activate it! I have a airtel sim and i inserted it in sim slot 1 but nothing happened..no internet..why so? Its been almost 12 hours!!";""
"8763";"89";"Moto G Dual SIM (2014)";"";"2014-12-25 14:36";"kalyan";"i want to upgrade my moto g 2nd to lollipop ";""
"8764";"89";"Moto G Dual SIM (2014)";"";"2014-12-24 22:55";"";"That's What u call a phone.. Perviously Nokia phone's were tuff nuts.. Now it's Motorola that makes tuff smartphones.. :)";""
"8765";"89";"Moto G Dual SIM (2014)";"";"2014-12-24 12:07";"Anonymous";"use a class 8+ sd card, if u use a lower class sd card it makes ur phone lag while opening apps";""
"8766";"89";"Moto G Dual SIM (2014)";"";"2014-12-24 05:11";"asdfgh";"HI my suggestion to all users of motog xt1068.. Move all apps that are in sd card to internal memory ur phone will be much faster. I experienced lag when some apps were on sd card.. also remove any antivirus program such as cm security etc..";""
"8767";"89";"Moto G Dual SIM (2014)";"";"2014-12-23 14:46";"TIESTOFREAK2007";"My MotoG 2014 dual sim survived after dropping down on the street and, a second later, a car literally stepped over it with the front weel. I have to admit that the phone is covered by a TPU bumper and screen protection, wich proved to be very useful in this situation. So, the phone still works very well and has no scratches. Overall, very good built quality. Well done, Motorola.";""
"8768";"89";"Moto G Dual SIM (2014)";"";"2014-12-23 10:07";"kro";"It will Get android L Update Or Not";""
"8769";"89";"Moto G Dual SIM (2014)";"";"2014-12-23 08:01";"vivek";"Is there any way to increase the a battery backup...battery is running very quickly,";""
"8770";"89";"Moto G Dual SIM (2014)";"";"2014-12-22 15:29";"";"Thanks";""
"8771";"89";"Moto G Dual SIM (2014)";"";"2014-12-22 14:42";"hot";"y u baying ";""
"8772";"89";"Moto G Dual SIM (2014)";"";"2014-12-22 12:15";"Mb";"thanx i got i replaced ...so far its good";""
"8773";"89";"Moto G Dual SIM (2014)";"";"2014-12-22 11:28";"";"Hey I found that this is a problem that only fb and messenger has all the other apps like line, hike, wechat, Viber, and Whatsapp gives u a notification Sound..";""
"8774";"89";"Moto G Dual SIM (2014)";"";"2014-12-22 10:21";"";"Dude the tweaks were 2 improve the performance of the phone if u want 2 know how 2 enable the ringtone and stuff like that.. It might be that u have mistakenly have pressed the volume button down that's why u mite have this problem.. But I mostly close the background running apps.. Cuz they eat up the ram and battery..";""
"8775";"89";"Moto G Dual SIM (2014)";"";"2014-12-22 10:07";"santhu";"is moto g slow with 2G network plese help me my area not have 3G how to speed internet ";""
"8776";"89";"Moto G Dual SIM (2014)";"";"2014-12-22 08:37";"Anonymous";"I had same problem with my Samsung galaxy s2, I just changed my SIM Card From 2G to 3G.....and Problem solved.. you also can try this...";""
"8777";"89";"Moto G Dual SIM (2014)";"";"2014-12-22 03:49";"";"Hi sagad.. My Facebook messenger ringtone and Facebook animation sound are not working properly and just teach me the tricks you were talking... Thanks in advance.";""
"8778";"89";"Moto G Dual SIM (2014)";"";"2014-12-22 03:02";"saroj";"Hey sagad,pls help me with the tweaks you were talking.. And my ringtone for Facebook messenger and animation sound of Facebook are working properly. Thanks in advance... Reply as soon as possible";""
"8779";"89";"Moto G Dual SIM (2014)";"";"2014-12-21 23:14";"";"I don't know why people complian and cry, I have used this phone From the time it was lunched.. I'am a heavy user.. I have every Social app.. And Play heavy Games Like Asphalt 8.. But still I have no problems in my phone it still keeps on running like a charm.. That's cause I know how 2 manage it.. I just needed the stock android 2 help me no 3rd party apps.. U just have 2 learn some tricks how 2 tiwk ur phone and u'll see it perform.. And u don't need 2 root..";""
"8780";"89";"Moto G Dual SIM (2014)";"";"2014-12-21 16:35";"Souby";"Just switch off the mobile and restart the mobile.Hope that would work fine ";""
"8781";"89";"Moto G Dual SIM (2014)";"";"2014-12-21 12:29";"";"Facebook animation sound not working. Pls help me.";""
"8782";"89";"Moto G Dual SIM (2014)";"";"2014-12-21 08:30";"Gairick";"purchased 20 days back,returned to flipkart last week, Screen shivers while using the phone simultaneously charging it,phone started hanging while using Fb or Watsapp or 8Ball mini pool, using the handset while its charging caused a big issue,otherwise it works smooth.But again, i did not find it worth my expense so returned it.";""
"8783";"89";"Moto G Dual SIM (2014)";"";"2014-12-20 22:27";"Adoron";"I need help.  Is the OS installed stock Android? I wanna buy a phone with good (average) specs with the least bloatware.";""
"8784";"89";"Moto G Dual SIM (2014)";"";"2014-12-20 17:15";"Darsh palawat";"Sexy phone";""
"8785";"89";"Moto G Dual SIM (2014)";"";"2014-12-20 13:26";"Anonymous";"Phone is awesome was going to buy a high end phone but now I won't bother after using this very smooth phone no lag at all just waiting for lollipop update for Australia go and get one today you won't regret it";""
"8786";"89";"Moto G Dual SIM (2014)";"";"2014-12-20 13:21";"Anonymous";"You obviously got a dud best phone I've ever owned did you try troubleshooting and starting a live chat with Motorola they can help";""
"8787";"89";"Moto G Dual SIM (2014)";"";"2014-12-20 10:18";"";"this stupid phone is unable to switch between 2G and 3G networks... it took more than an hour to switch from 2G to 3G network n that too i lost connection several times and it ruin my whole day in setting up the connectivity... the phone lags much more than a low specked samsung phones, still having problem in signal reception when using 3G... dont buy this stupid f***ed up phone... u will only regret,moreover i am planning to sell this phone n get a micromax yureka...";""
"8788";"89";"Moto G Dual SIM (2014)";"";"2014-12-20 07:38";"";"Yesterday I switch-off my moto g2. Tomorrow morning try to power-on but can't. Connect the charger but dont understand that charging or not. Please help me...";""
"8789";"89";"Moto G Dual SIM (2014)";"";"2014-12-20 07:34";"Sanat";"Tomorrow i switch-off my moto g2. Today morning i want to power-on but can't. Please suggest me. Very needed. Waiting...";""
"8790";"89";"Moto G Dual SIM (2014)";"";"2014-12-19 14:23";"zaheer";"any one received lollipop update for moto g2 if yes plz let me know how to update thanks.";""
"8791";"89";"Moto G Dual SIM (2014)";"";"2014-12-18 13:15";"raj";"guys do not buy this fone .i got this 2 months before  my fone is switching on and off by itself continuosly ...ituk it to service centre ..there were six ppl with the same problem and same fone ...and those service ppl said ur charging port has been damaged u have to pay 9k to get it repaired :(how can so many ppl spoil there ports on the same day and time???and it got spoilet b itself plzzz stop buying fone ull be in risk";""
"8792";"89";"Moto G Dual SIM (2014)";"";"2014-12-18 12:03";"isha";"Yes my charger is also taking so much time to charge even i m surprised coz my ph is even not switching on.";""
"8793";"89";"Moto G Dual SIM (2014)";"";"2014-12-18 12:02";"isha";"Yes my charger is also taking so much time to charge even i m surprised coz my ph is even not switching on.";""
"8794";"89";"Moto G Dual SIM (2014)";"";"2014-12-18 10:55";"Anonymous";"@chotu.. Dont go for lumia for sure...worst os ever...Asus zebfone 5 has good processing power but has average battery. Moto g has poor battery. ";""
"8795";"89";"Moto G Dual SIM (2014)";"";"2014-12-18 06:18";"";"get ur replacement done asap... many phones have such problems... my cousin got a phone from flipkart with only one of the functional speakers out of the two and it produced cracking sound when volume was kept higher so she did got a replacement but they took it a long to replace it... get urs done asap...";""
"8796";"89";"Moto G Dual SIM (2014)";"";"2014-12-17 17:03";"wheelcheese";"yes it's good, buy it now";""
"8797";"89";"Moto G Dual SIM (2014)";"";"2014-12-17 12:45";"";"dont buy this phone, buy that phone... this phone is not good, that phone is very good... this phone has many problems, that phone has no problem... u will blame urself after buying this phone, u will praise me when u buy that phone... :);):p :);):p";""
"8798";"89";"Moto G Dual SIM (2014)";"";"2014-12-17 12:28";"";"enountered a fresh new glitch... i set my phone on 3G network using an airtel sim on slot 2 which is in roaming n that i got through flipkart with that 2 month 3G scheme and the battery starting draining like its running a 100 metre race so i swiched it to 2G network and now trying returning back to 3G mode from morning but unable to get 3G connectivity... what joke is this?? since this area has complete 3G connetivity, the fault is of phone itself...";""
"8799";"89";"Moto G Dual SIM (2014)";"";"2014-12-17 11:49";"sharan";"Please Can any one tell me,  This is phone is good or not?  I buy this phone or not?  I totally confused three months finally i decided this phone please help me   Advanced thanks all friends ";""
"8800";"89";"Moto G Dual SIM (2014)";"";"2014-12-17 10:13";"";"When to get android L update in India for this phone???";""
"8801";"89";"Moto G Dual SIM (2014)";"";"2014-12-17 08:39";"";"i encounter a new problem everyday in this stupid phone... now unable to download videos from the websites even using 3G network... sound in speakers is superb but in earphones(tried with skullcandy ink'd 2.0) is stupid... the same earphone produces a loud and clear bass sound in my note 2 and S2... biying this phone was a big mistake made by me... better buy one plus one putting extra bucks or buy moto G(2013) if budget is limited...";""
"8802";"89";"Moto G Dual SIM (2014)";"";"2014-12-17 06:18";"vasudev";"my set getting quick drying battery ptjer wise the hand set is very good. in future the battery should have longlife. ";""
"8803";"89";"Moto G Dual SIM (2014)";"";"2014-12-17 04:07";"Ajay";"Call Recoring is not Supported on Moto G 2";""
"8804";"89";"Moto G Dual SIM (2014)";"";"2014-12-16 19:30";"Chotu ";"Can anyone help me m confused to buy a smartphon. I select 3 phone Microsoft lumia 535 , Asus zenfone 5, moto g. ... Please tell me which one is best";""
"8805";"89";"Moto G Dual SIM (2014)";"";"2014-12-16 12:54";"";"Do not set volume to high example just set volume to 8/10 and you will not hear crackling sound";""
"8806";"89";"Moto G Dual SIM (2014)";"";"2014-12-16 12:51";"";"You can go for MOTO g2 which is working well for me or you can opt for a new entry Acer e700 which has got 5 inch 720p disply ,triple sim, front cam with flash also, 3500 mah battery etc and price just 12000 rs or below.";""
"8807";"89";"Moto G Dual SIM (2014)";"";"2014-12-16 11:41";"";"i want to buy a phone about $250...which phone are best?have a best camera,ram,display...";""
"8808";"89";"Moto G Dual SIM (2014)";"";"2014-12-16 05:38";"";"I do have same prob with speaker even while listeni music. Got dis phone 3 days back";""
"8809";"89";"Moto G Dual SIM (2014)";"";"2014-12-16 05:35";"";"I got dis phonee 2 days... No doubt the phone seems out to b good... Bt i have issues like d speakers give cracki noise bit... And screen of google music, gallery, google movies seems to b cut from top left...the 3 horizontal parallel dash which v hav like in play store is cut half. For that i updated google music. D prob sorted out. Bt it increased d memory.so wanna confirm is it issue with evry1.. Or i need to replace my handset  N last i wanna confirm that does gorilla glass has strips inside display screen.?? Plss do reply";""
"8810";"89";"Moto G Dual SIM (2014)";"";"2014-12-15 12:37";"Suhas";"Has any one been able to upgrade to android L... Please let me know as there is no update provided by moto from android kit kat to android L.";""
"8811";"89";"Moto G Dual SIM (2014)";"";"2014-12-15 08:41";"Jhoncitizen007";"It Does!! You just need Download Supporting Patch from Languages. ";""
"8812";"89";"Moto G Dual SIM (2014)";"";"2014-12-15 08:12";"Jhoncitizen007";"I face same issue sometimes. However, Retry calling fixes it.";""
"8813";"89";"Moto G Dual SIM (2014)";"";"2014-12-15 05:41";"Madhu";"I want to buy a New Cell Phone Can any One Tell I have choice of Readmi Note and Moto G2 Pls Suggest am in Dilemma.";""
"8814";"89";"Moto G Dual SIM (2014)";"";"2014-12-14 20:24";"Jammy";"I have bought Moto G2 exactly a week back. I dont find any big problem so far. It lags sometimes hence this has 1 GB of RAM with 16GB of internal memory. RAM size could have been little bigger.  I can see some comments like phone is hanging and other issues. It can be fixed by using optimizer. Every android phone has its own disadvantages. Among those Moto G2 is the best one..  Im enjoying it..  And I havent get lollipop update yet. But got some idea to download manually by googling..  Can someone tell me.. Phone will be slow if the version updated manually?";""
"8815";"89";"Moto G Dual SIM (2014)";"";"2014-12-14 14:46";"bittu";"me too facing the same problem ";""
"8816";"89";"Moto G Dual SIM (2014)";"";"2014-12-14 12:59";"ajay";"Hi! can anyone suggest me which one is better compared to Moto G and Asus Zenphone 5 ????? ";""
"8817";"89";"Moto G Dual SIM (2014)";"";"2014-12-14 11:33";"Mb";"hi everyone  i have bought this phone last week from flipkart everything works fine except that there is a cracking sound when i am taking calls  please help is this some software problem or a hardware issue what should i do";""
"8818";"89";"Moto G Dual SIM (2014)";"";"2014-12-14 06:30";"";"Also having same problem with my second sim slot of moto G 1st gen,every time I have to restart my phone for searching the network for 2nd slot...if you find any solution to this plz let me know ";""
"8819";"89";"Moto G Dual SIM (2014)";"";"2014-12-14 06:29";"";"Fed up with same problem...did you any solution to this ...";""
"8820";"89";"Moto G Dual SIM (2014)";"";"2014-12-14 06:17";"rana";"Also facing the same problem...did you find any solution to this";""
"8821";"89";"Moto G Dual SIM (2014)";"";"2014-12-12 18:05";"kompaz";"did you try the factory reset, you may help, because I use dual sim option two months and I have no problem.";""
"8822";"89";"Moto G Dual SIM (2014)";"";"2014-12-12 00:04";"JM from France";"I have the same problem with my sim slot 2. The second line gets disconnected many times in a day and I have to switch off /on to get my sim 2 working again. I have inverted my two sims but the same slot bugs. Very very annoying... from a brand new phone! I plan to send it back to Amazon. Have any one got that problem and fixed it? ";""
"8823";"89";"Moto G Dual SIM (2014)";"";"2014-12-11 17:51";"raje";"His guys ...if u wanna check the amazing cam clarity of moto g 2 check this video ...plz do like it";""
"8824";"89";"Moto G Dual SIM (2014)";"";"2014-12-11 09:52";"Anonymous";"you should go for china phone";""
"8825";"89";"Moto G Dual SIM (2014)";"";"2014-12-11 05:11";"";"there are lots of issues with this phone... let me sum up my experience of 2 months- 1. battery backup decreases day by day. 2. charging time is longer than discharging time. 3. phone never hangs but lags a loooooot. 4.sometimes touch pad doesnt work at all and u need to lock n unlock the phone several times. 5. indian version didnt even got lollipop update. so buy this phone at ur own risk.  when i bought the phone, for the first month it was running great without any issue but on the second month everything started. hope u get a better one coz there are many faulty pieces with flipkart and they are throwig it with very beautiful offers and many people who got this device in offers are getting these multiple problems... moto G(1st gen) and moto E are better alternatives and have no issues, rather go for them than to go for G2...";""
"8826";"89";"Moto G Dual SIM (2014)";"";"2014-12-11 04:40";"Jatt";"Bro Use Low Brightness And Kill The Background Task...And Use The Facebook On Web Browser Bcoz Facebook App Suck The Battery Bcoz It Take 50+ Memory In Ram And Use The CPU Continuously...And Use Cheata Company Battery Doctor App :) It Increase Your Backup 2+ hours";""
"8827";"89";"Moto G Dual SIM (2014)";"";"2014-12-11 02:40";"Durgesh ";"Guys plzzz tell me which is better device Samsung galaxy grand prime or Moto g 2nd Dual sim I wana buy 1 of these So plz suggest me which 1 is good ";""
"8828";"89";"Moto G Dual SIM (2014)";"";"2014-12-10 18:21";"Mynk";"Hi friends I have a moto g 2nd gen. Phone was gud. Bt the main problem was I have faced that the battery backup. My battery was so fast drain like other android device. Example drop 1% within 5mint. Anybody can help me to get solution of this problem. I have purchase this phone of 26nov 2014. Pls pls suggest me. What can I do... Mob-09711080908.Mynkchauhan@gmail.com. pls reply.";""
"8829";"89";"Moto G Dual SIM (2014)";"";"2014-12-10 16:24";"Rajveer";"I'm using Moto G 2nd Gen. I've used 3 sim cards, they all work fine in Sim slot 1 but none work in sim slot 2. When i go to dual sim settings, Sim 2 is disabled & its greyed out nothing happens if I tap on it or i try to switch it on.";""
"8830";"89";"Moto G Dual SIM (2014)";"";"2014-12-10 15:37";"sures";"moto g2 is better,compare to lumia 730 or 535 expandable memory only high,user friendly moto g2";""
"8831";"89";"Moto G Dual SIM (2014)";"";"2014-12-10 08:21";"kinnera";"I am using motoG 1st gen problem is only one sim is working and and the 2nd Sim got disabled even I tried by changing slots even then It did not get activated";""
"8832";"89";"Moto G Dual SIM (2014)";"";"2014-12-10 08:13";"";"I think slow charging is a symbol of long battery life ";""
"8833";"89";"Moto G Dual SIM (2014)";"";"2014-12-10 01:45";"Parth";"can u suggest me should i go with lumia 535/730 or moto g2 or any other options";""
"8834";"89";"Moto G Dual SIM (2014)";"";"2014-12-10 01:44";"siyam";"can any one tell me how much RAM remains free after lollipop update???";""
"8835";"89";"Moto G Dual SIM (2014)";"";"2014-12-09 09:53";"romenick";"Anyone received the Lollipop upgrade yet in the UAE?  Is there a timetable for when the updates will take place?  Thanks";""
"8836";"89";"Moto G Dual SIM (2014)";"";"2014-12-09 09:16";"lovehater";"its pity that u facing these problems,  i have moto g 2014 for 3 members in my family including me and none of the issues . Moto G working like charm.My brother have Zenfone 5 and that battery backup is a joke";""
"8837";"89";"Moto G Dual SIM (2014)";"";"2014-12-09 06:35";"";"I have a Motorola moto g 2 generation.  When ever I take a call the in call volume is being maximum. And in spite of reducing it.. It goes to maximum again. Please help me fix this issue its very annoying. Thanks in advance.";""
"8838";"89";"Moto G Dual SIM (2014)";"";"2014-12-09 04:43";"avi";"Just 2 days back bought this bought this mobile. Previously using Samsung Galaxy Y so u can imagine the experience change. All things working fine. Battery is defintely good. Camera is USP, awesome camera. Mobile OS is super smooth.. Your fingers will feel like hot knife on butter. Earlier decided for Moto g 2013 and Xiaomi.... But guys go for it.. U will not regret your decision. But one quirk.. Very slow charging";""
"8839";"89";"Moto G Dual SIM (2014)";"";"2014-12-09 04:36";"Anonymous";"Moto g xt 1068 is best and better than other device..this mobile specifications and Samsung s3,Sony xperia z,Samsung core2 also mobile specification almost same..and your selected moto g xt 1068 2 and gen..cheep and best ";""
"8840";"89";"Moto G Dual SIM (2014)";"";"2014-12-09 04:31";"fysal";"Switch off your mobile device after u can charge.";""
"8841";"89";"Moto G Dual SIM (2014)";"";"2014-12-08 17:26";"Gabriel";"3 Gb of ram it's ocupied with operating sistem (it's normal ). Iwish you long usage of this phone !!";""
"8842";"89";"Moto G Dual SIM (2014)";"";"2014-12-08 14:36";"deep";"I want to buy a new cell phone can any one tell me which one is best Samsung grand prime or moto g 2nd gen. Please give me suggestions. ";""
"8843";"89";"Moto G Dual SIM (2014)";"";"2014-12-08 12:08";"benne";"yes you can use a faster charger but be careful with the output not more than 500 ! output is different than speed of charging .also a faster charger may shorter the life of the battery in the long run . Motorola should provide the right info regarding their charger cos this charger is ridiculous slow ! what is the alternative ? how to solve this problem ? motorola pls you are the one who created this problem so please solve the problem !";""
"8844";"89";"Moto G Dual SIM (2014)";"";"2014-12-08 12:03";"rahul";"Hi Harsh, Search movies on Kickass torrents and download to U torrent,(Download Kickass and u torrent from pay store)i m using it.";""
"8845";"89";"Moto G Dual SIM (2014)";"";"2014-12-08 11:57";"rahul";"hi Nagendra u can use any samsung,sony etc chargers but the output capacity of the charger should not be more than 5.0v-2.0A,i m using samsung note 2 charger any other issue wright me";""
"8846";"89";"Moto G Dual SIM (2014)";"";"2014-12-08 10:47";"";"No phone is perfect, but this phone is bit better then other in same price, I'm charging with lenovo tab charger which takes one and half hour, and I use mi power bank to charge in when required, ";""
"8847";"89";"Moto G Dual SIM (2014)";"";"2014-12-08 09:51";"Gunna";"I bought this mobile 4 days back and I am Okay with this mobile. One thing I got shocked when seeing the total memory size. It was mentioned as 16GB but the total space it is showing as 13GB. I don't know what happened to rest of the 3 GB.  Also the charger which was shipped along with the mobile is taking 3 hours of time to get complete 100% charge. But at the same time I did charge the mobile with Samsung charger which tooks half an hour for 40% of charging.  I am really concerned about the charger. Does any one else also having the same issues with charger that was shipped along with the Moto G2";""
"8848";"89";"Moto G Dual SIM (2014)";"";"2014-12-07 20:36";"Zaid ";"I think moto g 2nd generation is best for future";""
"8849";"89";"Moto G Dual SIM (2014)";"";"2014-12-07 12:30";"srinu";"Hi guys which is best lumia 730 or moto g 2014 plese suggest me";""
"8850";"89";"Moto G Dual SIM (2014)";"";"2014-12-07 07:38";"Asim";"HI Guys, JUST NEWLY Bought this mobile & working awesome but some time getting problem while connecting the call it is totally blank no voice at all but when you switched off & on mobile it works fine, does any one else is facing same problam //// ";""
"8851";"89";"Moto G Dual SIM (2014)";"";"2014-12-06 19:42";"moto g fan";"The specs of Moto G is better than Grand Prime in certain ways. Do d specs comparison of both mobile phones side by side n u ll notice Moto G do stand out. ";""

