"27363";"271";"One (M8) CDMA";"";"2014-10-21 06:37";"upen";"Yes";""
"27364";"271";"One (M8) CDMA";"";"2014-10-03 22:48";"Steve";"Look up any torture test on YouTube. The HTC M8 is one of the toughest smartphones on the market. To say that all HTC devices are garbage because you had some odd experience with one phone is simply ignorant.";""
"27365";"271";"One (M8) CDMA";"";"2014-09-20 06:40";"";"Why did the value of the phone drop so quick?!  Is the because of the M8 Eye edition just announced ?";""
"27366";"271";"One (M8) CDMA";"";"2014-09-17 10:48";"Dobuhn";"The features are good on the paper but many bugs haven't been solved yet making the device not really usable for professionnal needs.   Messages left on the message box are annonced delayed (this was not the case with my IPhone).  TOMTOM app got stucked every time I was really needing it (on holliday) other apps like Financial ones bugging. Access to contacts not as easy, still work to do to get the simple things working.  The perfomance of the processor is good the memory SD is also appreciated, the camera flash works fine but should have red eyes function today not having it is simply not understandable. Stabilization is also missing although the camera is very good.  The battery hardly finishes the day, this is a shame to have a so big phone with still not enough autonomy.   Speakers are good and the screen definition is also good.  The phone turns itself on in the pocket if not locked with a pin code.  I had an IPhone and I miss it's reliability. Hopefully the 6 plus will do the work.";""
"27367";"271";"One (M8) CDMA";"";"2014-09-10 15:07";"";"There will be no "m9" the next best android phone will be aria and it wont be out for another 2+ years.  The HTC One M8 is the best phone with the best build quality available. Get "i"Phone out of your mind. Apple was innovative when they dropped the first iPhone but now they are just grasping at straws. And for those of you who are hell bent on the fingerprint readers there is software available now that will let you use the first and second camera combined on the back as a fingerprint reader and it works fantastically well and smooth as sild. Much better than the iPhone. Its called ice unlock or ice security unlock or something just look it up.  M8 is the king right now especially the gsm version which can easily be changed into the harman kardon eddition with full use of clarify.";""
"27368";"271";"One (M8) CDMA";"";"2014-09-03 16:12";"Rizan";"Is HTC m8 hase 3g video call?";""
"27369";"271";"One (M8) CDMA";"";"2014-08-24 09:16";"Anonymous";"is hTC one m8 CDMA sim card support...? ";""
"27370";"271";"One (M8) CDMA";"";"2014-08-20 10:01";"Anonymous";"it can ecognize the dept of the photo...";""
"27371";"271";"One (M8) CDMA";"";"2014-08-20 09:59";"alffi";"who says that you'd better use nokia 1100 which was totally made for you . ";""
"27372";"271";"One (M8) CDMA";"";"2014-08-13 18:35";"Phoner";"Really?? You would really rather have an iphone than a One M8? What do you like most about the iphone? The tiny low resolution screen (441 ppi vs 326 ppi). The crappy mono speaker? The fact that iOS still doesn't let you have widgets? Maybe you like the fact that you can't customize any aspect of iOS? I could keep going forever....";""
"27373";"271";"One (M8) CDMA";"";"2014-08-05 03:39";"kujik";"i own one of this, the camera not the best in the world but its good enough , you will love the simplicity and the out come, because of the lower sensor (4 untrapixel ) it easily can be uploaded into your blog and the ZOE is the best";""
"27374";"271";"One (M8) CDMA";"";"2014-07-24 16:57";"verizon techie";"It has a feature of taking still and video shots at the same time.";""
"27375";"271";"One (M8) CDMA";"";"2014-07-17 17:11";"artra";"that cam is not good all htc one is not good. only iphone ";""
"27376";"271";"One (M8) CDMA";"";"2014-07-17 14:59";"Anonymous";"Hell yeah! Both inside and out!";""
"27377";"271";"One (M8) CDMA";"";"2014-07-17 07:07";"usama";"what is the use of dual camera ? ";""
"27378";"271";"One (M8) CDMA";"";"2014-07-13 20:34";"syed";"Plz tell the htc m8 camera result...plz reply";""
"27379";"271";"One (M8) CDMA";"";"2014-07-08 05:43";"RECKLESS";"is this fone reliable sort of beyond the iphone 5?";""
"27380";"271";"One (M8) CDMA";"";"2014-07-04 09:47";"Anonymous";"You can get the HTC Desire 816 in India for about 23-24K.  1st SIM can be used both for 3g GSM or EVDO CDMA. Second sim for 2G GSM.  ";""
"27381";"271";"One (M8) CDMA";"";"2014-06-27 17:53";"cj73";"doest it work in Europe?";""
"27382";"271";"One (M8) CDMA";"";"2014-06-24 08:03";"Anonymous";"You can try htc one (dual sim) model 802D";""
"27383";"271";"One (M8) CDMA";"";"2014-06-21 12:21";"manish";"plz help me to buy cdma+gsm smart phone in india.is there any mob. is avlbl in india. ";""
"27384";"271";"One (M8) CDMA";"";"2014-06-12 00:22";"Anonymous";"NEVER, NEVER, NEVER buy any HTC product. They are awful. I have my harmon / kardon edition M8 and after having the phone for 3 weeks the camera lens cracked and there is absolutely no case damage on the phone, and after dealing with corporate and also sending my phone in to them, they said that there was case damage, and that this will not be covered under warranty. My recommendation is just avoid these products, because they are garbage. This is obviously an issue, but HTC won't even acknowledge the issue, and refuses to fix the phone.   ";""
"27385";"271";"One (M8) CDMA";"";"2014-06-11 00:09";"Anonymous";"uhhh what? are you kidding me? Its the same price as any flagship phone and its a huge upgrade from the htc one. ";""
"27386";"271";"One (M8) CDMA";"";"2014-06-05 08:48";"leo";"HTC One (M8) can buy in my country (Myanmar). I want to use CDMA 800 frequency in myanmar. please reply me. ";""
"27387";"271";"One (M8) CDMA";"";"2014-06-04 17:25";"";"My HTC M8 not supporting "H+". Somebody help me and inform that HTC M8 supporting "H+" or not? because I used Galaxy S4 & S5 and they all support "H+". My mobile support to "H" not even LTE.";""
"27388";"271";"One (M8) CDMA";"";"2014-06-04 08:09";"Anonymous";"HTC's products are highly overpriced . I will never consider any single model from HTC because it does not worth it . I will consider Xiaomi, OnePlus, Huawei , LG , Lenovo , Samsung and lastly Sony . But not HTC . I never have a look into their products .";""
"27389";"271";"One (M8) CDMA";"";"2014-05-13 06:53";"Anonymous";"we require htc one m8 cdma + gsm";""
"27390";"271";"One (M8) CDMA";"";"2014-05-12 16:44";"James";"Pls make 2sims of this phone for us that likes to carry one with duo sims .Thank u";""
"27391";"271";"One (M8) CDMA";"";"2014-05-09 13:06";"Alfred 88";"Why this movil have two cameras?";""
"27392";"271";"One (M8) CDMA";"";"2014-05-04 13:23";"cvaishnav";"then whays the use of having camera in a phone";""
"27393";"271";"One (M8) CDMA";"";"2014-05-04 03:50";"HTC BoyzAvenue";"Boyz and Galz  HTC One M8 is dual sim card or not? Hybrid or not?  thanx";""
"27394";"271";"One (M8) CDMA";"";"2014-05-01 01:12";"Anon";"If you're complaining about the camera, go buy a real camera, you obviously don't need a smart phone. ";""
"27395";"271";"One (M8) CDMA";"";"2014-04-29 18:05";"jodl";"camera may sound bad but look at the resolution";""
"27396";"271";"One (M8) CDMA";"";"2014-04-22 20:12";"God-Spec";"This mobile is rubbish...simply hyped...camera not so good..honestly hardly much diff btw the 2013 model and this one...beats dont exist!! only noise!!";""
"27397";"271";"One (M8) CDMA";"";"2014-04-21 05:27";"Anonymous";"You must have a custom contact category beside: mobile/ home/work/etc. In my country where most individual has 3-4 numbers subscribed to different networks for mostly cheaper call reason. We need to write something to diffentiate each number from which network so that we can call to the same network we are using. Using mobile/home/work definitely not helping at all.";""
"27398";"271";"One (M8) CDMA";"";"2014-04-17 14:34";"RIYAS";"very nice  ";""
"27399";"271";"One (M8) CDMA";"";"2014-04-11 10:46";"";"I worked with M8 yesterday, it,s the fastest and strongest and most beautiful phone I've ever seen.I have one M7 and works with all flagships but M8 is upper.very very fast touch responsibility... excellent screen,very clear and loud sound(better than s-force) and .... for sure M8 stand up for all season.thanks hTC.";""
"27400";"271";"One (M8) CDMA";"";"2014-04-10 22:10";"jessy";"i bought it.its very fast even faster than 5s.i have both of them.but i will sell my iphone because one m8 is very faster and better but camera of iphone is better in some situation.the camera of m8 is better in low light places!htc after this device i love u.continiue this way not others";""
"27401";"271";"One (M8) CDMA";"";"2014-04-09 11:20";"rashed";"lovely phon";""
"27402";"271";"One (M8) CDMA";"";"2014-04-09 11:18";"rashed";"lovely phon";""
"27403";"271";"One (M8) CDMA";"";"2014-04-07 18:25";"arth";"htc famous for cemera result. So improment your cemera resoulation. And htc one m8 is so good when its dual sim cdma+gsm avalibal.";""
"27404";"271";"One (M8) CDMA";"";"2014-04-02 19:48";"";"Is this a dual sim CDMA and GSM phone? Or a phone with both capabilities but single sim option?";""
"27405";"271";"One (M8) CDMA";"";"2014-04-01 07:13";"";"I'm using HTC ONE 2013 model, I'm not satisfied with camera even it's ultra pixel. This came is not good @ high light conditions. There is only 10% improvement in M8 compared with M7. may be we can expect more in 2015 with 4K resolution, 64-bit architecture and at least 16MP ultrapixel(4K recording) with H pen.";""
"27406";"271";"One (M8) CDMA";"";"2014-03-31 05:39";"jjk";"its ultra pixel. But its not so good.";""
"27407";"271";"One (M8) CDMA";"";"2014-03-29 11:33";"Anonymous";"why 4mp this should come with 13 to 20mp it will make it unique";""
"27408";"271";"One (M8) CDMA";"";"2014-03-29 05:24";" ";" excel  ";""
"27409";"271";"One (M8) CDMA";"";"2014-03-27 10:06";"Shiv";"Thanks :)";""
"27410";"271";"One (M8) CDMA";"";"2014-03-27 02:31";"";"Dual cam is a stunt, as ultra pixel 4, now u get 8 thats end game. An 800$ device maybe nice contours, but nothing extra ordainary, except nxt M7 to M8 model. Let its price settle to 500$ maybe, as most of buyers are buying fr show off than dont hav a mobile device. Need everybody comments?";""
"27411";"271";"One (M8) CDMA";"";"2014-03-27 00:32";"";"The word 'geo-tagging' is derived from the world 'geographical tagging', which is the tags that the phone puts into the pictures to show where the photo was taken. It's kind of like implementing the GPS into the photo so you know where it was taken.";""
"27412";"271";"One (M8) CDMA";"";"2014-03-26 17:29";"Shiv";"hii friends pls tell me what is geo tagging??";""
"27413";"271";"One (M8) CDMA";"";"2014-03-26 06:00";"DJR";"Trust me dude, beats are shit.....the beats interface on the previous phones was just a shelf EQ....nothing special. Awesome phone, can't wait to get one btw.";""
"27414";"271";"One (M8) CDMA";"";"2014-03-26 02:42";"Joey";"I think its too big to be called a smartphone, more like a phablet, I hope the mini version has similar specs otherwise its a womens handbag phone!!";""
"27415";"271";"One (M8) CDMA";"";"2014-03-25 21:38";"Moradi";"Lamborghini gallardo";""
"27416";"271";"One (M8) CDMA";"";"2014-03-25 21:10";"hnz";"this is the best smartphone all around the world!!!";""
"27417";"271";"One (M8) CDMA";"";"2014-03-25 17:29";"";"all most ok but no beats audio ";""
"27418";"271";"One (M8) CDMA";"";"2014-03-25 16:44";"";"I like it so much HTC rocks and one m8 is king with great build cam and boom sound speakers ";""

