"26108";"259";"One (E8) CDMA";"";"2015-01-09 12:46";"smee";"As I'm using this phone for last 3 weeks. Phone is capable of surviving the day (good battery life for me). I unplug from charger at 6:30 AM and never died before midnight. I mostly use it for whatsapp, 9gag, social media and web browsing while listenin FM radio for 3-4 hours (active display time and constant internet data) a day. I don't usually talk more than 30 minutes in average. and GPS always on while fitbit's counting my steps yet by the end of the day I have 30% battery remaining. About games: I'm more into PC gaming so my device has no high quality games installed but I have some sega emulators and i do also use a $5 noname gamepad to play Street fighter II etc. pretty much fun for me. p.s. my antutu v5.5 score 44642 with official rom and lots of app installed";""
"26109";"259";"One (E8) CDMA";"";"2014-12-17 09:12";"Anonymous";"i just want to know,how long does the bettery can use?";""
"26110";"259";"One (E8) CDMA";"";"2014-12-11 06:57";"danish";"phone is no 1 good spec or 100 percent correct but its too early to judge using from last 20 days only   so far so good";""
"26111";"259";"One (E8) CDMA";"";"2014-12-07 16:06";"kiss";"this model is not best s5 is most best thats is thru";""
"26112";"259";"One (E8) CDMA";"";"2014-12-05 11:24";"sixsteps";"I thought this phone can record 1080p at 60fps? please confirm with your spec sheet cause it only indicates 30fps on 1080p.";""
"26113";"259";"One (E8) CDMA";"";"2014-11-27 04:12";"mha";"this is phone looking good ";""
"26114";"259";"One (E8) CDMA";"";"2014-11-25 13:28";"Umran";"Yes";""
"26115";"259";"One (E8) CDMA";"";"2014-11-24 19:15";"rmb";"Is this hone CDMA? Can Relience CDMA and TATA CDMA SIM work in this phone?";""
"26116";"259";"One (E8) CDMA";"";"2014-11-16 18:07";"raja";"banda";""
"26117";"259";"One (E8) CDMA";"";"2014-11-09 12:26";"Anonymous";"This device could be connected to your smart television. Basically your television should have a DLNA standard. This states that your television should be a smart television. Also you should have HTC Media Link HD accessory. This helps you to connect your device to your smart television. This link will give you information on HTC Medial Link HD - >   This is the user manual of HTC Media Link HD - >   This link will give you detailed desctiption on HTC One E8 Dual SIM - > ";""
"26118";"259";"One (E8) CDMA";"";"2014-11-04 12:52";"";"Is this phone support MHL?";""
"26119";"259";"One (E8) CDMA";"";"2014-09-30 17:49";"mhdsfh";"U dont know the spelling of Price also..... ";""
"26120";"259";"One (E8) CDMA";"";"2014-09-25 20:00";"mohammad zunnur";"nice cell nd great features";""
"26121";"259";"One (E8) CDMA";"";"2014-09-17 14:13";"Shivageeth";"Watis The Praice";""
"26122";"259";"One (E8) CDMA";"";"2014-09-10 21:03";"";"no. it will be replaced by service center :) . user replaceable battery, that can be removed by us. use of such system is single battery doesn't suffice whole day need. so many people use multiple batteries. ";""
"26123";"259";"One (E8) CDMA";"";"2014-09-07 20:16";"";"1) if you can broke battery ,yes go for other one. but you use "if".and as you know if is difference between uncle and aunt!!!!!! if aunt had .... would be uncle. and 2nd answer: non removable battery shows company trust and quality.like iphone and htc and some other mobile but not all.they give you confidence that with non removable for sure battery would not be broken. ex:do you know why Samsung doesn't use it in galaxy series?????because they know their gadget would not work properly and maybe need to get out battery for restarting.this is one reason,just one.and other ,you look at galaxy s4 battery issue.lots of them have had bad issue and have to shift. HTC MADE NON-REMOVABLE BATTERY TO CONFIDENCE YOU THAT THE QUALITY IS IN HIGH CLASS. thanks htc for its high quality.thanks htc";""
"26124";"259";"One (E8) CDMA";"";"2014-09-07 14:19";"potential buyer";"What does it mean "nonremoveble"battery? When the battery get broken I have to buy a new phone? ";""
"26125";"259";"One (E8) CDMA";"";"2014-09-03 18:55";"KL4K50N";"No, They are not working together anymore. But the phone has excellent audio system BoomSound. Its almost the same like Beats Audi without the logo ;) I had One M7 with Beats Audio and no im udeing a HTC M8 with Boom Sound - M8 is much loudness than old one ";""
"26126";"259";"One (E8) CDMA";"";"2014-09-02 20:41";"glenn";"does it has beats audio?";""
"26127";"259";"One (E8) CDMA";"";"2014-09-02 05:43";" pyarelal sikar ";"Htc e8 cdma is the best mobile in mid range pricing";""
"26128";"259";"One (E8) CDMA";"";"2014-09-02 05:38";"pyarelal";"Best mobile in the cdma class";""
"26129";"259";"One (E8) CDMA";"";"2014-09-02 05:36";" pyarelal sikar ";"Htc e8 cdma is the best mobile in mid range pricing";""
"26130";"259";"One (E8) CDMA";"";"2014-09-01 19:56";"The crack";"Nice 4n,huge specs;when will it be available in Tanzania?";""

