"29000";"284";"Passport";"";"2015-01-21 09:12";"";"Passport not, but I had Viber on Z10";""
"29001";"284";"Passport";"";"2015-01-20 22:14";"Arullllll";"Nice mobile Nice camera , nice options , but cost is too much ////";""
"29002";"284";"Passport";"";"2015-01-20 10:06";"Anonymous";"Many thanx. It's a logical opinion.";""
"29003";"284";"Passport";"";"2015-01-20 03:00";"";"It's good that your divce lasted so long, if you look around you would find many old blackberry devices being used, but no iPhone 4, ";""
"29004";"284";"Passport";"";"2015-01-19 13:55";"";"I think that is pretty much true. BlackBerry 10 OS does not understand BIS. The last BlackBerry phone that supported BIS was BlackBerry 9720 , which is a BBOS 7.x phone.  I think the reason BlackBerry moving away from BIS is that the cost of maintaining infrastructure, widespread use pre-compressed multimedia streaming services and the popularity of 'normal' mobile internet connections.";""
"29005";"284";"Passport";"";"2015-01-19 12:32";"Anonymous";"you say one does NOT NEED a separate BIS plan. Does that mean you CAN have one if you want?. My experience with earlier models (Z10) operating on BES10 is that you CANNOT configure this to a BIS plan even of you want to.";""
"29006";"284";"Passport";"";"2015-01-19 09:48";"SOSO WAWA";"Hi, I have iphone 4 since 2010 and until this moment I can't find the suitable cell phone for me specially my concerns are the battery quality and operation time... the question is are the any problems to non-removable battery of BB passport especially I'm using iphone 4 for 4 years with zero maintenance day?? what about the reliability? ";""
"29007";"284";"Passport";"";"2015-01-19 00:26";"ActualPassportOwner";"You've got to decide for yourself. I thought the Passport was more value for the money and I liked the OS, features and build. iPhones are good too. If you can actually try out both phones and talk to people who've owned them, you'll have a better sense of what you want.  The last paragraph was aimed at the misinformation and bias against BlackBerry by people who have no first-hand knowledge of the devices. For example, I went to a Virgin Mobile kiosk to add my unlocked Passport to my existing plan and the girl behind the counter tried to tell me that I needed a special BlackBerry BIS data plan for my new BlackBerry 10 device. She had no clue that the newer Blackberry phones run on the exact same data plans as every other phone. So when you walk into a store and ask to see a Passport, don't be surprised when the sales person automatically tries to steer you to some other phone. The bias runs that deep.";""
"29008";"284";"Passport";"";"2015-01-19 00:09";"ActualPassportOwner";"The icons are a reasonable size. I wear reading glasses and can easily recognize them without my glasses. The text underneath them is really small though.  My apologies to Art. Going to Settings/Display/Font Size will change the font size of the text in just about everything else on the phone (menus, emails etc.)except the bit of text below each icon. It does make things way more readable. I don't remember my old phone being so thorough.";""
"29009";"284";"Passport";"";"2015-01-18 21:23";"mattiews";"Tnx a million for yr exhausting review on passport,i had lots of my questions answered...i just didn't get the point what u said on last paragraph? And what do u think...now i have Xperia Z...am dubious whether to buy iphone 6 or passport,although i got crazy abt passport when i saw it.  Tnx in advance for yr answer ";""
"29010";"284";"Passport";"";"2015-01-18 20:58";"raj";"BlackBerry Passport support Viber?";""
"29011";"284";"Passport";"";"2015-01-17 08:00";"Anonymous";"It's m'y fist BlackBerry im very surprised and pleased.. it have noise cancellation.. for GPS i use navfree. It's Free GPS with inboard card you can download for countries where you want to go ..good job BlackBerry ";""
"29012";"284";"Passport";"";"2015-01-17 07:58";"Anonymous";"It's m'y fist BlackBerry im very surprised and pleased.. it have noise cancellation.. for GPS i use navfree. It's Free GPS with inboard card you can download for countries where you want to go ..good job BlackBerry ";""
"29013";"284";"Passport";"";"2015-01-16 19:14";"hemak";"What about the display of icons...heard that they are very small.Can the size be increased";""
"29014";"284";"Passport";"";"2015-01-16 16:44";"3kgeoff";"There is also a magnifier mode going to settings > accessibility which may help.";""
"29015";"284";"Passport";"";"2015-01-16 00:32";"ActualPassportOwner";"Just go to settings, choose Display then go to font size. ";""
"29016";"284";"Passport";"";"2015-01-15 20:55";"3kadamsgeoff";"Congratulations. this is the first time I've ever heard this complaint. Every electronic screen I have had reveals some impossibly big interfaces and impossibly small ones on the same device, and the onboard magnifier applications seem unuseably clumsy. The fact is phones are small, and there doesn't seem A lot that can be done with the basic laws of nature. One friend I have, with perfect eyesight, carries around with him a trusty 4 inch magnifying for such eventualities. Regards, Geoff Adams.-- ";""
"29017";"284";"Passport";"";"2015-01-15 16:51";"";"You can try blackberry map. It works well";""
"29018";"284";"Passport";"";"2015-01-15 16:49";"";"You can try blackberry map. It works well";""
"29019";"284";"Passport";"";"2015-01-15 05:07";"Passport owner";"Fully agree. The device is good, but could be a hit if it had full working Google apps. In the meantime it becomes necessary to have an alternate smartphone.";""
"29020";"284";"Passport";"";"2015-01-15 03:48";"Anonymous";"it has 4 mics so yeah its pretty good at that";""
"29021";"284";"Passport";"";"2015-01-15 02:33";"Jay";"The best phone out there. I've been using Passport for almost 2 months now. No complaints,only admiration. Well done Blackberry !!!";""
"29022";"284";"Passport";"";"2015-01-15 02:04";"Art";"Hi, Just bought the Passport today and one thing I dont like right away is small size of Icons and the text underneath. No way to modify it. I wear glasses but even then the icons are way too small not to mention their text. Just can't read it. I read the same comments somewhere else. Blackberry folks: you make this phone for business people who are often over 50 or so. The Icons have to be adjustable to even twice the size so one can clearly see it and the text needs to be way bigger too . Please . Otherwise so far after 5 hours of use I love this phone ";""
"29023";"284";"Passport";"";"2015-01-14 18:44";"Balm";"My only concern is the issue with the maps, and not being able to use some apps that require Google Maps. In today´s world Blackberry can´t be divorced from Google. ";""
"29024";"284";"Passport";"";"2015-01-14 07:39";"ActualPassportOwner";"I've had the Passport for a month and am very pleased with it. The sound quality is excellent-much better than I've had on other phones. The battery life is above-average; I regularly get two days' use out of a single charge. The Hub is an excellent way of responding to all of your messages and notifications in one place. If a message comes through while I'm in an app, I see a preview at the top of the screen. I can either tap the preview to get to the message to deal with it right away or swipe up to the right while in the app to get to my messages. As soon as I'm done with the message, I just swipe left and tap the open app window and I'm right back to where I was in the app when the message came in. I've gotten a lot better at responding to messages that way. So far I've been able to get all the apps I regularly use either through BlackBerry World or Android apps from the Amazon store. I haven't yet tried getting Android apps from Google Play via Snap but I haven't needed to yet. The bigger screen has been very good for reading text, surfing the net and using maps. The phone is bigger, that's the trade off for the wider screen, but I still have no trouble carrying it around in my back pocket or holding it. You do have to type two-handed but again that's no big deal. The physical keyboard is great. You don't have a virtual keyboard taking up half the screen. The word prediction seems to learn as I use it. I have it set up to use both English and French and that's working well. I use the keyboard as a track pad about half the time, depending on the web page or app. This phone looks and feels like a premium device-excellent fit and finish. You don't need a special BlackBerry data plan (BIS?) for the Passport or other BlackBerry 10 devices. Unfortunately a lot of sales people don't seem to know this. You can just use your regular data plan. ";""
"29025";"284";"Passport";"";"2015-01-13 23:57";"Anonymous";"Hello all, does anyone know if the Blackberry Passport has an active noise cancellation with dedicated mic or not? Thank you very much.";""
"29026";"284";"Passport";"";"2015-01-13 23:56";"Anonymous";"Hello all, does anyone know if the Blackberry Passport has an active noise cancellation with dedicated mic or not? Thank you very much.";""
"29027";"284";"Passport";"";"2015-01-13 22:32";"";"It's a super-smartphone to behold from blackberry..";""
"29028";"284";"Passport";"";"2015-01-13 17:51";"Q5 user";"All you mentioned works perfectly in my Q5. Q5 is undermined without a reason. it is the best";""
"29029";"284";"Passport";"";"2015-01-13 15:38";"";"Yes, it has";""
"29030";"284";"Passport";"";"2015-01-13 11:49";"";"I purchased BB Passport in November,2014 & in December 2014 after one month device suddenly switched off because of software issue. Would like to suggest, think before to purchase this device. I verified from BlackBerry third party service center ( as in India no BB owned support centers available) that this issue persists in many devices till date. Also BlackBerry has no ethical customer support center for Indian operation. You can call on these service center number 18004253720 or 18004253720 & you will be lucky if any attend your call. - Worse customer support for Indian operation.   This device is failed to perform against BlackBerry claimed promotional agenda.  ";""
"29031";"284";"Passport";"";"2015-01-12 18:52";"sam";"It's awesome. I got it before 1 day I loved it. I had used all the latest mobiles iPhone 6 as well plus Samsung note 4 almost all latest ones. This is really different. Phenomenal ";""
"29032";"284";"Passport";"";"2015-01-12 15:12";"Lama";"I've been using BB10 for more than a year now, been imoressed wid its browsing. Also have an S4 that i like but for social networking i prefer my Q5 coz, speed. These comments about users of PP have impressed me, i'm going for it come march :)";""
"29033";"284";"Passport";"";"2015-01-12 07:59";"";"Professional looking phone.";""
"29034";"284";"Passport";"";"2015-01-11 19:08";"Anonymous";"not good looking phone";""
"29035";"284";"Passport";"";"2015-01-11 06:36";"3k geoff";" To keep the argument going, I want to say why I think the Passport is a progressive device. Having upgraded from a Z30, and using the Passport for 3 months now, these are the basic improvements. 1) I can email and text much easier by having a physical and electronic augmentation allows me to see many typing characters at the same time. 2)The wide screen lets me manage my inbox more easily by showing things like 'delete'and 'file' on the right. Also,the screensize frees up congestion of the presentation of webpages so they're easier to read, etcetera. 3) Using the phone horizontally makes scrolling a real doddle. No more does my fingers have to hide part of what I'm scrolling. I can truly zoom through things. 4) The battery life is phenomenal, especially if you use the phone with the idea of conserving power such as switching off directly afer use. Even though the novelty has died for me after 3 months use,with a rational mind I still say it's a gamechanger in concept. True technological progress moves in small steps, I believe, not ballyhoo and hype. Geoff Adams.--   ";""
"29036";"284";"Passport";"";"2015-01-10 13:33";"";"Is this an SMS Thread Message view? Let me know pls. thanks!";""
"29037";"284";"Passport";"";"2015-01-10 13:19";"";"Yes, I did and then commenting and would share experience here, when I went to local dealer to chane the glass, he took bunch of iphones from a drawer and kept my iPhone with them and. Told his member we he went out deliver all these phone service station, I couldn't count numbers, but I guess not less than 7 8 phones. Do some Google you would see pictures of hundreds of iphones, by the way you can read story of bend phone on Google :)";""
"29038";"284";"Passport";"";"2015-01-10 13:19";"";"One more clue for you, on this site, there are many blackberry phone details and visit opinion page and check it out yourself that how many people have reported about broken glass of blackberry. You would know why I have commented about bendphone ";""
"29039";"284";"Passport";"";"2015-01-10 13:14";"";"Yes, I did and then commenting and would share experience here, when I went to local dealer to chane the glass, he took bunch of iphones from a drawer and kept my iPhone with them and. Told his member we he went out deliver all these phone service station, I couldn't count numbers, but I guess not less than 7 8 phones. Do some Google you would see pictures of hundreds of iphones, by the way you can read story of bend phone on Google :)";""

