"11251";"107";"RAZR HD XT925";"";"2015-01-19 14:50";"";"Upgrade to v4.4.2 results in tons of unwanted system messages per day on MTS RU network. Looks like there is no possibility to disable this option without root access. Rollback to 4.1.2 solves the issue. ";""
"11252";"107";"RAZR HD XT925";"";"2015-01-19 11:41";"Raymond";"It's a nice phone and everybody should get one";""
"11253";"107";"RAZR HD XT925";"";"2015-01-18 15:50";"chilhez";"the phone screen cracked and am in Ghana but i dont get anywhere to fix it .... so wha do i do and i love the phone too";""
"11254";"107";"RAZR HD XT925";"";"2015-01-11 17:28";"soldat101";"Go to Settings.... then About Phone... then you will see System Updates... Check For Updates.   Easy Peasy";""
"11255";"107";"RAZR HD XT925";"";"2015-01-02 04:29";"";"how can i update software any ppl tell me??";""
"11256";"107";"RAZR HD XT925";"";"2015-01-02 04:23";"";"look are very nice.four or apps run easily not hanging problems.";""
"11257";"107";"RAZR HD XT925";"";"2014-12-27 20:06";"lmcbain";"I upgraded from Jelly Bean (4.2.3) to Kit Kat (4.4.2) and it went without a hitch. Significantly better performance. Always do the backup before an upgrade like this though!!!";""
"11258";"107";"RAZR HD XT925";"";"2014-12-19 02:01";"user";"hi guys which is better performance of the battery by personal experience not nonsense websites. Moto G vs RAZR HD XT925 ?  thanks";""
"11259";"107";"RAZR HD XT925";"";"2014-12-08 16:43";"adoo";"Just want to inform you that between this phone and note4 , i am going to order xt925 because i just love the design, any recommendations? ;)";""
"11260";"107";"RAZR HD XT925";"";"2014-11-26 15:25";"J";"Did you try resetting the phone? Caution! You will lose all data saved on the phone.  If you do a search on "Hard Reset" for the XT925, you will get instructions for doing it. That may save your phone.";""
"11261";"107";"RAZR HD XT925";"";"2014-11-26 14:11";"MrMotherLoving";"Morning,  I had the same problem, and my phone just died!  No longer booting, no power unless connected into power. I'm so sad since I just loved that phone! Best phone I had in years. I think I'll buy it again.";""
"11262";"107";"RAZR HD XT925";"";"2014-11-26 02:25";"J";"@KK. Nope. Have never rooted the phones.";""
"11263";"107";"RAZR HD XT925";"";"2014-11-23 04:41";"kk";"Just wondering, had you rooted any of the phones previously or not?";""
"11264";"107";"RAZR HD XT925";"";"2014-11-22 18:07";"J";"CAUTION: 4.4.2 Seeding in Canada  I have 2 Moto XT925s. In both instances, upgrading to 4.4.2 resulted in the phones refusing to turn-off/reboot after the upgrade UNTIL you do a complete hard factory reset and cache wipe. BEFORE you upgrade, backup your data/files.  Following the update, the feature of Hold Power button down for > 10sec for a cold reboot DOES NOT work.  Also, the skin feature that allows the calender widget to show the current date is lost. You also lose the colour feature of the signal strength meter demonstrating internet connection; when the meter is blue, it use to indicate successful connection to the internet. After the update, it is now monochrome with no indication if internet connection has been achieved.  Not aware of any other bugs/changes in function. Hopefully, there will be an update to correct these bugs.";""
"11265";"107";"RAZR HD XT925";"";"2014-11-22 02:21";"J";"Recent over the air seeding of Android 4.4.2 in Canada.  I've used the phone for almost 2 years. Excellent Build quality. Great screen.  Battery Life: about 1 yr into ownership, battery life was getting short mostly due to something in the software running the CPU at very high utilization. Solution, I did a factory reset and cleared the cache. Reinstalled my apps. The CPU utilization was normal again and battery life returned to essentially new state.  Memory Utilization: I usually have about 200MB free RAM out of the 1GB. I wish it had come with 2GB. Otherwise, I just make sure I kill apps that I'm not using to fee up memory.";""
"11266";"107";"RAZR HD XT925";"";"2014-11-17 20:02";"rick";"how long have u using this phone n how did it work?";""
"11267";"107";"RAZR HD XT925";"";"2014-11-05 06:54";"threefeet";"In total lately I used the version of an insertion 4.1.2 and was tired of infinite problems, resets, and slow work. I already decided to change the phone and to buy another, but to me version 4.4.2 Here came some days I use it. Difference enormous! It as though other phone! I am happy. I decided to leave to use further. The version of my phone for Puerto Rico, but I live in Russia.";""
"11268";"107";"RAZR HD XT925";"";"2014-10-22 00:53";"Spikez&Razrs";"Amazing phone, very trusty and never dies. I've had this phone for over a year and it has been my trusty companion since day 1. I put a trident case on it (similar to otterbox) and it's been almost indestructible ever since. There are 3 issues that everyone must take into consideration. 1. The battery wears after a while as all batteries do. Dont expect to be able to use this phone for 2 days straight (which i was able to do) after 6 months.  2. The wifi drops signal even when it's full strength. 3. The camera is epic during the day but sucks at night. You have to hold the phone very still to take photos at night. However video is always good.  Alltogether, i got my bang for my buck and it's still going strong!";""
"11269";"107";"RAZR HD XT925";"";"2014-10-09 21:26";"nacho";"speechless. great phone,never ending juice on one charge,previously owned Samsung/nokia/lg but this moto blows out of the water all above. great job from the moto folks";""
"11270";"107";"RAZR HD XT925";"";"2014-08-31 21:35";"NAthan";"ask motorola for 4.0.4 stock rom and download RSDLite. (if you have a Samsung you should use Odin.)  you will have to search after that";""
"11271";"107";"RAZR HD XT925";"";"2014-08-26 08:35";"Downgrade Required";"I got an official update which has slowed the device down alongwith quick battery draining. I want to downgrade back to 4.0.4. Amy suggestions. I am not that tech savy to be specific.";""
"11272";"107";"RAZR HD XT925";"";"2014-08-19 15:35";"Bryo";"I've had this XT925 for almost a yr,it works pretty good in terms of browsing and messaging.The camera is nice as well,the downside of it is that it gets extremely warm,or rather hot after prolonged usage.Sometimes even if an app is open, the best from the phone can be felt.Also it only gives about 4 hrs of battery life even if not being used.Is this normal for a phone with a non- removable battery? Or is this normal for this XT 925.??? Could someone please tell me? ";""
"11273";"107";"RAZR HD XT925";"";"2014-07-18 23:04";"";" You probably got a defective unit. The average temperature of the phone is between 35 and 38ºC.";""
"11274";"107";"RAZR HD XT925";"";"2014-07-16 00:52";"nutech";"Where this phone is a great looking phone, it fails miserably after using it. The average operating temperature on the phone has been 45 degrees Celsius (113 degrees F).  Spoke to Motorola support's number here in Canada, which automatically becomes the Philippines! They 'fixed' my wife's phone and mine after being sent into service here in Canada. Less than 2 weeks later, my phone continues to get hot, my wife's phone is just fine. Same Apps on the phone except I have about 14 on mine she has the same 14 + an additional 40.  Motorola service, used to be a great deal better than it is now. Had this been a different problem I would have not called them expecting to return it to their service depot a 2nd time (a month out of warranty). Their claim they would fix both phones with the heat problems, works for one and not the other... they won;t take mine back.  Motorola used to a better customer service / support when onshore.";""
"11275";"107";"RAZR HD XT925";"";"2014-07-07 13:10";"Ali711xx";"When come the update to kitkat ? ";""
"11276";"107";"RAZR HD XT925";"";"2014-06-25 06:37";"Tavi";"Awsome Touch And Cam. with good display";""
"11277";"107";"RAZR HD XT925";"";"2014-06-19 18:54";"sunny";"Dnt worry. If u r moto lvr thn buy it. Its a amazng phone. I also usng this phone.";""
"11278";"107";"RAZR HD XT925";"";"2014-06-04 22:21";"";"Then you must have poor network quality in your area and the phone struggles to get reception so it constantly needs to boost is RF transmitter. I get a full day using GPS 4 to 5 times a day with my phone. As you know GPS uses plenty battery power.";""
"11279";"107";"RAZR HD XT925";"";"2014-06-04 22:17";"";"It is an international version. it covers all GSM bands. So you won't have a problem, just make sure it is this model XT925 not the Droid RAZR HD (XT926)which is the same thing but doesn't cover all GSM bands. It is for Verizon networks.";""
"11280";"107";"RAZR HD XT925";"";"2014-06-03 12:12";"josi_254692";"I'm in a plan to buy this phone(06/2014). I'm indian. Will this unlocked phone suit to all indian GSM networks. please suggest your opinion";""
"11281";"107";"RAZR HD XT925";"";"2014-05-25 06:15";"neophyte";"You have a Maxx HD or normal one.?  I've the normal and can't get more than 4 hrs of screen time. I'm still on ICS though and planning to upgarade soon.";""
"11282";"107";"RAZR HD XT925";"";"2014-05-24 03:02";"just one";"I have xt 925 for a few good months. Lets say that is a good phone if you know how to handle it.  First. 4G or LTE is killing the battery. Plus on T mobile the speed will not be more than 20 mb/s. Second. It is not a hight class phone. So don' t expect too much of speed.  Third: The battery is realy good. But remember just in the morning to reboot the phone. That will close back app and you will be a very happy user. Camera. Just install an app and wait for autofocus a few seconds. Android. So far the best is cyanogenmod 11 and I tried all of them. I mean All the custom roms for this phone. Good stuff. Don' t worry if you by mistake drop it. ";""
"11283";"107";"RAZR HD XT925";"";"2014-05-23 21:47";"wiggles227";"Just got kitkat 5 days ago seems better so far ";""
"11284";"107";"RAZR HD XT925";"";"2014-05-21 00:14";"blat";"the droid razr hd will end up kitkat before september/october";""
"11285";"107";"RAZR HD XT925";"";"2014-05-20 22:11";"";"hi, it's good but don't overload it..20-50 applications will be optimal. its characteristics are fast but not fast enough anymore. And if it gets overload you won't be happy..";""
"11286";"107";"RAZR HD XT925";"";"2014-05-10 18:28";"Daullah";"Will XT925 be getting Android KitKat update? Can anybody confirm me about this!!";""
"11287";"107";"RAZR HD XT925";"";"2014-04-20 05:09";"hhmm";"i think i have to upgrade my razr also for this and sell my s3. but the cam in moto phone is not as good as my s3..hmmm..";""
"11288";"107";"RAZR HD XT925";"";"2014-04-18 15:58";"jjos";"If you like motorola`s phone you will love the XT925 it is an excellent phone ";""
"11289";"107";"RAZR HD XT925";"";"2014-04-04 22:44";"johnny royale";"yeah dude, it's definitely a good phone. Not top of the line or anything, but a steal for the price its at!";""
"11290";"107";"RAZR HD XT925";"";"2014-04-03 02:46";"goody";"hi, after 2 long years of waiting, ive just noticed that the price of this phone has dropped and now im going to ugrade my razr xt910 to this. is this a good phone? be honest please..thanks";""
"11291";"107";"RAZR HD XT925";"";"2014-03-28 01:10";"iags13";"I have it too. I just wait 2 seconds :D. isnt the software, or mic. i got used to";""
"11292";"107";"RAZR HD XT925";"";"2014-02-19 01:30";"Srinivas";"Did you try safestrap? Its the same like CWM but much better. The best part of safestrap is that it will let you create rom slots onto which you can flash whatever ROM's you want without touching the main or stock ROM. So even if you mess up you wont have to run from pillar to post to get your device back working again. Its safe and fun and you dual boot or triple boot into the roms you have installed. Just google it.";""
"11293";"107";"RAZR HD XT925";"";"2014-02-18 03:49";"Deh";"this phone only supports 4G chip?";""
"11294";"107";"RAZR HD XT925";"";"2014-02-14 10:41";"Michael";"I have the Samsung Galaxy S4 Telcel Mexico and the speaker just stopped working on it on day 21 when it was new. I had already unlocked and rooted it so I just ordered a speaker assembly. Still no sound. Yesterday I got the Motorola Razr XT925. The samsung is great for rooting and running custom mods etc. This Motorola is a bit picky. I rooted it so I can run all my root apps but I can seem to get a Recovery on it at all. I tried CWM. Anyway I love it. A little smaller than the galaxy but okay phone. Motorola Razr Xt-925 Telcel Mexico.";""
"11295";"107";"RAZR HD XT925";"";"2014-02-05 01:45";"";"so ive had this phone for about 14 months now  i've had a tpu bumper case on it, no wear or tear at all i didn't have a screen protector so i have small scratches they are not noticeable. ive never dropped my phone either  oleophobic coating keeps my phone filled with smudges! done a lot o things, watch movies, play games, browse the web, edit pictures, communicate, read books, etc.  battery life can be greatly improved in telcel if you switch to only 2g and turn off all sensors...  the best app for photos is camerazoomfx  better battery life by rooting it!  so here is a simple way to root, works on any razr hd, even other phones too!     got root easily, installed xposed module and root aps such as, greenify, lucky patcher, minminguard, xprivacy, gravitybox! increased battery life, cutom bootanimations, flashed the moto x camera, did lots of fun stuff but it wasnt enough for me...  i unlocked the bootloader:   and then installed cyanoagenmod:   now im on kitkat (even though motorola will give us an update)  still cm11 is better than stock because of themes, customizations, root out of the box.  overall i give this phone an 8/10  cons:  low internal storage (cant have too many apps, i have 32gb sd card) mediocre camera mediocre battery life (only 10 hours on screen time heavy use)  in terms of performance, its good enough; but now im only getting phones which are easy to unlock and root such as nexus or developer/google play edition phones.  ";""
"11296";"107";"RAZR HD XT925";"";"2014-02-01 18:03";"proca";"I have a delay when answer a call. I have to wait for 2 seconds to hear the person who call me. Do you have same problem? How do i solve this? I reset to factory but nothing. I change network 2,3,4 G but nothing change. Please advice";""
"11297";"107";"RAZR HD XT925";"";"2014-01-03 18:43";"srinivas";"Hi, Can any one confirm if performing a factory data reset by booting into recovery erases internal storage or not? Pls note factory data reset by booting into recovery from switched off state and not by choosing settings- privacy- factory data reset.";""
"11298";"107";"RAZR HD XT925";"";"2013-12-31 07:52";"M@niak";"You should clarify that soon this model along with droid razr hd xt926 both will be upgrade to kitkat by the end of first quarter of 2014";""
"11299";"107";"RAZR HD XT925";"";"2013-12-23 20:04";"iags13";"i have this phone, and its very good. i recommended specially if its rooted. ";""
"11300";"107";"RAZR HD XT925";"";"2013-12-16 06:49";"larturo10";"it's a peace of shit, always freeze, stupid phone, so slowly as a galaxy ace";""
"11301";"107";"RAZR HD XT925";"";"2013-12-12 12:13";"Anonymous";"Xt 925 for France when receiver android 4.4?";""
"11302";"107";"RAZR HD XT925";"";"2013-11-26 11:40";"Anonymous";"do you want a FM radio... Buy a walkman... :P";""
"11303";"107";"RAZR HD XT925";"";"2013-11-22 21:48";"Juilious ";"Best Phone Period... Battery life is far superior.Apples to Apples. These phones rule...i have been using CEll since 88  Used many, broke many, BB, Etc.....Motorola as always Best of the best....Samsung Ha Ha Kid phone....Dont drop it, it will drop you - LOL...";""
"11304";"107";"RAZR HD XT925";"";"2013-11-21 19:15";"Toroloco";"I don't like Mexican carrier Telcel (though I use them for coverage in small towns I travel to), but the price of this device has dropped dramatically. I just got one for $250 US during the "good weekend" (Mexican black Friday), on a cheapo plan of $15 US bucks a month (I not a heavy usser so the 40 intercompany minutes + 100 Telcel minutes + 200mb are just fine).  As for the phone, in general I'm OK with it, but the battery turned out to be a dissapointment, after reading it had a "big battery". As I said, I'm not a heavy usser, few calls a day, some sms and whatsapp's, and it doesn't last two days. And the camera is bad, I had better pictures form the previous LG P-500 or Samsung Omnia with 5MPX, the manual focus capability let me take clear pictures less than 1", this one doesnt have a good macro, and the overal quality is sub-par to same range phones.  As the battery life is my biggest complain, I believe I'll keep it for a while, but not recomend it to friends.";""
"11305";"107";"RAZR HD XT925";"";"2013-11-17 17:32";"";"BUT the loudest MSARTPHONE io ever had was the DEFY+, also the SII 9105 plus, but the XT925 is a bit louder, all, music, sms, email, spams etc.";""
"11306";"107";"RAZR HD XT925";"";"2013-11-17 17:30";"";"BUT i also have to charge the PHONE all 3rd Day. So of course i hear music 2-3 times per week. For max 50 minutes per week. My GALAXY S2 9105 had a good akku to, i had to charge it all 4 days.";""
"11307";"107";"RAZR HD XT925";"";"2013-11-17 13:41";"Lummox";"I've had this phone for just under 12 months and can't stand it! I'm looking at the s4 or note 3. ";""
"11308";"107";"RAZR HD XT925";"";"2013-11-13 04:41";"ricky";"I have xt925 and yes telcel charges more for the phone then other countries. But I love it.. hope it gets kit-kat update";""
"11309";"107";"RAZR HD XT925";"";"2013-10-19 13:53";"Anonymous";"But how to route it?";""
"11310";"107";"RAZR HD XT925";"";"2013-09-26 07:18";"zmnaing";"i love my xt925 ,smarter and better than others...hd cable can support my earth @map surfing,camera quality is good for me..i just want reality image no enhance...security also satisfied.nice android...walk on .";""
"11311";"107";"RAZR HD XT925";"";"2013-09-25 19:56";"Anonymous";"That is not true. I use otg cable on Razr HD xt925";""
"11312";"107";"RAZR HD XT925";"";"2013-09-17 21:20";"none";"My phone shows a spots in display in low light?";""
"11313";"107";"RAZR HD XT925";"";"2013-09-01 05:04";"Anonymous";"i loveeee the battery life and the phone is great too...if this phone was a girl I'd marry it.";""
"11314";"107";"RAZR HD XT925";"";"2013-08-21 02:58";"iags13";"great phone, if you rooted it, better than others";""
"11315";"107";"RAZR HD XT925";"";"2013-07-27 22:13";"aw";"This Phone is Phenomenal, in terms of Battery Power, i've had Moderate Use from it over 3 days & it still has 40% Battery Life left, I barely Got through a day on my Previous Phone (Samsung S3), if you want Long battery Life this is the Phone for you,Nothing comes Close.";""
"11316";"107";"RAZR HD XT925";"";"2013-07-12 22:19";"John B ";"After two weeks with the Razr HD,I can honestly say it is the best phone I have ever handled, both in terms of quality of build and also in the way it operates. The battery life is all that is promised and more, especially with the smart actions feature intelligently cotynfigured. if it was possible, I would mark it 11 out of 10. Well done Motorola, you are a serious contender indeed. ";""
"11317";"107";"RAZR HD XT925";"";"2013-07-10 18:52";"Anonymous";"the HTC 'ONE' also has the loudest volume in the smart phone in the market right now due to two front facings speaked and bloomsound, how does this phone compare with HTC 'ONE' in terms of sound quality?";""
"11318";"107";"RAZR HD XT925";"";"2013-06-27 09:36";"deep";"Why music, movie, game stops while increasing or decreasing volume plz help me out ";""
"11319";"107";"RAZR HD XT925";"";"2013-06-21 17:40";"Anonymous";"Xda developers web site";""
"11320";"107";"RAZR HD XT925";"";"2013-06-13 12:45";"Anonymous";"No usb otg have to stick with samsung ";""
"11321";"107";"RAZR HD XT925";"";"2013-06-11 16:19";"";"I've had this phone since March or April 2013. I love the Samsung Galaxy lines, but their battery sucks. I have screen shots of this phone, going 1day, 11hours, 7 minutes and still having 22% charge. That's a day and a HALF on one charge. I check email, read e-books, get bus times (via nextbus.com and an app), I check my calendar, and talk on the phone. In fact, screen 35%, voice 35%, idle 10%, Android 10% and a bunch of other 1% and 2% items.  Also, sound ... the output BLOWS away HTC, Samsung, and Nokia hands down. With Samsung and HTC, I have to have the sound up at around 75% to hear it. With the Motorola, I have to keep it at about 10%, or it gives me a headache.  Reception is great, no issues with the phone (the only reception issues I've had, have been due to Rogers.)  Now - so that I don't get in trouble with the rules, let me list a few of the phones I've owned between November 2006 and June 2013: Palm Treo - 700w, 700p, Treo Pro (850) HTC - P4000, Touch, Diamond, Touch Pro, Touch Pro 2, Snap, Panache, Raider Samsung - Infuse 4G, Galaxy S3, Note II Motorola - Spice, XT925.  As you can see, I've had quite a few phones. The Razr HD is up there in my top 5...  1: Note 2 (but was too big so sold it.) 2: Razr HD XT925 3: Raider 4: Galaxy S3 5: Touch Pro 2";""
"11322";"107";"RAZR HD XT925";"";"2013-06-10 13:10";"Mr Grumpy";"Oh look! Another Motorola phone with no FM radio. Useless.";""
"11323";"107";"RAZR HD XT925";"";"2013-05-30 00:44";"liljay";"i have this phone and it is the best phone i have ever had";""
"11324";"107";"RAZR HD XT925";"";"2013-05-24 00:22";"razrmonk";"of course it'll work outside US and it should be unlocked. battery power Non-removable Li-Po 2500/2530 mAh battery it powerful. im using razr xt910 that has lesser bat power and its already impressive";""
"11325";"107";"RAZR HD XT925";"";"2013-05-23 07:20";"X-MOT-Engineer";"No need to even think about it -- the battery life of the RAZR HD already exceeds the Maxx's by design. Furthermore, the battery connectors are different so they are incompatible.";""
"11326";"107";"RAZR HD XT925";"";"2013-05-23 01:01";"";"Does it work outside USA, or outside a specific network?  Any Battery test availanle, either from site or users? Thanks a lot..Im really looking for a phone with good battery";""
"11327";"107";"RAZR HD XT925";"";"2013-05-21 00:49";"razrmonk";"if people in the world would know that these kind of amazing phones of motorola exist then i believe there would be a great switch--PLEASE ADVERTISE WORLDWIDE!";""
"11328";"107";"RAZR HD XT925";"";"2013-05-16 04:58";"Anonymus";"This telephone is brutally expensive in Mexico, sold by Telcel (about $1000.00) and it is mutilated (not unlocked) if you unlock it, forget about the warranty. It is an excellent telephone, it has an excellent camera, it is fast, works with 4GLTE network, and the battery last little just longer.  I wish Best Buy to sell this this phone unlocked as soon as possible in the USA, so i can buy it UNLOCKED.  All those Telcel users, let's keep our cell phones off during a weekend in order Telcel decrease their prices.";""
"11329";"107";"RAZR HD XT925";"";"2013-05-15 21:48";"Suleman ";"Its really amazing phone,,, I love to use it and would like to highly Recommends to friends and family....";""
"11330";"107";"RAZR HD XT925";"";"2013-05-10 04:35";"kk";"You just need to insert a microsd card into the phone, create a music folder and place whatever songs you want in there and then select it as your ringtone from the microsd";""
"11331";"107";"RAZR HD XT925";"";"2013-05-08 05:08";"Anonymous";"if you want to change the ringtone for certain individual app notifications (ie: email alerts) you have to open the app itself and on the bottom right corner there are the vertical 3 dots...select that then setting then notification settings. For individual contact ringtones the dots are on the top right corner. Hope this helps.";""
"11332";"107";"RAZR HD XT925";"";"2013-05-08 00:59";"razrmonk";"so bad not available in my country philippines. but good thing razr is available..";""
"11333";"107";"RAZR HD XT925";"";"2013-05-06 21:13";"DAN13L";"Where can i download the Telcel rom? I have the rom from Canadian Rogers.";""
"11334";"107";"RAZR HD XT925";"";"2013-05-06 11:51";"Anonymous";"Use an app called Zedge";""
"11335";"107";"RAZR HD XT925";"";"2013-05-05 05:50";"Anonymous";"how to change ring tones after down loading ring tones cheers";""
"11336";"107";"RAZR HD XT925";"";"2013-05-05 04:28";"";"i got jelly from telcel its much better! faster performance (500 more points on quadrant and antutu) everything loads faster, less alg less crashes and tehy removed the bloat too! good guy Moto";""
"11337";"107";"RAZR HD XT925";"";"2013-05-05 03:16";"rnoldz";"nope.. its not";""
"11338";"107";"RAZR HD XT925";"";"2013-04-30 02:34";"jesse james";"hello, try to do it from the phone but it says this, Your device is updated. No update is required at this time";""
"11339";"107";"RAZR HD XT925";"";"2013-04-29 21:00";"";"Hi ! I've had this phone for a 3-4 months now, and I can tell you that the GPS / GLONASS is crappy.  The phone is quite fast, that's good !   And there is also another sensor on this phone : a Barometer ! Really ! ";""
"11340";"107";"RAZR HD XT925";"";"2013-04-27 23:45";"";"JellyBean 4.1 It is now available for Mexico´s Telcel RAZR HD XT925, you have to do an OTA check at: Setting/Software Update, if it is not ready go to a Customer Service Center, more info @dteek_blog on twitter";""
"11341";"107";"RAZR HD XT925";"";"2013-04-26 23:46";"Anonymous";"its a wonderful divice";""
"11342";"107";"RAZR HD XT925";"";"2013-04-18 20:59";"DAN13L";"Mine last as long as my Atrix HD which has something like a 1750mah battery. I know the difference is that the cpu on Atrix HD is on the ondemand and the Razr HD is on interactive. does anybody know if there is a Stock rom which has the cpu on ondemand. I remember my Atrix only getting about 6 hours when it was set to interactive. The Razr HD still gives me all day.";""
"11343";"107";"RAZR HD XT925";"";"2013-04-18 04:04";"Anonymous";"I have this phone... one good day i left it in my desk while it was charging and my 2 year old nephew (little bastard) threw it into the toilet... it spent more than one hour there... it worked for a while (no more cell phone though and the battery was screwed up) but it died when the battery ran out. i cant charge it now and i have a nice paperweight...";""
"11344";"107";"RAZR HD XT925";"";"2013-04-17 19:23";"Darcy";"No, it's "splash resistant" which is a far cry from waterproof.";""
"11345";"107";"RAZR HD XT925";"";"2013-04-16 23:17";"jack";"can anyone on hand experience tell me if this phone is waterproof??";""
"11346";"107";"RAZR HD XT925";"";"2013-04-16 23:14";"jack";"can anyone on hand experience tell me if this phone is waterproof?? ";""
"11347";"107";"RAZR HD XT925";"";"2013-04-16 20:07";"";"Razr HD all the way. Feels premium, performs good. Lasts a lot and is durable.";""
"11348";"107";"RAZR HD XT925";"";"2013-04-13 19:13";"juanito";"what phone would u guys recommend, motorola razr hd or sony acro s,?? thanx";""
"11349";"107";"RAZR HD XT925";"";"2013-04-13 14:08";"danielle";"Just got this phone wasnt sure about getting a motorola as samsung and apple dominate the market now, but the specs were good so upgraded to this and it is amazing.. Battery life is soo good last 36hrs plus with heavy use and one charge i love it! so glad I didn't run with the crowd and jump on the bandwagon!! one happy customer :) super fast, looks nice, brill camera +++";""
"11350";"107";"RAZR HD XT925";"";"2013-04-11 15:21";"Marco M";"This one performs better, looks a lot better, feels a lot better and RAZR HD comes with LTE. S3 doesn't bring LTE on all models.";""
"11351";"107";"RAZR HD XT925";"";"2013-04-06 07:05";"tony";"Not true. The camera is great. I came from a HTC Sensation and the Razr HD camera takes far sharper and accurate shots.";""
"11352";"107";"RAZR HD XT925";"";"2013-04-05 07:26";"Tony";"I go this phone 2 days ago. It is totally amazing I amd in awe the speed, screen quality, battery life and build quility is brilliant. Totally Kills the Galaxy S3. This is the best phone in the world by far... Motorola razr HD is expensive but worth it!!";""
"11353";"107";"RAZR HD XT925";"";"2013-03-28 17:50";"Anonymous";"The performance of the RAZR HD is very higher. Owner XT925";""
"11354";"107";"RAZR HD XT925";"";"2013-03-27 07:26";"";"Well depends how the battery! weak battery doesn't matter dual or quad...";""
"11355";"107";"RAZR HD XT925";"";"2013-03-25 19:39";"Felix";"(1 GB of RAM, Quad-Core 1.4 GHz) S3 or (LTE, 1GB of RAM, Dual-Core 1.5 GHZ) Razr HD... wich one is better??";""
"11356";"107";"RAZR HD XT925";"";"2013-03-23 15:03";"";"this is by far the best 4g compatible phone I've used, the battery life is probably the longest I have seen, I can be on youtube the whole day, and at the end of the day be at 60% with the Galaxy S3 if I did the same I'd be down to 29%. it is smooth and quick to respond. Why would you buy anything else";""
"11357";"107";"RAZR HD XT925";"";"2013-03-13 10:39";"organo";"z d camera beta dan dat of nokia N8";""
"11358";"107";"RAZR HD XT925";"";"2013-03-12 00:45";"";"Pos = Unbelievable battery, great screen, very fast (even not being quad-core); Cons = Terrible camera (can't believe Motorola failed on this), few roms available; About battery, i used a Galaxy Nexus before, and this phone has exactly the double of battery comparing with GNexus. 1 hour normal use on XT925 = 5%. 1 hour normal usage on GNexus = 10%.";""
"11359";"107";"RAZR HD XT925";"";"2013-03-11 01:58";"";"soon as i seen 1gb of ram it probably do the same thing my RAZR maxx does, it close background programs down that i am using, as to why i norm limit my browsing to Opera mini as it tends to not eat a lot of ram up (keeps background programs running), but do not underestimate the RAZR maxx or HD maxx (apart form there been no RAZR maxx HD in the UK....) the battery life on the maxx versions is how an smartphone should be i get 2 days of use and thats me Not turning any thing off (3g wifi BT 5-8hours of screen on time, any other smartphone your lucky if you get 3 hours screen on time)   i been looking at the samsung S3 LTE UK (i9305) or the Note 2 LTE UK (n7105) due to that it seems to run very smooth has 2gb of ram (as the UK does not really have much of an LTE network yet, but i am finding that only the LTE phones have DC-HSPA+ 42mb so i can use that for now until LTE comes and both support all the networks in the UK for both 3g and 4g as not all 4G phones work on all networks)  but the battery is still lacking on the S3 LTE version needs to be 3000 at least (but you can use an spare battery thought as its removable unlike other phones that have poor sized battery and is not removable) i guess i miss using this Moto Razr maxx phone i have (apart from having to reboot the phone when data fails to work some times and the small screen)";""
"11360";"107";"RAZR HD XT925";"";"2013-03-04 07:14";"kk";"After the upgrade, I found to have the same problem but its pretty normal. All you need to do is click on your phone name to access whatever you need to do";""
"11361";"107";"RAZR HD XT925";"";"2013-02-27 17:54";"pule";"this phone is ccrap, even on paper, especially the price. google might want to revise their strategy. start licesencing android os, perhaps. i hear they getting jealous of samsung..";""
"11362";"107";"RAZR HD XT925";"";"2013-02-27 00:38";"upgrade weirdness";"I upgraded to Jelly Bean and i can no longer see the drive on my computer when connected with USB. Mass storage function is gone in menu. I can NOT drag and drop back and forth from computer to phone anymore. Is this normal? I have win xp. ";""
"11363";"107";"RAZR HD XT925";"";"2013-02-26 08:56";"emawondo";"can i get this fon in south africa ";""
"11364";"107";"RAZR HD XT925";"";"2013-02-18 05:42";"Ajay";"Hi.my bussiness totally depends on cell phone email.calls text message and many more.i had Samsung S3 and nokia lumina 920.they both failed against MOTOROLA RAZR HD LTE.first of all battery life. My samsung battery died arround 7 pm or 8 pm but motorola still shows 52 % left at 11 pm,second screen resolution is much better,camera is ok but not bad,so highly recommend this fon,,,thnx";""
"11365";"107";"RAZR HD XT925";"";"2013-02-18 04:40";"";"Just got mine from clove yesterday, charged it up to full, and then almost uninterruptly using it over 3g downloading apps and browsing...etc non stop for 8 hours now, still have 25% battery power. Amazing! Worth mentioning, I'm on jb out of the box.";""
"11366";"107";"RAZR HD XT925";"";"2013-02-16 21:13";"Daniel C";"https://motorola-global-en-aus.custhelp.com/app/­product_page/faqs/p/30,6720,8582";""
"11367";"107";"RAZR HD XT925";"";"2013-02-14 14:34";"Anonymous";"Don`t be so dumb - have you ever heard about google?  why waste so much paper if one can just download the user`s guide?";""
"11368";"107";"RAZR HD XT925";"";"2013-02-13 12:32";"Chris";"How do I use this phone It comes without an instruction manual. I think it might be ok but what genius decided to omit a manual. Its going back tomorrow.";""
"11369";"107";"RAZR HD XT925";"";"2013-02-12 16:00";"";"life time of battery in hours??";""
"11370";"107";"RAZR HD XT925";"";"2013-02-12 07:02";"";"hi! I'm planning to buy this. Is it available in Saudi arabia??? please help. tnx";""
"11371";"107";"RAZR HD XT925";"";"2013-02-08 00:20";"";"Its a great smartphone, I came from a Galaxy s3 and an iPhone 4S and I am extremely pleased with the work that Motorola did this smatphone. Fast, great screen quality and battery good durability, not to mention the quality of the material it is made. I recommend.";""
"11372";"107";"RAZR HD XT925";"";"2013-02-06 15:56";"";"hey mate this phone may not launch in india i already having two of razr hd's if any contact me or fb.com/makkapatiharsha for any assistant regarding Motorola happy to help!";""
"11373";"107";"RAZR HD XT925";"";"2013-02-05 13:02";"";"No, not Intel. It's the Qualcomm Krait CPU and Adreno GPU";""
"11374";"107";"RAZR HD XT925";"";"2013-02-04 21:53";"";"Please add more information of the processor and chipset and gpu!!! is Intel or no? ";""
"11375";"107";"RAZR HD XT925";"";"2013-02-01 02:56";"";"You can but they would have to remove some screws and solder some parts around to accommodate the bigger battery. But it will cost you an arm and a leg since it would run 120 on ebay plus labor when you bring it to a phone store so your looking at least 200 after taxes.";""
"11376";"107";"RAZR HD XT925";"";"2013-01-29 17:00";"";"Ok Ive had this phone for a month through Telcel in Mexico Design: Ive always considered myself to have small hands. I first thought that the phone would be too big for me...nut i can do one handed use (my thub reaches the other side of the screen) and it fits in all my pockets. Construction is great GG, kevlar looks still like brand new no scratches and i have a pvc bumper wich will etenalize my phone. The thing I didnt like were the on-screen controls there is more than enough space at the bottom to put physical capacitative buttons. I wonder why moto left it out its a waste of space..... My phone came bundled with a 16GB card and im thnkful for it as i will explain later  Screen: Jaggedness my ass gsmarena is overly critical in camera quality and screen. I cant see individual pixels even if i put my nose to the screen. I read pdfs on my phone (ezpdf is the best) and there is no pixelization on it. Colors are good. Screen is bright but slightly reflective, if I´m in direct sunlight I have to see the screen at an angle.  UI/OS: ICS is good i have a couple of widgets and launches. smart actions is great for putting settings like battery saving and night mode. i put as default gallery Quickpic app cuz the stock os wont play gifs and some images wouldnt fit to screen. Video player i placed as defauklt mxVideo cuz it woulnt play heavy files or xVid. APP2SD DOESNT WORK! I investigated and I foudn out why and it explains many things like my previous sentence. It seems that ICS on, Google stopped trying to pay M$ licencing for their formats FAT32 and XVid. So the internal memory has a foldel called /sdcard in which all main data like apps misuc downloads are. the internal mem cant be recognized by the computer as a usb mass storage cuz its not fat32 format (try to format it and you brick the phone; thats M$ licencing!) Sammy pays M$ and so their galaxys can be used a s mass storage and pass the apps to the SD. Fortunately, we have an microSD card, so i put my personal files in that and left the internal mem to sotre apps i cant move App2SD says the sd is emulated and cant move them.... just to note i have this much avail storage: 3.76 GB internal memory 1.84Gb left on my SD card. SMALL LAG when typing kind of like waht happens in word so theres no biggie there.  Apps/Benchmarks Quadrant: 4772 Antutu: 9918 All apps work. I have a galaxy ace too and i hated seeing not compatible for your phone so thats why I got a flagship....every app ive downloaded works. gaming: vice city, nfs most wanted, nova3 mass effect they all run sure the phone gets toasty after 20 min and the battery runs dry in 6 hours but ive noticed no lag in those apps at all. i have all my needs in facebook viber pdf readers emulators and i enjoy using it all day long.  Music: loudspeaker is LOUD. stereo quality sound to it. Heaphones still much the same and good sound.  CAMERA: man, people are overly critical on this. noise color saturation bs. TL;DR camera is great, imaeges do come sharp and are very decent. if its one thing that phones have improved, its camera quality sometimes i think its the person taking the pic moving while the phone is taking a shot.....all my pics have been fine even taking macro shots of project progress on paper and sahring them on dropbox (zooming in no loss of quality at all no pixelization) i´ve always used auto setting and this is coming from someone who had a Nokia N8.....  Baterry life: if i use it moderately (download documents from work, texts 40min calls 3 hours on wifi/LTE, music and most of the day idle) from 830am o 10 pm yesterday i had 47% left. even for toady that i went to 9gag and saw memes im down to 90% battery is great!  overall score 9.5/10  ";""
"11377";"107";"RAZR HD XT925";"";"2013-01-27 03:38";"queqqo";"Hi, do you think guys is possible to put the razr maxx HD battery into this phone (3300mah), and improve the battery life this way?";""
"11378";"107";"RAZR HD XT925";"";"2013-01-25 12:52";"]Kaboom[";"U lier, 2 days running and batt goes on... U say 8 to 10 hours, then u must let something drainning the batt, otherwise it should be different! I have my xt925 for about 4 months and it does a great job about the batt. I think it will be better when JB update comes to my phone (brazil). That's an excellent smartphone, and does a good job when it comes to batt life!";""
"11379";"107";"RAZR HD XT925";"";"2013-01-23 05:49";"";"Much depends on what your usage is exactly, constantly streaming vids? facebook? what? make sure you dont have any apps or email accounts set to auto update or auto sync, make sure they are set to manual update or manual sync. I'm sure there's an app out there to check why your battery is draining so fast, mine lasts 4 days, sometimes 3 days and my wifi and bluetooth are always on.";""
"11380";"107";"RAZR HD XT925";"";"2013-01-22 10:30";"Anonymous";"The power control widget gives you the gps, blue tooth, brightness control give it a try ";""
"11381";"107";"RAZR HD XT925";"";"2013-01-21 23:10";"";"Hi guys, I have a question:All the Motorola phones are assembled in China? I searched about this, but I couldn't find a good answer. The phones on the images are assembled in China. The problem is I don't really trust them, and I am not the only one. It's strange that when I buy a Motorola, in fact I will get a Chinese phone. Because Motorola is an American company, all their phones should be made in America.";""
"11382";"107";"RAZR HD XT925";"";"2013-01-16 15:52";"";"If your wi-fi is always on and actually runs active, not just idle. Then battery will drop in an instant.  Check your apps and app settings. Perhaps your facebook is set to continous updates, or everey minute or something. Things like that will drain the battery very quickly.";""
"11383";"107";"RAZR HD XT925";"";"2013-01-16 00:10";"Lucpaiva";"I have an razr hd and it get the jellybean update. The phone is much better than the iphone 5. Battery runs up to 2 days of a lot wifi, 3g and gaming, but you need to configure the excelente smart actions do reach this batt time.";""
"11384";"107";"RAZR HD XT925";"";"2013-01-15 15:47";"daft h";"I have to disagree with that I've only had my RAZR HD for 5 days and gotta say battery life is really bad only get like 8- 10 hours of usage on the lowest brightness WiFi on with 3g network I dunno if its the phone but if you have a method to keep good battery life on the RAZR HD its appreciated if you do tell us cause. I'm gonna take the phone back cause I'm scared to use youtube,message or even turn it on its really bad what's the point of the phone I guess  ";""
"11385";"107";"RAZR HD XT925";"";"2013-01-15 03:34";"winnie";"Got my phone from Germany.. upgraded recently.. ";""
"11386";"107";"RAZR HD XT925";"";"2013-01-12 03:12";"";"were are you located, i dont think canada has jelly bean yet. any issues with the blue screen problem.";""
"11387";"107";"RAZR HD XT925";"";"2013-01-11 22:31";"Anonymous";"you can download FM radio from android market";""
"11388";"107";"RAZR HD XT925";"";"2013-01-11 04:19";"Winnie";"I love the razr HD.. upgraded to JB awesome experience.. only and biggest grouse that I have is the lack of FM radio.. a real let down for me.. i thought it was a basic feature and did not even bother checking before buying.. but overall a very good buy";""
"11389";"107";"RAZR HD XT925";"";"2013-01-10 05:34";"Cain Jenkins";"I love the battery life its so freakin awesome. Using the internet is so fast and clean plus the screen is bright with beautiful rich colors. I'm so very satisfied with my RAZR HD.";""
"11390";"107";"RAZR HD XT925";"";"2013-01-08 10:56";"";"thats funny";""
"11391";"107";"RAZR HD XT925";"";"2013-01-03 09:41";"adoo";"i live in Iran, please let me know if you find any channel to buy it, as far as i know moto has a software version which is called developer mode you can check it in moto website it can unlock the phone but removes the gaurantee of the phone, my email is adoo56@yahoo.com let me know if you bought it ";""
"11392";"107";"RAZR HD XT925";"";"2013-01-03 02:51";"Rashed";"great review, thanks. ";""
"11393";"107";"RAZR HD XT925";"";"2013-01-01 19:18";"";" I dunno why this phone never shined as much as s3 as so many features if not almost the same as s3";""
"11394";"107";"RAZR HD XT925";"";"2013-01-01 17:41";"Anonymous";"get the zengo apps.. ";""
"11395";"107";"RAZR HD XT925";"";"2012-12-31 14:28";"nevermind..";"Yes you can use any kind of ringtone its just tricky to do it. Try download hancent sms and use that as ur ringtone selector.";""
"11396";"107";"RAZR HD XT925";"";"2012-12-31 06:36";"Kevin";"Where does it make this Unloacked Motorol?? Does it make by China? Does it work in Iran?? if it's make by China i can buy it. PLEASE TELL ME, it's make by China Or U.S.A ? you know the verizon model made by U.S.A ";""
"11397";"107";"RAZR HD XT925";"";"2012-12-31 04:08";"CPRUITT";"i dont like the fact that you can not use free music as ringotnes on this phone. why should we have to buy the music? that is the reason i didnt go to the i phone. thats more money on top of the bill you have to pay. it is almost more feasible to have a home phone again and do away with cell phones";""
"11398";"107";"RAZR HD XT925";"";"2012-12-30 16:44";"Anonymous";"I purchased this phone brand new in Canada and am currently selling it on Ebay. A potential buyer is asking me if this phone will work in Saudi Arabia. Does anyone know how I can answer this question? Or how I will know where this phone might work anywhere in the world? Your assistance is appreciated.";""
"11399";"107";"RAZR HD XT925";"";"2012-12-30 14:32";"";"and one thing again, i read many review about this phone that it has an average camera. I totally disagree. This phone has a superb camera. Im a web developer and use photoshop also, so i use photoshop for editing my own pics also, and understand how important it is to get good pics through camera for post editing. So for me, superb camera quality.";""
"11400";"107";"RAZR HD XT925";"";"2012-12-30 14:24";"";"I have recently got this phone through Fido Canada. Want to say that this phone is awesome. My wife has Samsung Galaxy S3 and my brother owns iPhone 5. So i can tell the pros and cons over the top models. I found camera to be super good. Photo capture in low light was better than both. Brings out more clearer picture and better colors without use of night mode. Full HD video recording is also super clear in day time, but for night time, its same as the Galaxy s3. Tiny dots in dark areas.  Battery backup gave me 3 days (exactly 3 days, no less) of continuous use without using charger and without using battery saver mode. I put the screen brightness to auto. Usage was moderate. Installed softwares like whatsapp, navigation app with 600 mb maps data, all setup like contacts, gallery, widgets done in this 3 days time frame. I have internet on mobile so data connection is always on and is on LTE mode. Calling of about 90 minutes and using web browser for other 60 minutes, listening to songs for 40 minutes, chatting on whatsapp (not toomuch but with always on internet), camera usage (40,50 pics for testing camera in day and night + full hd video of 10 minutes)  Same usage on my wifes Galaxy s3 gives 1 day backup, and on iPhone give a 3-4 hour extra. So getting 3 days backup was a god gift for me.  User interface is also kewl, but only one problem i found that i dont like is, in the notification bar, i dont have shortcut icons to ringing mode, wifi on/ff, gps on/off, bluetooth on/off, change brightness etc. I used it on my previous phone a lot.  Overall a perfect phone, i wont go for iPhone or S3 after this upgrade.";""
"11401";"107";"RAZR HD XT925";"";"2012-12-30 08:51";"ric";"After updated to 4.1, some bugs are fixed including camera, ringtone volume and responsiveness. Thanks Moto!";""
"11402";"107";"RAZR HD XT925";"";"2012-12-29 18:44";"";"photo quality day and without light? I have the s3 and doesn´t convinced me, come with touches whites.videos in full HD output with good quality?did not crash?battery last?";""
"11403";"107";"RAZR HD XT925";"";"2012-12-29 15:36";"";"This a great phone i have had it for a week and it has great battery life and performance, there is no lag and no issues, its screen looks great, i have taken some really good pictures, reviewers have been critical about this, but it seems like a really good camera";""
"11404";"107";"RAZR HD XT925";"";"2012-12-27 08:15";"";" Hi lothariocosta ,you can buy from this site,";""
"11405";"107";"RAZR HD XT925";"";"2012-12-25 11:37";"";"You can order it, search for a site and place an order.";""
"11406";"107";"RAZR HD XT925";"";"2012-12-24 10:16";"";"help guys i love this phone but it doesn't exist in my country how can i buy one...please my phone has been stolen how can i buy a phone but not(i phone..nokia.samsung.lg.blackberry.sony)...pleas­e help m";""
"11407";"107";"RAZR HD XT925";"";"2012-12-23 09:42";"ric";"I just got jb update. Smoother than ics and faster. Response is also improved. Thanks Moto!";""
"11408";"107";"RAZR HD XT925";"";"2012-12-23 08:10";"Kicka";"It sounds bubbly under water!";""
"11409";"107";"RAZR HD XT925";"";"2012-12-22 10:01";"";"how splash proof is this phone, can it be used under water?";""
"11410";"107";"RAZR HD XT925";"";"2012-12-19 13:31";"kalyan thakur";"this fone avialable in india through ebay,amazon and naaptol ";""
"11411";"107";"RAZR HD XT925";"";"2012-12-17 09:20";"";"When it comes to UK? any body knows? waiting for it......";""
"11412";"107";"RAZR HD XT925";"";"2012-12-12 02:20";"";"the bottom has 2 screws, should be to remove the battery and replace";""
"11413";"107";"RAZR HD XT925";"";"2012-12-10 05:49";"";"This one has a Dual-core 1.5 GHz Krait CPU and an Adreno 225 GPU";""
"11414";"107";"RAZR HD XT925";"";"2012-12-08 16:17";"";"I know it is good, but what if your battery goes bad after your warranty is over???";""
"11415";"107";"RAZR HD XT925";"";"2012-12-08 03:20";"";"I'm using this phone about 2 weeks. Best phone I ever owned in the past (HTC Touch Cruize, Motorola V3, iPhone 4, Motorola Atrix HD). This phone is perfect to my taste. Look and feel are awesome. iPhone 5/Samsung Galaxy/LG suck comparing to it. Build and hardware quality is superb. Fast, beautiful screen, long battery life. I love it. Android ICS is so better than that childish iOS. SmartActions is so really smart. You set your location/time-based profiles and forget about changing volume, brightness or toggling wi-fi, GPS, etc. Everything works automatically as you define once. I've bought Rogers model for $430 locally, unlocked and rooted it and use on another network. If you can, get it!";""
"11416";"107";"RAZR HD XT925";"";"2012-12-04 22:09";"psykione";"that mark is the processor?";""
"11417";"107";"RAZR HD XT925";"";"2012-11-29 11:44";"";"Price not yet announced on Expansys last time I checked, but available for pre-order.";""
"11418";"107";"RAZR HD XT925";"";"2012-11-29 11:41";"";"I is possible to buy it online.    And there's always ebay as well.";""
"11419";"107";"RAZR HD XT925";"";"2012-11-28 19:34";"Z69";"Where and how much can I purchase this for in the UK???";""
"11420";"107";"RAZR HD XT925";"";"2012-11-28 12:40";"";"tell me that when I arrived in Iran?plz";""
"11421";"107";"RAZR HD XT925";"";"2012-11-27 00:16";"";"There is no more Motorola in Asia, go online and buy if you want. ";""
"11422";"107";"RAZR HD XT925";"";"2012-11-25 21:32";"Anonymous";"hello! I m frm india.i am totally desperate to own this phone.please tell, if anyone knows,is our country in the list where this phone will be launched or not?";""
"11423";"107";"RAZR HD XT925";"";"2012-11-22 02:04";"iags13";"excellent phone, now i dont know what to do with it jajaja, root recomended its very easy and u can take all the apps that you dont want out of it. fast, good in calls, games awesome.";""
"11424";"107";"RAZR HD XT925";"";"2012-11-21 07:47";"";"the phone takes a micro sim, not a mini sim. i found out the hard way and had to go back to the store to get a micro sim activated";""
"11425";"107";"RAZR HD XT925";"";"2012-11-19 10:02";"Surya";"i am also waiting for this new moto razr hd....... INDIA";""
"11426";"107";"RAZR HD XT925";"";"2012-11-19 10:00";"Anonymous";"i am also waiting for this new moto razr hd";""
"11427";"107";"RAZR HD XT925";"";"2012-11-18 04:40";"";"After four years of iPhones I jumped into the Android world with the RAZR HD. My wife had had Android phones and they were poor so it was a leap of faith. I wanted the screen real estate otherwise I would have got the iPhone 5. No regrets so far. It is well made (my iPhones were NOT well made), feels nice in the hand and is a good weight. The Smart Actions are a great feature. Android is still clunky but there are enough nice things to keep me happy. But Motorola do not have the first clue about customer support. Their websites are crappy, I can't find my phone on them to get answers and I could go on for ages on how frustrating it is go get the phone to talk to Windows. I gave up on one PC (latest Win7) and am using it on another. 0/10 for that. Apple just works on most occasions apart from syncing to more than iTunes library. So overall it is 8/10.";""
"11428";"107";"RAZR HD XT925";"";"2012-11-16 18:28";"MADDDEEE";"w8ing to buy............from india";""
"11429";"107";"RAZR HD XT925";"";"2012-11-14 09:09";"Anonymous";"When will motorola bring out the HD dock? If it was available today, I would buy it and phone tomorrow :)";""
"11430";"107";"RAZR HD XT925";"";"2012-11-13 21:44";"Anonymous";"razr is best ";""

