"12693";"122";"RAZR V XT889";"";"2013-07-07 20:35";"thirupal";"where i bhought exactly motorola exclusive mobiles in india pls help me";""
"12694";"122";"RAZR V XT889";"";"2012-11-28 16:27";"w.abbas";"is it launch in pakistan? Plz tell me about price of this cell phone";""
"12695";"122";"RAZR V XT889";"";"2012-11-21 17:22";"Anonymous";"it's nice... but i wanna konw where can i bught it";""
"12696";"122";"RAZR V XT889";"";"2012-10-23 16:02";"lat";"what about gorilla glass";""
"12697";"122";"RAZR V XT889";"";"2012-08-31 10:53";"Rishi";"IS it launched in India/US ? ";""
"12698";"122";"RAZR V XT889";"";"2012-08-27 14:32";" MADDY";"i had tried dis phone when it was displayed in a mall touch i felt is awsum and display is so good";""
"12699";"122";"RAZR V XT889";"";"2012-08-27 10:27";"shadow";"hmm i think dis is a good phone dat we can buy  ";""
"12700";"122";"RAZR V XT889";"";"2012-08-25 01:22";"ammy";"when are these phones coming to guam ?";""
"12701";"122";"RAZR V XT889";"";"2012-08-21 16:32";"shree";"nice";""
"12702";"122";"RAZR V XT889";"";"2012-08-20 15:22";"Marco";"The RAZR XT910 also shows (complete) day and date";""
"12703";"122";"RAZR V XT889";"";"2012-08-04 11:52";"absamad";"yeah, i got motorolla flipout Moto MB511 and it shows the day and date";""
"12704";"122";"RAZR V XT889";"";"2012-08-01 11:23";"dodo";"is it sale in indonesia?";""
"12705";"122";"RAZR V XT889";"";"2012-07-31 19:32";"Rupnath";"Can any moto users tell me which Motorola handset shows the day with the date for example, Tue31:Jul. As I haven't come across any moto set with the Day with the date on it...,??. Please do let me know.";""
"12706";"122";"RAZR V XT889";"";"2012-07-29 07:30";"";"What could be the expected price of this phone in india ? someone plz reply will it be cheaper than attrix 2 as both have same hardware ?";""
"12707";"122";"RAZR V XT889";"";"2012-07-23 06:02";"Motorola USA";"I Love MOTO &#65292;Over the years, I still loved no matter MOTO become what I will support your product, and now everyone in the world with the SAMSUNG, I feel a bit tired of watching, because it is difficult to share, not the same as mobile phones, such asMOTO can share and SAMSUNG";""
"12708";"122";"RAZR V XT889";"";"2012-07-19 12:59";"Marco";" Based on the older MotoMing and V-series. 3.2" screen and Anrdoid.  Already released in march this year. Photos: ";""
"12709";"122";"RAZR V XT889";"";"2012-07-17 01:29";"";"I agree with you. Check out Samsung W999 here:  Why can't Motorola do something like this???";""
"12710";"122";"RAZR V XT889";"";"2012-07-11 10:27";"Rupnath";"Razrs in Clamshell form factor from Motorola were once undisputed king ruled almost everybody's heart of this globe with its awesome & elegant design, true masterpiece, unique. Its breathless design almost made the fans go crazy. Can I expect once again for the last time Razrs in Clamshell form factor screen with 2.6 inch equipped with latest technology. Oh ! Moto revive it once again Clamshell in Razr sharp design. Once again let the world dance with your Razr Clamshell....,!!! ";""
"12711";"122";"RAZR V XT889";"";"2012-07-09 13:50";"navi";"one of the must haves!";""
"12712";"122";"RAZR V XT889";"";"2012-07-08 00:43";"Anonymous";"Go to motorola.cn";""
"12713";"122";"RAZR V XT889";"";"2012-07-08 00:42";"Anonymous";"Nice design!";""
"12714";"122";"RAZR V XT889";"";"2012-07-05 00:08";"Anonymous";"talk time 1 350-500 minutes battery capacity 1780 ma standby time 105-150 hours";""
"12715";"122";"RAZR V XT889";"";"2012-07-04 06:50";"sanjay";"any one tell me about battery power and backup plz and coming in india";""
"12716";"122";"RAZR V XT889";"";"2012-07-03 22:53";"Anonymous";"You are referring to Razr XT910.";""
"12717";"122";"RAZR V XT889";"";"2012-07-03 07:31";"Arabia";"This unit is a available In saudi Arabia with the following : 7.1mm thin design with KEVLAR fiber body, 16GB internal memory, 8MP HD rear camera, 1.3MP front camera, 4.3" Super AMOLED advanced with qHD display; all for the price of around 450 EUR....";""
"12718";"122";"RAZR V XT889";"";"2012-07-03 07:20";"Arabia";"Its available in Saudi Arabia for about 400+ euros ..";""
"12719";"122";"RAZR V XT889";"";"2012-07-03 01:55";"Anonymous";"Motorola Phones provide the best in-call sound reproduction quality, period.  No other make can match in this respect...   ";""
"12720";"122";"RAZR V XT889";"";"2012-07-03 00:57";"Anonymous";"TALK TIME 1 350-500 minutes BATTERY CAPACITY 1780 mA STANDBY TIME 105-150 hours  MEMORY 3 4GB ROM PROCESSING PERFORMANCE 1.2GHzX2 speed dual-core processor FREQUENCY CDMA EVDO 800/1900MHz, WCDMA900/2100MHz, GSM850/900/1800/1900MHz (Telecom customized version of the international roaming only allows the use of GSM and WCDMA networks) MEMORY CARD TYPE Supports up to 32GB Micro-SD expansion storage  ";""
"12721";"122";"RAZR V XT889";"";"2012-07-03 00:52";"Anonymous";"MOTO  XT889 65.80x128.5x8.35 mm 4.3 inches of ultra-narrow border screen Android 4.0 Intelligent Systems Instant messaging FM stereo FM radio &#61548; &#61548; original the Smart the Actions wisdom set the TM application, multi-life situations, and smart personalized set to support the support the the MOTO Mount Yin Yue TM applications, fun music, video, entertainment and information at any time smooth browsing. &#61548; MOTO Mount Figure cool TM application. link social networking album, wonderful photos quick uploading and easy to navigate. " 3G, WLAN (WAPI / WIFI) wireless LAN ";""
"12722";"122";"RAZR V XT889";"";"2012-07-01 06:43";"png";"Uhh. Lol garbage in what sense wud u like to elaborate? :) and google shud appoint u to make phones cz it seems u can make better lol";""
"12723";"122";"RAZR V XT889";"";"2012-06-30 18:00";"Anonymous";"Agree. Wish i could see all of their wonderful phones on display just like other brands who do all out marketing. I have always favored Motorola for their quality.";""
"12724";"122";"RAZR V XT889";"";"2012-06-30 16:59";"Shoil";"This phone is very nice so keep it";""
"12725";"122";"RAZR V XT889";"";"2012-06-30 16:41";"Abdul salam";"This hendset is very nice.this hendset is very first.Featuresis is very simple and very beautiful.";""
"12726";"122";"RAZR V XT889";"";"2012-06-30 16:35";"Abdul salam";"This hendset very nice.";""
"12727";"122";"RAZR V XT889";"";"2012-06-30 16:26";"Abdul salam";"This hendset very nice.";""
"12728";"122";"RAZR V XT889";"";"2012-06-30 15:51";"";"Dafuq is this? A standard droid razr with ics and thicker body? Or is it the global version of Droid maxx ? The spec sheet doesnt mention the battery. Nyways hardware is seriously outdated,it better cost in the borderline of the original droid razr.  Still waitin on Droid razr HD.with 3300MaH battery. That will take on the Galaxy s3 .";""
"12729";"122";"RAZR V XT889";"";"2012-06-30 14:20";"GOOGROLA";"waiting for droid razr hd. . ";""
"12730";"122";"RAZR V XT889";"";"2012-06-30 05:45";"kdavid991";"great phone quality sure best than samsung release the phone in global market ";""
"12731";"122";"RAZR V XT889";"";"2012-06-30 03:33";"";"i hope motorola will release this phone world wide! and i hope they will bring all there phones along too! they shouldn't just focus on one to two market! there phones are better than samsung but sammy is the most popular android player.. if motorola could just return in the game...";""
"12732";"122";"RAZR V XT889";"";"2012-06-30 03:20";"";"Beautiful phone, hope I can change the default language.";""
"12733";"122";"RAZR V XT889";"";"2012-06-29 19:37";"Anonymous";"veryyyyy nice phone ";""
"12734";"122";"RAZR V XT889";"";"2012-06-29 16:53";"nai97";"ohhh shoot. another motorola phone bound to china.... i like the design though";""
"12735";"122";"RAZR V XT889";"";"2012-06-29 15:56";"Anonymous";"just for China! shame Moto!";""
"12736";"122";"RAZR V XT889";"";"2012-06-29 14:18";"yesh";"Motorola always use PowerVR SGX540 gpu thats by battery backup go high....... in the india motorola is very low on the demand But i like TOOO much Motorola Phone razar series......";""
"12737";"122";"RAZR V XT889";"";"2012-06-29 12:33";"Rupnath";"Ummmm....! It seems moto Razr V is targeting sony ericsson's Neo V. No need moto you are already outstanding, superb, unique mindblowing. etc. Love you Motorola....,! Razr V rocks.";""

