"11651";"109";"RAZR M XT905";"";"2015-01-18 02:04";"fastolfart";"This phone one of the most annoying unstable android mobiles I have ever used. Constantly have to reboot and factory reset to clear freezing and lock ups. Bluetooth will not work with all handsfree devices properly. I really hate this phone! ";""
"11652";"109";"RAZR M XT905";"";"2015-01-15 14:41";"Anonymous";"Motorola has just announced that all 2013 and 2014 phones will get the Lollipop upgrade. Will this phone get Lollipop?";""
"11653";"109";"RAZR M XT905";"";"2015-01-07 05:37";"recosca";"I love this phone! ";""
"11654";"109";"RAZR M XT905";"";"2014-11-29 12:02";"ad";"This cell phone too gooog";""
"11655";"109";"RAZR M XT905";"";"2014-10-29 05:48";"yasree";"please how can I get my Motorola RAZR M XT905 android version (jellybean) update?";""
"11656";"109";"RAZR M XT905";"";"2014-10-24 18:35";"Arun Tadkod";"Does this phone support Reliance CDMA sim?";""
"11657";"109";"RAZR M XT905";"";"2014-09-17 21:53";"Anonymous";"Yes... U can check easily the exact model by open the property or detail of captured images from same phone, in images details model clearly mention";""
"11658";"109";"RAZR M XT905";"";"2014-09-10 07:53";"Bernie9";"Just bought a Motorola Razr M. Model No.on back says XT905. How do you know if this has Kevlar back and is it running Jellybean?";""
"11659";"109";"RAZR M XT905";"";"2014-08-18 18:08";"zizi";"i am using the t907 is cool i update my adrio to 4.4.2 i love this phone little money its can do more than the cost of price i love its alots";""
"11660";"109";"RAZR M XT905";"";"2014-08-11 13:45";"Cady";"How do I delete APPs from my phone?";""
"11661";"109";"RAZR M XT905";"";"2014-06-05 11:18";"Mir";"Hi, You have XT907. whats written on the back cover is just a sticker.";""
"11662";"109";"RAZR M XT905";"";"2014-05-24 02:15";"DiamondJohnDroid";"I got this phone from DickSmith in Aus. They sold for $329, and Optus have an offer where they pay $100 towards cost, if you join for 1 month. Min plan is $25, so $75 off= phone cost of $254.  Good phone, but: 1. Its not 8.3mm thick, its more. Its a wedge, and the 8.3 may be average or min, but def not at its thickest. 2. The volume and power buttons are easy to confuse accidentally. 3. the power button placement is not the best (would of been better on top or on other side) 4. The USB charge cable is bottom left, which when plugged in makes the phone hard to hold while charging. 5. Its easy to root and unlock the boot loader and flash a custom ROM. It may even come with an unlocked bootloader from the manufacturer.";""
"11663";"109";"RAZR M XT905";"";"2014-03-12 21:54";"A.H.Abid";"Very easily optable issues u have dear! Any of your favourit music can be selected as ringtone. Just copy your desired file to the folder named 'ringtones', if doesn't exist, make a new one in either phone or card. 2nd., Just download such a ringtone with loudness or high amplitude... Place it in ringtone folder and enjoy your missings back.";""
"11664";"109";"RAZR M XT905";"";"2014-02-19 23:07";"bikechicky";"Dick Smith in Australia sell this phone unblocked for $319. I had the old Motorola razor the XT 905 with 2 year warranty. You CANNOT REPLACE the battery in the phone.it died when 20 months old the warranty was for 2 years so they fave me a refund but I would have preferred my phone fixed properly & returned back to me!! Very bulletproof I dropped my old one straight onto concrete 4 times & not even a scratch on it!! The display is lovely & bright on Mrola phones too.";""
"11665";"109";"RAZR M XT905";"";"2014-02-05 15:12";"casara98";"Seem to be reading lots of positives about this phone and there are lots of positives - like long battery life - very quick operations - and unlike some, I thought the camera was not too bad. This phone seemed to need lots more downloads than my last Motorola phone (one of the earlier Droid Razrs which survived many falls but died after being driven over).   But I find a huge huge downside is the limited number of choices for ringtones, or message alerts - haven't had such limited choices since my first mobile 15 years ago - and even then, that phone was loud enough to hear. This phone is very soft even when at its loudest setting, and I have great difficulty hearing either the ringtone or more importantly the alarm.   I am most disappointed that although I may be able to download music onto the phone to listen to - I don't seem to be able to set that music as a ringtone - or am I missing something here??? Have tried looking through settings and sounds etc etc. I REALLY miss having my usual original ringtone which I have used for over 4 or 5 years. ";""
"11666";"109";"RAZR M XT905";"";"2014-01-30 04:32";"Anonymous";"Hi Where did you get it ?  Regards ";""
"11667";"109";"RAZR M XT905";"";"2014-01-05 10:52";"";"You have Xt-905..and you are running a custom rom.. both of these phones are same in all way.. other then xt-905 has a little better advance screen.. you can flash xt905 original rom from here if you want, but theres only minor difference.. ";""
"11668";"109";"RAZR M XT905";"";"2014-01-05 10:48";"Bilal Khan";"You have Xt-905..and you are running a custom rom.. both of these phones are same in all way.. other then xt-905 has a little better advance screen.. you can flash xt905 original rom from here if you want, but theres only minor difference.. ";""
"11669";"109";"RAZR M XT905";"";"2014-01-02 12:15";"";"I bought my phone in special offer for $230!!! It is an amazing phone yet powerful and elegant. couple of my friends have samsung and apple, but when they look at my phone and gone through the phone they amazed. I recommend to anyone who has a tight budget and want a modern piece equipment. ";""
"11670";"109";"RAZR M XT905";"";"2013-12-17 21:09";"rauden";"The micro Sim does not stay in,....going to try tape now";""
"11671";"109";"RAZR M XT905";"";"2013-11-21 08:34";"Anonymous";"Best phone ever. Great battery life and powerful phone. Drooped it more than 6 times and still looks good. Thanks to stainless steel ";""
"11672";"109";"RAZR M XT905";"";"2013-10-23 14:20";"Mnapak";"I am lost if any one can help me. I have Droid Razr M but a confusion. let me explain: on the back side of phone its written Model xt905 but when i run the app CPU-Z its showing that i have the model xt907-verizon and the rom installed in it has system 98.16.1.xt907.dst.en.us with build number 9.8.1Q-66-1. I am unable to figure out that which droid razr i have, either its xt905 or xt907. Can any body help me in this regard, i will be highly thankful. ";""
"11673";"109";"RAZR M XT905";"";"2013-10-17 10:54";"";"I am using it. Everything is good except the camera. When mobile phones are replacing digital camera these days, Motorola can do a better job.  For those of you planning to buy this, you should note that the 4G of the Australian model might not work for your area. By the same token, the 4G of the US model (which is XT907 under Verizon) only works in the US. Check the LTE band of your country before buying a 4G phone to access only 3G network. ";""
"11674";"109";"RAZR M XT905";"";"2013-09-22 03:03";"Anonymous";"juste restart i guess";""
"11675";"109";"RAZR M XT905";"";"2013-08-22 12:46";"";"Do anybody no how to get Safe mode off the screen on left bottom corner please ";""
"11676";"109";"RAZR M XT905";"";"2013-08-09 19:51";"";"It does have a RADIO but in its specs Radio= No  whyyyyy";""
"11677";"109";"RAZR M XT905";"";"2013-07-14 14:34";"qaisar";"back side mirror where camera lens is fixed was broken any one help me to repair this.";""
"11678";"109";"RAZR M XT905";"";"2013-07-03 09:39";"Brad";"you can turn wifi sleep off in advanced options, go into wifi settings, press the menu and it should come up with advanced options.";""
"11679";"109";"RAZR M XT905";"";"2013-06-30 08:21";"DanDC";"You should try Bel-Electronics.com american company based on Alaska, great prices, the phone is there for $238 unlocked, they ship worldwide, I would be careful with customs taxes and so on, but if you're willing, it's a good option. ";""
"11680";"109";"RAZR M XT905";"";"2013-06-15 15:29";"tauni";"Excellent fone, I bought it and I'm loving it";""
"11681";"109";"RAZR M XT905";"";"2013-06-10 21:33";"haris";"I bought this phone for just 160$. Condition of the phone was just like new. I am using it for two weeks. It is an excellent phone only problem i am facing is with wifi. With some routers wifi stops working if phone goes idle. I searched on the net and found that problem lies with jelly bean not the phone. I have to turn off and on the wife to make it work again.";""
"11682";"109";"RAZR M XT905";"";"2013-06-01 05:48";"";"Is very hard to find this phone in the Indonesian market, not also this type but all Motorola products. :/";""
"11683";"109";"RAZR M XT905";"";"2013-05-16 00:52";"undeadmac";"odd I've been looking for this phone and amazon, ebay and swappa, can't seem to find it only in Australia on contract";""
"11684";"109";"RAZR M XT905";"";"2013-03-29 12:05";"Peter";"They actually did review it:  It's the same phone, only difference is the Verizon logo and probably the carrier lock.";""
"11685";"109";"RAZR M XT905";"";"2013-02-27 23:26";"Thais";"This phone is already available in Brazil?";""
"11686";"109";"RAZR M XT905";"";"2013-02-19 16:28";"Anonymous";"GSMArena, what about reviewing this phone?";""
"11687";"109";"RAZR M XT905";"";"2013-02-19 12:51";"Rupnath";"Will ever Motorola release good qwerty phone in India with 2.6 inch screen, superb sound quality, powerful battery, with crystal clear technology etc. As I can't see other brands progress nor trust them. Or once again nice touchscreen phone with 3.5 inch screen equipped with latest technology. Come on Motorola you are the King.";""
"11688";"109";"RAZR M XT905";"";"2013-02-18 05:21";"Fastolfart";"This phone sucked on ICS, my Samsung S2 was heaps better. Now that the JB update has been installed it is a totally different phone. Great battery life, faster and smoother UI and still finding little improvements as time goes on. I was about to sell this on Ebay, but have now changed my mind and will be selling the S2 instead.";""
"11689";"109";"RAZR M XT905";"";"2013-02-17 06:26";"popo";"motorola phones r really great..may b more than samsung(NO OFFENCE)..the prob is they just too xpensiv..";""
"11690";"109";"RAZR M XT905";"";"2013-02-12 19:36";"marlen maliqi";"motorola phone is the king phone";""
"11691";"109";"RAZR M XT905";"";"2013-02-12 12:44";"";"I don't think it's available in any of those countries. Only the sibling RAZR i, same in the Philippines.  However, it's available through ebay and if you buy from Motorola's webshop it is possible to use a forwarding company. To find which on it depends on which country you reside in.  There's probably on or more in your country. Even shipping to little Norway we have at least 3-4 highly popular ones :) ";""
"11692";"109";"RAZR M XT905";"";"2013-02-01 16:33";"someone!!!11(sin90)";"so..? when exactly is it coming to Europe??";""
"11693";"109";"RAZR M XT905";"";"2013-01-26 09:40";"";"can we get one here in the Philippines? how much it would gonna be in Php? anyone? ";""
"11694";"109";"RAZR M XT905";"";"2013-01-17 00:33";"Az";"Can we get the RAZR M Developer edition in the European union?";""
"11695";"109";"RAZR M XT905";"";"2013-01-16 18:29";"Anonymous";"I contacted Motorola and was told that the Droid Razr M Developers Edition is unlocked to work on all world-wide GSM networks EXCEPT AT&T and T-Mobile at the request of Verizon and that only Verizon could agree to unlock the Droid Razr M Developers Edition (or regular Droid Razr M) to work on the AT&T network.";""
"11696";"109";"RAZR M XT905";"";"2013-01-16 15:46";"";"The RAZR M - or Droid RAZR M Developer edition - is available from Motorola's webshop. Unlocked and can be used on all networks.  ";""
"11697";"109";"RAZR M XT905";"";"2013-01-11 23:21";"yar";"Why is the Razr M XT905 Status listed as "Coming soon. Exp. release 2012, January?" The specs list this a a GSM version of the Razr M (as opposed to the Verizon "Droid" version). Will a GSM version ever be released?";""
"11698";"109";"RAZR M XT905";"";"2013-01-09 17:52";"ahl22";"Check these guys out  ";""
"11699";"109";"RAZR M XT905";"";"2013-01-02 07:08";"juanfregg";"Anyone knows if, it is possible to unlocked it for any gsm network?...thx!";""
"11700";"109";"RAZR M XT905";"";"2012-12-31 14:49";"Rupnath";"Many razrs are out of the box, but we missed the classic design of Moto the amazing 'Clamshel' design which is missing in all the razrs of now. Can we ever be able to see the unique, fantastic, absolute masterpiece Razr 'C' c for clamshel with 2.6 inch screen, 5MP camera, music quality of rokr E6, battery backup of 2000mAh, and definitely yours crytal clear technology. Do favour to your die hard fans who got bored of using flat plus touchscreen....,?!";""
"11701";"109";"RAZR M XT905";"";"2012-12-29 14:25";"Asif";"When this phone is getting launch in INDIA, can anyone tell me about thos...!!!";""
"11702";"109";"RAZR M XT905";"";"2012-12-27 00:00";"Hans";"It is available in Australia!!!";""
"11703";"109";"RAZR M XT905";"";"2012-12-26 17:21";"";"I'm from brazil and i really want this phone.  when motorola will release it worldwide ???";""
"11704";"109";"RAZR M XT905";"";"2012-12-26 02:15";"";"december is almost over. when is it coming to europe? will it cost below 400 euros?";""
"11705";"109";"RAZR M XT905";"";"2012-12-22 10:45";"Anonymous";"Thuis is the phone I want. When is it coming to Holland?";""
"11706";"109";"RAZR M XT905";"";"2012-12-22 10:44";"Teun";"Thuis is THE Phoenix I want. When is it coming to Holland?";""
"11707";"109";"RAZR M XT905";"";"2012-12-19 23:18";"";"Very good in design, not too wide. Good specification, but seems not for globally launched.";""
"11708";"109";"RAZR M XT905";"";"2012-12-16 00:49";"Aldo";"when RAZR M will be released in Egypt ?!";""
"11709";"109";"RAZR M XT905";"";"2012-12-15 15:01";"mimine";"I'm really very sad Motorola doesn't sell in Belgium anymore... I've always had a Motorola (beginning with the first generation : you had to pull out the antenna) up to my last one which I've been having for almost 10 years now!!! It's getting old and none of the other phones (Nokia, Apple, HTC) really give me a kick... :o((";""
"11710";"109";"RAZR M XT905";"";"2012-12-15 02:13";"samson";"Damn the RAZR I, this is the phone Europe want!  RAZR M to Europe!";""
"11711";"109";"RAZR M XT905";"";"2012-11-30 15:36";"";"This phone's hardware when combined with iphone 4s' camera & retina display would result on what would become the best smartphone ever created. ";""
"11712";"109";"RAZR M XT905";"";"2012-11-29 07:05";"Jade - PH";"Seriously? dang! now I have to buy overseas for this phone model.. T_T";""
"11713";"109";"RAZR M XT905";"";"2012-11-28 16:56";"Anonymous";"don't think its coming to Malaysia, Motorola is pulling out of south east Asian market ";""
"11714";"109";"RAZR M XT905";"";"2012-11-26 14:57";"kgkjb";"yes please I wanna know";""
"11715";"109";"RAZR M XT905";"";"2012-11-23 14:50";"Marco";"Motorola's homepage.  ";""
"11716";"109";"RAZR M XT905";"";"2012-11-22 12:35";"Patrick";"anyone knows where can i buy it? the unlock version. not the Verizon one. thanks";""
"11717";"109";"RAZR M XT905";"";"2012-11-21 08:48";"Marco";"Gaming power and battery life both disagrees with you. not to mention black level of the screens. RAZR M outperforms HTC One S.";""
"11718";"109";"RAZR M XT905";"";"2012-11-21 08:46";"Marco";"I'm in Norway, through expansys.no I have access to same models as available in the UK.";""
"11719";"109";"RAZR M XT905";"";"2012-11-20 07:41";"ahmed";"okay... i really like this phone and would like to buy it.. does anyone know if this is available in Malaysia??? my friends over in malay ryyyt now.. soo need an answer asap. :)";""
"11720";"109";"RAZR M XT905";"";"2012-11-20 07:40";"ahmed";"okay... i really like this phone and would like to buy it.. does anyone know if this is available in Malaysia??? my friends over in malay ryyyt now.. soo need an answer asap. :)";""
"11721";"109";"RAZR M XT905";"";"2012-11-19 16:52";"Keke";"HTC";""
"11722";"109";"RAZR M XT905";"";"2012-11-17 10:45";"Anonymous";"I currently own both, if you do not text very often then the razr is by far the best. If you do text... much closer competition. Each others weakness is the others strength.";""
"11723";"109";"RAZR M XT905";"";"2012-11-16 06:26";"Jade - PH";"Razr I Has no 4G...";""
"11724";"109";"RAZR M XT905";"";"2012-11-15 15:46";"gagan";"i am confused bw htc one s and razr m which is better ";""
"11725";"109";"RAZR M XT905";"";"2012-11-13 11:41";"incubuzph";"RAZR i is already available in the philippines =)  www.widgetcity.com.ph/product/mobile-phone/motor­ola/motorola-razri-xt890";""
"11726";"109";"RAZR M XT905";"";"2012-11-13 02:05";"Jade - PH";"I'm hoping that if Razr I came out last two weeks here in the Philippine market, then maybe Razr M will come out here end of November or 1st Week of December.. Hoping..";""
"11727";"109";"RAZR M XT905";"";"2012-11-13 01:15";"Jade - PH";"You're right about that. And Razr M is 4g soo... Razr i really doens't answer the call for buying a new one. I currently have S3.. I want the 4g capability and the size and the power.";""
"11728";"109";"RAZR M XT905";"";"2012-11-13 00:25";"Anonymous";"i still dont understand whether there actually is a device called razr m (without droid)..isnt it droid razr m for verizon and razr i for rest of the world??";""
"11729";"109";"RAZR M XT905";"";"2012-11-13 00:22";"Anonymous";"i respect your opinion, but my point is that benchmark results dont necessarily translate into real life performance. I'm curious which country do you mean by here. what i know is that the razr i has only been released in europe in france, england, and germany in addition to latin american countries. I'm still waiting for either of them to be released here in egypt.";""
"11730";"109";"RAZR M XT905";"";"2012-11-12 16:14";"Anonymous";"1.11 W/kg (head) ???? wow, nowadays that's too much.... samsung phones 0.36w/kg head";""
"11731";"109";"RAZR M XT905";"";"2012-11-12 11:15";"Marco";"You're a bit off here. RAZR M is a much more powerful device than the RAZR i. Both CPU and GPU. The only benchmark RAZR i wins in is call time and browser speeds. Not gaming power.  I can buy the RAZR i today, it's readily available, but I'd rather have the M. So hoping it comes to Philippines by the time I go there next month.";""
"11732";"109";"RAZR M XT905";"";"2012-11-12 07:08";"Anonymous";"like aslo said, you "should" be able to use DROID razr m (both developer edition or the normal edition) in philippines as long as your band is supported (850/900/1800/1900/2100?)   afaik the only differences between developer edition and normal edition is just the unlocked bootloader. both are GSM unlocked (for outside of US at least)";""
"11733";"109";"RAZR M XT905";"";"2012-11-12 07:02";"Anonymous";"Yes, i'm using it outside US. in asia actually. i cannot really help you about where to buy, but i guess you can always use ebay ;)   price is around 400-500 US$.  Note: you cannot use droid razr M for other US carriers AFAIK. so if you intend to use it for AT&T or whatever other US carriers, don't buy Droid razr (M/HD/HD Maxx), choose the international version instead.";""
"11734";"109";"RAZR M XT905";"";"2012-11-12 06:59";"Anonymous";"Nah.. not really... you can google about the droid razr m gsm capabilities, it is actually unlocked by verizon (you can use any GSM carriers outside of US), but no AT&T, or other US GSM carriers.  so basically in DROID razr M, you have the same phone as razr M, but with extra in CDMA (of course with verizon logo) :)";""
"11735";"109";"RAZR M XT905";"";"2012-11-11 09:23";"Jade - PH";"The thing i like about razer m is that it is already 4g capable. While raxer i is not";""
"11736";"109";"RAZR M XT905";"";"2012-11-10 21:09";"Anonymous";"even if you don't need to unlock it, its impossible to get the phone on a contract unless you live in the US. forget about the benchmark results, all reviews show that the razr i is much faster than the m. At least the razr i is available unlocked";""
"11737";"109";"RAZR M XT905";"";"2012-11-10 20:59";"aslo";"Most likely not, you don't need to do anything. If I were you, I'd still try to get one from australia, if at all possible, but the verizon *should* work for you, just check frequency bands and such (note: I take no responsibility if it doesn't). If you have the choice, get the developer edition: it costs the same (full retail price), and if it doesn't work, chances are some developer around the world will find a way to make it work ...";""
"11738";"109";"RAZR M XT905";"";"2012-11-10 00:38";"Anonymous";"OK so bottom line where in the world can you buy a network unlocked razr m for those who don't like or don't even have the razr i???";""
"11739";"109";"RAZR M XT905";"";"2012-11-09 08:53";"Jade - PH";"SO the Bottom Line is I don't need to unlock the Verizon Phone just to be used on Local(Philippine) Carriers??";""
"11740";"109";"RAZR M XT905";"";"2012-11-08 09:11";"aslo";"The only difference between the regular verizon one and the "developer edition" verizon is that, with the developer edition, you can unlock the bootloader and install custom software. Nothing changes regarding carrier lock ... and while the razr m won't work with other carriers in the US, reportedly it's unlocked for use outside of the US. Instead me, since I *am* in the US and NOT with verizon, I'd really *really* love to know where to buy a non-verizon razr m ...";""
"11741";"109";"RAZR M XT905";"";"2012-11-08 08:51";"Jade - PH";"By The way, RAZR M has a developer edition. So is this the one that is not locked with Verizon? Like I can use this phone for a different carrier like here in the philippines; Globe, Smart and Sun???";""
"11742";"109";"RAZR M XT905";"";"2012-11-08 05:10";"Anonymous";"what is locked phone?";""
"11743";"109";"RAZR M XT905";"";"2012-11-08 02:09";"Jade - PH";"Do you know a site where I can buy the RAZR M?? the non-DROID/Verizon edition? I want it for my self but I'm here in the philippines :/";""
"11744";"109";"RAZR M XT905";"";"2012-11-07 23:08";"Kelly";"Do you know where in the US can the RAZR M be purchased? I don't want the Verizon version because I'm in Canada. Thanks.";""
"11745";"109";"RAZR M XT905";"";"2012-11-07 00:44";"samy";"thanks for the clarification, I didn't know that the unlocked razr m has been released since it still had a "coming soon" status on gsm arena. I assume you mean the "developer edition"? Its priced at $550. I still dont fully understand what a developer edtition is tho.";""
"11746";"109";"RAZR M XT905";"";"2012-11-06 12:41";"Anonymous";"You can buy the Razr M from US, its ok. But not the Droid Razr M, as that is a CDMA phone. It has GSM roaming for use outside of USA but that would still require a Verizon subscription, usually.  Just because one person has a unlocked Verizon doesnt mean you will get one, dont take the chance, just stay away from Droid Razr M, theres absolutely no reason to get the Droid when you can get the regular Razr M instead.";""
"11747";"109";"RAZR M XT905";"";"2012-11-05 06:43";"Jade - PH";"Philippine Market Availability????";""
"11748";"109";"RAZR M XT905";"";"2012-11-03 15:06";"Anonymous";"is it coming to the UK?";""
"11749";"109";"RAZR M XT905";"";"2012-11-02 02:27";"samy";"so are you using it outside verizon, or outside the US altogether? how much was it? thanks in advance & sorry for asking so many questions";""
"11750";"109";"RAZR M XT905";"";"2012-11-02 00:42";"Anonymous";"I just bought the razr m outright from telstra (australia) Was surprised to find it does actually have fm radio. Using the headphones as antennae as normal. Not sure if this is just the telstra models.";""
"11751";"109";"RAZR M XT905";"";"2012-11-01 10:39";"Anonymous";"because i have one :)";""
"11752";"109";"RAZR M XT905";"";"2012-10-31 20:21";"samy";"how do you know that? because if so i could try to buy this phone from the US since the razr i doesnt loo like it coming to my country. Im also more keen on this processor since its more tried and tested than the intel one.";""
"11753";"109";"RAZR M XT905";"";"2012-10-31 06:35";"sssad";"When is this coming to Europe?";""
"11754";"109";"RAZR M XT905";"";"2012-10-30 11:26";"Anonymous";"you don't really need the international version though... coz the Droid Razr M from Verizon is already unlocked (how nice of them).  oh, and the battery is non-replacable :)";""
"11755";"109";"RAZR M XT905";"";"2012-10-29 09:41";"j27h";"Do you think this phone will ever hit the market? Time is passing by and still no news, I fear the rest of the world will be stuck with the intel based RAZR I...";""
"11756";"109";"RAZR M XT905";"";"2012-10-28 05:51";"colo";"I just would like to know if the battery on this phone is a replaceable 0ne. ";""
"11757";"109";"RAZR M XT905";"";"2012-10-22 07:10";"Ann";"Is this on stock to buy or not?";""
"11758";"109";"RAZR M XT905";"";"2012-10-22 00:51";"Anonymous";"It suposed to be the gsm version of the droid razr m, anyone kows if its only for us market or it will be worldwide?";""
"11759";"109";"RAZR M XT905";"";"2012-10-21 11:31";"KALOKOHAN";"Razr Maxx not even in PH yet. last time i checked they only got the atrix and its derivatives";""
"11760";"109";"RAZR M XT905";"";"2012-10-18 04:20";"kev";"will i be able to use it in centeramerica???? or just with the verizon sim??? please somebody answer me";""
"11761";"109";"RAZR M XT905";"";"2012-10-14 21:13";"Anonymous";"Try in SM North Edsa, Motorola has a sales stand on the 3rd or 4th level (i think 4th) of The Annex, near the escalators at the end, on the part of The Annex nearest the main mall. ";""
"11762";"109";"RAZR M XT905";"";"2012-10-14 11:51";"Anonymous";"Jelly Bean leak comes to Verizon's Motorola DROID RAZR M";""
"11763";"109";"RAZR M XT905";"";"2012-10-14 01:42";"Anonymous";"Is it compatible with Blueconnect Bluetooth";""
"11764";"109";"RAZR M XT905";"";"2012-10-13 13:16";"Angelo";"Is it available here in the philippines?";""
"11765";"109";"RAZR M XT905";"";"2012-10-12 03:39";"blitz88";"it has a micro HDMI port...";""
"11766";"109";"RAZR M XT905";"";"2012-10-12 02:37";"hobo";"Does anyone know if I buy this Razr M for full price $550 at Motorola.com, will I be able to use it for Tmobile?";""
"11767";"109";"RAZR M XT905";"";"2012-10-11 00:43";"DAN13L";"Doesn't it have HDMI? I think that is what you mean by TV out.";""
"11768";"109";"RAZR M XT905";"";"2012-10-10 16:34";"said22";"when the phone will be available in the middle east market";""
"11769";"109";"RAZR M XT905";"";"2012-10-07 09:10";"Anonymous";"it doesnt have any TV out?";""
"11770";"109";"RAZR M XT905";"";"2012-10-05 18:20";"";"okay... i really like this phone and would like to buy it.. does anyone know if this is available in Malaysia??? my friends over in malay ryyyt now.. soo need an answer asap. :) ";""
"11771";"109";"RAZR M XT905";"";"2012-10-05 18:15";"fazeela";"ookay.. does any one have any info if this is available in Malaysia???? i really like this phone.. ";""
"11772";"109";"RAZR M XT905";"";"2012-10-05 01:12";"doctork1";"I have this phone and no it does not have an HDMI out port. You can however stream wirelessly to any DLNA enabled TV etc.";""
"11773";"109";"RAZR M XT905";"";"2012-10-05 01:06";"doctork1";"You want FM radio on this Razr M? There's an app for that! Go to "I Heart Radio.com" or "TuneIn.com" download the app and presto you've got all the FM and AM radio stations you could ever want! Both apps are free too. I have the Razr M and in my opinion it's the best compact smart phone on the market - Get This Phone!!";""
"11774";"109";"RAZR M XT905";"";"2012-10-04 09:02";"eduan";"I can't see it having a micro-HDMI port on any other specifications. The RAZR HD yes, but RAZR M no. Can you please confirm this?";""
"11775";"109";"RAZR M XT905";"";"2012-10-02 17:12";"kbryant";"i know right!! it sure is nice to have one but i can live without fm radio.. i just like the compactness and battery life of razr m";""
"11776";"109";"RAZR M XT905";"";"2012-10-02 16:45";"kperry";"i'll just use the fm radio of my car hehe.. i guess samsung's s3 is more feature packed than this phone the only negative for me is s3 is too big for my hands so im considering to buy this phone..";""
"11777";"109";"RAZR M XT905";"";"2012-10-01 20:14";"";"?????? i can not understand why Motorola doing that f****g shit ?!??!?!?! BEAUTIFUL PHONE BUT WITHOUT FM RADIO what a f**** is that complicate to make this every second phone no have radio FM who known why ?????";""
"11778";"109";"RAZR M XT905";"";"2012-10-01 00:34";"CHRISVOSS";"great comparison of iPhone 5 vs. Droid Razr M --> ";""
"11779";"109";"RAZR M XT905";"";"2012-09-28 06:17";"";"it's cool but still medium solution on screen phone about pics, light...";""
"11780";"109";"RAZR M XT905";"";"2012-09-28 04:48";"crazy phone";"i like it so much but the display screen available high contract or color?";""
"11781";"109";"RAZR M XT905";"";"2012-09-27 19:16";"carhic";"expecting this here in india.... plz moto launch it quick... can't wait to own it.. ";""
"11782";"109";"RAZR M XT905";"";"2012-09-26 13:31";"Coque";"No - it have MHL - which is HDMI output via USB port. You need a special cable for this";""
"11783";"109";"RAZR M XT905";"";"2012-09-26 11:39";"Anonymous";"";""
"11784";"109";"RAZR M XT905";"";"2012-09-24 16:25";"Anonymous";"Pentile, what a shame, get the new matrix, the one used in NOte II, a tremendous upgrade over pentile, look and see, you will be amazed and say "how could we like pentile screens? So uneducated we were back then"";""
"11785";"109";"RAZR M XT905";"";"2012-09-24 12:20";"Anonymous";"does this phone have HDMI port?? coz in some site it says that this mob doesn't have HDMI";""
"11786";"109";"RAZR M XT905";"";"2012-09-24 12:18";"Anonymous";"does thiss phone have HDMI port? coz in some site it says that it doesn't have HDMI.. ";""
"11787";"109";"RAZR M XT905";"";"2012-09-23 15:07";"Lauri";"I've preordered one on clove.co.uk. See for their rivals in UK. Can't wait to get my device,they expect to send on first week of october";""
"11788";"109";"RAZR M XT905";"";"2012-09-23 12:08";"Anonymous";"Moto, plz release this beautiful phone in India.";""
"11789";"109";"RAZR M XT905";"";"2012-09-22 03:38";"Azo";"Does anybody know if the Motorola i comes instead of the Motorola m or both will be released in Europe? thanks";""
"11790";"109";"RAZR M XT905";"";"2012-09-20 03:53";"M";"Motorola Website claims that this phone has NFC.  I can't wait to get this phone!!! a nice not-so-big phone!!";""
"11791";"109";"RAZR M XT905";"";"2012-09-18 11:39";"Marco";"Never mind :) It's official now, there will be a "RAZR i" :)";""
"11792";"109";"RAZR M XT905";"";"2012-09-18 11:21";"Marco";"We do not yet know the price of the RAZR M, as it will be launched today. The Droid RAZR M costs EUR 420 unlocked from Verizon. This is the same price as the unlocked developer edition, so when someone other than Verizon offers the Droid RAZR M unlocked, I'm sure that price will be even lower.  Motorola CEO is the one refering to the M as a mid range device. Obviously Verzion want to get people on contract rather than selling it unlocked.  The European RAZR M is likely to get other - Intel based - CPU/GPU than the Droid RAZR M. We will know more later today. It could also be that Moto and Intel will launch a third device, in addition to bot the M and HD. It Could be that we will find Intel inside both models. Will be very interesting to see later today. ";""
"11793";"109";"RAZR M XT905";"";"2012-09-18 10:33";"shashi";"when it well available In india ?";""
"11794";"109";"RAZR M XT905";"";"2012-09-17 20:19";"Anonymous";"Where lies its sexuality? Don't be silly and banal!";""
"11795";"109";"RAZR M XT905";"";"2012-09-17 12:59";"";"Hey, I think the GS3 is an extremely good phone, but I also like Motorola. Please don't "attack" me. Motorola is the best if we're talking about their batteries. Their designs are great also. I like that they are making waterproof phones.";""
"11796";"109";"RAZR M XT905";"";"2012-09-16 08:52";"gaurav";"very sexy phone i love motorola razr m";""
"11797";"109";"RAZR M XT905";"";"2012-09-15 16:21";"Anonymous";" Even if Motorola doesnt sell 10 million RAZR Ms, they have a winner in my book. Their vision of an edge-to-edge display is something I am 100% on-board with. When you pick up the RAZR M, you immediately notice how small it feels when compared to other devices like the Galaxy S3, but once you turn the screen on, none of that will matter. Since there is very little bezel, and Moto managed to toss in a 4.3&#8243; display while keeping the overall package small, it doesnt feel like you are holding a tank or two-handed device. Its easy to navigate this phone with one hand. After making this my daily phone for the last 4 or 5 days, it has been difficult to pick up anything else without saying, Damn these other phones are huge. I also like it that the RAZR M doesnt feel like Moto flattened or squashed the device just for the sake of saying, Look how thin this is, even if it is the widest device on Earth! Yes, Im talking about the original RAZR.";""
"11798";"109";"RAZR M XT905";"";"2012-09-15 16:13";"Anonymous";"ready for order  ";""
"11799";"109";"RAZR M XT905";"";"2012-09-15 12:28";"";"I like you Man. A real Motorola's fan not like MobileMaster which try to make the GS3 being unbeatable but this is a miracle from Motorola the Razr M mid range phone beat the GS3 and high end phone and still very cheap with better build quality and more.   I'm missing MotoGP one of the real Motorola's fan.   This is what a iPhone 5 or GS3 can do but the Razr M is smart enough to do it just like the Razr in the tube.   Nice water test on the Razr M video   ";""
"11800";"109";"RAZR M XT905";"";"2012-09-15 07:37";"";"mid-range price is 250-350 not 400. Look the price group that posting by gsmarena. ";""
"11801";"109";"RAZR M XT905";"";"2012-09-15 03:30";"rudy";"really wait this phone and razr hd in indonesia";""
"11802";"109";"RAZR M XT905";"";"2012-09-14 22:45";"want to buy 3,7";"Would be great if they can do the same in a small 3.5-3.7" factor - i'd buy one.  there really isn't any high end compact droids, why nobody sees it, just sony but keeping the SX to Japan only. and all the rest are buying iphones for that. ";""
"11803";"109";"RAZR M XT905";"";"2012-09-14 22:08";"Niko";"Yes, this is a mid-range phone. Prices for europe might be revealed on the 18th.  This benches the same, and better than, S3 btw. Very good CPU and GPU in this one, No. 1 mid ranger :)";""
"11804";"109";"RAZR M XT905";"";"2012-09-14 22:06";"Niko";"Nokia N9 had a not so good amoled screen. There are just as big differences amongst amoleds as LCDs. Also very low screen resolution.   This is the brigtest Super AMOLED I know of. Same brightness as most LCDs, but with the great black level, vivid colors and contrast.";""
"11805";"109";"RAZR M XT905";"";"2012-09-14 19:16";"";"what the price!!! i think this phone mid end of dual core. like galaxy s advance & optimus L9.";""
"11806";"109";"RAZR M XT905";"";"2012-09-14 17:24";"";"This is almost exactly the phone i want, battery and size and specs are all just right. But i want 1280x720, HD pls, IPS LCD. I already had a Pentile Amoled phone before (Nokia N9), really not good enough for my eyes.  Xperia V for me i guess, even if it probably has an LCD thats not quite up there among the best. AMOLED is far from giving us HD in a reasonable size (for me 4.3 inch is reasonable), and even when they do it will still be pentile. ";""
"11807";"109";"RAZR M XT905";"";"2012-09-14 16:11";"idroidians";"is this available in the phillipines? ";""
"11808";"109";"RAZR M XT905";"";"2012-09-13 17:12";"Ashish";"any guesses for price in India!";""
"11809";"109";"RAZR M XT905";"";"2012-09-13 15:45";"Marco";"Do you know of these specs are correct?  I just hope Motorola does not give the european version a weak Medfield, as some rumors claim!  We also want the powerful dual-core Krait!   Merrifield (and maybe 6331 - of powerful enough) would be more interesting, but only if it brings a very good GPU";""
"11810";"109";"RAZR M XT905";"";"2012-09-13 14:56";"";"Now this is innovation! Look at the bezel!";""
"11811";"109";"RAZR M XT905";"";"2012-09-13 14:54";"";"Now this is innovation! Look at the bezel!";""
"11812";"109";"RAZR M XT905";"";"2012-09-13 13:25";"";"hey Moto, quickly land this phone in Indonesia, if not Xperia J be older in my pocket. :-)";""
"11813";"109";"RAZR M XT905";"";"2012-09-13 13:21";"tejo";"hey Moto, quickly land this phone in my country. If not Xperia J older then in my pocket.";""
"11814";"109";"RAZR M XT905";"";"2012-09-13 06:20";"";"Mediocre look and yet a powerful smartdroid...Hoping that it lands here in the Philippines:)";""
"11815";"109";"RAZR M XT905";"";"2012-09-12 15:21";"";"what is the expected price of this? perfect size, perfect specs, perfect look, i wish perfect price.";""
"11816";"109";"RAZR M XT905";"";"2012-09-12 10:10";"Anonymous";"please reviewwwwwwwwwww dear gsmarenaaaaaaaa";""
"11817";"109";"RAZR M XT905";"";"2012-09-11 21:52";"saumyadip";"you are bang on the point "droid terminator". this phone is a mid range phone...but it is just outstanding...and can compete with s3. moto is back with banggggg..";""
"11818";"109";"RAZR M XT905";"";"2012-09-11 21:28";"lnr";"thanks";""
"11819";"109";"RAZR M XT905";"";"2012-09-11 20:56";"Mohit";"this one have a micro sim slot with SD card slot.";""
"11820";"109";"RAZR M XT905";"";"2012-09-11 20:16";"lnr";"guys does this phone also have a micro sim like the verizon version or does it have a standard sim? can't seem to find this info.";""
"11821";"109";"RAZR M XT905";"";"2012-09-11 19:58";"nick";"The atrix hd has higher pixel density so it will have the crisper text.";""
"11822";"109";"RAZR M XT905";"";"2012-09-11 18:20";"NoName";"Does anyone know this phone has LED notification?";""
"11823";"109";"RAZR M XT905";"";"2012-09-11 18:02";"marcus";"which has a better display, the super AMOLED advance of razr M or the colorboost of Atrix HD?";""
"11824";"109";"RAZR M XT905";"";"2012-09-11 17:09";"ceekays";"awesome phone...4.3" screen fits in a regular 4" dimensions... ";""
"11825";"109";"RAZR M XT905";"";"2012-09-11 16:55";"ceekays";"No. it doesn't have a removal battery...";""
"11826";"109";"RAZR M XT905";"";"2012-09-11 16:16";"Anonymous";"go 4 Moto";""
"11827";"109";"RAZR M XT905";"";"2012-09-11 15:53";"Byyy";"What did you think guys? this or the lumia 820?";""
"11828";"109";"RAZR M XT905";"";"2012-09-11 15:35";"Azo";"Hello 1. Other places say this phone has NFC, but not here. whats right? 2. Anybody knows how good is this water splash proof? What can the phone tolerate, just some drops or more? thanks";""
"11829";"109";"RAZR M XT905";"";"2012-09-11 08:19";"";"I read 2 review's about the Razr M for PC world and LaptopMag both of them compared the Razr M to the GS3. Although the RAZR M is a mid range phone while the GS3 is a high end phone. If the were comparing the Razr M to HTC ONE X, I couldn't post here.   I will repeat it again the GS3 is better than the Razr M but the Razr M as a mid range phone did impress on his performance just like a high end phone. On benchmark Quadrant Razr M scored a solid 4,495 and the GS3 scored higher 4,731.   But on other benchmarks options like An3DBench, Benchmark FileSystem, Benchmark Graphic, Display Brightness the Razr M beat the GS3 for a mid range phone it's impressive especially for $99.  Anybody can check out this information on this link.     ";""
"11830";"109";"RAZR M XT905";"";"2012-09-10 21:16";"DRaj9";"Will it have a removable battery(user accessible)??? does any1 knows... ";""

