"10720";"104";"RAZR i XT890";"";"2015-01-17 05:17";"Anonymous";"agree with some of the comments here. i've used other phones but i can't let go of this one. i was desperate for an upgrade and the apps that i installed only made my phone lag. i uninstalled all those crap such as antivirus apps and now my phone is lag free. kitkat launcher and texra has made my phone look cool. i simply love the razr design. this is what all smartphones should look like. i'd love to have a new 2015 version. than you motorola!!! ";""
"10721";"104";"RAZR i XT890";"";"2015-01-13 20:18";"Anonymous";"hi snap exactly same problem loved this phone but with problems the promissed update no more realistic than the man in the moon i bought my self a samsung galaxy s3 excellent phone the update i would not have cared about but they promised it this is why i am afraid moto will never get back to the top";""
"10722";"104";"RAZR i XT890";"";"2015-01-08 20:40";"Samy";"I've checked the xda forums and unfortunately there's not even a hint of when it's coming. They probably should have never promised us this update if they were planning on seeding it more than 2 years after its release, and more than one year after 4.4 was actually released.";""
"10723";"104";"RAZR i XT890";"";"2015-01-04 09:54";"Ryan";"I have this phone for nearly 2 years now and these past few days it has started to become very laggy. I have just tried to restart it and it has been on the Motorola logo since and I can't turn it off again or anything.  Does anyone else has this problem and how can it be sorted?";""
"10724";"104";"RAZR i XT890";"";"2015-01-03 19:00";"J-Dogg";"Excellent phone, although the battery barely lasts a day, even with no calls being made, but why are we STILL waiting for the long promised upgrade to Android 4.4.2 KitKat? This upgrade was planned at launch in Oct 2012 and was announced as being rolled out in Feb 2014, yet we are now being told that it is still in beta testing, will we ever get this upgrade?";""
"10725";"104";"RAZR i XT890";"";"2014-12-30 10:41";"Dolle";"Might be the best phone overall since touchscreen,if all those buying expensive/cheap new phones knew what they are missing out on,ebay stock would run out very fast. I just cannot see me replacing it now on my 3rd year with the phone.";""
"10726";"104";"RAZR i XT890";"";"2014-12-17 07:01";"jay";"Am so impressed with most of the opinions, i think its just fair to give credit where it is due. i love motorola products. Thumbs up motorola.  ";""
"10727";"104";"RAZR i XT890";"";"2014-12-16 20:59";"Droidola";"Something was wrong with you Razr I. Try to fix it with a factory reset. As you can see from all the people here, the phone is still lag-free and fast in use after 2 years. Good luck.";""
"10728";"104";"RAZR i XT890";"";"2014-12-16 16:36";"";"the phone was great when i first got it two years ago but it soon became laggy and slow probably due to the single core chip. It got incrdibly annoying as loading the keyboard would take forever meaning i could walk from the office to the car before the keyboard would load making it incredibly annoying. nice design, nice idea shame the whole x86 intel chip thing never really took off after this.";""
"10729";"104";"RAZR i XT890";"";"2014-12-10 19:27";"AJA";"To Reset Factory Settings.1Sttings, 2Privacy, Factory Data Reset. ";""
"10730";"104";"RAZR i XT890";"";"2014-12-08 12:52";"Dragon";"Spot on, this phone has been with me for over 2 years, and after trying out a few new higher end phones (Galaxy S4, Nokia, Iphone) its fantastic that still to this day, I do not want anything else than the good old Razr i. No lag, perfect size, dropped many times no problems, fast internet. Only the Z3 Compact would be on the list of replacements, but for 100£, you cant go wrong here. Reading magazine articles now over best phones for 2014, I would not want to spend cash on any of those, thank you Moto for the Razr I! Moto should really come out with a 2015 version, same size, even better battery, latest OS, but again whats the point if its already up there with the best?";""
"10731";"104";"RAZR i XT890";"";"2014-12-06 01:11";"Samy";"Same here. 2 years and I'm still not anxious to upgrade. Besides, something like Nova launcher can always give you the latest looks without any updates. Speaking of which, it's awful of motorola that they still haven't updated the phone OTA to 4.4. The stock apps are kinda showing their age. Its still does all everyday tasks without a hint of lag though.  If you're looking to buy a similar phone you'd be well off with a Z3 compact but it's not a huge upgrade. ";""
"10732";"104";"RAZR i XT890";"";"2014-12-03 08:08";"Anonymous";"I loved this phone. It was reliable apparently unbreakable and was the fastest and most efficient appliance I owned for internet use. Unfortunately it died on me after long service. I replaced with a moto g. Equally as good on the internet but much inferior as a phone. I cannot text with any accuracy on the keyboard. Simple things such as showing the number of texts waiting on the screen don't happen with the g. I would go back to a RAZR still and I ve had the g for 3 months.";""
"10733";"104";"RAZR i XT890";"";"2014-11-21 22:30";"Farmer Boy";"Good battery life good screen great camera a video Easy functions. iphone contender if you want to be someone different. Will buy again but latest Model";""
"10734";"104";"RAZR i XT890";"";"2014-11-20 00:56";"totex";"With hyperthreading and just been updated to kitkat. it runs just as smooth and fast as my bro's galaxy s4";""
"10735";"104";"RAZR i XT890";"";"2014-11-12 12:34";"boOob";"Good looking and that's all. Slow "2gig processor" one core. No updates at all. Never again.";""
"10736";"104";"RAZR i XT890";"";"2014-11-10 20:42";"NickO";"Now two years old and I STILL don't cast envious looks at anyone else's phone! Superb.";""
"10737";"104";"RAZR i XT890";"";"2014-11-10 15:36";"em";"@no name101  There is 4.4.2 on the Brazilian commercial ROM.  You can switch to that ROM and after that get update to 4.4.2.  Check this out. ";""
"10738";"104";"RAZR i XT890";"";"2014-11-08 19:56";"";"Hey Moto, where is update for 4.4.2?";""
"10739";"104";"RAZR i XT890";"";"2014-11-02 18:26";"popeye";"Try holding start button for over a minute";""
"10740";"104";"RAZR i XT890";"";"2014-10-31 19:55";"Anonymous";"I ve had this phone for a few months. Its great, it never freezes, install and uninstall applications and works perfect. Honestly I highly recommend it.";""
"10741";"104";"RAZR i XT890";"";"2014-10-25 15:48";"jaybee";"Same here. This fone has now frozen on me and according to a repair shop cannot be re-set back to factory settings! Sorry l bought it.";""
"10742";"104";"RAZR i XT890";"";"2014-10-20 21:13";"ShadyA";"Thank You :D  ";""
"10743";"104";"RAZR i XT890";"";"2014-10-20 17:02";"osstis";"Still worth to buy £66-£110 ebay. I've just bought my 3rd RAZR I always back to this. I'm after HTC one s, Moto g, Huawei P6, EE Kestrel and more";""
"10744";"104";"RAZR i XT890";"";"2014-10-20 15:55";"Dolle";"Its either the Razr i or the Sony Xperia Z3 compact. Id favour the Sony battery life, but its like twice the price or more, so if you dont want to spend lots of cash, stay with the Razr i.";""
"10745";"104";"RAZR i XT890";"";"2014-10-20 07:54";"ShadyA";"So we are in 2014 now.....and my question is : should i buy this phone or another ?! Plz help";""
"10746";"104";"RAZR i XT890";"";"2014-10-13 20:13";"ihatemycpu";"almost perfect, could really do with the update but its not essential, never let me down once and just as fast as the new phones. ";""
"10747";"104";"RAZR i XT890";"";"2014-10-05 00:27";"Anonymous";"I dream for the next update. Moto hurry up.";""
"10748";"104";"RAZR i XT890";"";"2014-09-30 23:54";"";"So here Ends the Q3 of 2014 and still no updates , using it more than a year but now will be upgrading to iPhone 6 but it will be with me only lol .... love its design , its just amazing ";""
"10749";"104";"RAZR i XT890";"";"2014-09-28 02:37";"Anonymous";"someone know how to calibrate the acelerometer? My razr turn just to the right side  help !!";""
"10750";"104";"RAZR i XT890";"";"2014-09-23 18:53";"Anonymous";"Pictures attached to normal text messages will only download using 3g.and not wirelessly.This is what I have found with my rasri. They will download ok using wireless if you use whatsapp messaging. ";""
"10751";"104";"RAZR i XT890";"";"2014-09-01 19:07";"";"did anyone here try motorzr rom v1.4...";""
"10752";"104";"RAZR i XT890";"";"2014-08-28 17:48";"";"For sure android 4.4.2... but it is not available officially yet..";""
"10753";"104";"RAZR i XT890";"";"2014-08-27 02:43";"Poncho";"Hi.. I want to ask do you know wich is the best android version for Motorola razr i xt890. I mean i want my phone to be quick and the battery to stand more. The phone stock is with 4.0.4 Ice sandwich, I'm wondering about Jelly Bean 4.1.2 or KitKat 4.4.2. What do you think, are they to heavy for this divice.";""
"10754";"104";"RAZR i XT890";"";"2014-08-24 15:10";"Anonymous";"This is, without doubt, a very good phone but I do have one quibble. When I began to suspect that the battery wasn't holding its charge,I decided to replace it. This proved to be quite a protracted process. First I had to send off for the special tools,(tiny star drivers), then, using these tools,access the screws holding the phone together.There were three, clearly visible on each side, two concealed under the logo at the top and three concealed at the bottom.Removing these allowed me to separate the two main parts of the phone, revealing the printed circuit board and the camera,both of which had to be removed.I finally located the battery which was held in place by double sided sticky tape.Anyway,I fitted the new battery and put everything back together and it's all working fine,but if anybody is inclined to do the same,I would say you need a fair bit of time and patience. P.S. It's still a good phone though. ";""
"10755";"104";"RAZR i XT890";"";"2014-08-23 18:15";"Tenatay";"I've had my RAZR XT890 for 2 months now, and love everything about it EXCEPT I cannot receive or send pictures! And I can't seem to find anybody that can tell me how to fix settings to do this. Can anybody out there tell me? A picture attached to a text message says "downloading" but it does not download.";""
"10756";"104";"RAZR i XT890";"";"2014-08-12 17:09";"Dave";"I hope the KitKat update brings Miracast to the Razr i";""
"10757";"104";"RAZR i XT890";"";"2014-08-10 10:37";"";"Thank You Karen... Eagerly waiting for kitkat update.. having nexus 4 But Razr i is good and compact.. I Expect Razr i multitasking ability to be improved via kitkat update...";""
"10758";"104";"RAZR i XT890";"";"2014-08-08 14:40";"";"I've visited the Motorola customer service and they've told me that it's FOR SURE that Razr i will receive the update, but they don't have the exact date yet. I suggest that every time you have a question about this device, go to Motorola web page and chat with an adviser. They're always very helpful and polite.";""
"10759";"104";"RAZR i XT890";"";"2014-08-08 14:37";"";"I've had this phone 4 2 years now. It is still working fine. The Motorola support is just excellent and even if I have mistreated it a little bit, its physical features are just as new. I've had the Samsung Galaxy and other devices at the same time as this one but even for price, Motorola Razr i wins. The kevlar fiber has saved my phone several times because I'm a little clumsy and sometimes I leave it with my keys, it has some scratches but the Gorilla glass really works and you can see it. The one and only bad thing that I can say about this device is that there are not many accessories for it, even the bumpers are very difficult to find, also the headsets, screen covers,etc. Well done Motorola. I'm still very happy with my phone.";""
"10760";"104";"RAZR i XT890";"";"2014-08-06 12:57";"";"Will Razr I recieve Kit Kat update for sure ??.. Such a wonderful compact device..";""
"10761";"104";"RAZR i XT890";"";"2014-08-03 23:32";"Druidola";"Had this phone now for about 2 years, it still looks as new, its been dropped many times on the floor, the kevlar shell saves it each time. The best part is that everyday I have to use this phone, i am surprised how good it is. I did a lot of research before buying, and am proud of myself having ended up with such a master phone. And I've tried Galaxy 3 and 4, Iphone at the same time, always go back to this Razr i. Battery still works basically as good as when new, so no need for replaceable, as one commenter noted. It is also strange that there are no new phones on the market that tempts me more than the Razr i,even though its 2 years old! Its so good I actually picked up a new second one for cheap, in case my gets stolen or broken. You can get it for less than 200 EURs, and its the best phone, and size is great. Dont join the douche-race of having the newest phone, get the best phone instead, the Razr i. And no I do not own Moto stocks. Just my honest review of phone.";""
"10762";"104";"RAZR i XT890";"";"2014-07-28 16:12";"Anonymous";"I'm currently onto my second handset, and this handset has been repaired FOUR, yes FOUR times for the same repeated fault. This time the actual store supervisor was worried about storing the phone on site prior to sending it off for repair as he was worried it might cause a fire.  When I first got the phone it was amazing, some of the functions stopped working, even after hard and soft resets, and would NOT buy an apple, but unfortunately am considering a Sony Z1 Compact, based on size and specs.";""
"10763";"104";"RAZR i XT890";"";"2014-07-25 16:46";"cbrii";"I've been using this phone for almost 2 years. I am very happy with it.  About the battery stats that you are asking for, I must say that I charge this phone every night, even if it never reaches the 15% of battery.   However you can do whatever you want with it during the day. Sometimes I finish my day with almost 3 hours of screen on and I have always GPS, 3G, Wifi and Bluetooth activated.  Honestly, with this phone you don't need to be careful with the battery if you charge it every night. And nowadays this is a real pleasure.";""
"10764";"104";"RAZR i XT890";"";"2014-07-24 16:32";"";"May you tell me how to set the Device to achieve 64 Hours of Battery Power because my Battery lasts just about 20 Hours. Thank you in advance for your answer!";""
"10765";"104";"RAZR i XT890";"";"2014-07-21 14:35";"Samy";"I've been abusing the battery on this phone for a year and a half now and its battery life hasn't been affected in any way till now thankfully. Problem is that only Samsung offers this feature nowadays, but their phones are just crap.";""
"10766";"104";"RAZR i XT890";"";"2014-07-18 23:27";"Droidyy";"yeah, in fact you can even root it without unlocking the bootloader!";""
"10767";"104";"RAZR i XT890";"";"2014-07-18 19:28";"adry";"root work fine. ";""
"10768";"104";"RAZR i XT890";"";"2014-07-14 21:53";"zaid ";"don't buy this phone .... it's waste of money ... rooted doesn't work for it ";""
"10769";"104";"RAZR i XT890";"";"2014-07-03 11:50";"";"yes man, i knew that, but he said that were 2 cores, and i told him that is only one!, you missunderstood :)  razr i [1core] it's not the same thing with rarz m [who has 2 cores]";""
"10770";"104";"RAZR i XT890";"";"2014-07-03 09:55";"Anon";"Single core processor with multi threading. Educate yourself. He can multi task via his one physical and one virtual core when it's needed. When no heavy task is required it's not wasting battery with two cores. Do you really think, more CPU cores == more power? This bad thing is this intel chip is not getting attention, since in this range, pretty much destroys every CPU when it comes to functionality, multi tasking and battery life. ";""
"10771";"104";"RAZR i XT890";"";"2014-07-02 21:15";"";"no dual core, single core,, doh";""
"10772";"104";"RAZR i XT890";"";"2014-07-02 11:28";"zaid";"this phone good but the call recorder doesn't recorder the both voice that's the problem with this phone ";""
"10773";"104";"RAZR i XT890";"";"2014-07-02 01:04";"sidsimons";"My Razri is now due for upgrade from EE , its been brilliant as was the Defy b4 it.Have no idea what i,m gonna get next they dont seem to do Motorola now :( ";""
"10774";"104";"RAZR i XT890";"";"2014-07-01 20:55";"Actual person";"This phone is brilliant. The battery life shames an iPhone while the call clarity is superb. When Google designed this phone and got Motorola to make it they made a winner. The screen is bright and vibrant. The dual core cpu never struggles. Worth every penny and welcoem back Motorola :-)";""
"10775";"104";"RAZR i XT890";"";"2014-06-28 17:47";"";"so i want you to tell me [those that HAVE this phone]:  - video how much hours?  - talk gsm 2g how much time?  - standby normal use ?   - the headphone it's laud enought? in conversations?  - the speaker it's laud enought when ringing?   - listening to music thru headphones does sound GOOD?  - the display it's whiter on waching videos in black [dark] scenes?. because another phone like xperia m it's BACK and you can't see anything :(  THANX a LOT!, i want to buy this phone and i need you advice!";""
"10776";"104";"RAZR i XT890";"";"2014-06-17 15:33";"Anonymous";"I have this phone more then one year and whole the time I had problem with max. 5 app ;) And I have lots of instaled, firefox was problem but work for a while ;)";""
"10777";"104";"RAZR i XT890";"";"2014-06-16 17:59";"zaid";"this phone is so bad because all app " call recorder" doesn't work on it .... ";""
"10778";"104";"RAZR i XT890";"";"2014-05-28 21:14";"Abdul Samad";"This is my first android mobile and believe me it is rock solid ... Just go for it perfect in all specs";""
"10779";"104";"RAZR i XT890";"";"2014-05-24 16:35";"mars";"did u av any outlet in nigeria for purchasing, if nt online.";""
"10780";"104";"RAZR i XT890";"";"2014-05-24 08:12";"jay";"Arc s will be bulky as cmprd to razr i. People n my freinds admires its design . its slim . plus sony wont be giving u update but razr i is going to get d same soon . u know specs so no comment on dt hope it helps ";""
"10781";"104";"RAZR i XT890";"";"2014-05-24 04:42";"Anonymous";"I'm really astonished. So many good comments about this cell phone but very few about its non removable battery. That's a serious drawback for the ones that cannot afford changing cell phone every year (in fact they will have to throw it to the garbage can)";""
"10782";"104";"RAZR i XT890";"";"2014-05-18 16:51";"ricfoley";"Update kitKat 4.4.2 will be available from third quarter not second.";""
"10783";"104";"RAZR i XT890";"";"2014-05-17 08:34";"";"Yeah... but..  I'm deciding between the Arc S and this Motorola Razr i ... Help me decide guys! I just need a very, very nice, capable, and cheap but high quality smartphone! Both are! Dang!  Please try not to guide me because of specs... And I'm not a newbie.  Thank you!!    Pd: I've had both devices already. Are really good!! I'm in love with both!! Help me decide @.@";""
"10784";"104";"RAZR i XT890";"";"2014-04-29 17:19";"Anonymous";"D. Schuster, from Motorola, confirmed on his page the release date to Q2 (April to June).  I think it's going to be june, but perhaps we will have a surprise.";""
"10785";"104";"RAZR i XT890";"";"2014-04-28 13:26";"medj";"yeah what about kitkat? ";""
"10786";"104";"RAZR i XT890";"";"2014-04-25 17:28";"Just me ";"Does any body know when the 4.4 Kitkat upgrade for the UK is suppose to be released??";""
"10787";"104";"RAZR i XT890";"";"2014-04-08 15:31";"Dorotea";"Switch 3g off for twice the battery capacity in daily use. It really makes a big difference on this phone.";""
"10788";"104";"RAZR i XT890";"";"2014-03-26 16:02";"Anonymous";"The Werewolf, after using iphone 3gs,iphone4 and iphone4s , anyone can have a guess what apple is making. i just imagined the simplicity of ios plus robust razr i and half in the price ,so i got this phone but android is battery hog and does not know how to utilize its hardware . thats d issue but still things are enjoyable lol ";""
"10789";"104";"RAZR i XT890";"";"2014-03-26 12:29";"Dolle";"Best phone available. Compared with Samsung S4, S3 and other top phones. Always go back to this unit. User friendly and fast, great camera, battery. Buy for 1/3 price of whatever else phone you have on your mind. ";""
"10790";"104";"RAZR i XT890";"";"2014-03-17 21:47";"";"Joonvijay, there's this company called "Apple" and they already make the phone you want.   So asking other companies to make the same phone is kind of dense, no?  Or were you just being a troll?  /s";""
"10791";"104";"RAZR i XT890";"";"2014-03-09 11:57";"";"I just wish this could have ios 7 with kevelar plus aluminium ..... that would be deadly combo ";""
"10792";"104";"RAZR i XT890";"";"2014-03-09 11:54";"";"I switched from iphone 4 as its beating iphone5 with half in price. After spending 7 months im just in love with this masterpiece . Ya android has few glitches but thats not fault of motorola . Its doing great with gaming n browsing . Just grab tge robust moto razr i . ";""
"10793";"104";"RAZR i XT890";"";"2014-03-07 17:22";"";"nothing about kitkat release date yet, just be patient";""
"10794";"104";"RAZR i XT890";"";"2014-03-07 10:08";"Anonymous";"Hi, anyone know when upgrade to 4.2 will be released?";""
"10795";"104";"RAZR i XT890";"";"2014-03-06 20:46";"Anonymous";"It is a rock! Made by kevlar and Aluminium. it has fall down many times...and nothing, still working... very little scratches...almost unnoticiable.  Best phone ever... if only I could play gta vice city on it, it would be perfect...  ";""
"10796";"104";"RAZR i XT890";"";"2014-03-06 11:23";"Bart";"Listen people, this phone is the bomb. I replaced my galaxy S2 2 years ago with the Razr i, and have tried to switch to Galaxy S4 recently, but that was slower and worse feeling, back to the Razr i. Its so good I bought a new one just to have as a spare. I can not recommend this phone enough. Its still better than the NEW Sony Z1 Compact which I also tested. That Intel Proc makes the difference.";""
"10797";"104";"RAZR i XT890";"";"2014-03-03 23:37";"jamesmotorola";"The White RAZR I does have the same Kevlar back, its just a different colour from the Black RAZR I. :)";""
"10798";"104";"RAZR i XT890";"";"2014-03-02 19:35";"";"Please specify error you are getting. U can format ur device so that all apps are gone but phone memory wont be formatted , to do so u hv to flash it by rsd lite. I hope it helps ";""
"10799";"104";"RAZR i XT890";"";"2014-03-02 08:43";"";"this phone actually has intel atom z2480 confirmed and it will be upgraded officially to kitkat as Motorola stated on its web site";""
"10800";"104";"RAZR i XT890";"";"2014-03-01 16:47";"ervis";"i can't do a factory seting in my phone....how to do it";""
"10801";"104";"RAZR i XT890";"";"2014-02-28 22:40";"";"anyone knows if in the white version comes too with kevlar?";""
"10802";"104";"RAZR i XT890";"";"2014-02-28 13:17";"Anonymous";"Kit Kat is comming!!...   You can see it in the motorola webpage: https://motorola-global-en-uk.custhelp.com/app/s­oftware-upgrade-news/g_id/1994/session/L3RpbWUvM­TM4MTM0NzQwMi9zaWQvcDh6ak5uQ2w=/action/auth";""
"10803";"104";"RAZR i XT890";"";"2014-02-10 23:26";"Fonboy";"Nope...no 4G on this";""
"10804";"104";"RAZR i XT890";"";"2014-01-18 19:16";"Anonymous";"I've had this phone for some time now, and I'm wandering if it has 4G. Thankyou!!";""
"10805";"104";"RAZR i XT890";"";"2014-01-18 16:04";"Anonymous";"Go to settings>apps>all>camera and clear data and clear cache . Camera will be working fine";""
"10806";"104";"RAZR i XT890";"";"2014-01-18 16:02";"Anonymous";"It has FM RADIO only if u are on ICS 4.0 YOU can downgrade from JB TO ICS n can use fm if rooted";""
"10807";"104";"RAZR i XT890";"";"2014-01-17 11:41";"Anonymous";"Hi,  I have a Razr i and my girlfriend has a Moto G (16gb, android 4.4).  The things better in the razr i are:  -notifications LED with colors, In the Moto G, the notification LED is only white. -Smaller size. The razr i has a 4,3 screen, the Moto G a 4,5 screen, in the screen you doesn't see a lot of difference, but in the size to carry in your pocket you can see the difference. Anyway, you can carry Moto G in your pocket winthout problem. (is not a Galaxy S4 or a HTC one) -You have external SD. Not really critical with 16gb of internal memory.  In the other hand, in the Moto G is better:  -Android 4.4 (widgets in the lockscreen, a little more fluid,...) -Radio FM -Gorilla Glass 3 -Better GPS anb Bluetooth  There are differences, but in the day by day use are similar in both phones:  -Camera -Quality in the screen -Speed of the phone -Battery   You have to value if you prefer:  -LED notifications, size and external SD or radio FM, bluetooth and android 4.4.         ";""
"10808";"104";"RAZR i XT890";"";"2014-01-17 10:22";"Uala";"Goodmorning,  first of all sorry if I do some errors in english. I've fallen in love with the RAZR I, but I'm full of doubts!   In your opinion, as RAZR I users, now what would you prefer between the RAZR I and a MOTO G 16gb?   Actually, for the same price, the only real plus for the G that I can find it's the fact that it can be easily upgraded, but: it's that important?  For all the rest to me seems that the RAZR I it's better in all the fields, am I wrong?  Thank you ";""
"10809";"104";"RAZR i XT890";"";"2014-01-16 23:28";"libby";"when i click on the camera it comes up with a message saying 'camera is unable to initialise' when this has happened before i turned my phone on and off and it worked again but this no longer works what can i do? ";""
"10810";"104";"RAZR i XT890";"";"2014-01-15 12:30";"franthug";"I had the same problem. Backup your stuff and then reset the device to the original settings";""
"10811";"104";"RAZR i XT890";"";"2014-01-06 10:56";"Albert";"Nope";""
"10812";"104";"RAZR i XT890";"";"2014-01-06 02:40";"Guillermo ARG";"My question is does this phone has FM radio? Thats important for my buying decision. Regards.";""
"10813";"104";"RAZR i XT890";"";"2014-01-04 11:19";"Anonymous";"Thank you for reply, but the link is not working. Is says "No thread specified."";""
"10814";"104";"RAZR i XT890";"";"2013-12-30 03:46";"jay007";"  Not windows but ubuntu yes";""
"10815";"104";"RAZR i XT890";"";"2013-12-29 15:56";"Anonymous";"Has anyone tried to install Windows or Linux on this phone? Due to its Atom x86 processor it's theoretically possible";""
"10816";"104";"RAZR i XT890";"";"2013-11-30 02:45";"";"i have this phone, but recently i'm experienced a too slow experience with Plants vs Zombies 2, on Pirate Ship stage... when the zombies come on the last hord, the cell phone became too slow and i can feel the temperature grow up in seconds. Sorry my bad english, i'm brazilian.";""
"10817";"104";"RAZR i XT890";"";"2013-11-14 13:55";"Mashal";"Very decent midrange phone. The screen is very good for its price range. Perfomance is creditable very smooth. Overall a very good sized phone";""
"10818";"104";"RAZR i XT890";"";"2013-11-12 10:49";"James";"Hello,  Try out to clear the cache for the google play from "manage apps" in Settings. If that doesnot work, try factory reset. ";""
"10819";"104";"RAZR i XT890";"";"2013-11-05 21:51";"chaz";"do a factory reset";""
"10820";"104";"RAZR i XT890";"";"2013-11-04 16:26";"Anonymous";"Hello I am unable to open my play store it says "unfortunately google play store has stopped. " I got the phone XT890 very recently. Can anyone help me out in resolving this issue ";""
"10821";"104";"RAZR i XT890";"";"2013-10-27 09:24";" domc";" I Have -24 Code Error Poping Up Each Time I Am Trying To Reinstall Skype Into My Phone. My Pine Its A Motorola RAZR XT 890 And I Don't Know What To Do. Could You Help? Many Thanks Dante";""
"10822";"104";"RAZR i XT890";"";"2013-10-25 21:28";"llego";"cpu is Atom Z2480 and NOT z2460";""
"10823";"104";"RAZR i XT890";"";"2013-10-25 03:35";"Anonymous";"To anyone who has this phone: if you occasionally face ANY stutter on the home screen its just because of the Circles widget. Although its functionality is unmatched, you could find numerous alternatives on the playstore. ";""
"10824";"104";"RAZR i XT890";"";"2013-10-23 15:14";"";"MC4 meltdown confirmed working on stock JB, thanks for the apk @Eisley ";""
"10825";"104";"RAZR i XT890";"";"2013-10-23 00:00";"frasgo";"GPS stopped working on my razr i, no satellites detected, it is looking for. Someone the same thing happens?";""
"10826";"104";"RAZR i XT890";"";"2013-10-22 22:02";"";"Hey!  Don't forget to give feedback about NFS in JB. How does the speed feeling is.   The links is here, remove the ***: android***authority.com/game-android-device-2848­­50/#comment-1089011776  It will take you right where my comment is. Don't scroll up, it's righ there. There are several pics.  What we'll do is to try those games. I'll send you the APks for both and you'll try them. Maybe you've tried already. If they don't work you should try and find a way to flash stock ICS rom. I think it's possible.  Maybe this thread can help you.     I'll send you the APKs now. Try them and tell us.  - L.   - L. ";""
"10827";"104";"RAZR i XT890";"";"2013-10-22 20:22";"";"Hey! I saw your message very soon after you posted it just by coincidence.   What is important is this: Directory Bind works or doesn't work in the Razr i stock JB. Yes or Not.  You say it does, so the answer is Yes.  Good.   What you saw with ES File Explorer is what I saw too. Looks like the data is DUPLICATED. But I tell you that, it's like an illusion for the SYSTEM to "think" the data is actually in the internal. You understand?  But the data IS NOT there in the Internal anymore, thats's what this Directory Bind does. It's like a mirror.   When you deleted the data in that folder the game didn't work anymore cause you deleted its data which was BINDED in the actual External SD.   You just need to do the Bind process and let it like that. Done.  Have you checked my screenshots?   I have some 1.7GB left after installing all those games and all of them work perfectly. I'd have more if I moved the data and the OBB part of NOVA 3 cause that game has the 2. But only moved OBB. NOVA 3's Data folder contains some 850MB of info.   I don't think NOVA 3, MC4 and other don't work in JB. Just install their APK and see! I don't know why Gameloft don't put up to buy MC4, but the game certainly works. Now we'll see if it works for the Razr i with JB.   Please reply all you can and try to give feedback about NFS. And use Directory Bind for the heavy Data and OBB folders of the GAMES. It does free up storage. Check my screenshots from the links!  - L.    ";""
"10828";"104";"RAZR i XT890";"";"2013-10-22 19:22";"";"I never tried ICS on it as i got it on JB itself but if u update to JB then you will be loosing MC4 and NOVA3,as they arnt working on JB as for now and gameloft is too lazy in replying to queries. But i must say that i used ICS and JB in other phones like samsung and sony But Razr i on JB just rocks, it works flawlessly and some new features added too so unlike others , it has ur DB working so u cn give it a go .";""
"10829";"104";"RAZR i XT890";"";"2013-10-22 19:13";"";"Hii, omg u reply so fast man . ok many things to elaborate here: I am using directorybind but being honest ,im not that expert in that software , for example i tried to move asphalt 8 via DB and then checked space freed in settings>storage ,so i found that around 1 gb space got freed from phone to sd card BUT when i checked whole asphalt8 data using File Explorer , it was there so im confused and then i deleted that data and game stopped working. Secondly i played NFS MW in iphone so i never tried it in razr i but right now im downloading it and will tell u its performance soon. Regarding update to JB i must tell u that MC4 version1.0 did work in JB but 1.0.1 and 1.1.0 arent working plus i heard that Fm radio is working in ICS by installing a cracked fm apk becaause Razr i has fm hardware but not software ,and they put a ban on fm in JB update so no cracked apk fm is working,and I need Fm radio but unfortunately i cant downgrade to ICS.  Hope i answered all what u asked .  thanks ";""
"10830";"104";"RAZR i XT890";"";"2013-10-22 17:36";"";"@Eisley:, i have used smart launcher and just loved it , now no stuttering at all , also i formatted once and using stock launcher n no issues . Nowi t is a great phone there is no doubt about that , but i dont know Why this phone cant play Modern Combat4 ,not compatible as said by Gameloft. may be due to intel processor.I use my iphone 4 for gaming purpose but i purchased razr i for its bigger screen than iphone4 so i m playing all games on it but not MC4. I am Using Directorybind on stock JB with no Issues so no worries of space . The most annoying thing im facing now a days is its Unlocked bootloader welcom warning screen which i tried to remove by flashing stock moto logo but no success , i downloaded its stock rom and unzipped it to get stock signed logo but im failed , plz help.Thanks ";""
"10831";"104";"RAZR i XT890";"";"2013-10-02 19:36";"";"Try Smart Launcher. I consider it the most functional, cool and the best minimalistic launcher. It's really lightweight, like a feather.  Try it with a theme called "Transparent" something like that. Really nice with any livewp like Alien Shapes!   It doesn't have proprietary widgets like Go Launcher, that btw, is really heavy because of them. To use widgets you need the paid version. But if you appreciate minimalism and try this launcher you'll see widgets are not needed. Try its gestures. For example, swipe up hides the notifications bar, swipe down shows it! It's configurable n.n   - L   ";""
"10832";"104";"RAZR i XT890";"";"2013-10-02 03:56";"Sean";"Had this phone for ages now never a single issue. I also started using paid version of Nova Launcher and it makes this phone even faster and smoother. ";""
"10833";"104";"RAZR i XT890";"";"2013-09-30 09:55";"";"It can be even better if you root it and tweak it with ROM Toolbox Pro.  Are you on JB or ICS? Do you play games? If so, join my request.  - L";""
"10834";"104";"RAZR i XT890";"";"2013-09-30 09:30";"";"Do you mean that it stutters when you minimize a game and go back to it? Or that the phone freezes completely?  I've not seen any stuttering when minimizing anything. Little lags do rarely occur, but are when the device is very busy and you go back too quickly, something like that. But are very little and rare.  Anyway, if you don't mind changing launchers you should try Smart Launcher, it's the lightest of all, and it's very nice, minimalistic and very functional. Try it with its Transparency theme. (When you apply this theme the Preferences button goes transparent too, but it's in the same place). Try its gestures: Swipe up hides the notification bar! It's so cool. Ha  The phone has frozen completely like 3 times with no apparent reason, too. I reset pressing Volume minus + Power for some seconds. This issue is quite weird, and has happened like 3 times in the 4 months I have had the device so far.  Not that.bad, fortunately it doesn't happen regularly. Other than that I haven't had any issue of any kind.   Sometimes Asphalt 8 closes while charging a race, rarely, too. But it's the game's fault.      (ASPHALT 8 players should read on, and collaborate!)     Btw, do you play A8? How do you like it? Do you feel Low graphics look better than "Low" suggests? I think it looks nice and enjoyable, even it looks more realistic than A7 that in the Razr i runs fine with almost all high graphics that are enabled, but yet it looks a bit toyish. A8 has nice road textures, some reflections, speed kicks when using nitro (cool when drifting) and car bumps effects even in this Low graphics for the Razr i n.n Oh, and the game runs so.very smoothly! It's a breeze for the phone! Isn't the same for you?   That's why I'm elaborating a comparison between the graphics on Need For Speed Most Wanted and A8. The graphics in NFSMW are much, much better than the A8's Aren't they? Of course NFSMW has its own beauty, BUT, if the Razr i can handle fine those high graphics why can't it handle at least Medium or even High graphics on A8? Its low resolution helps it a lot, you know?  What do you think?   I'll send this message to Gameloft and as them to unlock the Medium and High graphics for the Razr i. Would you like that? Anyone?   It's very easy to contract Gameloft, would you like to send this same request to then so they optimize the Medium and High graphics for the Razr i?   I hope you Razr i users can help me. I can share with you my comparison and you just need to send it out to Gameloft saying: I second this request!!  Gameloft does care, I've received several good attentions from them. What do you say? You can send me your pictures with graphics comparisons too to backup our request.  Please contract me if you (everyone!) are interested: starsky182@gmail.com And if you want to compete, add me to G+ I play regularly!   - L  ";""
"10835";"104";"RAZR i XT890";"";"2013-09-30 08:49";"";"A friend of mine tried to use Directory Bind in his Razr i stock JB and couldn't. There's a bug in BD that makes it impossible to use in his device. But, in my Razr i running ICS (stock) DB works flawlessly and it's such a marvelous and the brightest app ever created n.n   If you (anyone) are a gamer I'd advice you to stay on ICS. JB doesn't have any appealing for me (worse now that DB doesn't work on it). I'm very satisfied using my Razr i on ICS (with little tweakings).   I'm planning to buy the Xperia Z Ultra to couple it with the Razr i n.n The big and the compact. A sweet complement, isn't it?  - L.  ";""
"10836";"104";"RAZR i XT890";"";"2013-09-25 10:44";"Anonymous";"I have no apps minus from Youtube on this phone, however it keeps telling me to remove data and I have a memory card stored. It seems it is not using the memory card.";""
"10837";"104";"RAZR i XT890";"";"2013-09-24 12:55";"GaryW.";"Will the RAZR i be replaced by the Droid Mini (or variant) soon!?";""
"10838";"104";"RAZR i XT890";"";"2013-09-22 20:09";"Anonymous";"rightly said , directorybind is there also";""
"10839";"104";"RAZR i XT890";"";"2013-09-22 20:07";"Anonymous";"it supports class 10 sd card , confirmed ";""
"10840";"104";"RAZR i XT890";"";"2013-09-18 12:35";"Anonymous";"moving apps to sd card is supposedly unavailabe on all android phones sporting jelly bean without root. Its not a problem with motorola phones";""
"10841";"104";"RAZR i XT890";"";"2013-09-17 02:18";"peposhi";"Excellent phone. After a long research decided to go for it rather than s4 mini. Absolutely love the screen, the speed, the quality pictures and those little tiny tricks it has once you customise it and get used to it. Battery life - if I'm off work and not really need it - 3 days, baby, yeah! Have always been p....d of going everywhere with a charger in the pocket. Wouldn't change it for anything. ";""
"10842";"104";"RAZR i XT890";"";"2013-09-13 08:34";"Anonymous";"Luckly, I have there sdcard 32GB an class 10 from kingston and I think, that after update on 4.1.2 it schould be availible to move your apps to sdcard.";""
"10843";"104";"RAZR i XT890";"";"2013-09-12 19:30";"Anonymous";"I have been researching this for a few weeks and learnt about the XT890 doesn't surrport Class 10 cards or app move to SD unless rooted ";""
"10844";"104";"RAZR i XT890";"";"2013-09-03 15:11";"wwwbalbo";"Hello Moto! Wow! I am impressed.  I'd own a S3 before this.... and I have to recognize that I do prefer the xt890 instead of S3.  It's subjetive... of course.  XT890, it's fast! so fast! camera appears inmediatly! No lag at all...  The bad. No FM radio in Jally Bean... no matter still can use tune in...  Material of contruccion... WOW... it's Motorola... no plastic...cheap pf samsung..  Moto has coming back... very happy with my choose...";""
"10845";"104";"RAZR i XT890";"";"2013-09-01 02:34";"Samy";"Does anyone know if replacing the battery is an easy task on this phone? Ive been abusing it for 9 months and the battery life has become noticeably shorter";""
"10846";"104";"RAZR i XT890";"";"2013-08-28 23:00";"Anonymous";"battery out of power , charge and should work";""
"10847";"104";"RAZR i XT890";"";"2013-08-28 20:03";"Anonymous";"Keep power button pressed for 5-6 seconds. It should start.";""
"10848";"104";"RAZR i XT890";"";"2013-08-28 20:01";"Anonymous";"Keep the phone I for charging and after that keep pressing power button for 5-6 seconds. It should start.";""
"10849";"104";"RAZR i XT890";"";"2013-08-26 19:02";"";"where are you from? im not that sure but may be your phone's display strip got disconnected from motherboard dueto fall or something so u can get it checked from local repair shop,make sure u go to good reputated shop or if display has gone faulty then u gotta purchase a new one which is available online,but first get it checked ";""
"10850";"104";"RAZR i XT890";"";"2013-08-24 10:20";"attu";"my xt89o lost the display, can any one help me out please";""
"10851";"104";"RAZR i XT890";"";"2013-08-24 10:09";"attu";"i received the gift from one of my relative from london (UK), the desply is lost , when i press the power on only green light blink and no display, can any one suggest what to do please ";""
"10852";"104";"RAZR i XT890";"";"2013-08-20 23:24";"";"Moto Razr i is simply great , but i need to ask that it gets stuck sometimes while coming to home screen from a game and vice versa , SO IS IT DUE TO stock launcher or what makes it to lag sometimes ? Thanks ";""
"10853";"104";"RAZR i XT890";"";"2013-08-19 03:43";"";"You have to ROOT your device. *  The word "root" got deleted somehow. ";""
"10854";"104";"RAZR i XT890";"";"2013-08-19 03:29";"";"I backup him. Directory Bind is at the top 10 most valuable and marvelous apps of the whole Google Play for me. It's so very useful. Even so, it's not in the Play Store, you can find it easily at XDA. It's free to use, but of course you have to your Razr i. It's a safe process, and it's quite easy nowadays.  You will loose your warranty but that's not something to worry about! If your device has been running fine all these days, it won't fail later. So, go ahead and root it!!  I have almost 15GB of apps installed and running perfectly in my Razr i. The heaviest of them are, of course, the games. I have most HD games from EA and Gameloft, all running fine. I moved only the games using Directory Bind, the other apps are not a problem. And still have 1.8GB in the internal storage for more!   So, if you don't want to root it, ok, you only have to limit the games you want to have installed and that's it. All fine.   If you go ahead and root it make sure to get a 32GB Class 10 microSD card, SanDisk is the best. Just to prevent any performance problem.   Ok, now do some research!!!! n.n   - L.   Pd: Directory Bind works in most devices from 4.0+  ";""
"10855";"104";"RAZR i XT890";"";"2013-08-18 19:17";"";"well here is a solution but u got to root it , Directory bind is a app lets u move game data and apps data etc to sd card , so im using 32gb class 10 sd card and games are flowing like butter as if its in phone memory.";""
"10856";"104";"RAZR i XT890";"";"2013-08-16 23:43";"";"Sound like your sd card is at fault.";""
"10857";"104";"RAZR i XT890";"";"2013-08-16 15:37";"";"Same problem";""
"10858";"104";"RAZR i XT890";"";"2013-08-15 12:03";"Oflife";"Many thanks for tip and sorry for delay in reply. All sorted a while back now. :)";""
"10859";"104";"RAZR i XT890";"";"2013-08-15 11:29";"Oflife";"Tip: Install 'ActiveNotifications' app to get almost the same notification system as the Moto X phone. Works very well on the RAZR i AMOLED display. Invaluable!  Love the phone anyway. Way more robust and responsive than more expensive models. You can get the RAZR i on Three here in the UK for £250. I got mine for £150 during their limited offer period.";""
"10860";"104";"RAZR i XT890";"";"2013-08-15 01:55";"nivi";"got mine 7 days ago I had to change it cuz there was a problem with the sd card got anotherone and still the same problem my sd card removes constantly can someone tell me what can I do or should I by another cellphone? ";""
"10861";"104";"RAZR i XT890";"";"2013-08-14 10:26";"";"how u managed these big hd games in just 8GB bcz i can only put 2 games and not even a single app or games is allowed to move to sd card , so is there any method to move apps to sd without rooting ?? please help ";""
"10862";"104";"RAZR i XT890";"";"2013-08-11 04:00";"";"Personally I love my RAZR couldn't be happier biggest problem is none thanferable storage to SD card the day I got it I was over the moon but the I tryed moving games over and it wouldn't let me so that upset me and unlocking no one has a code ? Help I don't like rooting what do I do ";""
"10863";"104";"RAZR i XT890";"";"2013-08-09 06:12";"";"Agreed 10000000000000%! HDR Mode simply works impressively good!  - L.";""
"10864";"104";"RAZR i XT890";"";"2013-08-09 06:11";"";"Hi, I'm sorry for your loss. I knew this device needed a hole for wrist belt!  You should take your broken Razr i to technical support, as it's not your fault, they should check it and see what they can do. It can be a fixable problem.   This device is beautiful, and I'm planning on getting the Xperia Z Ultra or the Lenovo K900 to make (one of them)it its big brother ^-^ If you still have your Razr i or get it repaired maybe we can share some cool and useful apps and tricks to improve it, even more. You tell me.  - L.  ";""
"10865";"104";"RAZR i XT890";"";"2013-08-09 06:02";"";"I have most Gameloft and EA HD games, plus some others. And NO ONE of them has a single problem. They run smooth as they should. I can even Multitask with them running. (Even using the whole screen thanks to the full!screen app by tsorn, which is awesome!)   You must not know how to properly use the device. Avoid leaving apps in the background by using the Back key to close them, don't use the Home key, this minimize the apps. Too many processes in the background would make the system stutter in any device.   This smartphone is powerful enough for everything you may want and more.   - L. ";""
"10866";"104";"RAZR i XT890";"";"2013-08-07 15:21";"Sieke ";"This phone suck in the games....  ";""
"10867";"104";"RAZR i XT890";"";"2013-08-07 15:05";"Iván Jaramill";"I have this phone all is good.... Except in the games lag a los.... Dammit ";""
"10868";"104";"RAZR i XT890";"";"2013-08-05 12:22";"";"And since it has Intel processor, it should be easy to install Ubuntu onto it. ";""
"10869";"104";"RAZR i XT890";"";"2013-08-03 02:31";"Anonymous";"HDR on the camera vastly improves quality. Love my Raze i";""
"10870";"104";"RAZR i XT890";"";"2013-07-30 18:14";"Anonymous";"LOL buddy 99.9% percent of apps are compatible,I don't know where this intel processor incompatibility issues come from really. This phone is great, go for it!";""
"10871";"104";"RAZR i XT890";"";"2013-07-29 11:06";"";"because the Razr i is Incompatible with apps compiled with the Android NDK what apps are available ? Facebook? Snapchat? Instagram?";""
"10872";"104";"RAZR i XT890";"";"2013-07-28 01:17";"Anonymous";"I'm on 4.1.2  Its pretty much the same as 4.0.4 with the exception of Google now. Battery is still great. Can maybe see it getting 4.2 and maybe 4.3 as there both minor updates ";""
"10873";"104";"RAZR i XT890";"";"2013-07-26 21:36";"Jessica Baker, 16";"I have had this phone for a while. I was recommended it and love it! It has everything you could possibly need! Pus its fairly indestructible! However, the charging port of my phone is broken, which was not my fault as it just stopped working- if there is anyone who has any idea of how I can fix/ how I can personally contact the company for a replacement. I do have an insurance policy, but as there is a £30 up front fee and the fact i feel the product was faulty i do not feel this is acceptable. HOWEVER DO NOT BE PUT OFF! I have had two of this model ( as dropped other in the sea) and I had no problems, so i feel that mine now is faulty! would recommend! ";""
"10874";"104";"RAZR i XT890";"";"2013-07-26 16:05";"sem";"go to settings then find usb tethering and connect your Razr i to pc then turn on usb tethering.... hope this will help you";""
"10875";"104";"RAZR i XT890";"";"2013-07-26 00:39";"Anonymous";"First of all let me say that this phone is an absolute beast. Forget the specs, this phone can outperform most other phones of its generation (2012).  Ok here's a tip I figured to make the UI much smoother and eliminate the occasional stutter when you press the menu button on the stock launcher. Go to settings-developer options and set: window animation scale to 2x Transition animation scale to 0.5x Animator duration scale to 0.5x  Thank me later  ";""
"10876";"104";"RAZR i XT890";"";"2013-07-25 14:02";"Anonymous";"Hello, anyone know when there will be android 4.2? And how good is battery after update from 4.0 to 4.1? Thank";""
"10877";"104";"RAZR i XT890";"";"2013-07-23 11:12";"";"On Motorola, for tethering you need to put/write "DUN"(or lowercase)in APN type. (EX: "APN type- default,dun". And magic happens.";""
"10878";"104";"RAZR i XT890";"";"2013-07-22 00:53";"yorkshireman";"I have this phone and was also having exactly the same runaround trying to get tethering to work on '3' as I'm on the one plan. Despite getting '3' escalating the issue and saying it was fixed it wasn't. Anyway what you need to do is change the APN to 3 UK DUN, go into settings/more/mobile networks/access point names/ and then select the 2nd option for '3 UK DUN'. This will then get you access to tethering when you click on mobile hotspot.     ";""
"10879";"104";"RAZR i XT890";"";"2013-07-20 17:27";"Anonymous";"Have you tried tethering through Bluetooth instead? You can only connect one device but works fine in mine. I use the 3g signal from the RAZR to connect my WiFi only nexus 7 to the net. Works fine.";""
"10880";"104";"RAZR i XT890";"";"2013-07-20 14:58";"Anonymous";"I'd say try using your sim card on another device and see if tethering works. If it doesn't then the problem will be with your new network. This would make more sense since you say it worked before on different networks.";""
"10881";"104";"RAZR i XT890";"";"2013-07-20 01:44";"Anonymous";"How do I install applications on the memory card with Android 4.1.2?";""
"10882";"104";"RAZR i XT890";"";"2013-07-19 01:27";"Oflife";"Help! Got a RAZR i on Three here in the UK, and whilst the phone and Three's signal are great (in my areas anyway), the mobile hotspot feature, that worked fine under Vodafone and O2 no longer works. (We got it working for a few minutes once, but that was it.) Both Three staff and myself have tried everything. Removing sim card, re-starting, renaming the SSID, changing SSID password etc!  The WiFi signal from the RAZR shows up on all the devices we're trying to tether to it - full bars, and they connect fine. It is just that there is quite simply no Internet connection. On my MacBook Air, the green lights in the diagnostics panel are all lit up. Tried other devices, including a Nexus 7, iPhone 5, iPad mini and non will connect to my RAZR i on Three!  Halp!";""
"10883";"104";"RAZR i XT890";"";"2013-07-17 17:21";"Anonymous";"it has z2480 not 2460. pls correct on the tech page  ";""
"10884";"104";"RAZR i XT890";"";"2013-07-13 18:40";"";"Just bought one on pay as you go only because its on offer plus want to see how fairs for myself.Its on charge now for 12-16 hrs as ive done since 2000 for first initial charge then I do 6-10 full charge/discharge cycles then do what I want after that..  I have taken an interest in this due to having fast browser,its design I just want to give it a good test..Currently using sgs2 and iphone 4s..Ive tried S4 etcand iphone 5 but they seem worse,S4 too big hot and full junk software and iphone 5 too lanky long and poor quality materials..";""
"10885";"104";"RAZR i XT890";"";"2013-07-13 14:10";"mobile";"Hi! Great phone, amazing quality (both hardware and design), I've had Galaxy s 4 but it was overheating itself after 5 minutes of usage so I swiched to Motorola razr I and I am very happy with my purchase. Screen is excelent, battery lasts 2 days with medium to heavy usage, core speed is very good. Bough mine for 200 pounds whilist S4 are for 400 pounds on ebay. Buy RAZR i and enjoy the ride! regards";""
"10886";"104";"RAZR i XT890";"";"2013-07-07 12:49";"Oflife";"Agreed. Just bought a RAZR i as a backup whilst my Nexus 4 rear glass is repaired. RAZR is such a nice phone, I'm not going to keep my Nexus. Yup, Nexus is faster and more powerful, but I feel stressed about breaking it, just as with an iPhone. My MacBook is my workhorse, so RAZR can tether.";""
"10887";"104";"RAZR i XT890";"";"2013-07-02 05:07";"";"tx for reply. I almost gave up, scoured forums a bit and got the idea to go into the secret menu (*#*#4636#*#*), and did 2 things:  - Change from "WCDMA preferred" to "WCDMA only" - this makes it only connect to 3G/H+, never E/2G. (It's not a CDMA phone, but this setting corresponds to 3G/H+) - Select radio band: USA only (was Automatic, not sure if this changed anything, but this model was made for Europe/Latin America so might have helped)  Anyway, before it was randomly dropping to E all the time, now it mostly stays at H+. Sometimes it cuts out. Whether it's T-Mobile's inadequate refarming of 1900 in NY, or the phone just not being compatible, I don't know. It averages 10% "Time without a signal" in the Cell standby battery info. The battery might also be draining a little faster, but not hugely so.  The Sony Xperia M comes in August, similar size and has 1700 band too. But I don't like the huge bezel around the 4.0" screen... hmm do I wait out and see if T-Mo 1900mhz 3G improves in NYC... I have a week left to return the Razr i... AHHHHH";""
"10888";"104";"RAZR i XT890";"";"2013-07-01 11:55";"Anonymous";"yeah you can as with the majority of andriod devices ...your data plan would have to allow it though ";""
"10889";"104";"RAZR i XT890";"";"2013-06-29 15:24";"Anonymous";"Intel aton z2480yes, z2460no";""
"10890";"104";"RAZR i XT890";"";"2013-06-29 04:01";"";"Sure. But don't ask here. Call Moto support service ;)  This is a very beautiful device n.n So happy with it that I forgot about the others... I'd like the Xperia Tablet Z, though. Ha And the Lenovo K900 too. But these 2 are the only both for tablet and smartphone that have a strong appeal for me. The others though highend are kind of too similar :/  - L.  Pd: The review GSMarena did here for it quite under-rates this device, which is so bad. You better check out comparision videos of this one against the Samsung top ones like S3, Note 2; HTC Butterfly, and iPhone 4S and 5, etc The Razr i performs as good as these, even faster in some tasks. Some reviewers either are biased or too narrow minded and only take their taste as statements. But these videos demonstrate this device is excelent, and a winning bet much above the estimations and benchmarks of the reviewer of this site.  Oh I hope I don't ger banned.    ";""
"10891";"104";"RAZR i XT890";"";"2013-06-28 10:47";"B";"Hello  Can I use a Motorola Razr I phone as a modem?";""
"10892";"104";"RAZR i XT890";"";"2013-06-28 01:03";"Anonymous";"Can I use Motorola Razr I as a modem?";""
"10893";"104";"RAZR i XT890";"";"2013-06-27 03:16";"samy";"I used T-mobile in California and H+ was working perfectly fine across pretty much the whole state, including freeways.  As for NYC, I think the reception IS the problem especially if you're inside Manhattan. I always had problems with internet there using both T-Mobile and simple mobile. In general, it was just like what you described.   I have to note, though, that this phone maintains a strong signal more than most other phones. that's one advantage of Motorola's hardware.";""
"10894";"104";"RAZR i XT890";"";"2013-06-27 03:11";"Anonymous";"battery life is the biggest disadvantage after updating to 4.1. Has never lasted more than 2 days since I updated. as for the possibility of getting 4.2, I wouldn't get my hopes high since this , you know, android.";""
"10895";"104";"RAZR i XT890";"";"2013-06-26 21:13";"eken";"trouble getting HSPA+/3G on Razr i with T-Mobile in USA. love this phone, size is perfect, but H+ comes and goes, and then it's on 2G EDGE where webpages take 2 minutes to load. makes Google Maps impossible to use. I'm in NYC so reception isn't the problem. what to do? have to get a refund I guess.";""
"10896";"104";"RAZR i XT890";"";"2013-06-25 16:14";"Templar";"Battery life is pretty much same like in any android...1-1,5days max. Maybe 2 days if you just check time from phone=)";""
"10897";"104";"RAZR i XT890";"";"2013-06-25 14:00";"Ensor";"Why would ANY apps be incompatible because of the Intel processor? Android apps are written in Java genius... ";""
"10898";"104";"RAZR i XT890";"";"2013-06-25 12:31";"mapecka";"Does anyone know, when there will be update on JB 4.2? And how good is battery life after update from 4.0 to 4.1?";""
"10899";"104";"RAZR i XT890";"";"2013-06-17 10:29";"";"Some very important news! (Specially for the ones who watch japanese animations)  The Motorola Razr i, this First Gen, Single Core @ 2Ghz powered by an Intel CPU which has been very underrated by the review GSMarena did on it... can playback flawlessly 10 bit 720p MKV videos*!! :D (I'm on my way to try 1080p ones)  This is important because almost all TOP smartphones available CAN NOT! Even the Galaxy S4 struggles and does not give a flawless playback! The Galaxy S3 simply can't playback such videos! Most others cant either. The iPhone 5 does playback flawlessly, and has been an itchy truth for Android lovers (who watch japanese animes) ha. :/  This is just one MORE point in favor of the awesome performance of the Intel powered smarphones such as the Razr i and the Lenovo K900!  The Lenovo K900 is like the older brother of the Razr i and its Second gen processor is twice as powerfull as the one in the Razr i so I believe purchasing one of them is a winning bet, for sure!! Both are able to easily playback those problematic 10 bit videos which most top others can't!  How cool is that??  Check out the thread at X-D-A devel0pers searching for "[Q] Can Galaxy S4 handle 10-bit 720p video smootly?" thread. And also the thread for the K900 at the same forum!  See you!!  - L.   Update: Tested it: 10 bit 1080p MKV videos do play well in the Razr i!! But this time with some minor flaws! Ha Such an advantage over the rest!   *With MX Player, which has the best support for Softsubs.";""

