"31541";"304";"Torch 9850";"";"2014-12-26 12:39";"mega.from.indiau ";"Please.do the master reset.then u bought and insert.Vodafone sim.try it";""
"31542";"304";"Torch 9850";"";"2014-11-27 03:32";"reloaded";"I just hate this device.I am from nepal. black berry world is not available in my country and I can't download any of the apps.I justt feel so bad that I bought this device, without knowning about it, thinking its a good brand device.any body there who is ready to buy blackberry torch 9850 with 90% discount, this useless device. It can never be comparable to iphone, samsung, htf and other brands.";""
"31543";"304";"Torch 9850";"";"2014-11-05 14:38";"dave";"red light keeps blinking and computer can detect it...any help";""
"31544";"304";"Torch 9850";"";"2014-09-26 01:29";"athiya.sabila";"I love this blackberry, so stylish and easy to use. First, need adaptation with touchscreen haha";""
"31545";"304";"Torch 9850";"";"2014-09-22 16:37";"SHEV";"its a good phone,I like the touch screen and being touchscreen fun.I just love this device";""
"31546";"304";"Torch 9850";"";"2014-09-11 09:18";"Anonymous";"Sheldon";""
"31547";"304";"Torch 9850";"";"2014-08-18 16:41";"Deejay Jaz";"yes it can whatsapp,and its very cool.....";""
"31548";"304";"Torch 9850";"";"2014-08-12 00:04";"";"An awesome Rim blackberry smartphone....just wished its os could be upgraded to os10.....forget way dy say about charging port and all that...buy blackberry 9850 new from verizon and u are good....";""
"31549";"304";"Torch 9850";"";"2014-08-07 18:42";"Nidhin";"can whatsapp be used in this phone?";""
"31550";"304";"Torch 9850";"";"2014-06-02 21:56";"Lawrence";"will skype work on this phone?";""
"31551";"304";"Torch 9850";"";"2014-06-01 16:08";"Anonymous";"Lovely smartphone......am not a fan of bb ,but wen I got dis.I reverse ma words back.........but 2go app don't work on it....pls any solution...";""
"31552";"304";"Torch 9850";"";"2014-05-31 17:32";"";"Does this phone support UCbrowser? Have UCbrowser on my Bold 9900 but touch is not working. Please Reply.";""
"31553";"304";"Torch 9850";"";"2014-04-27 11:39";"sawoyi";"How can I fix this problem can't browse with my blackberry9850 verizon still even on subscription ";""
"31554";"304";"Torch 9850";"";"2014-04-14 13:52";"Anonymous";"dis is d most useless phone i have ever use.it always hang and now it doesn't boot again.it jst boot reach a stage and stop booting.what can i do about it pls?";""
"31555";"304";"Torch 9850";"";"2014-04-10 07:45";"tammy";"it is average phone not so good";""
"31556";"304";"Torch 9850";"";"2014-04-10 07:39";"bghgh";"just through your phone to wall it will start.";""
"31557";"304";"Torch 9850";"";"2014-04-04 08:44";"Anonymous";"get a new battery";""
"31558";"304";"Torch 9850";"";"2014-04-04 07:15";"Bhavana Ranka";"I wants to learn that how can i do call forward in Black berry torch 9850";""
"31559";"304";"Torch 9850";"";"2014-03-10 20:31";"";"just reload a new os and use less apps";""
"31560";"304";"Torch 9850";"";"2014-02-27 10:48";"juma ezeliel";"hey my biackberry 9850 has just hunged out,it is just blinking a red dim light on top of it. so what could be the problem with it? ";""
"31561";"304";"Torch 9850";"";"2014-02-20 21:21";"Anonymous";"My issue with this model is charging pot  ";""
"31562";"304";"Torch 9850";"";"2014-02-10 23:49";"Anonymous";"I have the same problem.";""
"31563";"304";"Torch 9850";"";"2014-02-06 20:36";"zinnychy";"i ve been using this fone since 3 months now, its ok, bt my problem is charging pot, again i hv not seen the hot pot. pls can someone help me ";""
"31564";"304";"Torch 9850";"";"2014-01-14 06:56";"Aqeel";"can I used CDMA and GSM at a time on Torch?";""
"31565";"304";"Torch 9850";"";"2013-12-31 22:05";"Anonymous";"I just started using this phone and l don't know how to on the network and Wi fi for browsing and l have subscribe the Mtn nigeria on blackberry to ping but not working yet ... Please enlight me on it ";""
"31566";"304";"Torch 9850";"";"2013-12-11 05:31";"nadia";"I bought this phone and I'm not getting the option of turning on my wifi";""
"31567";"304";"Torch 9850";"";"2013-10-11 05:39";"prettygirl";"Can someone plzzz respond to me ASAP and tell me if this phone has call waiting and conference calls????";""
"31568";"304";"Torch 9850";"";"2013-10-10 23:50";"Anonymous";"i bought this fone online was very reasonable it looked great had nice features lasted about three weeks then stopped charging.... did son digging found a few other people had the same fone same problem... the charging port in the fone is not soldered properly to the board and the slightest movement will disconnect it apparently it my be a defect in this model had to take it to be soldered back on ...... the guy who took it tried to and burnt the board sooooooo yeah its not working! welllll that was the end of that ... but i know people who got theirs fixed and are still using it to date ";""
"31569";"304";"Torch 9850";"";"2013-10-03 23:52";"@mariah";"the phone is a waste of time,i admit that the camera is good and takes out really nice pics,but the phone is a complete waste of time and money,it doesnt have call waiting,call forwading and u cant even conference a call,without having to hang up the both calls and when you are on the phone no one else can get in contact with you,the phone overheats really fast and every time it gives a little trouble you have to take out the battery and reboot the phone..........what a waste i must say ";""
"31570";"304";"Torch 9850";"";"2013-08-19 21:27";"Watson";"Nope. There is no secondary camera.";""
"31571";"304";"Torch 9850";"";"2013-08-16 15:33";"jamado";"i used this phone for 2weeks the battery is not lasting. ";""
"31572";"304";"Torch 9850";"";"2013-07-04 22:19";"";"can you have a good gaming experience with the blackberry torch 9850 ????";""
"31573";"304";"Torch 9850";"";"2013-06-27 10:01";"soljaboy";"am using this phone just one month but the mouth piece and the charging system not working please help me ";""
"31574";"304";"Torch 9850";"";"2013-06-26 16:13";"";"Yes it work in the Caribbean my is the 9850 unlocked";""
"31575";"304";"Torch 9850";"";"2013-06-26 16:08";"Anonymous";"Yes it work in the Caribbean my is the 9850 unlocked";""
"31576";"304";"Torch 9850";"";"2013-06-10 17:36";"Zama";"i live in south africa,my blackberry torch 9850 was shipped from london and doesnt connect to the internet with any other sim card from this country, how can i change this?";""
"31577";"304";"Torch 9850";"";"2013-05-27 20:39";"";"I believed this phone was a good one until it just came off & not coming on again, it reaches 75% on the rebooting bar & then freezes, no matter how i wipe,flash,factory reset it, its not wrk for nu,steupzzzzzzzzzzzzz";""
"31578";"304";"Torch 9850";"";"2013-04-25 20:56";"Anonymous";"Yes it does";""
"31579";"304";"Torch 9850";"";"2013-04-24 03:17";"Mckacy Prince";"does it work in the caribbean";""
"31580";"304";"Torch 9850";"";"2013-04-16 07:39";"henry";"my own just stopped working.it cant power";""
"31581";"304";"Torch 9850";"";"2013-04-15 17:08";"";"Does the 9850 work in the Caribbean or should i just order the 9860 which is more expensive?";""
"31582";"304";"Torch 9850";"";"2013-04-15 17:06";"Caribbean Boy ";"Does the 9850 work in the Caribbean or should i just order the 9860 which is more expensive?";""
"31583";"304";"Torch 9850";"";"2013-04-08 16:27";"Edu Eyeyen";"I have this BB 9850 it works alright with GSM SIM but when I insert CDMA UIM card does not recognise it, I want what should be the configuration in order to work? ";""
"31584";"304";"Torch 9850";"";"2013-03-22 08:02";"";"think that RIM/BB had mislead its costumer. its said that this phone has 768 MB of RAM. but i've used several RAM optimizer apps. those apps read this phone only has 142 MB of RAM, and after i open several apps, it easily freezed!!! coz it has only 60-70 MB free RAM. damn u BB!! ";""
"31585";"304";"Torch 9850";"";"2013-03-22 04:32";"ravi ranjan";"i want to purchase this phone .. is it a good phone?? ";""
"31586";"304";"Torch 9850";"";"2013-03-21 04:24";"sonda";"helo,,im indonesian,  i have this phone abt a few month ago, i though this phone very nice, applications, social networks, and many more touch screen so responsive cs its use liquid technology on the screen  camera's qyality is good, 5 MP with auto n flash light, but i dislike with design this phone, overall.. my experience is NICE";""
"31587";"304";"Torch 9850";"";"2013-03-16 02:59";"";"small n look nice";""
"31588";"304";"Torch 9850";"";"2013-03-03 23:27";"dpa";" it does support  Mobile Hotspot mode  When you turn on Mobile Hotspot mode, you can use your smartphone as a mobile hotspot so that other Wi-Fi enabled devices can use the mobile network connection on your smartphone. For more information, see Mobile Hotspot mode.  Before you use your smartphone in Mobile Hotspot mode, read the latest safety and product information at www.blackberry.com/docs/smartphones. ";""
"31589";"304";"Torch 9850";"";"2013-02-27 03:23";"walex";"My bb can play video on youtube.error occurred to play media what I can do please.";""
"31590";"304";"Torch 9850";"";"2013-02-18 06:05";"Anonymous";"One for CDMA one for gsm depends on your carrier ( sim card or not)";""
"31591";"304";"Torch 9850";"";"2013-02-14 09:19";"Anonymous";"what the deferrent bb torch 9850 and bb torch 9860???";""
"31592";"304";"Torch 9850";"";"2013-02-07 06:52";"mcstan";"This fone is really good bt the good and bad comments am getting is discouraging...how good is the battery life?";""
"31593";"304";"Torch 9850";"";"2013-01-23 14:44";"Anonymous";"Chuttttt bb is much best than all company mobile ";""
"31594";"304";"Torch 9850";"";"2013-01-09 13:47";"iju";"You cant compare a blackberry to an android, both are totally different usage phone";""
"31595";"304";"Torch 9850";"";"2013-01-02 13:05";"ebby namatukan";"This BB no good...you much try samsung galaxy s iii is the best....";""
"31596";"304";"Torch 9850";"";"2013-01-02 13:04";"ebby namatukan";"This BB no good...you much try samsung galaxy s iii is the best....";""
"31597";"304";"Torch 9850";"";"2012-12-30 20:53";"hassan_abiodun";"It works with any network in nigeria, I use it wit Glo";""
"31598";"304";"Torch 9850";"";"2012-12-23 07:54";"Utkarsh";"My job requires me to move around a lot. I will be in India due to that for the next couple of years. Will this phone work fine? ";""
"31599";"304";"Torch 9850";"";"2012-12-21 00:36";"9850 User";"I bought BB 9850 with Verizon Logo 3 month ago, and I at Indonesia  I use 2 connection first CDMA must inject to BB (that you need akey and Min key. Second connection GSM with sim card.  This gadget only allowed one connection in one time. You must pick CDMA or GSM mode.  Internal storage has 4GB, but application storage only 150MB...  I have External storage free 8Gb.  Work fine with BBM, Facebook, Foursquare, YM, email.  GPS, Bluetooth for handsfree.. Wifi..  Touch screen responsive. Quality of color good But not good at outdoor there so much sunshine at Indonesia..   But I satisfied with this gadget.";""
"31600";"304";"Torch 9850";"";"2012-12-14 05:23";"momomia";"i also have this unit and using it at the moment, but i dont encounter proble such as your's bb msg, fb and other social nets are workng great with my phone, and also the fb fromnthe bb aps is more faster than ones on the iphones. it uploads pics faster and browse faster. ";""
"31601";"304";"Torch 9850";"";"2012-12-08 14:39";"2icy";"Pls. For the fact dat its a CDMA fone....according to the specs...does it mean it won't work wif nigerian SIMcards???";""
"31602";"304";"Torch 9850";"";"2012-11-18 02:28";"Anonymous";"i have this phone given by my aunt from saudi. this phone is under by SPRINT. i uses my own sim card in using this BB phone but every time i send SMS it edusted to my regular load php10.00 each and i cant connect to facebook and twitter using my BB.it states YOU ARE CURRENTLY ON A SERVICE PLAN THAT DOES NOT SUPPORT THIS APPLICATION.what will i do with this?ty";""
"31603";"304";"Torch 9850";"";"2012-11-13 11:44";"hart";"you can buy new one.. iphone 5 best ..";""
"31604";"304";"Torch 9850";"";"2012-11-13 11:41";"unknown";"blackberry so quite need to see the new touch screen ..";""
"31605";"304";"Torch 9850";"";"2012-11-06 03:56";"supervai";"depends on how many numbers your sim can store the numbers..anyway u can move your numbers from sim to phone or phone to sim";""
"31606";"304";"Torch 9850";"";"2012-11-06 03:56";"supervai";"yes support";""
"31607";"304";"Torch 9850";"";"2012-11-04 20:29";"Ascorbic Acid";"Does BB torch 9850 supports whats app? ";""
"31608";"304";"Torch 9850";"";"2012-10-27 00:06";"lylin";"Can this phone be use with band CDMA in other country different to USA?";""
"31609";"304";"Torch 9850";"";"2012-09-22 03:01";"Vio";"Does BB Torch 9850 supports video call?";""
"31610";"304";"Torch 9850";"";"2012-09-08 13:52";"b.k dhamal";"want to transfer my contact from phone to sim ";""
"31611";"304";"Torch 9850";"";"2012-08-30 10:56";"r.b";"very very good";""
"31612";"304";"Torch 9850";"";"2012-08-25 06:13";"xxtxx";"I've just had the same probleme with my curve when I went to charge it the led would show up solid for about 4 mins then stop cupple of tryes later the battery symbal come up on screen I thought it was chargin until I noticed the yellow bar wasn't there it continued for 2 days then the screen just went white I thought it was a virus or wet everything. I went to buy a new phone n luckly before I did I asked the shop keeper about this turns out your battery is damaged there's nothing wrong with the phone u just need a battery. I then remembered whan your phones charging it doesn't show a battery symbol it shows the loading bar n turns on. The battery symbal means ur battery is basically scrwed.   I am about to buy the 9850 but in2 minds due to reading good an bad comments can you tell me what u think of it please ";""
"31613";"304";"Torch 9850";"";"2012-07-22 04:39";"Frankie";"Its good I love it but jest the battery life is poor they have to do a better job on the battery life ";""
"31614";"304";"Torch 9850";"";"2012-07-05 08:31";"kash";"sexy phone";""
"31615";"304";"Torch 9850";"";"2012-06-14 15:25";"";"download bbsak.if your bb shows the welcom screen then it would work and wipe your device.make sure that you have the latest version of blackberry desktop manager and reinstall you blackberry os and your problem could be resoleved and if it does not work dont blame me ";""
"31616";"304";"Torch 9850";"";"2012-05-29 00:11";"cross Trinidad W.I.";"help anyone my phone does shot down once am in the sun. and even when i take out the battery it still give trouble, not even the touch works. i will never buy a black berry ph in my life it trouble.";""
"31617";"304";"Torch 9850";"";"2012-05-13 22:50";"bobby";"once again it is frozen1 Not able to use or retrieve messages. An absolute pain! Would not ever buy a Blackberry again as it has been nothing but problematic!";""
"31618";"304";"Torch 9850";"";"2012-05-12 15:36";"Netjaxxx";"Just reset the phone to factory default by using BBSAK you can get it here bbsak.org, but note that you gonna lose all your stuffs like contacts and all that.";""
"31619";"304";"Torch 9850";"";"2012-05-08 01:55";"Gridd";"Your device has crashed. Use the blackberry desktop software to restore without the battery in the device. Hope you have a backup cous you loosing everything in the phone's memory.";""
"31620";"304";"Torch 9850";"";"2012-05-07 11:27";"katelynr";"Its not good batery ppl";""
"31621";"304";"Torch 9850";"";"2012-05-07 08:52";"bawss";"i tire oh...9ja no dey carry last";""
"31622";"304";"Torch 9850";"";"2012-05-04 06:35";"wasey";" no bb phone has secondary camera but you can do videocalling i think so";""
"31623";"304";"Torch 9850";"";"2012-04-24 03:32";"tridis";"hi everyone, which is expensive and cheaper in the Philippine market. the BB torch 9850 or the curve 9380. both are touch screen and im still thinking what to buy if its curve or torch? Many thanks!";""
"31624";"304";"Torch 9850";"";"2012-04-17 22:06";"slolo";"awsome smartphone";""
"31625";"304";"Torch 9850";"";"2012-03-19 16:17";"KJ";"My blackberry 9850 torch had a black screen and the LED flashing red. It's not rapidly flashing, it lights up for 5 seconds, and then off for about 10 seconds. I have tried taking the battery out loads but nothing seems to work, the screen just stays black. When I plug it into the computer, it connects and disconnects like my phone is turning on and off. I know the screen isn't broke because when I take the battery out the charger in, a battery sign shows with a cross (meaning I don't have the battery in) What is wrong with my phone? Can I do anything to fix it ?";""
"31626";"304";"Torch 9850";"";"2012-03-17 06:05";"KJ";"Yes, u can also use a gsm sim ";""
"31627";"304";"Torch 9850";"";"2012-03-16 23:09";"Anonymous";"what is the price of this phone and can i use tata indicom cdma card in this handset";""
"31628";"304";"Torch 9850";"";"2012-03-07 12:52";"";"how is the battery life?   i am using the 9900, i really like it but it just last. ";""
"31629";"304";"Torch 9850";"";"2012-03-05 10:35";"Richa Shah";"wish to buy this phone.... confused between torch 3 and bold 4";""
"31630";"304";"Torch 9850";"";"2012-03-01 16:22";"amir";"a very good phone";""
"31631";"304";"Torch 9850";"";"2012-02-27 14:30";"manjeet";"very expensive.dont have any added advantage";""
"31632";"304";"Torch 9850";"";"2012-02-24 05:10";"Raj";"Its an Awesome phone.....stylish as well as a huge screen..in BlackBerry. Luving It....";""
"31633";"304";"Torch 9850";"";"2012-02-23 12:33";"Akshay";"Ya a gud phond ";""
"31634";"304";"Torch 9850";"";"2012-02-22 11:36";"looney";"this is great, can use CDMA but unfortune it got no secondary cam for skype.. i downloaded skype but its not work.. soft touchscreen sensitivity just like an iphone..";""
"31635";"304";"Torch 9850";"";"2012-02-20 09:17";"Anonymous";"can i make video call through this handset";""
"31636";"304";"Torch 9850";"";"2012-02-20 03:35";"joy";"can any 1 tell me if dis cell phone hav secondary cam to make skype calling ??? plsssss its matter of buying dis phone so pls guys ";""
"31637";"304";"Torch 9850";"";"2012-02-06 06:01";"bb hater";"Trust 9ja.dem don reach here ";""
"31638";"304";"Torch 9850";"";"2012-02-05 03:30";"Anonymous";"i love it.it i awesome ";""
"31639";"304";"Torch 9850";"";"2012-01-30 21:45";"";"bros abeg leave the guy, nor be everybody dey like go computer village";""
"31640";"304";"Torch 9850";"";"2012-01-29 21:45";"cafdeg";"Bros, go to Slot or computer village and buy this phone and stop looking for online purchase";""
"31641";"304";"Torch 9850";"";"2012-01-28 08:33";"trupti_277@yahoo.co.";"I agree ";""
"31642";"304";"Torch 9850";"";"2012-01-26 13:57";"nunaya lawal";"can i buy on line and will it work in nigeria teel me the procedure on how to ship it to be sure.";""
"31643";"304";"Torch 9850";"";"2012-01-24 06:20";"butty";"Looks &#964;&#773;&#9786; me like a great phone. Just bought it and am particularly thrilled with d clarity of the video and pictures. I wonder why somepeople say trash when they comment. pls, how do I update &#964;&#773;&#9786; os 7.1 ";""
"31644";"304";"Torch 9850";"";"2012-01-23 13:05";"Anonymous";"9850 is the sweetest BB to date. I'm a fan 32GB microSD is awesome. I suggest RIM continue in this direction. Nothing beats security. ";""
"31645";"304";"Torch 9850";"";"2012-01-18 10:41";"Hello Peter";"Hope this comes to South Africa, been waiting for a BB that actualy looks nice..plus upgrade is next month, hope they having good specials :) Vodacom, MTN hint hint...";""
"31646";"304";"Torch 9850";"";"2012-01-16 20:06";"shal";"this is the best phone i ever used.. better thn iphone 4.. really ";""
"31647";"304";"Torch 9850";"";"2012-01-07 05:45";"Anonymous";"me no English... come on guys its nice but different , all BB is with keypad except 9850 ,, bye the way the battery suck  ";""
"31648";"304";"Torch 9850";"";"2012-01-05 19:09";"Naz";"Great phone, but the Battery life SPOILS it ALL !!!";""
"31649";"304";"Torch 9850";"";"2011-12-28 13:58";"ash";"has anyone experience error 507 (reload software) problem with this phone and how did you solve it?!please share....";""
"31650";"304";"Torch 9850";"";"2011-12-22 06:07";"Anonymous";"do you know how to type? and this phone, it has no keyboard, and the life battery is very short, there are other products out there that would be better btw ";""
"31651";"304";"Torch 9850";"";"2011-12-11 15:56";"Trice";"no it doesn't have dual sims. the one prob i have with this phone tho is that the battery life sucks. my battery only lasts half a day";""
"31652";"304";"Torch 9850";"";"2011-12-10 23:07";"ydhianto";"You can download through www.duoberry.com to watch youtube video";""
"31653";"304";"Torch 9850";"";"2011-12-09 23:40";"Anonymous";"nopppppppp...........:(";""
"31654";"304";"Torch 9850";"";"2011-12-06 03:54";"Ritwick 89";"plz plz plz help me ..  Can I directly download Youtube videos by using Blackberry handset ... ....";""
"31655";"304";"Torch 9850";"";"2011-11-30 17:57";"jack";"can it use 2 simcards at once'?  i mean is it dual simcard'?  if yes'? do both of them online at the same time'? or i should switch it up'?";""
"31656";"304";"Torch 9850";"";"2011-11-28 02:51";"";"9860 is the GSM version so actually they're the same...";""
"31657";"304";"Torch 9850";"";"2011-11-22 16:03";"";"Which is better? This or the BB Torch 9860?";""
"31658";"304";"Torch 9850";"";"2011-11-19 12:58";"jm";"is the battery of 9850 last long time?";""
"31659";"304";"Torch 9850";"";"2011-11-18 13:53";"prince_nba";"bb torch is best ya n8 and galaxy s2 best anwser";""
"31660";"304";"Torch 9850";"";"2011-11-15 10:50";"brightnoble96";"i will like to have this BlackBerry 9850 how can i but it online ";""
"31661";"304";"Torch 9850";"";"2011-11-11 15:48";"JustmeinIT";"I have used the Blackberry Torch 9850 for a month now and love. Works very well. Display is very clear and apps run fast and stable";""
"31662";"304";"Torch 9850";"";"2011-11-01 16:20";"Anonymous";"I cant wait for this phone!!! lets just hope it will be available in South Africa!!! ";""
"31663";"304";"Torch 9850";"";"2011-10-31 17:05";"Anonymous";"When will it be available in South Africa?";""
"31664";"304";"Torch 9850";"";"2011-10-29 22:43";"vicky";"hi every one can any tell that this phn cansupport CLIR softwair.which can downlaod by M.GETGAR./";""
"31665";"304";"Torch 9850";"";"2011-10-29 20:50";"rob";"Hi, Can anyone tell me if sprint blackebrry 9850 GSM or CDMA ?";""
"31666";"304";"Torch 9850";"";"2011-10-29 04:17";"Leggs5500";"You did not READ ....it is a Touch Screen.....Hello....";""
"31667";"304";"Torch 9850";"";"2011-10-28 11:43";"connery";"dear,it seems you are not compatible with these type of handsets,so taking samsung may gives you some ";""
"31668";"304";"Torch 9850";"";"2011-10-27 11:12";"sri sri ";"why wasting money on this mobile.there are some smart phones with attracting features available in market like samsung galaxy sII";""
"31669";"304";"Torch 9850";"";"2011-10-10 15:10";"rahul";"This is not look like balck beery style. without key bord hummmmmmm. ";""
"31670";"304";"Torch 9850";"";"2011-10-08 10:39";"";"without a keypad.....blackberry BBM is a DUD!!!!";""
"31671";"304";"Torch 9850";"";"2011-10-08 10:34";"";"this phone is only for gsm. there are only few phones of blackberry for CDMA";""
"31672";"304";"Torch 9850";"";"2011-10-06 14:12";"";"how mush now";""
"31673";"304";"Torch 9850";"";"2011-10-05 09:34";"Anonymous";"yes its compaible ...";""
"31674";"304";"Torch 9850";"";"2011-10-02 10:53";"";"bad news for those who already have a foretaste of the more appetizing playbook features can be fully cloned BlackBerry OS7 weight: The recently released operating system there will be no support for Adobe Flash as well as for Android applications of any kind. Since this torch 9850 uses os7,it wont support flash.";""
"31675";"304";"Torch 9850";"";"2011-10-01 09:48";"sonu";"fascilities are not so good ";""
"31676";"304";"Torch 9850";"";"2011-10-01 01:13";"Lysse";"I'm sort of confused by GSM Arena's specs of this phone. According to the blackberry website, it DOES have flash. Seeing as the old torch and even the storm2 came with flash, I figure it should as well. Can someone verify this? If not, I'm hoping to buy it and can clear that up for you looking for the flash feature.";""
"31677";"304";"Torch 9850";"";"2011-09-24 13:08";"Naveen";"Hey...Is it compatable with Reliance CDMA network ? Also how much is it priced at....Can someone let me know the answer for my queries";""
"31678";"304";"Torch 9850";"";"2011-09-22 14:38";"sukhendu";"what id the cost of black berry Wimax ???????";""
"31679";"304";"Torch 9850";"";"2011-09-20 10:47";"Anyone Everyone";"i reviewd this phone in and i feel Samsung Galaxy S and the upcoming Note are better. The only benefit of a B/Bery is the BBM, which again can be subsituted with whatsapp.   All on all let alone BB OS or Windows or Anna or i-OS or other. nothing beats Anroid. In long run Anroid is hear to stay and rest will be at the back door... so if you are putting your bucks on a phone let it be a Anroid phone..";""
"31680";"304";"Torch 9850";"";"2011-09-17 11:24";"Nick";"I would get one easily over an iPhone. And I own an iPod Touch so I'm very familiar with iOS. Currently I use HTC Desire S so I'm not a Blackberry fanboy either.";""
"31681";"304";"Torch 9850";"";"2011-09-13 08:50";"";"Do not wast money buying this phone. Looks good and touch screen great but nothing compare to iPhone or Android device with many Applications plus the keyboard so small for typing. Android Device like Samsung Galaxy S2 or HTC Sensation.  If you really Blackberry fan as I am too buy Bold 9900 is much better choice than 9860. ";""
"31682";"304";"Torch 9850";"";"2011-09-12 02:35";"DL";"I tried this tonight at a demo by bby. Unbelievably responsive. As good as the tactile keyboard. I have a stood now. No competition at all.";""
"31683";"304";"Torch 9850";"";"2011-09-11 11:43";"Anonymous";"can anyone tell me about the touch screen, how effective is it in terms of typing, cos i use bb for bbm mainly, and i just wanna know if i shud stick to my 9800, but this phone looks sexy!";""
"31684";"304";"Torch 9850";"";"2011-09-10 07:09";"hashim bombayjewelle";"looks grate & cool with all feature expect full hd";""
"31685";"304";"Torch 9850";"";"2011-08-28 17:59";"therock";"SAR ?";""
"31686";"304";"Torch 9850";"";"2011-08-28 08:12";"Sebastian";"Still no flash support?";""
"31687";"304";"Torch 9850";"";"2011-08-28 08:04";"Sebastian";"Still no flash support?";""
"31688";"304";"Torch 9850";"";"2011-08-27 20:11";"";"RIM has made a lot of good BlackBerry phones with excellent designs but now I think RIM should finally release a model with a secondary camera for video calling, since this is what most BlackBerry fans are craving for.";""
"31689";"304";"Torch 9850";"";"2011-08-27 15:17";"hazemfive";"No second cam !!!!!!!";""
"31690";"304";"Torch 9850";"";"2011-08-27 14:56";"jhonson";"i like too...";""
"31691";"304";"Torch 9850";"";"2011-08-27 14:55";"jhonson";"i think..blackberry torch 9850 is one of good model...because it is different to other...";""
"31692";"304";"Torch 9850";"";"2011-08-27 11:08";"whyte";"Is dat at 500?";""
"31693";"304";"Torch 9850";"";"2011-08-27 01:31";"Anonymous";"Chatty .. i have suggested them to put trackpad.  ";""
"31694";"304";"Torch 9850";"";"2011-08-26 20:46";"TOPO";"mmmm....don't see some especial in this phone and know to bb maybe the price is expensive";""
"31695";"304";"Torch 9850";"";"2011-08-26 11:30";"Chatty";"What is a trackpad doing on touchsceen phone";""
"31696";"304";"Torch 9850";"";"2011-08-26 10:31";"Dude";"No flash? Because this phone is for business people...not much of multimedia and camera..so if you thinking of having phone with good camera, don't buy blackberry.";""
"31697";"304";"Torch 9850";"";"2011-08-26 00:18";"amira etman";"very nice but i want to know whats price";""
"31698";"304";"Torch 9850";"";"2011-08-25 11:05";"Anyi";"I love the phone but why don't it have a camera flash";""
"31699";"304";"Torch 9850";"";"2011-08-22 20:52";"Babyz";"U are very correct";""
"31700";"304";"Torch 9850";"";"2011-08-22 16:07";"Sonu";"This is a best";""
"31701";"304";"Torch 9850";"";"2011-08-19 21:46";"Shaker";"Be aware people, BB is a phone you may need. However, it's not a one to like. In other words, gobuy BB just if you need the function. If it's just a phone to you, never buy it.";""
"31702";"304";"Torch 9850";"";"2011-08-19 12:06";"";"notjing special about this one. BlackBerry remains BlackBerry :)";""
"31703";"304";"Torch 9850";"";"2011-08-18 14:19";"sasha";"ohhh yea.... finally,, so looking forward to this.. using the Torch now, and just today i was like, i want to get a new one,, and here i am online,, found what i want next.. looking forward to getting one.";""
"31704";"304";"Torch 9850";"";"2011-08-16 18:48";"isuru00";":)";""
"31705";"304";"Torch 9850";"";"2011-08-16 10:28";"aheadashish";"the best blackberry phone I've ever seen... it will definitely be my next bb. I currently use BB blod 9000... ";""
"31706";"304";"Torch 9850";"";"2011-08-15 16:59";"Anonymous";"No keyboard?? What about front camera and ability to skype. ";""
"31707";"304";"Torch 9850";"";"2011-08-13 20:53";"sitaram saian";"i";""
"31708";"304";"Torch 9850";"";"2011-08-13 10:56";"";"Blackberry finally realized a people love phones with good hardware. 1st blackberry that I would appreciate. ";""
"31709";"304";"Torch 9850";"";"2011-08-13 06:13";"don rufi";"D phone is goin 2 b awesme.";""
"31710";"304";"Torch 9850";"";"2011-08-12 16:10";"Anonymous";"no, u suck";""
"31711";"304";"Torch 9850";"";"2011-08-10 23:40";"lis";"in love with ths phone!!!!!!!!!! ";""
"31712";"304";"Torch 9850";"";"2011-08-10 07:00";"Anonymous";"bb suck";""
"31713";"304";"Torch 9850";"";"2011-08-09 14:31";"";"will os7 have access to android market on their phones? i know the playbook is getting it...";""
"31714";"304";"Torch 9850";"";"2011-08-09 14:18";"sicctt";"i played with this phone a friend of mine got one to field test one of the smoothest and fastest bb i have seen to date";""
"31715";"304";"Torch 9850";"";"2011-08-09 11:51";"";"This will be my next blackberry phone :) But for now I'm sticking to my BB Pearl 3G 9105.";""
"31716";"304";"Torch 9850";"";"2011-08-08 08:15";"JRD";"Im looking foward to this phone, but im not sure about buying this or de new bold 9900, can someone help me picking one, this both are great phones.";""
"31717";"304";"Torch 9850";"";"2011-08-06 23:58";"Anonymous";"hi this good mobile  ";""
"31718";"304";"Torch 9850";"";"2011-08-06 18:42";"scruffy";"bb to the world. have used it for years with no regrets";""
"31719";"304";"Torch 9850";"";"2011-08-05 22:23";"Anonymous";"hey wasn't this the phone that was first announced as the storm three";""
"31720";"304";"Torch 9850";"";"2011-08-05 20:06";"Anonymous";"one is cdma";""

