"21382";"220";"Vu 3 F300L";"";"2015-01-16 05:52";"nj";"yes";""
"21383";"220";"Vu 3 F300L";"";"2015-01-13 20:07";"aslam akbar";"its superb i have update it through wifi its working so smooth and good now am using kitkat 4.4.2 its really good and so fast after updaiting .no tns ty hrough wifi update you can also update and enjoy kitkat version. ";""
"21384";"220";"Vu 3 F300L";"";"2014-11-20 10:36";"honey";"Everbody can upgrade lg vu 3 from any version to kit kat by auto update";""
"21385";"220";"Vu 3 F300L";"";"2014-11-09 18:18";"Anonymous";"Hi im jeff i just wanna know if this device supports video calling? Pls reply. Ty.";""
"21386";"220";"Vu 3 F300L";"";"2014-10-31 07:11";"patrick";"Hi Jam, you check in software update if it has updatable version of Kitkat already then be sure you have a strong WiFi connection and be sure it is fully loaded battery. If you already have the above mention basic connection then start it update via OTA. It automatically detect and continue updating your software version it takes long to finish. If in case you lose connection do not continue cancel it and resume back to zero after a couple of hours. It will restart by own until everything has been in good state. Good luck no worries mine was successful just sharing. ";""
"21387";"220";"Vu 3 F300L";"";"2014-10-30 18:31";"PhabKing";"I have same question...does it work here in India?? Can Ebay be trusted??";""
"21388";"220";"Vu 3 F300L";"";"2014-10-30 06:05";"milap";"Hi all, I am planning to buy this for use in India from ebay. Can anyone guide me whether this (LG VU 3 F300L) will work in India or not? ";""
"21389";"220";"Vu 3 F300L";"";"2014-10-27 05:30";"Anonymous";"was lg vu3 support hdmi (hml)?";""
"21390";"220";"Vu 3 F300L";"";"2014-10-23 09:15";"XactBizzi";"I want to buy this phone from ebay, and I don't know what model of VU3 will work in europe? F300s or F300k ? Does anybody know if this phone work properly in europe? 4gLte will work? PLEASE HELP!! I saw on wikipedia the list of 4GLTE frequency in Asia and Europe, and there is the same in korea, like is in my country: 1800 / 2600 TDD...what is the meaning of this? will LTE work here in europe?&#65279;";""
"21391";"220";"Vu 3 F300L";"";"2014-10-22 23:38";"fahadi";"hi i hv Lg vu 3 f300l im in dubai";""
"21392";"220";"Vu 3 F300L";"";"2014-10-21 16:52";"XactBizzi";"Why they don't send LG VU 3 to EUROPA? Why there is no european model? I'm from Romania and I want to buy LG Vu 3 and I don't know where to find one";""
"21393";"220";"Vu 3 F300L";"";"2014-10-04 18:33";"jhoravi";"vegaviet is for Pantech brand. lgviet is for LG. goto the link below if your stock firmware is already 4.4.2  ";""
"21394";"220";"Vu 3 F300L";"";"2014-10-02 02:35";"llehc";"nothing appears in the download link for root tool in vegaviet";""
"21395";"220";"Vu 3 F300L";"";"2014-09-22 19:59";"mani";"pz anyone tel me about its battary life??continuously using game OR wifi is that go on for hour hr??";""
"21396";"220";"Vu 3 F300L";"";"2014-09-15 17:12";"Jhoravi";"thanks but problem was already solved. In fact I already rooted my vu3 by following instructions from lgviet.com site. Now I'm very happy after I discovered the software called Xposed Framework. ";""
"21397";"220";"Vu 3 F300L";"";"2014-09-11 09:47";"Anonymous";"Its a software problem..... You cannot do anything.... Try to fix it by showing your nearby LG service centre... Else.... Email them";""
"21398";"220";"Vu 3 F300L";"";"2014-08-20 20:36";"jhoravi";"Hi vu3 users,  Can anybody share the steps on how to factory reset? I already managed to get to the portion where i can see a lying robot with open tummy door with exclamation mark. How to proceed?  Thanx for the help";""
"21399";"220";"Vu 3 F300L";"";"2014-08-20 13:22";"jhoravi";"Hi vu3 users,  Can anybody share the steps on how to factory reset? I already managed to get to the portion where i can see a lying robot with open tummy door with exclamation mark. How to proceed?  Thanx for the help";""
"21400";"220";"Vu 3 F300L";"";"2014-08-19 07:09";"muyaw ";"Great although it has low pixel density i admire it and like it.";""
"21401";"220";"Vu 3 F300L";"";"2014-08-13 05:26";"Fidel@SG";"No problem when i upgrade it to KitKat ... i bought it here in SG after i saw it in korea ... ";""
"21402";"220";"Vu 3 F300L";"";"2014-08-04 18:33";"jham";"Mine is LG vu 3 f300L havent updated yet. Im still planning. Any advice?";""
"21403";"220";"Vu 3 F300L";"";"2014-07-30 18:32";"Jham";"Im planning to upgrade my OS to Kitkat. Does anyone here already made it? Is there any issues you're encountering? I heard most of issues is about battery life.   Jham, Philippines.";""
"21404";"220";"Vu 3 F300L";"";"2014-07-30 18:29";"jham";"Did you upgrade it to kitkat? Mine is F300L.";""
"21405";"220";"Vu 3 F300L";"";"2014-07-18 20:58";"";"The camera is exellent both front and back. same quality as of LG G pro 2.";""
"21406";"220";"Vu 3 F300L";"";"2014-07-16 20:08";"AQeeL";"Thanks dear.. Can you please tell me about its camera quality? Its camera result is really very good or just normal as like LG-F180's 13mp camera have not a good camera result.. Please tell.. Thanks";""
"21407";"220";"Vu 3 F300L";"";"2014-07-12 11:04";"JhorAVi";"Hi vu3 owners,  My Auto Brightess seems dimmer than normal. Can you confirm it on your devices?  Thanks";""
"21408";"220";"Vu 3 F300L";"";"2014-07-09 16:48";"Nimo30";"Does anyone know if this mobile will ever be released in any country other than us and qoria";""
"21409";"220";"Vu 3 F300L";"";"2014-07-05 17:39";"";"I just want to clear things out that the LG Vu3 has a micro sd card slot. Been using this phone for 4 days and it's superb! better than Note 3.";""
"21410";"220";"Vu 3 F300L";"";"2014-06-23 18:44";"philippe";"I lost my rubberdium stylus....where can I buy spare for my LG Vu3 ?  Thank you   Philippe from France";""
"21411";"220";"Vu 3 F300L";"";"2014-06-10 17:46";"xactbizzi";"man you are great!!! thanks!!! it works!!! with GO SMS app there's no characters limit on sms,you can write how long you want! and there are so many themes for sms look! awsome!";""
"21412";"220";"Vu 3 F300L";"";"2014-06-09 09:16";"musa";"You have to install go sms app from play store and then enjoy the large sms.";""
"21413";"220";"Vu 3 F300L";"";"2014-06-05 16:30";"";"Mine is F300K and there's no char limit in SMS. But yes rooting is necessary. just try your luck at lgviet.com but use chrome browser for automatic english translation ";""
"21414";"220";"Vu 3 F300L";"";"2014-06-04 17:42";"xactbizzi";"Perfect phone! except one thing: 80 characters limit on sms.why? i tried to fix it but i must root my LG Vu 3 and i can't find any way to root it.can anybody help me? xactbizzi it's my yahoo id";""
"21415";"220";"Vu 3 F300L";"";"2014-05-30 01:09";"Anonymous";"I am Blackberry user and never attracted to any touch android phone but this lg model is out of the world I think it is better then samsung,htc or any other good lg ";""
"21416";"220";"Vu 3 F300L";"";"2014-05-02 10:36";"patt";"I love this phone because it seem like a mini version of iPad mini.";""
"21417";"220";"Vu 3 F300L";"";"2014-04-05 02:48";"Roseline";"Hopefully LG Vu 3 will be launched in Indonesia soon. i want this phone badly.....pleaseee";""
"21418";"220";"Vu 3 F300L";"";"2014-04-02 14:46";"xbzz";"I hope LG will send it worldwide.We are waiting for LG VU 3 in romania.Thanks!";""
"21419";"220";"Vu 3 F300L";"";"2014-03-18 17:20";"bioshark";"My phone lG vu 3f300k from koria 16g with micro sd yesterday i have updte to kitkat its agood phone  13mega camera 2.1 front camera,answer me system ";""
"21420";"220";"Vu 3 F300L";"";"2014-03-16 11:52";"ayy";"I really curious about this phone. It can be another choice for the phablet trend, but hopefully with more affordable price. Really hope this phone will be available worldwide (especially asean country)";""
"21421";"220";"Vu 3 F300L";"";"2014-03-14 20:24";"mt4";"i have vu iwas waiting for vu 2 but lg didnot send it to iran. so i'm expecting lg to send vu 3 to iran i wanna buy .... hard to keep in pocket but perfect and specific in hand. iranian peaple are waiting for this lg. donot forget. ( Iran )";""
"21422";"220";"Vu 3 F300L";"";"2014-02-16 20:42";"jt";"LG should release their phones worldwide. I wanted the lg optimus vu 2, but it was not available in the U.S. ";""
"21423";"220";"Vu 3 F300L";"";"2014-02-07 10:35";"";"If this is so ugly, then the iPad is so ugly!!  4:3...";""
"21424";"220";"Vu 3 F300L";"";"2014-02-04 14:41";"Anonymous";"It's so ugly!";""
"21425";"220";"Vu 3 F300L";"";"2014-01-17 21:32";"Anonymous";"come on LG I agree with other opinion this phone shoue be released on the European market !!!";""
"21426";"220";"Vu 3 F300L";"";"2014-01-03 19:52";"";"Only 16GB and no MicroSD slot on a flagship ! since everything is in Full HD, every smartphone must offer a minimum of either 32GB w/o memory card slot or 16Gb with memory card slot, considering that this phone is capable of 1080P at 60FPS, with an expected available memory of 11GB out of 16GB plus music and a bunch of apps installed , if you get 15min to 30min of video recording you're a boss ;-)";""
"21427";"220";"Vu 3 F300L";"";"2013-12-30 09:20";"";"Why can't south korea release this beautiful phone internationally... I mean you can obviously order this on online stores like amazon but the pre-installed korean applications are just there and cant be uninstalled unless you root your phone which I have no plans to do it.";""
"21428";"220";"Vu 3 F300L";"";"2013-12-24 12:34";"ssssz";"Look it up on Amazon. Should be no less than 800 euros!";""
"21429";"220";"Vu 3 F300L";"";"2013-12-23 09:25";"Koniber";"Does that available in egypt ?  If so   where to buy? ";""
"21430";"220";"Vu 3 F300L";"";"2013-11-29 13:22";"Anonymous";"Can i have the price details please...";""
"21431";"220";"Vu 3 F300L";"";"2013-11-26 20:15";"";"16\32GB   No Expand...   Just like G2.";""
"21432";"220";"Vu 3 F300L";"";"2013-11-25 14:06";"";"Guys, I think that the specification is down below...  MODEL: LG F300. CPU & GPU: Qualcomm MSM8974 Snapdragon800 Quad-core 2.26GHz Krait400, Adreno330. MEMORY: RAM 2GB, ROM 16GB/32GB. MICRO SD: NO EXPAND. SCREEN: 5.2 inches(~308 ppi)1280x960 pixels. CAMERA: 13 MP Auto Focus, LED flash. ANDROID VERSION: v4.2.2(Jelly Bean). BATTERY: 2610 mAh(Li-Po).";""
"21433";"220";"Vu 3 F300L";"";"2013-11-19 21:30";"bob";"I want one! 4:3 ratio for the win!   only... can't find it for a reasonable price in the US";""
"21434";"220";"Vu 3 F300L";"";"2013-11-14 21:50";"jt";"I don't think LG is going to release this gsm version phone. I'm still waiting for the LG vu 2 gsm version. It was supposed to be released this year. ";""
"21435";"220";"Vu 3 F300L";"";"2013-11-11 19:46";"hkb";"Who is aware? when this phone is releasable at list? I am expected for that eagerly! Who is aware?";""
"21436";"220";"Vu 3 F300L";"";"2013-10-24 00:23";"";"32gb internal memory ,2 gb ram";""
"21437";"220";"Vu 3 F300L";"";"2013-10-23 14:35";"like Lg Vu 4";"Lg Vu 4 hot if: Pin: 3000 mAh  Ram: 3gb  TouchID: yes  Camera: Stabilization Dust proof and water resistant";""
"21438";"220";"Vu 3 F300L";"";"2013-10-18 13:22";"";"No one seems to notice this. this phone will CRUSH every phone in benchmarking.. can't even image the fps in games .. iphone will seem slow  the 960x1280 is a very smart screen resolution .. ofers retina level ppi , but at almost half the pixels for the adreno 330 of the snapdragon 800 to push .. that means DOUBLE the grafical power of a note 3 ..";""
"21439";"220";"Vu 3 F300L";"";"2013-10-13 06:48";"like lg vu 4";"Lg Vu 4 hot if:  Card slot: yes Pin: 3000 mAh Ram: 3gb TouchID: yes camera: Stabilization";""
"21440";"220";"Vu 3 F300L";"";"2013-10-12 22:34";"jt";"The orginal LG Vu came with a gsm version. The LG Vu 2 was never released with a gsm version. The Lg Vu 3 will most likely never be released with a gsm version. Unfortunately. I have the original vu and love it. I wanted the Lg vu 2 gsm version, but they never came out with it. Lg is missing out. There is a market out there for the gsm versions of these phones. ";""
"21441";"220";"Vu 3 F300L";"";"2013-10-07 07:52";"Earl";"The details for the internal memory aren't available because this smartphone is yet to be released in the near future. Get it? Thanks.";""
"21442";"220";"Vu 3 F300L";"";"2013-10-04 10:17";"pad";"read. says nothing about memory. Just RAM 2 GB.";""
"21443";"220";"Vu 3 F300L";"";"2013-10-04 07:19";"Anonymous";"2 gb of RAM...not internal memory";""
"21444";"220";"Vu 3 F300L";"";"2013-10-03 23:17";"Anonymous";"2GB internat without Card slot. waste of money";""
"21445";"220";"Vu 3 F300L";"";"2013-10-03 16:55";"ghencea RO";"Not bad this lenght/width ratio...You can see more in same lenght. I would try it.";""
"21446";"220";"Vu 3 F300L";"";"2013-09-29 12:31";"";"Is the phone like that. :D";""
"21447";"220";"Vu 3 F300L";"";"2013-09-29 08:07";"SONAM";"ipad mini supports the same 4:3 aspect ratio. so y this fuss over the aspect ratio. its great ";""
"21448";"220";"Vu 3 F300L";"";"2013-09-28 20:55";"Park Jinri";"I think the design is nearly the same with Galaxy S series~ Since the cut the edges smoothly~  Anyway when will be the rumored date of release for this phablet?";""
"21449";"220";"Vu 3 F300L";"";"2013-09-28 11:40";"Cyberius";"This is the perfect Phablet not too awkward to hold like taller ones and it won't look too big if you hold it to you ear. Honestly the taller phabs offer no advantages to this one. The styling of this beast is too good for other phabs in the competition. Will definitely buy this when it hits the market. Hopefully sooner here in Philippines. ";""
"21450";"220";"Vu 3 F300L";"";"2013-09-27 14:01";"";"I have the 1st Lg Vu F100s so instead of getting the Vu 2 I'll just wait for the release of Vu 3. ";""
"21451";"220";"Vu 3 F300L";"";"2013-09-27 04:37";"papatootz";"my VU2 doesn't hav fm radio..dis one much better..but for the design I still go for my VU2";""
"21452";"220";"Vu 3 F300L";"";"2013-09-26 12:25";"Iskander";"LG better releases this beauty, including the mad flipcover, in Europe asap. At least this phone stands out from the crowd.";""
"21453";"220";"Vu 3 F300L";"";"2013-09-25 03:22";"balta972";"NO slot card... For REAL!?!";""
"21454";"220";"Vu 3 F300L";"";"2013-09-25 02:20";"Anonymous";"wonder if this one will be for sale in UK:/";""
"21455";"220";"Vu 3 F300L";"";"2013-09-24 16:57";"sssz";"I want one soooo bad!";""
"21456";"220";"Vu 3 F300L";"";"2013-09-24 08:09";"";"If the previous Vu phones were flops then why on earth did LG decided to continue the Vu series with a third Vu phone?!";""
"21457";"220";"Vu 3 F300L";"";"2013-09-24 08:07";"";"So LG didnt cancel its Vu series. Maybe there is still a market after all for phones with screens that has 4:3 aspect ratio. It maybe short & stout but the 4:3 aspect ratio is actually better for reading ebooks and web browsing.";""
"21458";"220";"Vu 3 F300L";"";"2013-09-24 04:57";"unkown";"very poor memory, ";""
"21459";"220";"Vu 3 F300L";"";"2013-09-24 04:56";"unkown";"poor memory, ";""
"21460";"220";"Vu 3 F300L";"";"2013-09-24 03:52";"Crunchy";"Whatever happened to LG? This device looks like an s4, an ugly compressed s4 (to me!). They should have derived the design to the Optimus G.";""
"21461";"220";"Vu 3 F300L";"";"2013-09-24 00:42";"andro";"this phone will be a benchmark king beause of snapdragon 800 and a lower resolution screen :))";""
"21462";"220";"Vu 3 F300L";"";"2013-09-23 23:41";"hrndgn";"In terms of design, it is gs4 s fat little adopted brother..";""
"21463";"220";"Vu 3 F300L";"";"2013-09-23 22:36";"";"Interesting design.";""
"21464";"220";"Vu 3 F300L";"";"2013-09-23 18:42";"eddouze";"Lol.. are u sure guys like the same engineer isnt working with both Samsung and LG to me it looks like that except he did something dumb he switched the back and menu (touch) buttons and took a 150 ton press and used it on let say maybe the note 3 or some phone (samsung) that's very tick... Anw I have nothing else to say... ";""
"21465";"220";"Vu 3 F300L";"";"2013-09-23 17:56";"";"Superb specs. I hope LG launches it soon.count me in as a prospective buyer.";""
"21466";"220";"Vu 3 F300L";"";"2013-09-23 17:27";"";"ugly compressed note 3 !!";""
"21467";"220";"Vu 3 F300L";"";"2013-09-23 15:46";"Stonner";" Wow ! A small "Card Board" designed. Latest floppy innovative idea of LG.";""
"21468";"220";"Vu 3 F300L";"";"2013-09-23 15:34";"Luyou";"Umm is something wrong with the pic or is the phone like that ?";""
"21469";"220";"Vu 3 F300L";"";"2013-09-23 14:44";"";"Lol. it looks like a premium chopping board.";""
"21470";"220";"Vu 3 F300L";"";"2013-09-23 14:06";"Shapeless";"Badly designed. Too wide to handle as an usual phablet";""
"21471";"220";"Vu 3 F300L";"";"2013-09-23 14:01";"babak";"is it going to be a phone or a tv? i will think about g2 but this phone is not my choice, lg will not update vu android os as they showed on vu and vu2";""
"21472";"220";"Vu 3 F300L";"";"2013-09-23 11:47";"vineet";"this phone is also gonna be flop like previously vu1 and vu2..i think lg has lost their mind";""
"21473";"220";"Vu 3 F300L";"";"2013-09-23 11:23";"";"This thing has no chance against note 3";""

