"14717";"143";"Xperia C3 Dual";"";"2015-01-21 04:23";"Anonymous";"Yes bro me too facing same problem rear camera is like 2 mp then what you do I m sending it back to sony care";""
"14718";"143";"Xperia C3 Dual";"";"2015-01-20 13:48";"s.m tutul";"I cant give any video call in this phone. Anybody please tell how would i solve this problem";""
"14719";"143";"Xperia C3 Dual";"";"2015-01-20 13:15";"s.m tutul";"I cant give any video call in this phone. Anybody please tell how would i solve this problem";""
"14720";"143";"Xperia C3 Dual";"";"2015-01-20 09:29";"Harpreet ";"816 plz";""
"14721";"143";"Xperia C3 Dual";"";"2015-01-20 07:40";"jai";"I found that the Xperia C3 handset comes to home screen while heavy gaming and also i had some issue with the autorotate option. Anybody else got the same issue? ";""
"14722";"143";"Xperia C3 Dual";"";"2015-01-20 07:22";"deepansh";"Xperia c3";""
"14723";"143";"Xperia C3 Dual";"";"2015-01-19 21:53";"ks15";"Dear friend, download automatic task killer from play store and set the function to act on the screen off. When this problem occurs don't worry, press the power button & release only. It can help you.";""
"14724";"143";"Xperia C3 Dual";"";"2015-01-19 21:36";"davis";"Hi Eross,  Please simply say if c3 worth or not for the rear camera, because all are said only one point of disadvantage about this pfone 8mp rear camera is poor. so please suggest if really c3 got 8mp rear camera quality is worth or poor.";""
"14725";"143";"Xperia C3 Dual";"";"2015-01-19 13:02";"Anonymous";"I have same problem vat to do ";""
"14726";"143";"Xperia C3 Dual";"";"2015-01-19 11:57";"";"I am using Xperia M2 dual sim its awesome phone now i will upgrade to Xperia C3 soon :) ";""
"14727";"143";"Xperia C3 Dual";"";"2015-01-19 10:06";"Sherif";"I had bought the sony xeperia C3 mobile for Rs 20,993 on 7th Jan after a week the display has came out from the mobile while the mobile in charge i went to sony service center they told that simply it is physical damage there is no scratch are broken mark on the mobile then how its physical damage and they asked me to pay Rs 9000 for the display they didn't asked me how it is happened after i call to sony customer care there is no proper reply from them i love sony electronics things but now they disappointed me and cheating me so please don't buy sony products.....";""
"14728";"143";"Xperia C3 Dual";"";"2015-01-19 10:00";"deepika";"htc desire 820q r sony c3 which is best phone to buy?";""
"14729";"143";"Xperia C3 Dual";"";"2015-01-19 07:13";"Mahesh Solanki";"This Phone Priz Is High Sho Low Praig To Market";""
"14730";"143";"Xperia C3 Dual";"";"2015-01-18 16:38";"eross";"Just bought this phone today... i admit the rear camera is abit blurry... but when i see the pic detail... in low light situation the lens will be open in widest apperture of f2.3.. i am a photograper and its normal for widest apperture to lost it sharpness because to gain more light coming in...so your picture become less sharp but more clear..also the shutter speed is at 1/15 that add some blurriness..to counter the situations use tripod or put in steady place... the grain in picture is because of its high ISO sensitivity... even if you buy entry level DSLR also produce the same grain or in photography term we call picture noise.. i suggest to use  manual mode to take picture.. but in day or sunny condition it should take good picture... hope this will help ..";""
"14731";"143";"Xperia C3 Dual";"";"2015-01-18 07:50";"ketan";"ohh sony is pathetic company even i have used xperia M and sold in 4 months even i was happy after buying xperia M but after using main problem started camera quality is bad it hangs in just 10 days of usage...know i m owner of samsung and 1000 times happy with samsung...sony is garbage...";""
"14732";"143";"Xperia C3 Dual";"";"2015-01-18 05:22";"monu";"if u wanna buy a branded phone in 25000/- below ist best  above thats price u can purchase note3 neo more faster in performance and other features";""
"14733";"143";"Xperia C3 Dual";"";"2015-01-18 04:55";"Ankit";"Which fone is best grand 2 or xperia c3 plz reply fast...";""
"14734";"143";"Xperia C3 Dual";"";"2015-01-17 20:48";"pranshu";"within a two week of buying i have to visit service center thrice because of internet problem. pathetic service.never buy sony again.";""
"14735";"143";"Xperia C3 Dual";"";"2015-01-17 08:51";"mohan";"I am used samsung ace duos  it very bad phone and after reseting it crashes mother board and sumsung company is worst nothing more than that";""
"14736";"143";"Xperia C3 Dual";"";"2015-01-16 22:37";"beibby";"Good but not so :(";""
"14737";"143";"Xperia C3 Dual";"";"2015-01-16 08:01";"Baratilwe";"I wanna know if the Sony C3 is also water resistant";""
"14738";"143";"Xperia C3 Dual";"";"2015-01-16 00:35";"Armaan";"i want to buy this phone, anyone can please give me an advice about that .";""
"14739";"143";"Xperia C3 Dual";"";"2015-01-15 06:26";"leng puthy William";"I want to root Sony Xperia C3  plz help me ";""
"14740";"143";"Xperia C3 Dual";"";"2015-01-14 14:37";"Anonymous";"Hi can you help me.i buy my phone sony c3 last nov.3 2014.but why sometimes hang it makes the screen turn off i cannot on it after a minutes it takes on itself.can you help me what can i do.";""
"14741";"143";"Xperia C3 Dual";"";"2015-01-14 13:47";"ABCD";"Noooooooooooooooooooo";""
"14742";"143";"Xperia C3 Dual";"";"2015-01-14 13:45";"ANSHUL GUPTA";"i think ram should be 1.5 or 2 gb. and rear camera is not satisfactory";""
"14743";"143";"Xperia C3 Dual";"";"2015-01-14 09:00";"Siddhartha zedia";"Everything is good except back camera blur in back camera complained to service centre and Sony care nothing to solved by him they all ate cheaters  ";""
"14744";"143";"Xperia C3 Dual";"";"2015-01-14 07:10";"Anonymous";"Hi,Can anyone tell me which is the best cell ph T2 Ultra or htc 816g pls rpy  ";""
"14745";"143";"Xperia C3 Dual";"";"2015-01-13 23:39";"razvan";"Hi, I have an Xperia C3 for 3 days and I've notice an extremely bad sound; I hear a vibration even at half volume and it seems the microphone is alsi bad because the others said to me they have problems to understant what I say; the old Samsung Galaxy Ace Duos has a much better sound, does anybody esle experienced such a bad sound?";""
"14746";"143";"Xperia C3 Dual";"";"2015-01-13 15:33";"Anonymous";"What to buy? sony xperia c3 or samsung galaxy prime? please I badly need your reply.";""
"14747";"143";"Xperia C3 Dual";"";"2015-01-12 21:19";"Kavya";"camera clarity is So worst.. how should I adjust the cam settings?? please help me ";""
"14748";"143";"Xperia C3 Dual";"";"2015-01-12 16:58";"Tridip";"I think there's a pending application update on your phone. If you update your album application, the problem will be solved. ";""
"14749";"143";"Xperia C3 Dual";"";"2015-01-12 13:57";"nishar";"i have installed asphalt 8 in my xperia c3 but i cant able to play whet anyone can help ";""
"14750";"143";"Xperia C3 Dual";"";"2015-01-12 10:51";"Anonymous";"yes... support ...";""
"14751";"143";"Xperia C3 Dual";"";"2015-01-12 10:42";"N";"Hey! anybody tell me, Xperia C3 is supporting to 32 gb memory card or hanging/ slow in between. ";""
"14752";"143";"Xperia C3 Dual";"";"2015-01-11 14:50";"";"My c3 camera is so bad so help me";""
"14753";"143";"Xperia C3 Dual";"";"2015-01-11 11:37";"Anonymous";"Htc desire 816 is better in ram and processer but the xperia c3 in selfies and body in more nice";""
"14754";"143";"Xperia C3 Dual";"";"2015-01-10 09:09";"pratik raj";"not a satisfied with this xperia c3. i was perches 6th,jan,2015, and after 4 days display is gone. so frds before purchase be caare fulll ";""
"14755";"143";"Xperia C3 Dual";"";"2015-01-08 13:38";"mic";" My phone hangs most of the time i try to stop any out going call. Please advise. ";""
"14756";"143";"Xperia C3 Dual";"";"2015-01-08 10:52";"varun";"Can anybody tell me which phone is better xperia c3 or htc 816g";""
"14757";"143";"Xperia C3 Dual";"";"2015-01-08 02:56";"gandhi";"How can i play setting for camera i dont now how to do pliz tell me ?";""
"14758";"143";"Xperia C3 Dual";"";"2015-01-07 22:24";"alleve ";"I got the same problem with mine the front cam is ok but the back can is like a 2megaP";""
"14759";"143";"Xperia C3 Dual";"";"2015-01-07 20:06";"chitranshu Verma ";"Sir go for samsung galaxy grand prime. Its the best in 14000. Much more good. I have tested its camera and sony c3 camera but Samsung prime camera is much more good. Its your choice but you can also go for lg g3 its the flagship device of lg but grand prime is value for money. Now its your choice ";""
"14760";"143";"Xperia C3 Dual";"";"2015-01-07 15:05";"Fir";"I have this problem as well. I like the phone and sending it for repair in hopes they can fix it or replace it with another c3 hehe";""
"14761";"143";"Xperia C3 Dual";"";"2015-01-07 08:45";"Janak";"hi, i have facing problem in memory, when i erase the photo and video it will be back in a day. what i do ???? pls. help me ";""
"14762";"143";"Xperia C3 Dual";"";"2015-01-07 07:17";"Pelo";"Hi Guys would like to know if C3 dual its a waterproofed phone????";""
"14763";"143";"Xperia C3 Dual";"";"2015-01-07 07:14";"Pelo";"Play around with your settings it has a good camera";""
"14764";"143";"Xperia C3 Dual";"";"2015-01-06 16:59";"vikram";"i am using c3 last one week padst still everthing is going good .but some times tuch is slow";""
"14765";"143";"Xperia C3 Dual";"";"2015-01-06 16:39";"gandhi";"My xperia c3 dual's rear camera is toooooooo bed how can i do foto are blur....... pliz, anybody solve me......in this time i m just hating this fone.";""
"14766";"143";"Xperia C3 Dual";"";"2015-01-06 12:56";"shivang";"hey, u can download applock and there is a function of photos vault in it  try it";""
"14767";"143";"Xperia C3 Dual";"";"2015-01-06 10:04";"Jack";"hello friends any app suggetion of hide photos and videos for xperia c3 dual... i was tried many app but all r bullshit...please gv any suggetion if possible.. Thanks";""
"14768";"143";"Xperia C3 Dual";"";"2015-01-06 09:55";"Anonymous";"its rear camera picture quality is so worst in low light otherwise awesome mobile sony xperia c3.i am using this phone from 1 month.i have no problem with this.";""
"14769";"143";"Xperia C3 Dual";"";"2015-01-06 09:52";"amit";"photo and video quality is very bad.";""
"14770";"143";"Xperia C3 Dual";"";"2015-01-06 07:03";"rRaju";"hi guys..  Plese suggest which mobile to purchase,Sony C3 or htc 816G";""
"14771";"143";"Xperia C3 Dual";"";"2015-01-06 06:16";"mk";"I also faced same problem n i visited sony galary bt not solveed the problem so there is no sollution... ";""
"14772";"143";"Xperia C3 Dual";"";"2015-01-06 06:03";"mk";"The camera quality us disappointing you so i sugest u dont go for it pls";""
"14773";"143";"Xperia C3 Dual";"";"2015-01-05 22:47";"Anonymous";"Rear Camera is not clear and the music stops or jammed whatever,but it's a good phone if you don't mind.I bought it as a back up phone so my user-experience may differ with those who are using it as their main phone,overall if you love Android it's perfect.";""
"14774";"143";"Xperia C3 Dual";"";"2015-01-05 18:53";"Anonymous";"This is very sexi phone and good pictures quality, good size, good camera. This is very good phone. ";""
"14775";"143";"Xperia C3 Dual";"";"2015-01-05 16:04";"ajay";"am alsoo facing the same problem..what to do???";""
"14776";"143";"Xperia C3 Dual";"";"2015-01-05 14:52";"anuj";"i recently purchased new phone it shows 4.68 internal memory but in specs it shows 8 gb how is itr possible";""
"14777";"143";"Xperia C3 Dual";"";"2015-01-04 18:21";"laddu";" my mobile has 5gb internal memory....but in specifications they mentioned as 8gb ..how it is possible...";""
"14778";"143";"Xperia C3 Dual";"";"2015-01-04 18:18";"sri";"in my mobile it is showing 5gb internal memory....but in feayures it is mentioned as 8gb how it is possible";""
"14779";"143";"Xperia C3 Dual";"";"2015-01-04 10:29";"dhawal";"Pls check if you have removed the plastic cover from the rare camera. ";""
"14780";"143";"Xperia C3 Dual";"";"2015-01-04 06:10";"Teja";"How to enable superior automode in sony xperia c3?";""
"14781";"143";"Xperia C3 Dual";"";"2015-01-04 06:07";"Anonymous";"buyd Xperia c3 dual b4 month finally sold after using 30 days dnt buy waste of money camera quality is poor better go wit htc 820  ";""
"14782";"143";"Xperia C3 Dual";"";"2015-01-03 15:49";"Hema";"As above said.. I am facing the same problem rear camera quality is totally poor photos will come blurry.. Front cam quality is outstanding.. But rear camera quality, I am just hating it.. Micromax phones clarity is much better if we compare to experia c3.. Just hating it.. My friend also facing the same problem.. I request if somebody wanting to purchase it just don't go for it..";""
"14783";"143";"Xperia C3 Dual";"";"2015-01-03 12:45";"xyz";"pls suggest me which phone is better to use between xperia t2 & xperia c3.  I am vry confused which one to get for me";""
"14784";"143";"Xperia C3 Dual";"";"2015-01-03 08:56";"Rehaan";"Can u suggest me LgG3 stylish is good ya sony c3 plZz frnd fast reply I am totly Confiuge? ";""
"14785";"143";"Xperia C3 Dual";"";"2015-01-02 12:28";"kapil";"guys i wants to buy dis mble C3 dual ";""
"14786";"143";"Xperia C3 Dual";"";"2015-01-02 11:23";"Mujju";"Lumia 730 is the best phone if you compare with C3.";""
"14787";"143";"Xperia C3 Dual";"";"2015-01-02 07:34";"Anonymous";"my gf got dis fone jus 1day back n she facing prob with camera, pictures cuming blurplz suggest wt to do ";""
"14788";"143";"Xperia C3 Dual";"";"2015-01-02 07:18";"dbd";"Yes u r right..i was so disappointed to use this device, finally sold it off after using 22 days..it was a vry bad sony experience..wil nvr buy sony mobiles again.";""
"14789";"143";"Xperia C3 Dual";"";"2015-01-02 06:30";"jack";"go to settings & clear cache memory of camera & u wil get beteer picture quality i also confirmed with sony care...all d bst..";""
"14790";"143";"Xperia C3 Dual";"";"2015-01-02 06:29";"jack";"is it possible to upgrade lollipop on xeria c3 dual...";""
"14791";"143";"Xperia C3 Dual";"";"2015-01-01 15:38";"Shamy";"This phone is awesome by all means, the back camera is perfect, front camera is 3 MB not 5 but it's amazing in selfies, processor is very fast so far with the 1GB ram, it's simply brilliant device and I would recommend it for anyone. ";""
"14792";"143";"Xperia C3 Dual";"";"2014-12-31 18:21";"kush";"Hang mobile and some time all options get blank";""
"14793";"143";"Xperia C3 Dual";"";"2014-12-31 10:01";"Jack ";"Thanks Bro u gave a valuable comment for all ... thanks again";""
"14794";"143";"Xperia C3 Dual";"";"2014-12-30 21:38";"prit";"Yes...having same problem with camera option after update the pictures in flash came so dark n the without flash pictures are also blurry.Sony mobiles need to fix this problem ASAP....";""
"14795";"143";"Xperia C3 Dual";"";"2014-12-30 20:32";"ridoy ";"Irealy like it";""
"14796";"143";"Xperia C3 Dual";"";"2014-12-30 18:05";"";"Is there any issue regarding automatically restart or hanging problem in xperia c3??? or how will give points to c3 out of 10?? reply must...";""

