"17290";"162";"Xperia ZR";"";"2015-01-21 06:22";"Anonymous";"on phone visibility";""
"17291";"162";"Xperia ZR";"";"2015-01-19 14:32";"Anonymous";"Hi friends, Iam using this Xperia ZR last six months.at first day Bluetooth works fine but now my doesn't connect to other phones by bluetooth and WiFi also.what can I do?Is there any solution?anyone please tell me.";""
"17292";"162";"Xperia ZR";"";"2015-01-19 13:55";"Manoj";"Hi Friend, If u want to change the touch,both touch and display will come as unit u cant change touch itself.For changing touch and display it will be around 6500.";""
"17293";"162";"Xperia ZR";"";"2015-01-19 13:45";"Manojkumar";"Very Good Mobile I'm using for an year i didnt find any problem.Accidently my mobile fell in water after a 5-6 days it has became normal without servicing.Good Mobile.";""
"17294";"162";"Xperia ZR";"";"2015-01-19 12:04";"Bilal rocks..";"I frinds Please help.me.. I want to put tempred glass on my experia zr but I did't find it anywhere so please tell me from where to buy it";""
"17295";"162";"Xperia ZR";"";"2015-01-19 07:56";"Squared";"Its a remarkable device and i have enjoyed it very well so far, smooth touch and excellent features and applications. and the resolution is superb. ";""
"17296";"162";"Xperia ZR";"";"2015-01-18 17:19";"gaaron";"Yes bro. Its for android any android that has a version of 4.2.2 and up it suport 64gb sdcard...";""
"17297";"162";"Xperia ZR";"";"2015-01-18 08:46";"asmatarekk";"how long did you have this phone?? , do you recommened it for me oR m2 aqua is better ?? , and what about this blutooth problem they are talking about when you update it ?? ";""
"17298";"162";"Xperia ZR";"";"2015-01-15 21:39";"Spoojary38";"Got any solution for bluetooth problem?";""
"17299";"162";"Xperia ZR";"";"2015-01-15 12:15";"Anonymous";"Thanks! I got it fixed from somewhere else for 3400/-";""
"17300";"162";"Xperia ZR";"";"2015-01-15 12:11";"Anonymous";"Hi Jimi,  I also broke my screen a week back and finally got it fixed yesterday only from gaufar market delhi. It cost me 3400/- ";""
"17301";"162";"Xperia ZR";"";"2015-01-14 07:30";"jimi";"Hi. My touch stopped working a few months ago. I went to the company service centre for repairing it as my phone was out of warranty. They told me this phone is not repairable. I was asked to pay 80% of the MRP of the phone and take a new one which was quiet foolish about them as it amounted to almost Rs. 20,000/- (INR). I got the touch and display changed from others for Rs. 4000/-";""
"17302";"162";"Xperia ZR";"";"2015-01-14 03:40";"";"Zr is way better than lumia 730 in all aspects.. But if you're a selfie freak and need a simple device that can do all tasks, get the lumia 730";""
"17303";"162";"Xperia ZR";"";"2015-01-14 03:39";"";"Search in witrigs.com you'll get there ";""
"17304";"162";"Xperia ZR";"";"2015-01-14 03:37";"";"Exactly half the price of the device.. And they'll replace u with a new one ";""
"17305";"162";"Xperia ZR";"";"2015-01-13 17:32";"Anonymous";"Hi All,  I bought this handset 6 months back and i broke its screen 2 days back. can someone tell me how much will the screen cost me?";""
"17306";"162";"Xperia ZR";"";"2015-01-12 18:55";"CSACHARYA";"Friends ..I am Chandrasekhar Acharya from Bhubaneswar.  I had purchased a ZR last year and repeatedly wasted my lots of time to keep alive the scrap from sony.  It has automatically screen breaking problems.And sony instead of doing RCA they are trying to convey me that it was broken accidental by me. they have a handy-capt management with out any authority to take decisions.They only provide wty for six month for such case. After that you are going to receive a offer that you purchase any other phone we give 20% off.Ha ha ha...What a marketing plan these guys hv.  Please don't by Sony Xperia ZR if you wanna peace in life.    ";""
"17307";"162";"Xperia ZR";"";"2015-01-12 16:49";"Mohit";"Who says its well behind 29 k its now only 25 k that will be not be a prob";""
"17308";"162";"Xperia ZR";"";"2015-01-12 09:23";"SADEGHI";"thx,gaaron u r aim from phone version is OS(android) version?";""
"17309";"162";"Xperia ZR";"";"2015-01-12 07:34";"gaaron";"Yes it is compatible if ur phone version is 4.2.2 and above... ";""
"17310";"162";"Xperia ZR";"";"2015-01-12 07:16";"RJ";"I bought this Mobile last year.  It's simply awesome.  Positives : Great camera quality in day light.  Water resistant  Battery  ram and rom  Upgradable  Compactable, fits in your pocket and can b used in single hand  Never lags   Negatives : Primary camera is not good in night flash.  poor secondary camera, doesn't suits for selfies  During incoming calls, reject with msg option is annoying while taking the mobile out from ur pocket. price 27k when I bought, BT it's Nw well behind 20 k. So it won't be a pblm. ";""
"17311";"162";"Xperia ZR";"";"2015-01-12 07:03";"RJ";"I bought this Mobile last year.  It's simply awes";""
"17312";"162";"Xperia ZR";"";"2015-01-11 10:38";"SADEGHI";"hi there! any one use Sony Xperia ZR with microSD 64 GB? it`s supported?it`s OK? i have C5502 ver. thx for your answer.";""
"17313";"162";"Xperia ZR";"";"2015-01-10 10:45";"helper";"i dont know if it is available in market but my Sony Xperia ZR charging point cover's steel was brokin then i used FEVIKWIK and now it is looking as if it was looking before broken....... ";""
"17314";"162";"Xperia ZR";"";"2015-01-08 15:59";"Anonymous";"Yes can buy at service center ";""
"17315";"162";"Xperia ZR";"";"2015-01-08 07:50";"";"Hi ! my xperia ZR charging points cover has been broken and now its lost which is on the left side of PHONE as you know all  and it help from water too is it available in market ?  please reply";""
"17316";"162";"Xperia ZR";"";"2015-01-07 16:32";"gg";"Sony Zr , Android is power than window phone , more option, More app ";""
"17317";"162";"Xperia ZR";"";"2015-01-07 04:24";"Shanth";"When the lollipop 5.0 will upgrade in Xperia ZR?";""
"17318";"162";"Xperia ZR";"";"2015-01-06 22:32";"";"Android, in my opinion, is the better OS for your mobile phone. Android offers you more control over your device, more app selection etc. Even the common applications such as whatsapp and instagram are not as functional in windows as they are on Android. My suggestion is this - go with an Android phone. Sony xperia ZR seems like a good choice. I'm looking for a phone to purchase and i'm also considering xperia ZR";""
"17319";"162";"Xperia ZR";"";"2015-01-06 17:29";"Sandy ";"When lollipop 5.0 upgrade in xperia Zr??? ";""
"17320";"162";"Xperia ZR";"";"2015-01-06 11:22";"M";"Xperia";""
"17321";"162";"Xperia ZR";"";"2015-01-06 09:54";"android-5 next month";" -xperia-z-series-next-month ";""
"17322";"162";"Xperia ZR";"";"2015-01-06 06:12";"Razon";"Can anybody suggest me, which one should i go for. Sony xperia or lumia. Specially lumia 730. Which 1 will b better android or windows? Please reply.";""
"17323";"162";"Xperia ZR";"";"2015-01-05 20:32";"";"Hi guys   how can i download the app to the sdcard and transfer the current app to it?";""
"17324";"162";"Xperia ZR";"";"2015-01-05 18:33";"ms ";"This always better ";""
"17325";"162";"Xperia ZR";"";"2015-01-05 12:47";"";"Hi ! my xperia ZR charging points cover has been broken and now its lost which is on the left side of PHONE as you know all  and it help from water too is it available in market ?  please reply";""
"17326";"162";"Xperia ZR";"";"2015-01-05 00:19";"moyina ";"i owned i phone 5c and i need to change it to android what do u think guys about zr ";""
"17327";"162";"Xperia ZR";"";"2015-01-01 05:56";"";"Is vga but not good for Selfie  Good for video calling ";""
"17328";"162";"Xperia ZR";"";"2014-12-31 17:26";"nett";"how is the secondary camera for xperia ZR?? is it good?? ";""
"17329";"162";"Xperia ZR";"";"2014-12-31 02:55";"";"See xperia zr and moto x will perform the same,but if you want stock Android experience then go for moto x or moto g2 of you want to use sony ui which I like very much then go for xperia zr or c3  Now moto x is better than moto g2 so if you want to go for moto go for moto x  And if.you want to go for sony ui here are the condition  1) us you want more ram,a better gpu go for xperia zr  2) if you are a Selfie fan go for sony c3  ";""
"17330";"162";"Xperia ZR";"";"2014-12-30 09:21";"";"I completely agree with you ziggy  Xperia zr is much better  Especially it's gpu ;) ";""
"17331";"162";"Xperia ZR";"";"2014-12-29 15:08";"ziggy";"lol @ noahz, cos dey said d phone is water resistant u want to turn it into a fish and save it in an aquarium??? lolz. no wonder ur name is noahz, sorry dude d phone aint a fish. and d water resistance is meant for 1meter, up to 30minutes. i guess dat pool of urs was above 1meter, or u stayed longer dan 30minutes. note: 1 meter shud be somewere above ur waist line if u are a 5.8ft tall guy. now u know u went too deep. winkz#";""
"17332";"162";"Xperia ZR";"";"2014-12-29 14:23";"ziggy";"u cant even begin to compare xperia zr wit lumia 730....  xperia zr-camera 13.1mp, lumia 730-camera 6.7mp.  xperia zr-water resistant, lumia 730-not water resistant xperia zr-resolution 323ppi, lumia 730- res 316ppi xperia zr- battery 2300mah, lumia 730-battery 2200mah xperia zr- speed 42.2/5.76, lumia 730-speed 21.1/5.76 xperia zr-mhl tv-out, lumia 730 dosnt hav tv out. xperia zr has 2,3&4g, lumia 730 only 2&3g... i can go on and on, xperia zr beats lumia 730 in every ramification, except dat d lumia is abit bigger 4.7 inches, while xperia zr is 4.55 inches. which to me dosnt make a difference.";""
"17333";"162";"Xperia ZR";"";"2014-12-29 09:00";"androidfan";"go to lumia 730..  u will never regret it.. windows phone will surpass the laggish android ..  ";""
"17334";"162";"Xperia ZR";"";"2014-12-28 05:49";"sonu";"which one i should buy among  sony zr, sony c3, moto g2, moto x am confused....";""
"17335";"162";"Xperia ZR";"";"2014-12-26 09:10";"Anonymous";"sony is a quality trusted brand..good specs smartphones..but when it comes to looks???..its so ugly.looks like a match box..hahaha";""
"17336";"162";"Xperia ZR";"";"2014-12-25 05:24";"rex";"yeah ur ryt bro windows phone is better than laggish android. i won't go back again to android .. im happy with my lumia..";""
"17337";"162";"Xperia ZR";"";"2014-12-25 04:04";"";"You are absolutely right bro if your battery lasts for a day or two you should be happy ";""
"17338";"162";"Xperia ZR";"";"2014-12-24 20:11";"gaaron";"dude! just compare the specs of the phone the higher specs the better... because all us have good and bad experience of our phone and most of us give the bad experience even we enjoy the phone and has a good quality...and one more thing all powerful phone sucks!!! even it has 4000mah batt!! if you can remove it especially if you are a havy user and gamer... it goes like this non remobable batt + power bank = fun and powerful BUT! if you have extra spare batt + power bank = extra fun extra powerful...:-D";""
"17339";"162";"Xperia ZR";"";"2014-12-24 11:25";"amit45";"Htc 820";""
"17340";"162";"Xperia ZR";"";"2014-12-24 09:48";"Anonymous";"I am confused in between moto x, xperia zr and htc 816g.. please do recommend which of these would be the best to buy..";""
"17341";"162";"Xperia ZR";"";"2014-12-24 04:37";"Anonymous";"I think you have not seen the specifications so don't complain about water proof, it's water resistant. Then for camera it's nice but not great but much better than those plastics (you know what I am taking about). And last battery, none smart phone battery lasts for a week, so please it's great if it lasts more than a day. Personally I own a zr and I use wifi/Internet for two hours, heavy gaming for two hours and 4-5 calls of 10 mins or more per day and still it lasts for 24 hours and it's stamina mode is really great. Other thing please had you updated your zr to latest firmware it doesn't get overheated, it gets a little warm, as told I am a heavy gamer I play mc4 everyday for an hour or two it gets just a little warm. And I don't oppose you owning any phone because it's your wish to choose any platform and according to my opinion lumia 730 is great in its type but zr is the beast of its range ";""
"17342";"162";"Xperia ZR";"";"2014-12-24 04:07";"vijay";"i had bought sony xperia zr 8 months back its charging port cap had broken and you ppl dont belive this that part is not supplied by the company that cap is to protect from water best to buy india phones DO BUY SONY XPERIA ZR WASTE PHONE ";""
"17343";"162";"Xperia ZR";"";"2014-12-24 04:02";"Anonymous";"Brother I think your opinion Is not correct ";""
"17344";"162";"Xperia ZR";"";"2014-12-23 14:28";"androidfan";"guys believe me android phones like this is not worth buying for. i myself experienced buying xperia zr and noticed that it so poor in many items. xperia zr is not waterproof, very poor screen technology, poor camera, poor battery and it also overheating when playing games like c.o.c, making calls and others. nonethless this phone is great when multitasking and updating the firmware by manufacturer. Yet i decided to sell it for a "lower" price and decided to migrate in windows phone. Alas! i was so happy buying lumia 730 for a lower price but satisfying user experience. i recommend windows phone for everyone because it is the future of the smartphone and u will never regret it :)";""
"17345";"162";"Xperia ZR";"";"2014-12-22 15:50";"ZR";"haha, that's the consequence of testing the phone's water resistance too much. there are two things you should have considered before doing that. first the phone was labeled water resistant not water proof. 2nd under warranty it is stated that water damage is not included. ";""
"17346";"162";"Xperia ZR";"";"2014-12-22 11:48";"Noahz";"I owned this device for 4 months, here's the story, i bought this last august. i put my zr in to a normal water and wait for 20minutes, and after that its working fine. then next scene was i submerged my zr into swimming pool, took selfie,groufie, swimming while the phone is on my hands, and after all those activities, i noticed that the camera was blured. and i checked the lens of camera, and there is a moise. so i removed the battery and tried to clean, all of a sudden i put the battery back, and after that the phone is not turning ON anymore. the technician told me that the motherboard has been damage due to water. :< ";""
"17347";"162";"Xperia ZR";"";"2014-12-21 21:40";"Adi";"Very bad phone, ip rating is a scam bcoz no matter wht u do smhw water goes inside those flap covered port n damages ur handset. Now I feel like I wasted my money by going for a Sony phone. Never gonna buy another Sony and also will advice my frnds from buying Sony too. Service centres are also not good.";""
"17348";"162";"Xperia ZR";"";"2014-12-21 17:51";"";"Amongst the 3 u mentioned zr is the most powerfull.Since u r a heavy gamer both moto x nd zr will do the job bt the battery lyf on both are just above average. Avoid honor 6 (best battery but) it has lots of bug as of nw. If i were u i would go for moto x since it has better screen & zr is kinda old nw.so go for moto x :)";""
"17349";"162";"Xperia ZR";"";"2014-12-21 15:51";"vinesh";"How is camera quality in low light bro????";""
"17350";"162";"Xperia ZR";"";"2014-12-20 15:59";"";"Confusing with xperia zr,honor 6,moto x which one is best pls reply making hard decision   Iam a heavy gamer ,i want good battery backup which one i choose pls reply.. Thanks!  In xperia zr apps can move to sdcard?";""
"17351";"162";"Xperia ZR";"";"2014-12-20 12:05";"dk";"I purchased sony sbh52 Bluetooth some time ago. I m very happy it with using with my xperia zr. Few days ago i m hearing songs with it and suddenly my phone disconnected with my Bluetooth. I reset mobile but now my mobile cannot connect any mobile or Bluetooth devices. ";""
"17352";"162";"Xperia ZR";"";"2014-12-19 16:48";"abhi";"i am using this phone for moreover than 2 months and this phone is simply awesome..it doesn't hang even for a second in 2 months. this phone has enough ram,it has faboulous camera quality,adreno 320 is best for gaming... snapdragon s4 processor is one of the fastest processor with four cores.each core responds to the the workload.... this helps in more and more saving of the battery life.. and its baterry life is 2 days with an avg. use and it gets full charge in around 2 and half hour......... ";""
"17353";"162";"Xperia ZR";"";"2014-12-18 06:43";"babu";"Plz dont buy this phone i am facing abnorml heating in that mobile i gave 6times to service center but they never repair ";""
"17354";"162";"Xperia ZR";"";"2014-12-17 19:29";"";"Xperia ZR or Moto X? Which is a better buy? Also considering long term use.";""
"17355";"162";"Xperia ZR";"";"2014-12-17 15:13";"jeet";"non repairable phone....i used for 10 month ..nw they are asking for 80% value of new Z series.";""
"17356";"162";"Xperia ZR";"";"2014-12-17 12:00";"mashy_83";"this phone is non repairable!! my ear speaker stop working aftr 14months of use . and now they are asking 80% of the mrp to replace this phone. ";""
"17357";"162";"Xperia ZR";"";"2014-12-17 06:01";"sri";"Nw I'm having a 4.4.4 kitkat version.... I can't able to pair with other handset through Bluetooth.... Please any one tell me the solution...... Rosesri1992@gmail.com this is my mail &#9993; id.... ";""
"17358";"162";"Xperia ZR";"";"2014-12-16 08:29";"swaniket";"should a bid better specs...font camera should be at least 2MP otherwise the phone is good ";""
"17359";"162";"Xperia ZR";"";"2014-12-15 13:24";"mahmoud";"Yesssss";""
"17360";"162";"Xperia ZR";"";"2014-12-15 12:33";"smarty nama";"superb handset but lacking one feature of dual sim also coastly one... display shud be IPS at this price 16999......";""
"17361";"162";"Xperia ZR";"";"2014-12-14 17:53";"sepzo ";"Both are awesome :) At night though flash of camera is a bit weak. ";""
"17362";"162";"Xperia ZR";"";"2014-12-14 17:48";"sepzo";"Why do you think its expensive phone now? You can get this phone @16500 Rs / $280 from flipkart.com Afterall you are getting a 2gb waterproof phone at this cool price and that toobfrom SONY :)";""
"17363";"162";"Xperia ZR";"";"2014-12-14 17:43";"sepzo";"Camera is ok..not best.not bad..but camera is good. Front camera is ok too.but not so good front camera.";""
"17364";"162";"Xperia ZR";"";"2014-12-14 14:38";"sagaR";"it is really expensive to buy this phone since this phone launch in 2013 so, sony should reduce the price of this phone so that customer can buy this phone as this range many options and sony after sale service are worst!!!!!!!!!!! sony should take immediate steps to increase the SALE!!!!!!! ";""
"17365";"162";"Xperia ZR";"";"2014-12-14 08:17";"";"Yes... Me too after 4.4.4 update I m unable to pair with my sony MW600 headset... Please help any solution ";""
"17366";"162";"Xperia ZR";"";"2014-12-12 22:51";"Spoojary";"Anyone facing Bluetooth problems since 4.4.4 kitkat update, I am unable to pair with other phones ";""
"17367";"162";"Xperia ZR";"";"2014-12-12 16:21";"3thi";"yes";""
"17368";"162";"Xperia ZR";"";"2014-12-09 15:44";"gaaron";"Ha... Zr1 really...";""
"17369";"162";"Xperia ZR";"";"2014-12-09 12:33";"jai singrauli";"all features is good but front camra vga is not good, so now lunch zr1 and front camra is 5 mp ";""
"17370";"162";"Xperia ZR";"";"2014-12-08 12:46";"LEO";"i want to buy this phone is this good ?";""
"17371";"162";"Xperia ZR";"";"2014-12-05 11:15";"";"this device its extremely good this phone has an exclennt ram and its wonderful device for game like fifa asphalt 8 and blitz brigade and so";""
"17372";"162";"Xperia ZR";"";"2014-12-05 10:52";"gaaron";"Take your phone to the nearest sony service center i incounter that problem a month ago if your lucky you will have a new unit f not they will just replace the earspeacker";""
"17373";"162";"Xperia ZR";"";"2014-12-05 04:05";"karim2d";"Me too";""
"17374";"162";"Xperia ZR";"";"2014-12-04 11:38";"Baby";"Nice";""
"17375";"162";"Xperia ZR";"";"2014-12-04 08:06";"akki ";"Hiii  Friends  I have problem in my Xperia zr when I call another so voice is not heard it's work speaker only..  Please help me what can I do ";""
"17376";"162";"Xperia ZR";"";"2014-12-03 10:54";"Peter";"Very nice";""
"17377";"162";"Xperia ZR";"";"2014-12-02 18:13";"";"on 4.3 onwards you can download themes and pick ones that suits your preference, or if you have root, you can modify each elements and make a totally customized interface design. I don't see much difference between 4.1 and 4.3 in regards of interface and performance. I prefer 4.3 though since 4.1 interface design are somewhat "hollow"";""
"17378";"162";"Xperia ZR";"";"2014-12-02 13:06";"spaceman_k11";"I am considering buying xperia zr soon, but since I hate the sony interface from android 4.3 onwards (I use an xperia sp on 4.3 currently), I will stick to the 4.1 firmware. I wanted to know how is the performance (gaming, multitasking, user interface) on the 4.1 firmware and any other bugs that might be present. ";""
"17379";"162";"Xperia ZR";"";"2014-12-01 08:04";"";"too good phone too sensitive when u touch problem will occur battery backup some better but phoneis very good";""
"17380";"162";"Xperia ZR";"";"2014-12-01 04:12";"vijji";"how is camera quality...this handst better or not? ";""
"17381";"162";"Xperia ZR";"";"2014-11-30 18:44";"gaaron";"if u want a good phone you have to look for the features like camera it must 8mp or above front can 1mp above,internal men 8gb above and it must have SD slot and PPI 260 above ram 2gb above battery 2000mah or above Bluetooth v4 above NFC supported then compare it to the other phone that u like and the CPU 1.5ghz above";""
"17382";"162";"Xperia ZR";"";"2014-11-30 12:30";"raj ";"i thinking for buy this phone plz friend tell me its camera quality ";""
"17383";"162";"Xperia ZR";"";"2014-11-29 21:11";"chintz ";"Go to song list. And long press for any song. Then use as ringtone. If it's not working then download mp3 cutter, cut a song and u can set default. ";""
"17384";"162";"Xperia ZR";"";"2014-11-29 19:55";"";"Is xperia zr upgradable to Android 5.0 lollipop in india";""
"17385";"162";"Xperia ZR";"";"2014-11-28 22:52";"Anonymous";"what about battery long life time ? and which better Samsung grand 2 or Sony Xperia ZR ? ";""
"17386";"162";"Xperia ZR";"";"2014-11-27 20:19";"gaaron";"Moto x have no sd slot ryt? Even the moto x 2014?";""
"17387";"162";"Xperia ZR";"";"2014-11-27 19:30";"Anonymous";"Go To Sony Site And Complain. Or Sale It In OLX And Buy Moto X :)";""
"17388";"162";"Xperia ZR";"";"2014-11-27 05:17";"";"yes. ";""
"17389";"162";"Xperia ZR";"";"2014-11-27 04:37";"LOL";"Is ZR still good now? I'm planning to buy one but the release of new smartphones are crazy. I'll just ask If ZR will still be worthit until 2015 or so? Looking forward for your reply guys.";""

