"16030";"153";"Xperia E1";"";"2015-01-18 13:37";"e1_guru";"no..as you can see without root the mobile itself tends to be very slow can't play hd games without root. the are many tweaks to follow to play hd games or just to make the phone super smooth.";""
"16031";"153";"Xperia E1";"";"2015-01-18 05:04";"DDT";"can we play games without rooting the device? ";""
"16032";"153";"Xperia E1";"";"2015-01-17 10:29";"e1_guru";"Hi guys, believe it or not.i hv played nfs most wanted, batman dark knight rises,modern combat 3 and hitman go without any lag.i know you all are thinking i might be fooling or i played with lags.but believe me,without any lag.even i also didnt believe that i can play all these heavy games. So the secret is....i rooted my phone. Then installes link2ss to move installation files to sd card, and also as the internal memory is low i used folder mount to fool the mobile to think sd card as internal storage to play games having huge data folder. But without root you can't do anything. Also i freezed mant apps which continuously runs in background. Though it haa 512 mb ram ,with some tweak we can easily make the phone superfast. You can check it has a good adreno 302 graphics and sanpdragon chipset. So for all instrunctions or video tutorial just email me masum110011@gmail.com";""
"16033";"153";"Xperia E1";"";"2015-01-17 00:09";"coolguy";"Yeah, turn ur phone where the back camera is, put a mirror infront of it and there ya go";""
"16034";"153";"Xperia E1";"";"2015-01-16 15:55";"rearview15";"factory reset it...i did it ! ";""
"16035";"153";"Xperia E1";"";"2015-01-16 15:54";"rearview15";"factory reset it...i did it ! ";""
"16036";"153";"Xperia E1";"";"2015-01-16 15:50";"rnr58";"the sound quality of my asus zenfone5 lite is much better than xperia e1 as i have both of them compared their sound...its walkman is not that good";""
"16037";"153";"Xperia E1";"";"2015-01-16 15:35";"rnr58";"i thought i am the only one facing this problem...really cant install facebook on the new upgrade....so the resort i thought is factory reset it...and there u go facebook is back...really stupid update! just upgrade ur walkman.";""
"16038";"153";"Xperia E1";"";"2015-01-16 15:30";"rnr58";"...only if you upgrade ur phone to kitkat version....but my facebook acct was lost and cant install it from playstore  ";""
"16039";"153";"Xperia E1";"";"2015-01-16 04:48";"Anonymous";"How can I Aaps and games moved phone memory to Sd card pls suggest me frnds";""
"16040";"153";"Xperia E1";"";"2015-01-15 17:17";"pkb ";"can I do selfies with the phone? ";""
"16041";"153";"Xperia E1";"";"2015-01-15 07:56";"Anonymous";"HD recording..?";""
"16042";"153";"Xperia E1";"";"2015-01-14 17:11";"rare58";"just bought this phone today...and i immediately got notice that its got an upgrade from jelly bean to kitkat version....and viola my xperia e1 is now kitkat....one thing i noticed its display loooks more good now...downloaded apps(games, antutu, webster etc) can now be transferred from internal storage to sd card! great upgrade...still trying to feel my sony xperia e1 and with drop price now of 5,500php...";""
"16043";"153";"Xperia E1";"";"2015-01-14 16:32";"rancel 15";"i just bought a sony xperia e1 today...received an upgrade of kitkat and its walkman(now more clearer, deeper booster and enhanced sound)...now lets see what kitkat can do to this toy-like phone...i think its one of the best android on this price category(php 5,000-6,000)second only to asus zenfone 5 lite(which i also owned).";""
"16044";"153";"Xperia E1";"";"2015-01-11 04:48";"givon";"hahaha .... i think you can play it all, time to loadiing games was 1 week ";""
"16045";"153";"Xperia E1";"";"2015-01-10 21:09";"experia ";"Is a good phone but it is slow sometime, and the keyboard is slow to respond, you should have added a a flash light, any way well done Sony ";""
"16046";"153";"Xperia E1";"";"2015-01-08 22:32";"nimal";"Does We can play games like modern combat4, asphalt 8, iorn man 3 & other good games ??????  with no any lags?????";""
"16047";"153";"Xperia E1";"";"2015-01-08 11:21";"TheBW";"Yes, it uses slim SIM card if that's what you are asking ";""
"16048";"153";"Xperia E1";"";"2015-01-08 02:11";"lab";"Bought this phone and love it! It might be a bit slow sometimes and the screen could have been slightly larger but for the money (£50) its a bargain. Recommend if you want a functional smartphone, without overspending for the brand.";""
"16049";"153";"Xperia E1";"";"2015-01-07 14:51";"dd";"no it is slightly larger than other lowend mobiles.but it is an excellent mobile";""

