"13803";"136";"Xperia E3";"";"2015-01-20 16:15";"Anonymous";"This phone hangs while calling....... Some applications stop unexpectedly........ But the battery back up is good.... ";""
"13804";"136";"Xperia E3";"";"2015-01-20 15:24";"Pranay Kinng ";"Awesome phone   ...  Best phone under 12000.....";""
"13805";"136";"Xperia E3";"";"2015-01-20 14:44";"";"Rohith rated:  Hai, i buy the Sony e3 ds. i space within one day display problem. after i handover to shop. shopper not ready to replace the new one . shopper give me repair that phone. so don't purchase stupid phone";""
"13806";"136";"Xperia E3";"";"2015-01-20 14:40";"Rohith";"Rohith rated:  Hai, i buy the Sony e3 ds. i space within one day display problem. after i handover to shop. shopper not ready to replace the new one . shopper give me repair that phone. so don't purchase stupid phone";""
"13807";"136";"Xperia E3";"";"2015-01-20 12:05";"FAZ";"Read comments about hanging problem here. I had Xperia U. Initially the phone was good. Sound, display and camera were excellent. But performance wise it was poor and kept on detoriating till I sold it and switched to Huawei 550.";""
"13808";"136";"Xperia E3";"";"2015-01-20 02:16";"muthu.m";"Hi frds my mobile also hanged, reason. Only you use the single sim, don't hang in ur mobile ";""
"13809";"136";"Xperia E3";"";"2015-01-19 16:33";"rohit";"Go for samsung core prime";""
"13810";"136";"Xperia E3";"";"2015-01-19 15:10";"somu278";"GPS  I am not happy with the GPS performance; Mostly it shows location displaced from the main course. While in transit even in full range it sometime get stuck at a previous location and is takes too long  updating to current location.  Cannot be trusted for navigation.. I used a Sony Tippo previously it was working fine in that. ";""
"13811";"136";"Xperia E3";"";"2015-01-19 14:05";"sandy";"it's a good phone it's rare camera is superb front is not good but it's OK.. it runs android kitkat battery backup is good.. I like this phone";""
"13812";"136";"Xperia E3";"";"2015-01-19 09:43";"Kumar";"My new phone Sony experia E3 hanged in 2 days of usage.And again hanged in another 2 days.If i reset by removing back cover it works only 1 or 2 days and again hangs. we have given in service center.I thing this E3 model is problematic.";""
"13813";"136";"Xperia E3";"";"2015-01-19 08:17";"gokul";"while calling it get hanged and not possible to switch off";""
"13814";"136";"Xperia E3";"";"2015-01-19 02:50";"";"Whenever my phone discharges to about 7% sometimes even 11, after charging till 100, it doesn't recognise my SIM. I can't make or receive calls and sms. To correct that, I have to kind of remove the battery and since I can't do that I have to press the switch off button and the volume up key for 5 seconds or something. After that, it recognises my sim but the apps on my SD card don't load for almost 2 days. The media and other stuff do but apps don't. Does anyone else face this problem? Do you know how I can rectify this without going to the service centre. It's only 3 months since I purchased it.";""
"13815";"136";"Xperia E3";"";"2015-01-19 02:06";"ramakant";"good phone";""
"13816";"136";"Xperia E3";"";"2015-01-18 17:40";"Akon";"Awesome picture and sound quality but it gets lags some times and apps will disappear if we switch off the phone and on it";""
"13817";"136";"Xperia E3";"";"2015-01-18 14:41";"Ram";"I am using this phone for more than two months my true review about this phone  first of all there is no hanging problem in this mobile  back camera quality is good..as front camera is vga the front camera is not so gud but its ok.. phone battery last for two days for normal usage... ";""
"13818";"136";"Xperia E3";"";"2015-01-18 12:29";"Anonymous";"It is a low end phone, don't expect anything";""
"13819";"136";"Xperia E3";"";"2015-01-18 09:45";"srinu";"the best hanging mobile in the world i ever seen dont b foolish";""
"13820";"136";"Xperia E3";"";"2015-01-17 20:48";"rushi ";"Faltu phone internal memory is so low USB connectivity don't work something. Battery get very low 4ya5 hours only remain ";""
"13821";"136";"Xperia E3";"";"2015-01-17 20:34";"expendable";"I want Sony xperia E3 but am confuse after all the negative commets about the phone hope its good too go for it guys?";""
"13822";"136";"Xperia E3";"";"2015-01-17 16:33";"Krishna";"Friends, since the battery is user replaceable, does it mean that if the phone gets hang, we need to wait till battery gets fully discharged? I wanted to purchase this phone but after reading many negative comments I have decided to wait for some more time.";""

