"16250";"156";"Xperia Z1s";"";"2014-11-15 05:20";"Anonymous";"That's a categorical affirmation. Are you sure you didn't buy a sony xperia z imitation? Or maybe get a defective used one?";""
"16251";"156";"Xperia Z1s";"";"2014-11-12 23:38";"kamote";"All sony xperia z series is poor touchscreen perpormance";""
"16252";"156";"Xperia Z1s";"";"2014-11-05 04:13";"555";"i have this phone..swim with it for hours in more than 1 meter depth in pools..but still ok.. it just have a number one aftermath..FOGGY LENS!!! its a waterproof yet NOT condensation proof..lol ";""
"16253";"156";"Xperia Z1s";"";"2014-11-04 19:28";"yi";"to high SAR  BAD :( rubish";""
"16254";"156";"Xperia Z1s";"";"2014-10-18 18:43";"Zameer";"for Work I recommend BB Passport or Q10 ";""
"16255";"156";"Xperia Z1s";"";"2014-10-15 16:55";"persia";"According to those i ask z1 is a waterproof celphone tht can long 30mins under water (5 ft maximum) ";""
"16256";"156";"Xperia Z1s";"";"2014-10-10 13:12";"";"Awesome series from z1...great sony... We want pen for use phone without touchscreen..& also fingerprint scannner with waterproof.";""
"16257";"156";"Xperia Z1s";"";"2014-10-08 00:39";"";"For work get the BLACKBERRY Z30 or the Blackberry Passport. ";""
"16258";"156";"Xperia Z1s";"";"2014-09-19 02:10";"Jon";"It's the American T-Mobile branded version of the Z1. Same internal specs as that phone but with a centered headphone jack and plastic sides instead of aluminium.   The 32gbs is nice but it's otherwise the same. Go for a Z1 or Z2...but you should wait at this point until the Z3 comes out so you can get a better price. ";""
"16259";"156";"Xperia Z1s";"";"2014-09-18 15:24";"Sargeist";"Pretty sure it's a T-Mobile exclusive. I have one.";""
"16260";"156";"Xperia Z1s";"";"2014-09-10 15:16";"dave";"man, I have had a few, not many problems if I had any,little problems any scratch or anything I take it back and get another one and the phone is still working fine. Insurance pays off, at first my wife and I went thru 3 a piece, for various "don't Likes" never switched out the phones for another brand or model, get my z1s since the day they came out and I don't want to own anything else";""
"16261";"156";"Xperia Z1s";"";"2014-09-10 13:55";"";"why this model z1s dont have in malaysia..? only z1 and z1 compact.. i really interested with the internal memory + memory card support.. planning to buy 2nd phone for entertainment purpose.. my others Nokia Windows works really fine for WORK purpose..well, i dont want android to mess with my excel, word and powerpoint notes";""
"16262";"156";"Xperia Z1s";"";"2014-09-04 13:09";"";"my Z1 vibration suddenly stop working correctly and its make a very bad noise on vibration and then its just a noise and no vibrate!!!! how i fix it?!! and why this happen? i see so many z1 owner that has same problem. please help me ";""
"16263";"156";"Xperia Z1s";"";"2014-09-01 14:41";"Kamran";"After Updating I just Love It Z1s.Excellent cell excellent battery Thanks Xperia";""
"16264";"156";"Xperia Z1s";"";"2014-08-21 17:53";"daisy";"The KitKat update ruined the phone. Now the quick settings that used to be right at the top of the phone are buried under a sub menu (things like brightness control, Mobile Hotspot, etc). The volume on the phone is now a lot lower. I used to watch youtube vids at about 3/4 volume because it was soo loud, now I have to use full volume. Still has problems with apps crashing when power is connected/disconnected (pages refresh on browser or browser just crashes). My battery life has just completely gone down the tubes since the update. Location permissions are now ALL OR Nothing. No choices.Battery Icon no longer tells you the percentage left. Just a useless img. ";""
"16265";"156";"Xperia Z1s";"";"2014-08-18 05:25";"";"I got the update. ";""
"16266";"156";"Xperia Z1s";"";"2014-08-07 11:25";"";"";""
"16267";"156";"Xperia Z1s";"";"2014-07-30 23:53";"";"This Smartphone need to be updated to KitKat 4.4.4";""
"16268";"156";"Xperia Z1s";"";"2014-07-26 19:50";"Dr. Wiley";"Also the aluminum band is now plastic with this unit.";""
"16269";"156";"Xperia Z1s";"";"2014-07-17 12:59";"babblu";"i m jst gong to be mad after c this mb";""
"16270";"156";"Xperia Z1s";"";"2014-07-15 17:44";"";"This is a over price Smartphone. Sony need to send the new KitKat 4.4.4 update for the Z1s. I have paid $675.00 Dollars in a T-Mobile store in Brooklyn, NY. Sony camera need to be updated, in addition the phone is very slow. It's a waste of money unless Sony could update the phone to Android L instead of KitKat .";""
"16271";"156";"Xperia Z1s";"";"2014-07-14 06:13";"Anonymous";"z1s is the modified version of z1";""
"16272";"156";"Xperia Z1s";"";"2014-07-08 06:09";"sunny";"sorry brother but you are wrong. xperia z is worst just beacause of its battery life. you see, xperia z has 5 inch display and has only 2330 mah battery whereas 5 inch display atleast require 2600-2800 mah battery to work good as grand 2 has 2600 mah battery. so i suggest you dont go with xperia z. instead check out xperia zr. it is a great phone as it has 4.6 inches display and has 2300 mah battery which is more than enough for a 4.6 inch screen. thank you. hope my advice will be beneficial for you :)";""
"16273";"156";"Xperia Z1s";"";"2014-07-07 23:43";"GrampsD63";"Just to chime in about the "Scratchy glass". Sony manufactures the phone with a shatter-resistant film front and back. I scuffed my Z the second week I had it and really freaked. But on further inspection I found the film and could peel it off no problem. Except all the branding goes with it. But no "Scratchy glass" cause it is the glass and it does not scratch.";""
"16274";"156";"Xperia Z1s";"";"2014-07-06 09:53";"eula";"Where s the kitkat update,? Touchscreen problem, I throw my z1s on the trash.";""
"16275";"156";"Xperia Z1s";"";"2014-07-06 09:50";"eula";"Where s the kitkat update,? Touchscreen problem, I throw my z1s on the trash.";""
"16276";"156";"Xperia Z1s";"";"2014-06-07 12:41";"jon33";"Love the phone. 32 gigs of internal storage is awesome. Still waiting for the calendar and Album updates. And most of all, waiting for kitkat. This is Ct. in the USA. If I could just these updates, I'll be a happy camper!! Anyone know about the aforementioned??? Any help would be appreciated. ";""
"16277";"156";"Xperia Z1s";"";"2014-06-05 17:31";"";"u need to have your company in nigeria";""
"16278";"156";"Xperia Z1s";"";"2014-05-29 19:30";"indrajith";"i want to buy sony xperia z .its good model or not .battery life is good or prefer any good model ";""
"16279";"156";"Xperia Z1s";"";"2014-05-23 18:01";"Veer";"goood phone.... i like it";""
"16280";"156";"Xperia Z1s";"";"2014-05-22 11:12";"Anonymous";"Hello Buddy you can easily unlock it Its not a big issue in India it can easily be unlocked ranging between 1500-2000";""
"16281";"156";"Xperia Z1s";"";"2014-05-05 18:03";"mohd5rose";"i wish that sony had marketed this phone here in malaysia coz i'll definitely buy this phone.";""
"16282";"156";"Xperia Z1s";"";"2014-04-18 15:31";"Shantanu";"I hope you can read, it says "shatter proof and scratch resistant" if u check the specs.read before u say anything.";""
"16283";"156";"Xperia Z1s";"";"2014-04-17 07:15";"prelude98green";"the screen is not scratch proof";""
"16284";"156";"Xperia Z1s";"";"2014-04-16 23:25";"rehu";"good phone";""
"16285";"156";"Xperia Z1s";"";"2014-04-10 04:48";"jings";"very good phone everrr,,,,";""
"16286";"156";"Xperia Z1s";"";"2014-04-08 09:07";"ZEE";"Enough of your "no-replaceable battery rants"! its getting old and tiring... Buy a maxed-up power bank! People and their brains!";""
"16287";"156";"Xperia Z1s";"";"2014-04-07 18:34";"";"Sony. I agree. We have the capability to own most of your high end releases, handsets and firmware here in Kenya, just as much as we have embraced your high end electronics.";""
"16288";"156";"Xperia Z1s";"";"2014-04-03 14:44";"lionroar";"good spec, but hate that it is non removable battery, so need to charge if go hiking for few days, can not replace battery, otherwise can have extra battery that will help to use for a week or 2 weeks";""
"16289";"156";"Xperia Z1s";"";"2014-03-29 17:27";"Anonymous";"Hahahah evven afghanistan is better then india we get the latest model of every mobile at maximum delay of 1 week after its release :D ";""

