"14104";"139";"Xperia Z3v";"";"2014-12-31 06:22";"Anonymous";"Please No Low Grade or Shame comparison to Sony cell Flagship builds!!! ";""
"14105";"139";"Xperia Z3v";"";"2014-12-31 06:09";"Anonymous";"Sony is the best of all and it is the most developing phone among Samsung and LG it's amazing brilliant and it is proved that it has 3G video calling too so u can't dominate z3v 'the best' ";""
"14106";"139";"Xperia Z3v";"";"2014-12-17 20:00";"sony";"The z2_lens is not outdated it is the same lens as z3 in actuality the z2 performs better in macro shots I have both and I have tested them";""
"14107";"139";"Xperia Z3v";"";"2014-12-14 10:45";"Rios";"Haven't u noticed the wireless charging feature in z3v";""
"14108";"139";"Xperia Z3v";"";"2014-12-13 17:22";"Anonymous";"sony xperia is the best of all phone but it lacks 3G video calling that s very important this is why LG and Samsung are best seller";""
"14109";"139";"Xperia Z3v";"";"2014-12-03 00:54";"Justin ";"Actually, the Sony Xperia Z3v may have a slightly better battery than the Z3, but the Z3 has a slightly better camera. This is because the Z3v has the outdated Z2 lens. So it's a trade-off:battery for camera. I really love both phones their both superbly awesome; better than the GS5 in my opinion. Go look up the specs for the GS5 on gsmarena and you'll see why. &#128540;";""
"14110";"139";"Xperia Z3v";"";"2014-11-26 17:10";"RAM CHOPADE";"good handset i like sony version handset ";""
"14111";"139";"Xperia Z3v";"";"2014-11-22 09:33";"Ravindra";"It's better than iPhone 6 or not either other headset also.";""
"14112";"139";"Xperia Z3v";"";"2014-11-20 23:14";"emez";"what a beautiful mob from SONY love this so much. i'm waiting for z4 with QHD + 64 bit system. xperia gonna swallow UP galaxy kids from SAMSUNG.";""
"14113";"139";"Xperia Z3v";"";"2014-11-19 01:57";"Burn";"Supposedly this phone is still compatible with GSM networks as-well. One of the first Verizion phones I have seen that is going to be usable out of the box with other networks(at least according to reviews), I'm not sure if it is still compatible with international networks though it would be awesome for travel.  It's nice to see Sony being more noticed in the high-end phone market again!";""
"14114";"139";"Xperia Z3v";"";"2014-11-17 02:12";"";"okay one is 16GB and the other one is 32GB";""
"14115";"139";"Xperia Z3v";"";"2014-11-16 13:38";"xperia z1s";"My xperia z1s is have a touchscreen problem lol sony";""
"14116";"139";"Xperia Z3v";"";"2014-11-16 00:04";"";"What is the difference between Z3 and z3v??? :)) 3200 mAh battery z3 3100 mAh battery.  im very happy with my Z3. now just waiting for Z4.";""

