"12920";"127";"XT390";"";"2014-02-18 17:45";"kay";"please how can i change the language to english on my phone ? i need help please :(";""
"12921";"127";"XT390";"";"2013-12-02 23:11";"nigel";"Good day everyone, my phone is asking me for a network code....what is a network code? how can i get it?c";""
"12922";"127";"XT390";"";"2013-03-18 17:00";"Enchy";"This phone is fanatic...n vry fast wen using internet...u shud try using it.";""
"12923";"127";"XT390";"";"2013-01-01 07:57";"naz";"wtf....:( cpu 800mhz";""
"12924";"127";"XT390";"";"2012-11-27 05:05";"niraj";"this is very beautiful handset ...i like this ...";""
"12925";"127";"XT390";"";"2012-11-20 18:58";"Anonymous";"Also avaliable on Brazilian market";""
"12926";"127";"XT390";"";"2012-11-04 00:12";"Noiky";"Anyone could pls explain how i could have english settings.";""
"12927";"127";"XT390";"";"2012-09-17 12:04";"dollar panchal";"It is a sexy and beautiful phone i love this phone  ";""
"12928";"127";"XT390";"";"2012-08-23 15:57";"motodamu";"Can you supply these new motophones to kenya";""
"12929";"127";"XT390";"";"2012-08-19 20:48";"Anonymous";"2G: GSM 850/900/1800/1900 - 3G: 850/2100 Talk time: GSM até 8 horas / 3G até 6 horas Stand-by: GSM até 550 horas / 3G até 500 horas Bateria: 1400 mAh Memória interna: 256MB (140MB disponíveis ao usuário) Size: HVGA 480 x 320  ";""
"12930";"127";"XT390";"";"2012-08-15 19:52";"Brazil";"I live in Brazil and he is a good smartphone, is not slow, and screen 3.5 is very good, I do not know dual chip thrown out of here. Here you guys can see it for BR $ 600 to a maximum of $ 200 in the U.S.. I put him in the classification of mid-end";""
"12931";"127";"XT390";"";"2012-07-06 15:30";"Anonymous";"Already released in Brazil";""
"12932";"127";"XT390";"";"2012-06-27 02:52";"Anonymous";"I know the specifications of it and it have the HVGA resolution.";""
"12933";"127";"XT390";"";"2012-06-16 15:07";"Jga";"The worst resolution ever for 3.5 inch";""
"12934";"127";"XT390";"";"2012-06-14 13:41";"FesBuk";"Does it support facebook & its application? Anyone mind to share? Thanks.";""
"12935";"127";"XT390";"";"2012-06-04 18:16";"";"The correct resolution which is 240x320 or 320x480?  Link:   ";""
"12936";"127";"XT390";"";"2012-05-30 01:12";"Lanciarules";"Such a great design with such ridiculous CPU: this phone is SLOOOOOOOW :(";""
"12937";"127";"XT390";"";"2012-05-21 19:33";"Krish";"Why for Chinese Market? Already they got many of the brands and as well as very good Local Brands. Why will they opt again for the other brands which doesn't even meets to nowadays required criteria........";""
"12938";"127";"XT390";"";"2012-05-10 19:30";"vijay";"moto u r simble logo is very cheep desine ple change rich desine";""
"12939";"127";"XT390";"";"2012-05-08 06:36";"Amit";"Hi Guys,  Any idea about the price expected?";""
"12940";"127";"XT390";"";"2012-05-07 11:46";"Anonymous";"Motorola's leader of a mobile industry, dual android phone very good....";""
"12941";"127";"XT390";"";"2012-05-03 11:21";"Jimmy";"Please let me know "360 x 480 pixels, (~171 ppi pixel density)", Is this spec a good disply.";""
"12942";"127";"XT390";"";"2012-04-27 11:24";"aviraj";"everything is good except its pixel density";""
"12943";"127";"XT390";"";"2012-04-27 10:13";"";"nice";""
"12944";"127";"XT390";"";"2012-04-27 07:04";"Paul";"114 ppi no flash WTH";""
"12945";"127";"XT390";"";"2012-04-24 07:35";"Anonymous";"I think $150 fone for indian market !!";""
"12946";"127";"XT390";"";"2012-04-21 13:16";"Lee Chung";"I'm the designer!";""
"12947";"127";"XT390";"";"2012-04-16 22:51";"mircea";"This is the eight wonder of the world whit pixels that. can be seen whit nacked eye from the moon.";""
"12948";"127";"XT390";"";"2012-04-16 13:10";"Anonymous";"For the want of dual sim phone this mobile is suited best in india just at 8000 rs is really affordable than any other of same price in market";""
"12949";"127";"XT390";"";"2012-04-16 00:43";"";"why do the 2 phones from the photo have different screen sizes?";""
"12950";"127";"XT390";"";"2012-04-15 14:32";"Anonymous";"thinking that changes will make since google has take over moto,but end of the day stil a piece of crab..";""
"12951";"127";"XT390";"";"2012-04-14 16:50";"Anonymous";"Makes no dense launching a GB device now";""
"12952";"127";"XT390";"";"2012-04-14 15:36";"Anonymous";"duel sim android !! its great job moto .   if this like phone come to midle est market with low price . very people want buy ";""
"12953";"127";"XT390";"";"2012-04-13 23:42";"b";"240 x 320 pixels, 116mm height... well, mornful, piteous etc. big devices with crap specs are a real pain in the neck. need a simple phone, buy a smaller one. not such like this one, fake mid-end. Shame, Motorola. Shame.";""
"12954";"127";"XT390";"";"2012-04-13 18:17";"Hello-Moto";"I do not know how they do not feel ashamed to produce this phone. May be the next in the line will be wit MONOCHROME display. Hello Moto ";""
"12955";"127";"XT390";"";"2012-04-13 15:19";"";"240 x 320 resolution with ppi 114 is enough for you to have a good viewing angle according to Pixel Density Calculator. it is standard with the resolution. and expect to see its pixel because of its low resolution.";""
"12956";"127";"XT390";"";"2012-04-13 14:24";"Anonymous";"desain looks like my old htc salsa. blahhhh";""
"12957";"127";"XT390";"";"2012-04-13 13:08";"Anonymous";"Nice design.. And price is just 160 usd means 8k in india wow dual sim android at such less price :)";""
"12958";"127";"XT390";"";"2012-04-12 20:40";"Anonymous";"i think my 1980 pager has a bigger PPI than this . my mom has a galaxy mini with 125 ppi . and i can see the pixels ... ";""
"12959";"127";"XT390";"";"2012-04-12 15:37";"luyou";"this will have the worst screen on a phone ever";""
"12960";"127";"XT390";"";"2012-04-12 13:22";"";"114ppi for 3.5'' screen...DISASTER Even my feature phone has better pixel density.";""
"12961";"127";"XT390";"";"2012-04-12 13:07";"Tariq";"No";""
"12962";"127";"XT390";"";"2012-04-12 12:17";"mvihang";"Worse Than Ever !!!";""
"12963";"127";"XT390";"";"2012-04-12 11:21";"Anonymous";"china verison of motolux   nice phone ";""

