"30000";"291";"Z10";"";"2015-01-21 03:37";"zahra24";"As I experienced most android apps dont work well on BlackBerry.. just some of them are well... I wish BlackBerry did sth with BBW...supporting android on BlackBerry wasn't a good idea..";""
"30001";"291";"Z10";"";"2015-01-20 21:57";"Anonymous";"yes download mobogenie or Mobile 1 market in ur device and download All android apps";""
"30002";"291";"Z10";"";"2015-01-20 17:46";"";"Hi Ali Your blackberry z10 consumes a lot of battery because of the upgraded OS. Naturally if you upgrade to a higher OS the battery becomes less effective. The Z10 battery is designed to keep the handset going up to two days provided the OS running is the pre installed version.";""
"30003";"291";"Z10";"";"2015-01-20 14:59";"Ashish@Chip-Monks";"Go to blacberry.com/update connect your phone with USB cable and select update via Web browser. You do not need to use blackberry link. Follow the instructions... be advised that the process will take 3-4 hours.";""
"30004";"291";"Z10";"";"2015-01-20 13:10";"Ma7mi";"Is blackberry Z10 support android apps...? I need a reply quickly... Will u help me...";""
"30005";"291";"Z10";"";"2015-01-20 13:01";"";"Well in 2014 Blackberry has made just one good smartphone and that is z10.. With the latest price drop in 17000 INR it's a tremendous powerful budget phone too. The looks and the feel are premium and glamorous. The dimensions are just something that fits every single hand. Design wise it's so so comfortable to hold feels great in hand and with this phone anybody will look glamorous as well. But I didn't like the thin back cover and how it fits in the back of the phone. That should be improved in it's successor. Although the speaker is fitted just in the right place I would love to see two speaker at the two ends of the bottom edge with grilled finish in spite of open set up in the middle. had the two speakers been fitted at the bottom side frame with a grilled finished the back cover would get some extra hooks to fit perfectly with the phone body. Although the phone delivers the greatest sound among all smartphones. two speakers would put it into out of competition. And a whole metal body with a metallic back cover would add some extra premium looks and feel to it so why I would love to see it in the successor. There won't be no complain with it's screen ratio, viewing angles, color reproduction and anything that deals with the quality of the screen. Everything about z10 screen is more than perfect. But a less bezels in both sides and the absebnce of BlackBerry logo in the bottom of the screen could make the screen size 4.5 inches and this BB logo on the back could be more polished and the stylized Blackberry word could be added.And the corner curves of the back is likely to be a little bit deeper but not like moto-G ofcourse to make the phone more sexy as well as ergonomic.Now coming to the performance I will never say to upgrade the specifications as 1.5 GHz duel core processor and 2 Gb of ram gives a smoother and seamless performance. And Faster than so many renowned quard core android ones. The software upgrade will make the performance faster flatter and better for sure. So upgrading the specification would unnecessiarily add extra bucks in pricing. Well now coming to software there are so many things to talk about that are better than android and ios but flaws are worst. The default browser experience needs to be improved a lot,so does the camera UI. Although the camera hardware do excellent performance and captures good quality pictures an improved UI would've delivered a way better capturing and the low light noise reduction of course. Hub Blackberry blend, secure desktop sharing may have been the blackberry's power but under featured social apps and lack of apps in BB world let us down to a great extent by the way.. All common social apps with upgraded features, Better camera UI, better and real time support of android apps some design overhaul in coming years would put the BB10 to the front I believe. So a upgraded z10 with BB 10.4 software with the mentioned changes in physical design would be a phone of dream. ";""
"30006";"291";"Z10";"";"2015-01-20 11:02";"midhu";"Camera quality is very low in night compared to samsung mobiles. ";""
"30007";"291";"Z10";"";"2015-01-20 06:19";"Sonu ";"please help. my z10 device monitor shows wrong battery percentage. I tried all way . even security wipe. reply soon. ";""
"30008";"291";"Z10";"";"2015-01-19 22:30";"Shogun";"Do it ONLY if You have OS installed ON Your phone ready to lunch, and this is not update or leaked OS installation reboot. ";""
"30009";"291";"Z10";"";"2015-01-19 22:26";"Shogun";"Press volume up and down together-hard reset.All data will stay on Your phone,no worries. ";""
"30010";"291";"Z10";"";"2015-01-19 18:06";"";"I want to buy hdmi cable to connect to my bravia. Wher to buy mini hdmi cable?which one wil it supports..plz help me guys.. waiting fr ur opinion.. thank u.";""
"30011";"291";"Z10";"";"2015-01-19 10:02";"mohit";"heloo my blackberry show blue icon and not run to 99% or strat ples help me reply fast";""
"30012";"291";"Z10";"";"2015-01-19 00:22";"Anonymous";"How can I get KakaoTalk worked on this device??";""
"30013";"291";"Z10";"";"2015-01-18 20:41";"Shogun";"This is not 100% works but You can try.When You use wifi turn off network data,restart phone connect to wifi,try it with out sim card,there is problem to reconnect BBM to wifi,you should see BB symbol in the corner if not You can't use BBM.Some ppl reported,they can use BBM only on network data,so,google it.Good luck. ";""
"30014";"291";"Z10";"";"2015-01-18 19:06";"KDR";"Where I can get Skype for bbz10...please help  ";""
"30015";"291";"Z10";"";"2015-01-18 13:16";"Anonymous";"How about the video call for bbm....why I cant use it even I use wifi? ";""
"30016";"291";"Z10";"";"2015-01-18 05:17";"";"good phone";""
"30017";"291";"Z10";"";"2015-01-18 01:30";"Shogun";"No data,no BBM,if Your APN something like "BB........."this means your sim card dos'nt set it up automatically and You must write it your self.(if You can).Ask Your provider the network address. ";""
"30018";"291";"Z10";"";"2015-01-17 19:14";"Shogun";"Check the APN address in your phone"setting-networks and connection-mobile network-in the bottom star-APN"what you see must be your provider network address.";""
"30019";"291";"Z10";"";"2015-01-17 17:42";"zackonit";"Get an insta client from bb world. Like blackgram";""
"30020";"291";"Z10";"";"2015-01-17 17:32";"Anonymous";"Its because of your country im in iran and I can't use my data on BBM";""
"30021";"291";"Z10";"";"2015-01-17 15:33";"prince";"Can somone tell me how we knw that this bbz10 is original or duplicate";""
"30022";"291";"Z10";"";"2015-01-17 15:17";"komang";"Any body can have idea Why my BlackBerry z10 cant use for bbm video call.,and I cant use data servise even I already subscribe from the provider..nothing problem with the provider";""
"30023";"291";"Z10";"";"2015-01-16 11:12";"zahra24";"The BlackBerry version instagram name is iGrann";""
"30024";"291";"Z10";"";"2015-01-16 11:09";"zahra24";"You can install android apk or download it from BlackBerry World";""
"30025";"291";"Z10";"";"2015-01-16 07:31";"tahiero";"Hi guys please tell me how to install instagram on bb z10 can't live wthout instagram!!! Help!!! Pleas!!!! Much apriciated!!!!";""
"30026";"291";"Z10";"";"2015-01-16 03:09";"A.k";"Go..Menu...Contacts...Scroll Up to Down...then u find Setting...from there u can easily Off ur Fb.Twttr..etc";""
"30027";"291";"Z10";"";"2015-01-15 14:43";"";"how do you remove that";""
"30028";"291";"Z10";"";"2015-01-15 14:42";"";"how do i remove facebook and twitter contacts from the contacts app? (phone book)";""
"30029";"291";"Z10";"";"2015-01-15 12:28";"N!kE";"Nice phone....But sometimes it suddenly get heated up and battery level drops immediately...";""
"30030";"291";"Z10";"";"2015-01-15 06:52";"Gagan";"i have removed facebook and twitter notification from the hub. the battery life and immensely improved...";""
"30031";"291";"Z10";"";"2015-01-15 03:21";"vanessa";"i'm going to buy bb z10 should i go for it?";""
"30032";"291";"Z10";"";"2015-01-14 17:04";"zahra24";"Recently My phone freezes several times in a day I have leaked version 10.3... its natural with the leaked version.... im so sad";""
"30033";"291";"Z10";"";"2015-01-14 14:51";"";"Mine doesn't have 4g n my facebook is slow ";""
"30034";"291";"Z10";"";"2015-01-14 13:34";"ali";"my fone consume baterry like athlete consme water,,,  what i can do enhancing its batery life ?? i already updated on latest OS..... ";""
"30035";"291";"Z10";"";"2015-01-13 16:16";"";"hopefully BB OS10.3 will come with the FM Radio";""
"30036";"291";"Z10";"";"2015-01-13 16:10";"zahra24";"Just battery if u can stand it go for it today.. because its not powerful atall";""
"30037";"291";"Z10";"";"2015-01-13 12:35";"MJ";"This phone is really a best buy at this price band. trust me if u budget is no more than 150 bucks to spend on a smartphone are looking for a good spec and preformance phone, then this is right choice.  it has classy looks, great feel, sturdy built quality and very decent camera comparable to iphone 5s.  ya but if ur the one who likes to download tons of apps for every damn daily application then this phone might just get u very disappointed.  if u just want limited business/social apps for mailing, cloud backups, multimedia sharing etc. then u have a lot of available apps.  The blackberry hub feature really awesome it lists all ur notfications, mails, calls, social messages everything under one list arranged chronologically.  Also the swipe to unlock feature is great. once u get used to this phone u might feel the unlocking and exiting of apps very boring and time consuming in other phones.Cause here for exiting any app all u have to do is just swipe up.  if buy any chance chance u kee a $400 samsung galaxy series phone next to this $150 Blackberry Z10 and ask a layman to identify which one is more costlier and finer by appeareance.. i guaranty u " BlackkBerry " would be the answer ";""
"30038";"291";"Z10";"";"2015-01-13 11:41";"";"At this price it's selling like hot cakes. But as many posts and comments says about its battery backup some of them are right. Better you good for z3 or you can afford z30. I'm using z10 it's a nice device. But battery sucks.";""
"30039";"291";"Z10";"";"2015-01-13 10:22";"";"Please help m e guide to decide, Its still worth to buy z10?";""
"30040";"291";"Z10";"";"2015-01-13 06:24";"prabhas";"for assistance catch me on BBM 2AF17329 ";""
"30041";"291";"Z10";"";"2015-01-12 19:05";"";"I want to buy hdmi cable to connect to my bravia. Wher to buy mini hdmi cable?which one wil it supports..plz help me guys.. waiting fr ur opinion.. thank u..";""
"30042";"291";"Z10";"";"2015-01-12 10:44";"";"I'd you want to download video other than YouTube then press on that video or download option then. A menu will appear then select save link file. It's done. Download from you tube. Tube mate is good. Like the said. ";""
"30043";"291";"Z10";"";"2015-01-12 10:42";"";"Many people asking same question again and again. Don't your read on cb forum about it? You download leak os at your own risk . This may be consequence of it. Or if it not then you can try following thing. 1) remove battery sim card and SD from your mobile  2) plug your charger in your device and we switch on your charger from wall socket 3) you will see read light blinking like whens device switch on 4) when u see red light wait 10 second then put battery, don't remove charger. Your handset start. Of not then wait for 2-3 hours and repeat same process. If it not work then contact tour service centre. ";""
"30044";"291";"Z10";"";"2015-01-12 08:50";"vishnu ";"Download Tubemate android App";""
"30045";"291";"Z10";"";"2015-01-12 08:46";"khalidjami";"why the built in compass does not? It says that your device  does not support the necessary sensors for this application. How it could be operated?";""
"30046";"291";"Z10";"";"2015-01-12 06:42";"Paul";"The camera is far from what I expect. Hundreds of shots gas to be taken before you can a choice. And I wonder why I can't download videos on my phone, all what I get is streaming. ";""
"30047";"291";"Z10";"";"2015-01-12 05:37";"zahra24";"That red LED is working?while your phone is off?";""
"30048";"291";"Z10";"";"2015-01-12 05:35";"zahra24";"Update it.. ";""
"30049";"291";"Z10";"";"2015-01-12 05:00";"Vipi";"I am having an unlocked verizon bb z10 model stl 100-4. But i am not able to access data connection with vodafone india and other networks. Thet says that there may be anything wrong with your device.  The caution shows that &#1548; no internet connection, make sure your device is conncted to the network and try again."  also i have been tried with security wipe...but no way... However my network is workiork with h+ and H+.  Plz helpme....";""
"30050";"291";"Z10";"";"2015-01-12 03:56";"";"Hi guys! Help me to decide. I am planning to buy blackerry z10? If its good to buy a blackberry nowadays? Im here in the Philippines, most of the user here are android and ios.  It still worth to buy this phone?";""
"30051";"291";"Z10";"";"2015-01-11 18:01";"Zahra24";"Oh today my set completely hanged and shut down...it is not restarting. What would I do? I'm so sad,someone please please please help me out otherwise I'll break my handset. ";""
"30052";"291";"Z10";"";"2015-01-11 11:22";"bblover";"It's problem with almost every z10 stl-1. Instead of complaining you should try to trouble sooth it. Read my thread on cb10 or c rack berry. Or do like I said. 1) wait your phone to turn off 2) when your phone is turned off remove battery sim card and micro SD card 3) let it be in that stage for 2 hour 4) insert sim card and memory card then battery  5) charge your device until it reaches 100% and don't use your device while charging.   Try to charge your device while your phone is switch off. In 3-4 days this problem will solved. Many people getting great battery backup on os 10.3.1.1154. If you're interested then download leak os. Or wait for official update. My problem was worst than you but now I'm getting a while day of battery backup. ";""
"30053";"291";"Z10";"";"2015-01-11 10:53";"zahra24";"After updating to 10.3.0.1052 or 10.3.1 I can say its the best phone.. but I think android apps are really harmful because android is so far from BlackBerry system.and when you play an android app you feel it's not BlackBerry z10.. if you wanna buy try not to install android as much as he can..and use BBW.. im just waiting for 10.3.1 official update for Z10...though im using the leaked but I believe the final version is much better than this..dont miss this superb phone ";""
"30054";"291";"Z10";"";"2015-01-11 05:22";"vicky";"Hi zahra i m buying z10 today..plz tell me its is good set or not";""
"30055";"291";"Z10";"";"2015-01-10 21:05";"RAHUL";"the worst set I hv ever used in my life the redington service is the wrstest service I hv ever seen after 1 month the date of purchase the phone switch off at less than 50% charge and I went with itt to the shop and they toldthey have to sent it to servicecenter and took about 3 months to get do and I got a new phone after one week the same complaint apeeared again i was angry and iwent to the shope and they agin sent it to the service center took one month to get my phone serviced they told itz software issue and promisedthe complaint will not appear again after 2 days the same complaint apeered again ......................oh rdington service is wrst and finally i got my money back     ";""
"30056";"291";"Z10";"";"2015-01-10 17:13";"zahra24";"After using 5 months of leaked version 10.3.0.1052 finally my Z10 hangs and freez several times in a day..at least once a hour im loving it ";""
"30057";"291";"Z10";"";"2015-01-10 06:36";"zahra24";"Yes but none of my friends have it.. its not a good reason ";""
"30058";"291";"Z10";"";"2015-01-09 23:29";"Anonymous";"Blackberry has BBM for that. It's like Facebook+Tweeter+Whatsup+Viber+Skype = BBM";""
"30059";"291";"Z10";"";"2015-01-09 19:05";"";"Make sure your Using a better charger and while your phone reaches 100% charge don't unplug wait for 20-25 min then unplug, the difference is that the lost 20% will be charged due to this extra charge,it worked for me :),I think it's due to some bug in the software. I hope it helps.";""
"30060";"291";"Z10";"";"2015-01-09 16:05";"zahra24";"Oooh why don't BlackBerry make line and viber for itself for free like whatsapp..?every system did but BlackBerry still didn't... because I hate android apps";""
"30061";"291";"Z10";"";"2015-01-09 15:30";"nomi";"Y phn switched off when btry 20%..any solution...??? ";""
"30062";"291";"Z10";"";"2015-01-09 13:10";"Anonymous";"battery backupveryweekplse give me some tips ";""
"30063";"291";"Z10";"";"2015-01-09 10:16";"raheel";"Why my mobile switched off when battery remain 20%....plz give me some advice what should I do.....os version 10.3.1.642";""
"30064";"291";"Z10";"";"2015-01-09 10:08";"Anonymous";"Download Amazon app store.Alternatively u can download apk files of apps from apk4fun.com ";""
"30065";"291";"Z10";"";"2015-01-09 05:32";"sj";"I have down loaded the wrong software onto z10 stl -1 now won't hold charge turns straight on then off an dsnt know its a phone any more how can I fix without losing my msgs as I forgot my Bbworld I'd password too and on off button not working now pls help";""
"30066";"291";"Z10";"";"2015-01-08 12:18";"Anonymous";"how can i download android apps like instagram? thanks in advance";""
"30067";"291";"Z10";"";"2015-01-08 12:08";"Anonymous";"https://www.youtube.com/watch?v=NAUj54MKDno&­index=5&list=LLDtTubcyKTHKAb9U_7h9kVA";""
"30068";"291";"Z10";"";"2015-01-07 17:51";"Harkeerat";"Don't play the app while connecting it with charger ";""
"30069";"291";"Z10";"";"2015-01-07 15:38";"lalu";"if this phon heat over use of net ";""
"30070";"291";"Z10";"";"2015-01-07 15:37";"Basil";"How can i run android apps on my bb z10. I am using this for first time";""
"30071";"291";"Z10";"";"2015-01-07 14:45";"bagchi";"Dear Mr Atul Shah, I am using Z10 for the past 7 months. Facing some trivial issues for which I need your assistance. Can I connect you on BBM? My PIN is 2BAB6DAA";""
"30072";"291";"Z10";"";"2015-01-07 13:02";"zahra24";"How many android apps have you installed";""
"30073";"291";"Z10";"";"2015-01-07 12:11";"";"what is UART settings? n what is nfc .. plz tell";""
"30074";"291";"Z10";"";"2015-01-07 09:50";"Anonymous";"It can run android apps";""
"30075";"291";"Z10";"";"2015-01-07 09:27";"kokoyie";"my bb z10 connected to my Bluetooth monopod but doest capture picture threw my monopod what can i do plssss help me";""
"30076";"291";"Z10";"";"2015-01-07 06:20";"";"Plz someone tell me about the sharing.. Is it like android or iphone??? Or something different??? Plz plz tell i want to buy it..";""
"30077";"291";"Z10";"";"2015-01-07 02:02";"";"I know it's 2015, but this phone looks like it still work pretty good, so I was thinking about get one of those, so I want some opinions, rigth now it's all about testing all the mobile os";""
"30078";"291";"Z10";"";"2015-01-06 21:37";"Anonymous";"i have been using bbz10 for a year now and i cannot seem to drop it finally.for a phone this price i must say its very good.i must confess its camera is not so good but it reduces my distractions to so many other things that other phones can do";""
"30079";"291";"Z10";"";"2015-01-06 18:56";"";"I am using BlackBerry z10 from 6 months.no network issue.never hang.iam using internet and whatsap perday 4 hour.never heat.awesome device.";""
"30080";"291";"Z10";"";"2015-01-06 15:01";"Matt";"Where can i buy bbz10 battery and charger?? Pleaseee my charger was lost so i used samsung charger but because of that, my battery becomes bigger. Im so sad, im afraid it will explode so soon :'( helpppppppp";""
"30081";"291";"Z10";"";"2015-01-06 14:05";"San";"I m heard its network issue..plz guide me..z10 or lumia 730..thanx";""
"30082";"291";"Z10";"";"2015-01-06 13:43";"San";"I m heard its network issue..plz guide me..z10 or lumia 730..thanx";""
"30083";"291";"Z10";"";"2015-01-06 10:17";"Atul Shah";"Absolutely super super super phone. Best os,best,hardware best sound, best size, best looks......everything so bbbbbbest. Using it happily with my wife for two years. If anyone has any questions about the phone then he may ask me for sure. ";""
"30084";"291";"Z10";"";"2015-01-06 09:27";"zahra24";"Im in 10.3.0.1054 version and I feel my browser is heavy!!i don't know why but its not as smooth as other apps";""
"30085";"291";"Z10";"";"2015-01-06 07:42";"sakhan123";"i have blackberry z10 and device is heatup while using internet and other applications, can anyone tell me the solution";""
"30086";"291";"Z10";"";"2015-01-06 07:21";"Anonymous";"Mr atul shah once you posted update links...now can u help us to update to latest leaked version...the version of yours";""
"30087";"291";"Z10";"";"2015-01-05 23:50";"mark";"i was wondering if s z10 can work full network with no problems in suriname ";""
"30088";"291";"Z10";"";"2015-01-05 18:39";"";"how can i get the update??? ";""
"30089";"291";"Z10";"";"2015-01-05 16:45";"subash";"There no charge capacity ";""
"30090";"291";"Z10";"";"2015-01-05 15:52";"";"hmmm...come on fellows...i dont know what you fellows are using...a blackberry z10 (or) blackcherry z10...i have 40 games installed...10 apps installed...using wifi...but never freezes...it runs real smooth man...coming to the heat....any mobile that has cpu produces heat...why you fellows freaks out for the thing..let you all peoplw go and but some china mobiles instead of blackberry...blackberry is a bussiness phone...you cant use it the way your grandmaa uses her mobile...i love blackberry...the art of fine technology...";""
"30091";"291";"Z10";"";"2015-01-05 09:53";"shivank";"very bad service i never say to any one to purchase blackberry.....";""
"30092";"291";"Z10";"";"2015-01-05 08:43";"someone28";"M from Nepal nd this morning I've tried three times and downloaded the 2gb package of 10.2 but after 100% it says interrupted and try again";""
"30093";"291";"Z10";"";"2015-01-04 20:49";"zahra24";"BlackBerry 10.3.1 is really superb don't miss it";""
"30094";"291";"Z10";"";"2015-01-04 12:16";"joe";"Blackberry z10, such a pathetic phone I ever used, poor camera result, poor battery timings, does not give updates to various applications like tango etc, not giving software update. I was a BlackBerry lover since I got this device. Now I've realised that I've wasted my money. Really disappointed. BlackBerry should give something better! ";""
"30095";"291";"Z10";"";"2015-01-04 12:14";"joe";"Blackberry z10, such a pathetic phone I ever used, poor camera result, poor battery timings, does not give updates to various applications like tango etc, not giving software update. I was a BlackBerry lover since I got this device. Now I've realised that I've wasted my money. Really disappointed. BlackBerry should give something better! ";""
"30096";"291";"Z10";"";"2015-01-04 05:48";"";"10.3.1 is set to launch in february...";""
"30097";"291";"Z10";"";"2015-01-04 04:47";"deep";"Hey guys my blackberry z10 is copying my phn contacts multiple times and sometimes it saves numbers to another contact nd it creates lot of problem for me whn anyone calls me bcz it shows wrong name of the contact....please help me for this problem....m also fed with the phn thei is not much and android apps hangs alot so they cnt be used....";""
"30098";"291";"Z10";"";"2015-01-04 03:41";"Bilal Jhon";"Anybody please tell me, when 10.3.1 will release for BB z10 ??";""
"30099";"291";"Z10";"";"2015-01-03 16:55";"abdb";"blackberry is 10.3.1 has fully changed ui. upgraded version of android 4.3. blackberry assistant. more options for camera and video recording.on os 10.3 u can shoot slow motion video at 1920*1080 60 frames per second. blackberry saving mode is coming in 10.3.1.custom led. nd much more";""
"30100";"291";"Z10";"";"2015-01-03 16:45";"abdb";"Restore ur phone and update ur os to 10.2.1";""
"30101";"291";"Z10";"";"2015-01-03 15:38";"Raj 420";"Use andriod assistance to use aap in z10 in application on mobile data aur use aap never app say error internet connection";""
"30102";"291";"Z10";"";"2015-01-03 10:57";"PATRICK";"since i bought the z10 phone,i have been expiriencing alot of problems to this phone i was so amazed for price drop now i see the cause of that. ";""
"30103";"291";"Z10";"";"2015-01-03 10:40";"Sheikh";"Someone knows, what are the new features of 10.3 OS?";""
"30104";"291";"Z10";"";"2015-01-03 10:07";"anoob";"hi iam using z10 ....i deleted wechat application from my phone ...now i cant download it from blackberry world.........how can i get wechat...";""
"30105";"291";"Z10";"";"2015-01-03 06:17";"agil";"I used this phone since the first time it came to my country. And now I feel so bored of it. seriously.";""
"30106";"291";"Z10";"";"2015-01-03 02:44";"Anonymous";"how can i activate my notification alert because my phone doesn't work because of global setting please help me ";""
"30107";"291";"Z10";"";"2015-01-02 17:52";"rohangv";"Z10 would getting direct update to 10.3.1 instead of 10.3";""
"30108";"291";"Z10";"";"2015-01-02 16:00";"Anonymous";"No it uses the normal plan";""
"30109";"291";"Z10";"";"2015-01-02 15:01";"sawgunner 31";"Roger that its slated to be released in febuary it depends on your carrier when it will be available and yes all bb10 devices will have the sofware update. ";""
"30110";"291";"Z10";"";"2015-01-02 15:01";"shubham";"is blackbeery plan require for this ";""
"30111";"291";"Z10";"";"2015-01-02 10:39";"";"are you sure that 10.3 will come in february for Z10? cause i have been waiting since september but nothing happened. some people said it will come in december but it didnt. i heard a rumour that z10 will not be getting 10.3 update... now i am confused";""
"30112";"291";"Z10";"";"2015-01-02 10:19";"";"i'm using bb Z10. i'm facing battery problem and how to restrict background data...?? another problem is ram usage coming nearly 1.05gb. i need some help to solve this problem  ";""
"30113";"291";"Z10";"";"2015-01-02 08:12";"Sheikh";"Go to settings, then go to security and privacy then go to security wipe, type blackberry and reset the phone. I hope, it will resolve your problem. Remember, keep your mobile charging during reset. It will take almost 30 minutes for the process to complete. ";""
"30114";"291";"Z10";"";"2015-01-02 07:17";"Atul Shah";"Z20 is nothing but a repackaged z10 with bigger screen and bigger battery. It has the same technical specs as a z10 stl 100-2/3/4. Qc msm8960 with adreno 225:-(.Z10 stl 100-1is still better in terms of screen ppi and Cpu and gpu.";""
"30115";"291";"Z10";"";"2015-01-02 07:05";"Atul Shah";"You need to check the UART Setting, if that is done No then choose Yes . after that go to nfc and select No. If your problem is not still resolved then do a battery mash up by inverting your battery to the + and - poles of the phone. ";""
"30116";"291";"Z10";"";"2015-01-02 07:04";"Atul Shah";"You need to check the UART Setting, if that is done No then choose Yes . after that go to nfc and select No. If your problem is not still resolved then do a battery mash up by inverting your battery to the + and - poles of the phone. ";""
"30117";"291";"Z10";"";"2015-01-02 06:13";"";"how can i download mobogenie when it cannot run them.my phone is running on os 10.01 and i cant even open bb world.whenever i tried to open bbworld it says connection error ";""
"30118";"291";"Z10";"";"2015-01-02 04:46";"";"Big brother of z10 is coming in february..z20 Waiting for it...";""
"30119";"291";"Z10";"";"2015-01-01 21:24";"zahra24";"I hadn't worked with other vers..but once I took my friends z10 it was 10.2.1...I just put it aside I couldn't work with that version..10.3 is much faster and has better appearance and more options..totally its really super OS";""
"30120";"291";"Z10";"";"2015-01-01 18:48";"";"You can do factory reset without any hesistation.data will be not lost.but hard reset take many time.after it device will be fine like new.";""
"30121";"291";"Z10";"";"2015-01-01 18:07";"mash";"when I call people from my phone they say they here my voice from a far distance and its not loud enough for them to here what am sayin; I have to shout for them to hear. what could be the problem with my phone? help.";""
"30122";"291";"Z10";"";"2015-01-01 16:19";"";"tell me what i have to do now ??? coz my cell z nt working ";""
"30123";"291";"Z10";"";"2015-01-01 15:40";"";"Can anybody suggest me a good antivirus for Z10? I presume some virus attack has taken place in my handset. It is stalled at times and does not identify simple commands.I have to restart for proper functioning. I am thinking of doing factory reset but afraid of losing data.";""
"30124";"291";"Z10";"";"2015-01-01 15:04";"sawgunner 31";"Dont worry about it its an easy fix just restore it to factory settings or just wait for 10.3.1 to release in febuary I restored mine and its fine I had the same problem because I downloaded 3rd party apk files but my z10 charges fine still stops once and awhile at 97 or 96 percent but it will work fine after the 10.3.1 release its a software issue that will be corrected";""
"30125";"291";"Z10";"";"2015-01-01 13:12";"";"i am facing some problem with my z10. it stucks and automatically shutdown when 72 or 73% charge is remaining , i must have to connect the charger n then device automatically turns on , i dont know why is this happening to it, please tell me if anyone knows... the reason. secondly, m facing another problem from last night my z10 is stuck on its starting page and is not moving furthur , i tried alot bt all invain , please i need help... what to do with this z10 :(";""
"30126";"291";"Z10";"";"2015-01-01 12:39";"kingkong";"What is the best apk store for z10?";""
"30127";"291";"Z10";"";"2015-01-01 12:25";"Sheikh";"What are the pros of 10.3?";""
"30128";"291";"Z10";"";"2015-01-01 12:23";"";"Whenofficialy release 10.3 for z10.";""
"30129";"291";"Z10";"";"2015-01-01 06:41";"Gagan";"This 10.3 official release if getting me irritaed. First they said it will be by end of sep, then Dec now Feb 2015 :(. i just dont want to go for the leaked version. BB should respect its loyal customers like android does.";""
"30130";"291";"Z10";"";"2014-12-31 19:22";"";"I am using BlackBerry z10 from past one year.in my device every browser like dolphin opera and uc browser running smoothly.never craces.and never hang.";""
"30131";"291";"Z10";"";"2014-12-31 10:07";"sachin";"I m having problems with battery backup of my z10.whenever I use Internet it got down very soon.also there is hanging and switch problem with this can anyone please tell me the solutions :( ";""
"30132";"291";"Z10";"";"2014-12-31 08:43";"dlacc";"Had the Z10 with me for 12 months now and I can guarantee the ups and downs of this phone. Well for one, I had trouble with my Phonebook when all of my contacts are duplicated after I added my google account (contacts, mail, calendar). I had to restart the phone to clear that up. Next downside is my phone randomly shuts down without me touching it 3 days after I got it. I meddled with its software and found nothing, then I turned to hardware. The two gold contacts from the back of the phone to the cover is for NFC. I blocked it and the phone never shut down again. I had more down experience with it but here are my pros on this phone. 1) BB Hub - the neatest, easiest, fastest, awesomest, greatest, and innovative application there is. It is really a hub for ALL YOUR COMMUNICATIONS. I have multiple e-mail account which I have to track up to the minute and this thing! this thing gives what I want in just one place! No more sliding and looking and tapping too many different icons with the same purpose. 2) BB Link - (which almost all BB have) 3) Maps - not very detailed like Gmaps which has satellite view. It can still get you where you want plus, the accelerometer is very sensitive. It keeps track of your current location as you move. 4) Lastly - price, against iPhone 6 today and all its old models, you should choose this for functionality and value. I bought my phone here in the Philippines under GLOBE TELCO contract for 24 months.";""
"30133";"291";"Z10";"";"2014-12-31 06:25";"sonu ";"I am using z10 from six months. I tried many browsers from 1 mobile. All lags and crashes after few hours. Only (DOLPHIN BROWSER EXPRESS) from mobogenie market works well on z10. All z10 users may try this.enjoy blackberry.";""
"30134";"291";"Z10";"";"2014-12-31 02:52";"Shogun";"I don't know every thing about Z10 but will try to help.Z10 is the first BB 10 phone and APN setting come from the sim card automatically.If You see like "bb............"and not Your provider APN address this means the sim card send address for BIS,like BB 7.0 OS.You should contact Your provider and ask to change sim card setting,they can do it.You can do it??using escreen method,google it,I personally did not do it.If You have installed 10.2.1 OS on Your phone or less do this""get to settings,mobile network,on the bottom star with APN TAP IT,yOU WILL SEE GRAYED APN address and You cant write any thing,OK,two fingers from the bottom up will bring the key board and opting to change the APN""i did change the address with no problem.ALL this for 10.2.1 or less OS.If You have installed any leeak,like me 10.3.1.xxx,only escreen method will work,but I prefer to wait till official update.If You did'nt install leaks on Your device make Your provider to change the sim card setting,the easy way.Hope this will work for You. ";""
"30135";"291";"Z10";"";"2014-12-30 16:34";"Hari";"Am gonna buy bbm z10 it is the better phone to buy";""
"30136";"291";"Z10";"";"2014-12-30 15:51";"";"what do you mean with "incorrect and misleading"? my BB Z10 battery back up still doing well until today. that is my mileage, even now, i hold my BB Z10 and the battery % is 50% after more than 10 hours of last charging! i use only 2 ways to charge my BB Z10, using BB Z10 original charger or by connect it to my PC. that's why i never have a problem with my BB Z10 battery. ";""
"30137";"291";"Z10";"";"2014-12-30 15:46";"";"download mobogenie or 1 mobile market and enjoy android apps";""
"30138";"291";"Z10";"";"2014-12-30 15:31";"Ani";"I require apn settings for my own purpose, you said u know everything about the phone, so are you able to answer Atthul? ";""
"30139";"291";"Z10";"";"2014-12-30 06:39";"someone21";"while calling anyone my bb z10 gets into microphone mode automatically nd i always have to turn it to audio mode manually.does anyone have its solution ";""
"30140";"291";"Z10";"";"2014-12-30 06:30";"someone21";"haha i also have bb z10 but i cant run any apk apps kept through pc.i also tried some .bar apps from goodereader but still unable to run them.";""
"30141";"291";"Z10";"";"2014-12-30 06:24";"someone21";"nd where is this advace setting on the setting menu. ";""
"30142";"291";"Z10";"";"2014-12-30 04:38";"FB";"@ritesh i dont think you used this phone. Its almost 2015 and the z10 is still way better than the iphone 6 or any other android - Multitasking, security, simplicity, stability and speed. So please, shut up!";""
"30143";"291";"Z10";"";"2014-12-29 18:35";"junior";"Good phone";""
"30144";"291";"Z10";"";"2014-12-29 15:38";"";"Thank you let we check in service store..";""
"30145";"291";"Z10";"";"2014-12-29 08:27";"Ritesh";"This phone is very ridiculous, i dont see blackberry has learnt the lesson for its past phones. Here are the major crunches of this Z10 phones:  1.";""
"30146";"291";"Z10";"";"2014-12-29 08:02";"";"First of all, I don understand why do your require APN settings? Please explain. about contact search again not getting...";""
"30147";"291";"Z10";"";"2014-12-29 07:55";"";"hope fully in feb 2015, or you can download leaked version from www.crackberry.com";""
"30148";"291";"Z10";"";"2014-12-29 07:52";"";"you can do that with gmail, on old mobile sync you contact with gmail, then go to Z10 and configure gmail and get all your contacts on Z10.";""
"30149";"291";"Z10";"";"2014-12-29 07:50";"";"what problem you are telling is everything in there you just need to have little patience and little research.  go to setting from upper swipe there has to be flash lite option. or go to settings and then advance settings there you will get flash light button to enable that will give flash lite handy..";""
"30150";"291";"Z10";"";"2014-12-29 07:47";"";"Give it two days to you phone, it will become normal, according to Blackberry new OS take time to settle down that should happen it two three days, then it should be normal. or check if you have installed any android OS that might be eating CPU or memory that would e causing battery.";""
"30151";"291";"Z10";"";"2014-12-29 04:01";"Atul Shah";"Do replace your battery with a little one. Other wise take out the battery suddenly and leave it in the sunshine for a week or so. Then perform a reverse check. ";""
"30152";"291";"Z10";"";"2014-12-29 03:10";"Jaana Khan";"Hi............ I am Jaana Khan, BlackBerry Z10 is very nice product....";""
"30153";"291";"Z10";"";"2014-12-28 18:21";"Anonymous";"Hi friends, i had bought blackberry z10 yesterday while charging it was showing as 100% charged and while using it was showing same as 100% after continous usage of 1hr but after 2 to 3 hours it was suddenly switchinh off and the battery shows empty. but again when we connected to charger after 5 min it was showing battery nearly 80%. Can any one have solution for this thanks in advance and blackberry care from our city is about 300kms";""
"30154";"291";"Z10";"";"2014-12-28 17:35";"someone21";"I've got BlackBerry z10 as a gift.but having tons of problems while using it.the cell is too fast but I can't get d expected smartphone features.neither can I turn off keypad sound nor hide any file.it don't have native flashlight too.can any1 tell how to use flaslight,hide files,get standard keyboard,easy access to android appd,password options and auto sensing display......thanks in advance ";""
"30155";"291";"Z10";"";"2014-12-28 16:39";"hitendra";"I have z10 problem is bettry bacup,plz tell me how do contect no.transfer other mobile to z10 without sim card support,";""
"30156";"291";"Z10";"";"2014-12-28 09:29";"prasad";"Plz tell me 10.3 os wen it will be available in India plzzz... Am waitung 10.3 os pls";""
"30157";"291";"Z10";"";"2014-12-28 09:03";"San";"What is the meaning of imported BB z10..what is difference between original and imported z10..thanx ";""
"30158";"291";"Z10";"";"2014-12-28 09:01";"San";"Is there duplicate BB z10 in market or provided by online shopping ..plz suggest..";""
"30159";"291";"Z10";"";"2014-12-28 06:21";"srb";"Hey guys this is an awesome phone. But I am having some issues. Android apps like whatsapp and Mobogine can't access Internet through mobile network. Access is only available using wifi. If there is any solution? Thanks in advance.";""
"30160";"291";"Z10";"";"2014-12-27 23:57";"Ani";"Hi Athul, also, sometimes feel more irritated when unable to do search in contact. Any suggestions? ";""
"30161";"291";"Z10";"";"2014-12-27 23:54";"Ani";"Hi Athul, pls reply..";""
"30162";"291";"Z10";"";"2014-12-27 21:16";"zahra24";"One thing is missing in 10.3 version it doesn't have select all in options.. just select more...";""
"30163";"291";"Z10";"";"2014-12-27 13:35";"deep";"I hav Z10STL100-1/10.2.1.3442......your problem was same of mine it's a battery issue goto to the store and they will replace it... they may take time but will do it.";""
"30164";"291";"Z10";"";"2014-12-26 21:36";"jhones";"nice product";""
"30165";"291";"Z10";"";"2014-12-26 20:57";"Atul Shah";"Pull out the battery suddenly from the phone, then put it back after 8 hours then do a software update. ";""
"30166";"291";"Z10";"";"2014-12-26 19:21";"Anonymous";"Can we download android games on this mobile";""
"30167";"291";"Z10";"";"2014-12-26 14:41";"lesh";"Pls any 1 pls help I want my cellphone number show on top of my contacts. BlackBerry Z10";""
"30168";"291";"Z10";"";"2014-12-26 14:38";"lesh";"Pls any 1 pls help I want my cellphone number show on top of my contacts. BlackBerry Z10";""
"30169";"291";"Z10";"";"2014-12-26 14:28";"zahra24";"Guys all of your problems would be solved in 10.3.1 version ";""
"30170";"291";"Z10";"";"2014-12-26 14:26";"zahra24";"Its the best phone for you..every task would be Done quickly and fast..just update after purchasing.. other phones are JUST rubbish ";""
"30171";"291";"Z10";"";"2014-12-26 13:17";"Saravanan";"My Device Z10 battery level goes to below 25% automatically system turn off.. pl suggest me how solve my problem. ";""
"30172";"291";"Z10";"";"2014-12-26 11:16";"";"Go for z10...you'll get fully satisfaction with it.. Far better than iphone...";""
"30173";"291";"Z10";"";"2014-12-26 10:54";"Ed";"Can you suggest what's the best app in downloading movies and music?      ";""
"30174";"291";"Z10";"";"2014-12-26 10:51";"ed";"Had same problem. When I'm connected to net, my phone switches off even when the batt is above 50%. Then when I turned it on it was already empty. I minimized using net to avoid continuous charging. Now it's ok. ";""
"30175";"291";"Z10";"";"2014-12-26 09:55";"ashwini";"Go for BlackBerry z10 you will never regret.";""
"30176";"291";"Z10";"";"2014-12-26 09:53";"ashwini";"Vishwanath ji.this device is best for mail.bbm and whatsapp.you will be never regret.this is very best device for intenet and watching video.picture clerity is very best.you can use without hesistation ";""
"30177";"291";"Z10";"";"2014-12-26 07:18";"Vishwanath";"Friends, I am currently using Iphone 4s, thinking of switching to Z10. My question is, is it advisable to switch now after almost 2 years of launch? or should i think of upgrade to Ip 5S. Need advise, as this will by my main device for work and everything else. My usage is mostly emails/BBM/Whatsapp etc and occasional video viewing. No gaming.";""
"30178";"291";"Z10";"";"2014-12-26 05:48";"udaya";"does temple run 2 work? ";""
"30179";"291";"Z10";"";"2014-12-25 17:23";"kikiriki";"Yes,kasdf, you can use normal internet plan because Blackberry 10 software is totally new software without BIS, so all aplications on this smartphone are avaliabe without WiFi and with WiFi :) ";""

